# generated by worldgen/generate_region.py
mtllib trees.mtl
v -96.937 15.613 0.000
v -97.047 15.803 0.000
v -97.047 15.803 2.598
v -96.937 15.613 2.598
v -97.047 15.803 0.000
v -97.267 15.803 0.000
v -97.267 15.803 2.598
v -97.047 15.803 2.598
v -97.267 15.803 0.000
v -97.377 15.613 0.000
v -97.377 15.613 2.598
v -97.267 15.803 2.598
v -97.377 15.613 0.000
v -97.267 15.422 0.000
v -97.267 15.422 2.598
v -97.377 15.613 2.598
v -97.267 15.422 0.000
v -97.047 15.422 0.000
v -97.047 15.422 2.598
v -97.267 15.422 2.598
v -97.047 15.422 0.000
v -96.937 15.613 0.000
v -96.937 15.613 2.598
v -97.047 15.422 2.598
v -95.672 15.613 1.856
v -96.107 16.663 1.856
v -97.157 15.613 7.424
v -96.107 16.663 1.856
v -95.672 15.613 1.856
v -97.157 15.613 1.856
v -96.107 16.663 1.856
v -97.157 17.098 1.856
v -97.157 15.613 7.424
v -97.157 17.098 1.856
v -96.107 16.663 1.856
v -97.157 15.613 1.856
v -97.157 17.098 1.856
v -98.207 16.663 1.856
v -97.157 15.613 7.424
v -98.207 16.663 1.856
v -97.157 17.098 1.856
v -97.157 15.613 1.856
v -98.207 16.663 1.856
v -98.642 15.613 1.856
v -97.157 15.613 7.424
v -98.642 15.613 1.856
v -98.207 16.663 1.856
v -97.157 15.613 1.856
v -98.642 15.613 1.856
v -98.207 14.563 1.856
v -97.157 15.613 7.424
v -98.207 14.563 1.856
v -98.642 15.613 1.856
v -97.157 15.613 1.856
v -98.207 14.563 1.856
v -97.157 14.128 1.856
v -97.157 15.613 7.424
v -97.157 14.128 1.856
v -98.207 14.563 1.856
v -97.157 15.613 1.856
v -97.157 14.128 1.856
v -96.107 14.563 1.856
v -97.157 15.613 7.424
v -96.107 14.563 1.856
v -97.157 14.128 1.856
v -97.157 15.613 1.856
v -96.107 14.563 1.856
v -95.672 15.613 1.856
v -97.157 15.613 7.424
v -95.672 15.613 1.856
v -96.107 14.563 1.856
v -97.157 15.613 1.856
v -94.251 19.341 0.000
v -94.361 19.532 0.000
v -94.361 19.532 2.752
v -94.251 19.341 2.752
v -94.361 19.532 0.000
v -94.581 19.532 0.000
v -94.581 19.532 2.752
v -94.361 19.532 2.752
v -94.581 19.532 0.000
v -94.691 19.341 0.000
v -94.691 19.341 2.752
v -94.581 19.532 2.752
v -94.691 19.341 0.000
v -94.581 19.151 0.000
v -94.581 19.151 2.752
v -94.691 19.341 2.752
v -94.581 19.151 0.000
v -94.361 19.151 0.000
v -94.361 19.151 2.752
v -94.581 19.151 2.752
v -94.361 19.151 0.000
v -94.251 19.341 0.000
v -94.251 19.341 2.752
v -94.361 19.151 2.752
v -92.899 19.341 1.965
v -93.359 20.453 1.965
v -94.471 19.341 7.862
v -93.359 20.453 1.965
v -92.899 19.341 1.965
v -94.471 19.341 1.965
v -93.359 20.453 1.965
v -94.471 20.914 1.965
v -94.471 19.341 7.862
v -94.471 20.914 1.965
v -93.359 20.453 1.965
v -94.471 19.341 1.965
v -94.471 20.914 1.965
v -95.583 20.453 1.965
v -94.471 19.341 7.862
v -95.583 20.453 1.965
v -94.471 20.914 1.965
v -94.471 19.341 1.965
v -95.583 20.453 1.965
v -96.043 19.341 1.965
v -94.471 19.341 7.862
v -96.043 19.341 1.965
v -95.583 20.453 1.965
v -94.471 19.341 1.965
v -96.043 19.341 1.965
v -95.583 18.229 1.965
v -94.471 19.341 7.862
v -95.583 18.229 1.965
v -96.043 19.341 1.965
v -94.471 19.341 1.965
v -95.583 18.229 1.965
v -94.471 17.769 1.965
v -94.471 19.341 7.862
v -94.471 17.769 1.965
v -95.583 18.229 1.965
v -94.471 19.341 1.965
v -94.471 17.769 1.965
v -93.359 18.229 1.965
v -94.471 19.341 7.862
v -93.359 18.229 1.965
v -94.471 17.769 1.965
v -94.471 19.341 1.965
v -93.359 18.229 1.965
v -92.899 19.341 1.965
v -94.471 19.341 7.862
v -92.899 19.341 1.965
v -93.359 18.229 1.965
v -94.471 19.341 1.965
v -83.907 15.903 0.000
v -84.017 16.093 0.000
v -84.017 16.093 3.333
v -83.907 15.903 3.333
v -84.017 16.093 0.000
v -84.237 16.093 0.000
v -84.237 16.093 3.333
v -84.017 16.093 3.333
v -84.237 16.093 0.000
v -84.347 15.903 0.000
v -84.347 15.903 3.333
v -84.237 16.093 3.333
v -84.347 15.903 0.000
v -84.237 15.712 0.000
v -84.237 15.712 3.333
v -84.347 15.903 3.333
v -84.237 15.712 0.000
v -84.017 15.712 0.000
v -84.017 15.712 3.333
v -84.237 15.712 3.333
v -84.017 15.712 0.000
v -83.907 15.903 0.000
v -83.907 15.903 3.333
v -84.017 15.712 3.333
v -82.222 15.903 2.380
v -82.780 17.250 2.380
v -84.127 15.903 9.522
v -82.780 17.250 2.380
v -82.222 15.903 2.380
v -84.127 15.903 2.380
v -82.780 17.250 2.380
v -84.127 17.807 2.380
v -84.127 15.903 9.522
v -84.127 17.807 2.380
v -82.780 17.250 2.380
v -84.127 15.903 2.380
v -84.127 17.807 2.380
v -85.473 17.250 2.380
v -84.127 15.903 9.522
v -85.473 17.250 2.380
v -84.127 17.807 2.380
v -84.127 15.903 2.380
v -85.473 17.250 2.380
v -86.031 15.903 2.380
v -84.127 15.903 9.522
v -86.031 15.903 2.380
v -85.473 17.250 2.380
v -84.127 15.903 2.380
v -86.031 15.903 2.380
v -85.473 14.556 2.380
v -84.127 15.903 9.522
v -85.473 14.556 2.380
v -86.031 15.903 2.380
v -84.127 15.903 2.380
v -85.473 14.556 2.380
v -84.127 13.999 2.380
v -84.127 15.903 9.522
v -84.127 13.999 2.380
v -85.473 14.556 2.380
v -84.127 15.903 2.380
v -84.127 13.999 2.380
v -82.780 14.556 2.380
v -84.127 15.903 9.522
v -82.780 14.556 2.380
v -84.127 13.999 2.380
v -84.127 15.903 2.380
v -82.780 14.556 2.380
v -82.222 15.903 2.380
v -84.127 15.903 9.522
v -82.222 15.903 2.380
v -82.780 14.556 2.380
v -84.127 15.903 2.380
v -76.901 19.820 0.000
v -77.011 20.010 0.000
v -77.011 20.010 3.074
v -76.901 19.820 3.074
v -77.011 20.010 0.000
v -77.231 20.010 0.000
v -77.231 20.010 3.074
v -77.011 20.010 3.074
v -77.231 20.010 0.000
v -77.341 19.820 0.000
v -77.341 19.820 3.074
v -77.231 20.010 3.074
v -77.341 19.820 0.000
v -77.231 19.629 0.000
v -77.231 19.629 3.074
v -77.341 19.820 3.074
v -77.231 19.629 0.000
v -77.011 19.629 0.000
v -77.011 19.629 3.074
v -77.231 19.629 3.074
v -77.011 19.629 0.000
v -76.901 19.820 0.000
v -76.901 19.820 3.074
v -77.011 19.629 3.074
v -75.364 19.820 2.196
v -75.878 21.062 2.196
v -77.121 19.820 8.784
v -75.878 21.062 2.196
v -75.364 19.820 2.196
v -77.121 19.820 2.196
v -75.878 21.062 2.196
v -77.121 21.577 2.196
v -77.121 19.820 8.784
v -77.121 21.577 2.196
v -75.878 21.062 2.196
v -77.121 19.820 2.196
v -77.121 21.577 2.196
v -78.363 21.062 2.196
v -77.121 19.820 8.784
v -78.363 21.062 2.196
v -77.121 21.577 2.196
v -77.121 19.820 2.196
v -78.363 21.062 2.196
v -78.878 19.820 2.196
v -77.121 19.820 8.784
v -78.878 19.820 2.196
v -78.363 21.062 2.196
v -77.121 19.820 2.196
v -78.878 19.820 2.196
v -78.363 18.578 2.196
v -77.121 19.820 8.784
v -78.363 18.578 2.196
v -78.878 19.820 2.196
v -77.121 19.820 2.196
v -78.363 18.578 2.196
v -77.121 18.063 2.196
v -77.121 19.820 8.784
v -77.121 18.063 2.196
v -78.363 18.578 2.196
v -77.121 19.820 2.196
v -77.121 18.063 2.196
v -75.878 18.578 2.196
v -77.121 19.820 8.784
v -75.878 18.578 2.196
v -77.121 18.063 2.196
v -77.121 19.820 2.196
v -75.878 18.578 2.196
v -75.364 19.820 2.196
v -77.121 19.820 8.784
v -75.364 19.820 2.196
v -75.878 18.578 2.196
v -77.121 19.820 2.196
v -70.359 20.289 0.000
v -70.469 20.479 0.000
v -70.469 20.479 2.614
v -70.359 20.289 2.614
v -70.469 20.479 0.000
v -70.689 20.479 0.000
v -70.689 20.479 2.614
v -70.469 20.479 2.614
v -70.689 20.479 0.000
v -70.799 20.289 0.000
v -70.799 20.289 2.614
v -70.689 20.479 2.614
v -70.799 20.289 0.000
v -70.689 20.098 0.000
v -70.689 20.098 2.614
v -70.799 20.289 2.614
v -70.689 20.098 0.000
v -70.469 20.098 0.000
v -70.469 20.098 2.614
v -70.689 20.098 2.614
v -70.469 20.098 0.000
v -70.359 20.289 0.000
v -70.359 20.289 2.614
v -70.469 20.098 2.614
v -69.085 20.289 1.867
v -69.522 21.345 1.867
v -70.579 20.289 7.469
v -69.522 21.345 1.867
v -69.085 20.289 1.867
v -70.579 20.289 1.867
v -69.522 21.345 1.867
v -70.579 21.782 1.867
v -70.579 20.289 7.469
v -70.579 21.782 1.867
v -69.522 21.345 1.867
v -70.579 20.289 1.867
v -70.579 21.782 1.867
v -71.635 21.345 1.867
v -70.579 20.289 7.469
v -71.635 21.345 1.867
v -70.579 21.782 1.867
v -70.579 20.289 1.867
v -71.635 21.345 1.867
v -72.072 20.289 1.867
v -70.579 20.289 7.469
v -72.072 20.289 1.867
v -71.635 21.345 1.867
v -70.579 20.289 1.867
v -72.072 20.289 1.867
v -71.635 19.232 1.867
v -70.579 20.289 7.469
v -71.635 19.232 1.867
v -72.072 20.289 1.867
v -70.579 20.289 1.867
v -71.635 19.232 1.867
v -70.579 18.795 1.867
v -70.579 20.289 7.469
v -70.579 18.795 1.867
v -71.635 19.232 1.867
v -70.579 20.289 1.867
v -70.579 18.795 1.867
v -69.522 19.232 1.867
v -70.579 20.289 7.469
v -69.522 19.232 1.867
v -70.579 18.795 1.867
v -70.579 20.289 1.867
v -69.522 19.232 1.867
v -69.085 20.289 1.867
v -70.579 20.289 7.469
v -69.085 20.289 1.867
v -69.522 19.232 1.867
v -70.579 20.289 1.867
v -67.649 17.925 0.000
v -67.759 18.115 0.000
v -67.759 18.115 2.781
v -67.649 17.925 2.781
v -67.759 18.115 0.000
v -67.979 18.115 0.000
v -67.979 18.115 2.781
v -67.759 18.115 2.781
v -67.979 18.115 0.000
v -68.089 17.925 0.000
v -68.089 17.925 2.781
v -67.979 18.115 2.781
v -68.089 17.925 0.000
v -67.979 17.734 0.000
v -67.979 17.734 2.781
v -68.089 17.925 2.781
v -67.979 17.734 0.000
v -67.759 17.734 0.000
v -67.759 17.734 2.781
v -67.979 17.734 2.781
v -67.759 17.734 0.000
v -67.649 17.925 0.000
v -67.649 17.925 2.781
v -67.759 17.734 2.781
v -65.894 17.925 4.926
v -66.333 19.461 4.926
v -66.531 17.925 6.360
v -67.869 20.079 4.926
v -67.869 19.332 6.434
v -66.333 19.461 4.926
v -67.869 17.925 7.125
v -66.531 17.925 6.360
v -67.869 19.332 6.434
v -66.333 19.461 4.926
v -67.869 19.332 6.434
v -66.531 17.925 6.360
v -67.869 20.079 4.926
v -69.483 19.539 4.926
v -67.869 19.332 6.434
v -70.266 17.925 4.926
v -69.280 17.925 6.438
v -69.483 19.539 4.926
v -67.869 17.925 7.125
v -67.869 19.332 6.434
v -69.280 17.925 6.438
v -69.483 19.539 4.926
v -69.280 17.925 6.438
v -67.869 19.332 6.434
v -70.266 17.925 4.926
v -69.608 16.186 4.926
v -69.280 17.925 6.438
v -67.869 15.608 4.926
v -67.869 16.537 6.413
v -69.608 16.186 4.926
v -67.869 17.925 7.125
v -69.280 17.925 6.438
v -67.869 16.537 6.413
v -69.608 16.186 4.926
v -67.869 16.537 6.413
v -69.280 17.925 6.438
v -67.869 15.608 4.926
v -66.303 16.358 4.926
v -67.869 16.537 6.413
v -65.894 17.925 4.926
v -66.531 17.925 6.360
v -66.303 16.358 4.926
v -67.869 17.925 7.125
v -67.869 16.537 6.413
v -66.531 17.925 6.360
v -66.303 16.358 4.926
v -66.531 17.925 6.360
v -67.869 16.537 6.413
v -67.869 20.079 4.926
v -66.333 19.461 4.926
v -67.869 19.573 3.160
v -65.894 17.925 4.926
v -66.190 17.925 3.127
v -66.333 19.461 4.926
v -67.869 17.925 2.254
v -67.869 19.573 3.160
v -66.190 17.925 3.127
v -66.333 19.461 4.926
v -66.190 17.925 3.127
v -67.869 19.573 3.160
v -70.266 17.925 4.926
v -69.483 19.539 4.926
v -69.385 17.925 3.301
v -67.869 20.079 4.926
v -67.869 19.573 3.160
v -69.483 19.539 4.926
v -67.869 17.925 2.254
v -69.385 17.925 3.301
v -67.869 19.573 3.160
v -69.483 19.539 4.926
v -67.869 19.573 3.160
v -69.385 17.925 3.301
v -67.869 15.608 4.926
v -69.608 16.186 4.926
v -67.869 16.252 3.134
v -70.266 17.925 4.926
v -69.385 17.925 3.301
v -69.608 16.186 4.926
v -67.869 17.925 2.254
v -67.869 16.252 3.134
v -69.385 17.925 3.301
v -69.608 16.186 4.926
v -69.385 17.925 3.301
v -67.869 16.252 3.134
v -65.894 17.925 4.926
v -66.303 16.358 4.926
v -66.190 17.925 3.127
v -67.869 15.608 4.926
v -67.869 16.252 3.134
v -66.303 16.358 4.926
v -67.869 17.925 2.254
v -66.190 17.925 3.127
v -67.869 16.252 3.134
v -66.303 16.358 4.926
v -67.869 16.252 3.134
v -66.190 17.925 3.127
v -61.213 17.346 0.000
v -61.323 17.537 0.000
v -61.323 17.537 4.110
v -61.213 17.346 4.110
v -61.323 17.537 0.000
v -61.543 17.537 0.000
v -61.543 17.537 4.110
v -61.323 17.537 4.110
v -61.543 17.537 0.000
v -61.653 17.346 0.000
v -61.653 17.346 4.110
v -61.543 17.537 4.110
v -61.653 17.346 0.000
v -61.543 17.156 0.000
v -61.543 17.156 4.110
v -61.653 17.346 4.110
v -61.543 17.156 0.000
v -61.323 17.156 0.000
v -61.323 17.156 4.110
v -61.543 17.156 4.110
v -61.323 17.156 0.000
v -61.213 17.346 0.000
v -61.213 17.346 4.110
v -61.323 17.156 4.110
v -57.677 17.346 7.280
v -59.182 19.597 7.280
v -58.826 17.346 10.073
v -61.433 20.802 7.280
v -61.433 19.553 9.644
v -59.182 19.597 7.280
v -61.433 17.346 10.645
v -58.826 17.346 10.073
v -61.433 19.553 9.644
v -59.182 19.597 7.280
v -61.433 19.553 9.644
v -58.826 17.346 10.073
v -61.433 20.802 7.280
v -64.103 20.017 7.280
v -61.433 19.553 9.644
v -64.541 17.346 7.280
v -63.906 17.346 9.930
v -64.103 20.017 7.280
v -61.433 17.346 10.645
v -61.433 19.553 9.644
v -63.906 17.346 9.930
v -64.103 20.017 7.280
v -63.906 17.346 9.930
v -61.433 19.553 9.644
v -64.541 17.346 7.280
v -63.456 15.323 7.280
v -63.906 17.346 9.930
v -61.433 14.093 7.280
v -61.433 15.179 9.602
v -63.456 15.323 7.280
v -61.433 17.346 10.645
v -63.906 17.346 9.930
v -61.433 15.179 9.602
v -63.456 15.323 7.280
v -61.433 15.179 9.602
v -63.906 17.346 9.930
v -61.433 14.093 7.280
v -59.178 15.092 7.280
v -61.433 15.179 9.602
v -57.677 17.346 7.280
v -58.826 17.346 10.073
v -59.178 15.092 7.280
v -61.433 17.346 10.645
v -61.433 15.179 9.602
v -58.826 17.346 10.073
v -59.178 15.092 7.280
v -58.826 17.346 10.073
v -61.433 15.179 9.602
v -61.433 20.802 7.280
v -59.182 19.597 7.280
v -61.433 19.519 4.952
v -57.677 17.346 7.280
v -59.418 17.346 5.121
v -59.182 19.597 7.280
v -61.433 17.346 3.455
v -61.433 19.519 4.952
v -59.418 17.346 5.121
v -59.182 19.597 7.280
v -59.418 17.346 5.121
v -61.433 19.519 4.952
v -64.541 17.346 7.280
v -64.103 20.017 7.280
v -63.748 17.346 4.800
v -61.433 20.802 7.280
v -61.433 19.519 4.952
v -64.103 20.017 7.280
v -61.433 17.346 3.455
v -63.748 17.346 4.800
v -61.433 19.519 4.952
v -64.103 20.017 7.280
v -61.433 19.519 4.952
v -63.748 17.346 4.800
v -61.433 14.093 7.280
v -63.456 15.323 7.280
v -61.433 15.059 4.829
v -64.541 17.346 7.280
v -63.748 17.346 4.800
v -63.456 15.323 7.280
v -61.433 17.346 3.455
v -61.433 15.059 4.829
v -63.748 17.346 4.800
v -63.456 15.323 7.280
v -63.748 17.346 4.800
v -61.433 15.059 4.829
v -57.677 17.346 7.280
v -59.178 15.092 7.280
v -59.418 17.346 5.121
v -61.433 14.093 7.280
v -61.433 15.059 4.829
v -59.178 15.092 7.280
v -61.433 17.346 3.455
v -59.418 17.346 5.121
v -61.433 15.059 4.829
v -59.178 15.092 7.280
v -61.433 15.059 4.829
v -59.418 17.346 5.121
v -53.849 18.588 0.000
v -53.959 18.778 0.000
v -53.959 18.778 2.379
v -53.849 18.588 2.379
v -53.959 18.778 0.000
v -54.179 18.778 0.000
v -54.179 18.778 2.379
v -53.959 18.778 2.379
v -54.179 18.778 0.000
v -54.289 18.588 0.000
v -54.289 18.588 2.379
v -54.179 18.778 2.379
v -54.289 18.588 0.000
v -54.179 18.397 0.000
v -54.179 18.397 2.379
v -54.289 18.588 2.379
v -54.179 18.397 0.000
v -53.959 18.397 0.000
v -53.959 18.397 2.379
v -54.179 18.397 2.379
v -53.959 18.397 0.000
v -53.849 18.588 0.000
v -53.849 18.588 2.379
v -53.959 18.397 2.379
v -52.031 18.588 4.214
v -52.546 20.111 4.214
v -52.570 18.588 5.820
v -54.069 20.625 4.214
v -54.069 20.008 5.736
v -52.546 20.111 4.214
v -54.069 18.588 6.395
v -52.570 18.588 5.820
v -54.069 20.008 5.736
v -52.546 20.111 4.214
v -54.069 20.008 5.736
v -52.570 18.588 5.820
v -54.069 20.625 4.214
v -55.420 19.939 4.214
v -54.069 20.008 5.736
v -55.936 18.588 4.214
v -55.237 18.588 5.466
v -55.420 19.939 4.214
v -54.069 18.588 6.395
v -54.069 20.008 5.736
v -55.237 18.588 5.466
v -55.420 19.939 4.214
v -55.237 18.588 5.466
v -54.069 20.008 5.736
v -55.936 18.588 4.214
v -55.492 17.165 4.214
v -55.237 18.588 5.466
v -54.069 16.607 4.214
v -54.069 17.421 5.465
v -55.492 17.165 4.214
v -54.069 18.588 6.395
v -55.237 18.588 5.466
v -54.069 17.421 5.465
v -55.492 17.165 4.214
v -54.069 17.421 5.465
v -55.237 18.588 5.466
v -54.069 16.607 4.214
v -52.853 17.372 4.214
v -54.069 17.421 5.465
v -52.031 18.588 4.214
v -52.570 18.588 5.820
v -52.853 17.372 4.214
v -54.069 18.588 6.395
v -54.069 17.421 5.465
v -52.570 18.588 5.820
v -52.853 17.372 4.214
v -52.570 18.588 5.820
v -54.069 17.421 5.465
v -54.069 20.625 4.214
v -52.546 20.111 4.214
v -54.069 20.093 2.601
v -52.031 18.588 4.214
v -52.692 18.588 2.739
v -52.546 20.111 4.214
v -54.069 18.588 2.161
v -54.069 20.093 2.601
v -52.692 18.588 2.739
v -52.546 20.111 4.214
v -52.692 18.588 2.739
v -54.069 20.093 2.601
v -55.936 18.588 4.214
v -55.420 19.939 4.214
v -55.265 18.588 2.933
v -54.069 20.625 4.214
v -54.069 20.093 2.601
v -55.420 19.939 4.214
v -54.069 18.588 2.161
v -55.265 18.588 2.933
v -54.069 20.093 2.601
v -55.420 19.939 4.214
v -54.069 20.093 2.601
v -55.265 18.588 2.933
v -54.069 16.607 4.214
v -55.492 17.165 4.214
v -54.069 17.435 2.979
v -55.936 18.588 4.214
v -55.265 18.588 2.933
v -55.492 17.165 4.214
v -54.069 18.588 2.161
v -54.069 17.435 2.979
v -55.265 18.588 2.933
v -55.492 17.165 4.214
v -55.265 18.588 2.933
v -54.069 17.435 2.979
v -52.031 18.588 4.214
v -52.853 17.372 4.214
v -52.692 18.588 2.739
v -54.069 16.607 4.214
v -54.069 17.435 2.979
v -52.853 17.372 4.214
v -54.069 18.588 2.161
v -52.692 18.588 2.739
v -54.069 17.435 2.979
v -52.853 17.372 4.214
v -54.069 17.435 2.979
v -52.692 18.588 2.739
v -45.228 19.873 0.000
v -45.338 20.063 0.000
v -45.338 20.063 3.030
v -45.228 19.873 3.030
v -45.338 20.063 0.000
v -45.558 20.063 0.000
v -45.558 20.063 3.030
v -45.338 20.063 3.030
v -45.558 20.063 0.000
v -45.668 19.873 0.000
v -45.668 19.873 3.030
v -45.558 20.063 3.030
v -45.668 19.873 0.000
v -45.558 19.682 0.000
v -45.558 19.682 3.030
v -45.668 19.873 3.030
v -45.558 19.682 0.000
v -45.338 19.682 0.000
v -45.338 19.682 3.030
v -45.558 19.682 3.030
v -45.338 19.682 0.000
v -45.228 19.873 0.000
v -45.228 19.873 3.030
v -45.338 19.682 3.030
v -43.296 19.873 5.368
v -43.642 21.678 5.368
v -43.734 19.873 7.204
v -45.448 22.072 5.368
v -45.448 21.541 7.155
v -43.642 21.678 5.368
v -45.448 19.873 7.623
v -43.734 19.873 7.204
v -45.448 21.541 7.155
v -43.642 21.678 5.368
v -45.448 21.541 7.155
v -43.734 19.873 7.204
v -45.448 22.072 5.368
v -47.114 21.539 5.368
v -45.448 21.541 7.155
v -47.722 19.873 5.368
v -47.115 19.873 7.155
v -47.114 21.539 5.368
v -45.448 19.873 7.623
v -45.448 21.541 7.155
v -47.115 19.873 7.155
v -47.114 21.539 5.368
v -47.115 19.873 7.155
v -45.448 21.541 7.155
v -47.722 19.873 5.368
v -47.363 17.957 5.368
v -47.115 19.873 7.155
v -45.448 17.526 5.368
v -45.448 18.268 7.088
v -47.363 17.957 5.368
v -45.448 19.873 7.623
v -47.115 19.873 7.155
v -45.448 18.268 7.088
v -47.363 17.957 5.368
v -45.448 18.268 7.088
v -47.115 19.873 7.155
v -45.448 17.526 5.368
v -43.567 17.992 5.368
v -45.448 18.268 7.088
v -43.296 19.873 5.368
v -43.734 19.873 7.204
v -43.567 17.992 5.368
v -45.448 19.873 7.623
v -45.448 18.268 7.088
v -43.734 19.873 7.204
v -43.567 17.992 5.368
v -43.734 19.873 7.204
v -45.448 18.268 7.088
v -45.448 22.072 5.368
v -43.642 21.678 5.368
v -45.448 21.493 3.632
v -43.296 19.873 5.368
v -43.548 19.873 3.333
v -43.642 21.678 5.368
v -45.448 19.873 2.445
v -45.448 21.493 3.632
v -43.548 19.873 3.333
v -43.642 21.678 5.368
v -43.548 19.873 3.333
v -45.448 21.493 3.632
v -47.722 19.873 5.368
v -47.114 21.539 5.368
v -47.405 19.873 3.271
v -45.448 22.072 5.368
v -45.448 21.493 3.632
v -47.114 21.539 5.368
v -45.448 19.873 2.445
v -47.405 19.873 3.271
v -45.448 21.493 3.632
v -47.114 21.539 5.368
v -45.448 21.493 3.632
v -47.405 19.873 3.271
v -45.448 17.526 5.368
v -47.363 17.957 5.368
v -45.448 17.902 3.257
v -47.722 19.873 5.368
v -47.405 19.873 3.271
v -47.363 17.957 5.368
v -45.448 19.873 2.445
v -45.448 17.902 3.257
v -47.405 19.873 3.271
v -47.363 17.957 5.368
v -47.405 19.873 3.271
v -45.448 17.902 3.257
v -43.296 19.873 5.368
v -43.567 17.992 5.368
v -43.548 19.873 3.333
v -45.448 17.526 5.368
v -45.448 17.902 3.257
v -43.567 17.992 5.368
v -45.448 19.873 2.445
v -43.548 19.873 3.333
v -45.448 17.902 3.257
v -43.567 17.992 5.368
v -45.448 17.902 3.257
v -43.548 19.873 3.333
v -42.312 18.671 0.000
v -42.422 18.862 0.000
v -42.422 18.862 2.405
v -42.312 18.671 2.405
v -42.422 18.862 0.000
v -42.642 18.862 0.000
v -42.642 18.862 2.405
v -42.422 18.862 2.405
v -42.642 18.862 0.000
v -42.752 18.671 0.000
v -42.752 18.671 2.405
v -42.642 18.862 2.405
v -42.752 18.671 0.000
v -42.642 18.481 0.000
v -42.642 18.481 2.405
v -42.752 18.671 2.405
v -42.642 18.481 0.000
v -42.422 18.481 0.000
v -42.422 18.481 2.405
v -42.642 18.481 2.405
v -42.422 18.481 0.000
v -42.312 18.671 0.000
v -42.312 18.671 2.405
v -42.422 18.481 2.405
v -41.158 18.671 1.718
v -41.560 19.643 1.718
v -42.532 18.671 6.870
v -41.560 19.643 1.718
v -41.158 18.671 1.718
v -42.532 18.671 1.718
v -41.560 19.643 1.718
v -42.532 20.046 1.718
v -42.532 18.671 6.870
v -42.532 20.046 1.718
v -41.560 19.643 1.718
v -42.532 18.671 1.718
v -42.532 20.046 1.718
v -43.503 19.643 1.718
v -42.532 18.671 6.870
v -43.503 19.643 1.718
v -42.532 20.046 1.718
v -42.532 18.671 1.718
v -43.503 19.643 1.718
v -43.906 18.671 1.718
v -42.532 18.671 6.870
v -43.906 18.671 1.718
v -43.503 19.643 1.718
v -42.532 18.671 1.718
v -43.906 18.671 1.718
v -43.503 17.700 1.718
v -42.532 18.671 6.870
v -43.503 17.700 1.718
v -43.906 18.671 1.718
v -42.532 18.671 1.718
v -43.503 17.700 1.718
v -42.532 17.297 1.718
v -42.532 18.671 6.870
v -42.532 17.297 1.718
v -43.503 17.700 1.718
v -42.532 18.671 1.718
v -42.532 17.297 1.718
v -41.560 17.700 1.718
v -42.532 18.671 6.870
v -41.560 17.700 1.718
v -42.532 17.297 1.718
v -42.532 18.671 1.718
v -41.560 17.700 1.718
v -41.158 18.671 1.718
v -42.532 18.671 6.870
v -41.158 18.671 1.718
v -41.560 17.700 1.718
v -42.532 18.671 1.718
v -36.100 17.200 0.000
v -36.210 17.391 0.000
v -36.210 17.391 2.275
v -36.100 17.200 2.275
v -36.210 17.391 0.000
v -36.430 17.391 0.000
v -36.430 17.391 2.275
v -36.210 17.391 2.275
v -36.430 17.391 0.000
v -36.540 17.200 0.000
v -36.540 17.200 2.275
v -36.430 17.391 2.275
v -36.540 17.200 0.000
v -36.430 17.010 0.000
v -36.430 17.010 2.275
v -36.540 17.200 2.275
v -36.430 17.010 0.000
v -36.210 17.010 0.000
v -36.210 17.010 2.275
v -36.430 17.010 2.275
v -36.210 17.010 0.000
v -36.100 17.200 0.000
v -36.100 17.200 2.275
v -36.210 17.010 2.275
v -35.020 17.200 1.625
v -35.401 18.120 1.625
v -36.320 17.200 6.501
v -35.401 18.120 1.625
v -35.020 17.200 1.625
v -36.320 17.200 1.625
v -35.401 18.120 1.625
v -36.320 18.501 1.625
v -36.320 17.200 6.501
v -36.320 18.501 1.625
v -35.401 18.120 1.625
v -36.320 17.200 1.625
v -36.320 18.501 1.625
v -37.240 18.120 1.625
v -36.320 17.200 6.501
v -37.240 18.120 1.625
v -36.320 18.501 1.625
v -36.320 17.200 1.625
v -37.240 18.120 1.625
v -37.621 17.200 1.625
v -36.320 17.200 6.501
v -37.621 17.200 1.625
v -37.240 18.120 1.625
v -36.320 17.200 1.625
v -37.621 17.200 1.625
v -37.240 16.281 1.625
v -36.320 17.200 6.501
v -37.240 16.281 1.625
v -37.621 17.200 1.625
v -36.320 17.200 1.625
v -37.240 16.281 1.625
v -36.320 15.900 1.625
v -36.320 17.200 6.501
v -36.320 15.900 1.625
v -37.240 16.281 1.625
v -36.320 17.200 1.625
v -36.320 15.900 1.625
v -35.401 16.281 1.625
v -36.320 17.200 6.501
v -35.401 16.281 1.625
v -36.320 15.900 1.625
v -36.320 17.200 1.625
v -35.401 16.281 1.625
v -35.020 17.200 1.625
v -36.320 17.200 6.501
v -35.020 17.200 1.625
v -35.401 16.281 1.625
v -36.320 17.200 1.625
v -30.602 17.318 0.000
v -30.712 17.509 0.000
v -30.712 17.509 3.958
v -30.602 17.318 3.958
v -30.712 17.509 0.000
v -30.932 17.509 0.000
v -30.932 17.509 3.958
v -30.712 17.509 3.958
v -30.932 17.509 0.000
v -31.042 17.318 0.000
v -31.042 17.318 3.958
v -30.932 17.509 3.958
v -31.042 17.318 0.000
v -30.932 17.128 0.000
v -30.932 17.128 3.958
v -31.042 17.318 3.958
v -30.932 17.128 0.000
v -30.712 17.128 0.000
v -30.712 17.128 3.958
v -30.932 17.128 3.958
v -30.712 17.128 0.000
v -30.602 17.318 0.000
v -30.602 17.318 3.958
v -30.712 17.128 3.958
v -28.560 17.318 2.827
v -29.223 18.917 2.827
v -30.822 17.318 11.309
v -29.223 18.917 2.827
v -28.560 17.318 2.827
v -30.822 17.318 2.827
v -29.223 18.917 2.827
v -30.822 19.580 2.827
v -30.822 17.318 11.309
v -30.822 19.580 2.827
v -29.223 18.917 2.827
v -30.822 17.318 2.827
v -30.822 19.580 2.827
v -32.421 18.917 2.827
v -30.822 17.318 11.309
v -32.421 18.917 2.827
v -30.822 19.580 2.827
v -30.822 17.318 2.827
v -32.421 18.917 2.827
v -33.084 17.318 2.827
v -30.822 17.318 11.309
v -33.084 17.318 2.827
v -32.421 18.917 2.827
v -30.822 17.318 2.827
v -33.084 17.318 2.827
v -32.421 15.719 2.827
v -30.822 17.318 11.309
v -32.421 15.719 2.827
v -33.084 17.318 2.827
v -30.822 17.318 2.827
v -32.421 15.719 2.827
v -30.822 15.056 2.827
v -30.822 17.318 11.309
v -30.822 15.056 2.827
v -32.421 15.719 2.827
v -30.822 17.318 2.827
v -30.822 15.056 2.827
v -29.223 15.719 2.827
v -30.822 17.318 11.309
v -29.223 15.719 2.827
v -30.822 15.056 2.827
v -30.822 17.318 2.827
v -29.223 15.719 2.827
v -28.560 17.318 2.827
v -30.822 17.318 11.309
v -28.560 17.318 2.827
v -29.223 15.719 2.827
v -30.822 17.318 2.827
v -23.639 16.761 0.000
v -23.749 16.952 0.000
v -23.749 16.952 2.976
v -23.639 16.761 2.976
v -23.749 16.952 0.000
v -23.969 16.952 0.000
v -23.969 16.952 2.976
v -23.749 16.952 2.976
v -23.969 16.952 0.000
v -24.079 16.761 0.000
v -24.079 16.761 2.976
v -23.969 16.952 2.976
v -24.079 16.761 0.000
v -23.969 16.571 0.000
v -23.969 16.571 2.976
v -24.079 16.761 2.976
v -23.969 16.571 0.000
v -23.749 16.571 0.000
v -23.749 16.571 2.976
v -23.969 16.571 2.976
v -23.749 16.571 0.000
v -23.639 16.761 0.000
v -23.639 16.761 2.976
v -23.749 16.571 2.976
v -22.158 16.761 2.126
v -22.656 17.964 2.126
v -23.859 16.761 8.503
v -22.656 17.964 2.126
v -22.158 16.761 2.126
v -23.859 16.761 2.126
v -22.656 17.964 2.126
v -23.859 18.462 2.126
v -23.859 16.761 8.503
v -23.859 18.462 2.126
v -22.656 17.964 2.126
v -23.859 16.761 2.126
v -23.859 18.462 2.126
v -25.061 17.964 2.126
v -23.859 16.761 8.503
v -25.061 17.964 2.126
v -23.859 18.462 2.126
v -23.859 16.761 2.126
v -25.061 17.964 2.126
v -25.559 16.761 2.126
v -23.859 16.761 8.503
v -25.559 16.761 2.126
v -25.061 17.964 2.126
v -23.859 16.761 2.126
v -25.559 16.761 2.126
v -25.061 15.559 2.126
v -23.859 16.761 8.503
v -25.061 15.559 2.126
v -25.559 16.761 2.126
v -23.859 16.761 2.126
v -25.061 15.559 2.126
v -23.859 15.061 2.126
v -23.859 16.761 8.503
v -23.859 15.061 2.126
v -25.061 15.559 2.126
v -23.859 16.761 2.126
v -23.859 15.061 2.126
v -22.656 15.559 2.126
v -23.859 16.761 8.503
v -22.656 15.559 2.126
v -23.859 15.061 2.126
v -23.859 16.761 2.126
v -22.656 15.559 2.126
v -22.158 16.761 2.126
v -23.859 16.761 8.503
v -22.158 16.761 2.126
v -22.656 15.559 2.126
v -23.859 16.761 2.126
v -14.391 20.466 0.000
v -14.501 20.656 0.000
v -14.501 20.656 3.206
v -14.391 20.466 3.206
v -14.501 20.656 0.000
v -14.721 20.656 0.000
v -14.721 20.656 3.206
v -14.501 20.656 3.206
v -14.721 20.656 0.000
v -14.831 20.466 0.000
v -14.831 20.466 3.206
v -14.721 20.656 3.206
v -14.831 20.466 0.000
v -14.721 20.275 0.000
v -14.721 20.275 3.206
v -14.831 20.466 3.206
v -14.721 20.275 0.000
v -14.501 20.275 0.000
v -14.501 20.275 3.206
v -14.721 20.275 3.206
v -14.501 20.275 0.000
v -14.391 20.466 0.000
v -14.391 20.466 3.206
v -14.501 20.275 3.206
v -12.779 20.466 2.290
v -13.315 21.761 2.290
v -14.611 20.466 9.161
v -13.315 21.761 2.290
v -12.779 20.466 2.290
v -14.611 20.466 2.290
v -13.315 21.761 2.290
v -14.611 22.298 2.290
v -14.611 20.466 9.161
v -14.611 22.298 2.290
v -13.315 21.761 2.290
v -14.611 20.466 2.290
v -14.611 22.298 2.290
v -15.906 21.761 2.290
v -14.611 20.466 9.161
v -15.906 21.761 2.290
v -14.611 22.298 2.290
v -14.611 20.466 2.290
v -15.906 21.761 2.290
v -16.443 20.466 2.290
v -14.611 20.466 9.161
v -16.443 20.466 2.290
v -15.906 21.761 2.290
v -14.611 20.466 2.290
v -16.443 20.466 2.290
v -15.906 19.170 2.290
v -14.611 20.466 9.161
v -15.906 19.170 2.290
v -16.443 20.466 2.290
v -14.611 20.466 2.290
v -15.906 19.170 2.290
v -14.611 18.633 2.290
v -14.611 20.466 9.161
v -14.611 18.633 2.290
v -15.906 19.170 2.290
v -14.611 20.466 2.290
v -14.611 18.633 2.290
v -13.315 19.170 2.290
v -14.611 20.466 9.161
v -13.315 19.170 2.290
v -14.611 18.633 2.290
v -14.611 20.466 2.290
v -13.315 19.170 2.290
v -12.779 20.466 2.290
v -14.611 20.466 9.161
v -12.779 20.466 2.290
v -13.315 19.170 2.290
v -14.611 20.466 2.290
v -12.453 17.213 0.000
v -12.563 17.404 0.000
v -12.563 17.404 3.871
v -12.453 17.213 3.871
v -12.563 17.404 0.000
v -12.783 17.404 0.000
v -12.783 17.404 3.871
v -12.563 17.404 3.871
v -12.783 17.404 0.000
v -12.893 17.213 0.000
v -12.893 17.213 3.871
v -12.783 17.404 3.871
v -12.893 17.213 0.000
v -12.783 17.023 0.000
v -12.783 17.023 3.871
v -12.893 17.213 3.871
v -12.783 17.023 0.000
v -12.563 17.023 0.000
v -12.563 17.023 3.871
v -12.783 17.023 3.871
v -12.563 17.023 0.000
v -12.453 17.213 0.000
v -12.453 17.213 3.871
v -12.563 17.023 3.871
v -10.461 17.213 2.765
v -11.109 18.777 2.765
v -12.673 17.213 11.059
v -11.109 18.777 2.765
v -10.461 17.213 2.765
v -12.673 17.213 2.765
v -11.109 18.777 2.765
v -12.673 19.425 2.765
v -12.673 17.213 11.059
v -12.673 19.425 2.765
v -11.109 18.777 2.765
v -12.673 17.213 2.765
v -12.673 19.425 2.765
v -14.237 18.777 2.765
v -12.673 17.213 11.059
v -14.237 18.777 2.765
v -12.673 19.425 2.765
v -12.673 17.213 2.765
v -14.237 18.777 2.765
v -14.885 17.213 2.765
v -12.673 17.213 11.059
v -14.885 17.213 2.765
v -14.237 18.777 2.765
v -12.673 17.213 2.765
v -14.885 17.213 2.765
v -14.237 15.649 2.765
v -12.673 17.213 11.059
v -14.237 15.649 2.765
v -14.885 17.213 2.765
v -12.673 17.213 2.765
v -14.237 15.649 2.765
v -12.673 15.001 2.765
v -12.673 17.213 11.059
v -12.673 15.001 2.765
v -14.237 15.649 2.765
v -12.673 17.213 2.765
v -12.673 15.001 2.765
v -11.109 15.649 2.765
v -12.673 17.213 11.059
v -11.109 15.649 2.765
v -12.673 15.001 2.765
v -12.673 17.213 2.765
v -11.109 15.649 2.765
v -10.461 17.213 2.765
v -12.673 17.213 11.059
v -10.461 17.213 2.765
v -11.109 15.649 2.765
v -12.673 17.213 2.765
v -95.525 23.687 0.000
v -95.635 23.878 0.000
v -95.635 23.878 3.321
v -95.525 23.687 3.321
v -95.635 23.878 0.000
v -95.855 23.878 0.000
v -95.855 23.878 3.321
v -95.635 23.878 3.321
v -95.855 23.878 0.000
v -95.965 23.687 0.000
v -95.965 23.687 3.321
v -95.855 23.878 3.321
v -95.965 23.687 0.000
v -95.855 23.497 0.000
v -95.855 23.497 3.321
v -95.965 23.687 3.321
v -95.855 23.497 0.000
v -95.635 23.497 0.000
v -95.635 23.497 3.321
v -95.855 23.497 3.321
v -95.635 23.497 0.000
v -95.525 23.687 0.000
v -95.525 23.687 3.321
v -95.635 23.497 3.321
v -93.848 23.687 2.372
v -94.403 25.029 2.372
v -95.745 23.687 9.487
v -94.403 25.029 2.372
v -93.848 23.687 2.372
v -95.745 23.687 2.372
v -94.403 25.029 2.372
v -95.745 25.585 2.372
v -95.745 23.687 9.487
v -95.745 25.585 2.372
v -94.403 25.029 2.372
v -95.745 23.687 2.372
v -95.745 25.585 2.372
v -97.087 25.029 2.372
v -95.745 23.687 9.487
v -97.087 25.029 2.372
v -95.745 25.585 2.372
v -95.745 23.687 2.372
v -97.087 25.029 2.372
v -97.643 23.687 2.372
v -95.745 23.687 9.487
v -97.643 23.687 2.372
v -97.087 25.029 2.372
v -95.745 23.687 2.372
v -97.643 23.687 2.372
v -97.087 22.346 2.372
v -95.745 23.687 9.487
v -97.087 22.346 2.372
v -97.643 23.687 2.372
v -95.745 23.687 2.372
v -97.087 22.346 2.372
v -95.745 21.790 2.372
v -95.745 23.687 9.487
v -95.745 21.790 2.372
v -97.087 22.346 2.372
v -95.745 23.687 2.372
v -95.745 21.790 2.372
v -94.403 22.346 2.372
v -95.745 23.687 9.487
v -94.403 22.346 2.372
v -95.745 21.790 2.372
v -95.745 23.687 2.372
v -94.403 22.346 2.372
v -93.848 23.687 2.372
v -95.745 23.687 9.487
v -93.848 23.687 2.372
v -94.403 22.346 2.372
v -95.745 23.687 2.372
v -92.085 25.939 0.000
v -92.195 26.129 0.000
v -92.195 26.129 3.615
v -92.085 25.939 3.615
v -92.195 26.129 0.000
v -92.415 26.129 0.000
v -92.415 26.129 3.615
v -92.195 26.129 3.615
v -92.415 26.129 0.000
v -92.525 25.939 0.000
v -92.525 25.939 3.615
v -92.415 26.129 3.615
v -92.525 25.939 0.000
v -92.415 25.748 0.000
v -92.415 25.748 3.615
v -92.525 25.939 3.615
v -92.415 25.748 0.000
v -92.195 25.748 0.000
v -92.195 25.748 3.615
v -92.415 25.748 3.615
v -92.195 25.748 0.000
v -92.085 25.939 0.000
v -92.085 25.939 3.615
v -92.195 25.748 3.615
v -89.693 25.939 6.404
v -89.970 28.274 6.404
v -90.564 25.939 8.270
v -92.305 28.553 6.404
v -92.305 28.084 8.703
v -89.970 28.274 6.404
v -92.305 25.939 9.955
v -90.564 25.939 8.270
v -92.305 28.084 8.703
v -89.970 28.274 6.404
v -92.305 28.084 8.703
v -90.564 25.939 8.270
v -92.305 28.553 6.404
v -94.352 27.985 6.404
v -92.305 28.084 8.703
v -94.971 25.939 6.404
v -94.159 25.939 8.391
v -94.352 27.985 6.404
v -92.305 25.939 9.955
v -92.305 28.084 8.703
v -94.159 25.939 8.391
v -94.352 27.985 6.404
v -94.159 25.939 8.391
v -92.305 28.084 8.703
v -94.971 25.939 6.404
v -94.164 24.080 6.404
v -94.159 25.939 8.391
v -92.305 23.364 6.404
v -92.305 24.079 8.397
v -94.164 24.080 6.404
v -92.305 25.939 9.955
v -94.159 25.939 8.391
v -92.305 24.079 8.397
v -94.164 24.080 6.404
v -92.305 24.079 8.397
v -94.159 25.939 8.391
v -92.305 23.364 6.404
v -90.071 23.705 6.404
v -92.305 24.079 8.397
v -89.693 25.939 6.404
v -90.564 25.939 8.270
v -90.071 23.705 6.404
v -92.305 25.939 9.955
v -92.305 24.079 8.397
v -90.564 25.939 8.270
v -90.071 23.705 6.404
v -90.564 25.939 8.270
v -92.305 24.079 8.397
v -92.305 28.553 6.404
v -89.970 28.274 6.404
v -92.305 27.791 4.420
v -89.693 25.939 6.404
v -90.399 25.939 4.362
v -89.970 28.274 6.404
v -92.305 25.939 3.502
v -92.305 27.791 4.420
v -90.399 25.939 4.362
v -89.970 28.274 6.404
v -90.399 25.939 4.362
v -92.305 27.791 4.420
v -94.971 25.939 6.404
v -94.352 27.985 6.404
v -94.349 25.939 4.215
v -92.305 28.553 6.404
v -92.305 27.791 4.420
v -94.352 27.985 6.404
v -92.305 25.939 3.502
v -94.349 25.939 4.215
v -92.305 27.791 4.420
v -94.352 27.985 6.404
v -92.305 27.791 4.420
v -94.349 25.939 4.215
v -92.305 23.364 6.404
v -94.164 24.080 6.404
v -92.305 23.621 3.921
v -94.971 25.939 6.404
v -94.349 25.939 4.215
v -94.164 24.080 6.404
v -92.305 25.939 3.502
v -92.305 23.621 3.921
v -94.349 25.939 4.215
v -94.164 24.080 6.404
v -94.349 25.939 4.215
v -92.305 23.621 3.921
v -89.693 25.939 6.404
v -90.071 23.705 6.404
v -90.399 25.939 4.362
v -92.305 23.364 6.404
v -92.305 23.621 3.921
v -90.071 23.705 6.404
v -92.305 25.939 3.502
v -90.399 25.939 4.362
v -92.305 23.621 3.921
v -90.071 23.705 6.404
v -92.305 23.621 3.921
v -90.399 25.939 4.362
v -86.870 21.881 0.000
v -86.980 22.072 0.000
v -86.980 22.072 3.300
v -86.870 21.881 3.300
v -86.980 22.072 0.000
v -87.200 22.072 0.000
v -87.200 22.072 3.300
v -86.980 22.072 3.300
v -87.200 22.072 0.000
v -87.310 21.881 0.000
v -87.310 21.881 3.300
v -87.200 22.072 3.300
v -87.310 21.881 0.000
v -87.200 21.691 0.000
v -87.200 21.691 3.300
v -87.310 21.881 3.300
v -87.200 21.691 0.000
v -86.980 21.691 0.000
v -86.980 21.691 3.300
v -87.200 21.691 3.300
v -86.980 21.691 0.000
v -86.870 21.881 0.000
v -86.870 21.881 3.300
v -86.980 21.691 3.300
v -84.236 21.881 5.846
v -85.375 23.597 5.846
v -85.249 21.881 7.818
v -87.090 24.264 5.846
v -87.090 23.560 7.645
v -85.375 23.597 5.846
v -87.090 21.881 9.011
v -85.249 21.881 7.818
v -87.090 23.560 7.645
v -85.375 23.597 5.846
v -87.090 23.560 7.645
v -85.249 21.881 7.818
v -87.090 24.264 5.846
v -88.721 23.512 5.846
v -87.090 23.560 7.645
v -90.055 21.881 5.846
v -89.228 21.881 8.137
v -88.721 23.512 5.846
v -87.090 21.881 9.011
v -87.090 23.560 7.645
v -89.228 21.881 8.137
v -88.721 23.512 5.846
v -89.228 21.881 8.137
v -87.090 23.560 7.645
v -90.055 21.881 5.846
v -88.694 20.277 5.846
v -89.228 21.881 8.137
v -87.090 19.595 5.846
v -87.090 19.867 8.005
v -88.694 20.277 5.846
v -87.090 21.881 9.011
v -89.228 21.881 8.137
v -87.090 19.867 8.005
v -88.694 20.277 5.846
v -87.090 19.867 8.005
v -89.228 21.881 8.137
v -87.090 19.595 5.846
v -84.999 19.790 5.846
v -87.090 19.867 8.005
v -84.236 21.881 5.846
v -85.249 21.881 7.818
v -84.999 19.790 5.846
v -87.090 21.881 9.011
v -87.090 19.867 8.005
v -85.249 21.881 7.818
v -84.999 19.790 5.846
v -85.249 21.881 7.818
v -87.090 19.867 8.005
v -87.090 24.264 5.846
v -85.375 23.597 5.846
v -87.090 23.717 3.879
v -84.236 21.881 5.846
v -85.356 21.881 3.988
v -85.375 23.597 5.846
v -87.090 21.881 3.415
v -87.090 23.717 3.879
v -85.356 21.881 3.988
v -85.375 23.597 5.846
v -85.356 21.881 3.988
v -87.090 23.717 3.879
v -90.055 21.881 5.846
v -88.721 23.512 5.846
v -89.005 21.881 3.794
v -87.090 24.264 5.846
v -87.090 23.717 3.879
v -88.721 23.512 5.846
v -87.090 21.881 3.415
v -89.005 21.881 3.794
v -87.090 23.717 3.879
v -88.721 23.512 5.846
v -87.090 23.717 3.879
v -89.005 21.881 3.794
v -87.090 19.595 5.846
v -88.694 20.277 5.846
v -87.090 20.014 3.846
v -90.055 21.881 5.846
v -89.005 21.881 3.794
v -88.694 20.277 5.846
v -87.090 21.881 3.415
v -87.090 20.014 3.846
v -89.005 21.881 3.794
v -88.694 20.277 5.846
v -89.005 21.881 3.794
v -87.090 20.014 3.846
v -84.236 21.881 5.846
v -84.999 19.790 5.846
v -85.356 21.881 3.988
v -87.090 19.595 5.846
v -87.090 20.014 3.846
v -84.999 19.790 5.846
v -87.090 21.881 3.415
v -85.356 21.881 3.988
v -87.090 20.014 3.846
v -84.999 19.790 5.846
v -87.090 20.014 3.846
v -85.356 21.881 3.988
v -69.598 25.309 0.000
v -69.708 25.500 0.000
v -69.708 25.500 3.850
v -69.598 25.309 3.850
v -69.708 25.500 0.000
v -69.928 25.500 0.000
v -69.928 25.500 3.850
v -69.708 25.500 3.850
v -69.928 25.500 0.000
v -70.038 25.309 0.000
v -70.038 25.309 3.850
v -69.928 25.500 3.850
v -70.038 25.309 0.000
v -69.928 25.119 0.000
v -69.928 25.119 3.850
v -70.038 25.309 3.850
v -69.928 25.119 0.000
v -69.708 25.119 0.000
v -69.708 25.119 3.850
v -69.928 25.119 3.850
v -69.708 25.119 0.000
v -69.598 25.309 0.000
v -69.598 25.309 3.850
v -69.708 25.119 3.850
v -66.846 25.309 6.821
v -67.895 27.232 6.821
v -67.527 25.309 9.276
v -69.818 28.734 6.821
v -69.818 27.679 9.359
v -67.895 27.232 6.821
v -69.818 25.309 10.444
v -67.527 25.309 9.276
v -69.818 27.679 9.359
v -67.895 27.232 6.821
v -69.818 27.679 9.359
v -67.527 25.309 9.276
v -69.818 28.734 6.821
v -72.210 27.702 6.821
v -69.818 27.679 9.359
v -72.990 25.309 6.821
v -71.717 25.309 8.856
v -72.210 27.702 6.821
v -69.818 25.309 10.444
v -69.818 27.679 9.359
v -71.717 25.309 8.856
v -72.210 27.702 6.821
v -71.717 25.309 8.856
v -69.818 27.679 9.359
v -72.990 25.309 6.821
v -72.060 23.067 6.821
v -71.717 25.309 8.856
v -69.818 22.325 6.821
v -69.818 23.161 9.123
v -72.060 23.067 6.821
v -69.818 25.309 10.444
v -71.717 25.309 8.856
v -69.818 23.161 9.123
v -72.060 23.067 6.821
v -69.818 23.161 9.123
v -71.717 25.309 8.856
v -69.818 22.325 6.821
v -67.936 23.427 6.821
v -69.818 23.161 9.123
v -66.846 25.309 6.821
v -67.527 25.309 9.276
v -67.936 23.427 6.821
v -69.818 25.309 10.444
v -69.818 23.161 9.123
v -67.527 25.309 9.276
v -67.936 23.427 6.821
v -67.527 25.309 9.276
v -69.818 23.161 9.123
v -69.818 28.734 6.821
v -67.895 27.232 6.821
v -69.818 27.252 4.739
v -66.846 25.309 6.821
v -67.856 25.309 4.718
v -67.895 27.232 6.821
v -69.818 25.309 3.656
v -69.818 27.252 4.739
v -67.856 25.309 4.718
v -67.895 27.232 6.821
v -67.856 25.309 4.718
v -69.818 27.252 4.739
v -72.990 25.309 6.821
v -72.210 27.702 6.821
v -71.964 25.309 4.521
v -69.818 28.734 6.821
v -69.818 27.252 4.739
v -72.210 27.702 6.821
v -69.818 25.309 3.656
v -71.964 25.309 4.521
v -69.818 27.252 4.739
v -72.210 27.702 6.821
v -69.818 27.252 4.739
v -71.964 25.309 4.521
v -69.818 22.325 6.821
v -72.060 23.067 6.821
v -69.818 23.348 4.719
v -72.990 25.309 6.821
v -71.964 25.309 4.521
v -72.060 23.067 6.821
v -69.818 25.309 3.656
v -69.818 23.348 4.719
v -71.964 25.309 4.521
v -72.060 23.067 6.821
v -71.964 25.309 4.521
v -69.818 23.348 4.719
v -66.846 25.309 6.821
v -67.936 23.427 6.821
v -67.856 25.309 4.718
v -69.818 22.325 6.821
v -69.818 23.348 4.719
v -67.936 23.427 6.821
v -69.818 25.309 3.656
v -67.856 25.309 4.718
v -69.818 23.348 4.719
v -67.936 23.427 6.821
v -69.818 23.348 4.719
v -67.856 25.309 4.718
v -66.409 23.634 0.000
v -66.519 23.825 0.000
v -66.519 23.825 2.331
v -66.409 23.634 2.331
v -66.519 23.825 0.000
v -66.739 23.825 0.000
v -66.739 23.825 2.331
v -66.519 23.825 2.331
v -66.739 23.825 0.000
v -66.849 23.634 0.000
v -66.849 23.634 2.331
v -66.739 23.825 2.331
v -66.849 23.634 0.000
v -66.739 23.444 0.000
v -66.739 23.444 2.331
v -66.849 23.634 2.331
v -66.739 23.444 0.000
v -66.519 23.444 0.000
v -66.519 23.444 2.331
v -66.739 23.444 2.331
v -66.519 23.444 0.000
v -66.409 23.634 0.000
v -66.409 23.634 2.331
v -66.519 23.444 2.331
v -65.297 23.634 1.665
v -65.687 24.576 1.665
v -66.629 23.634 6.659
v -65.687 24.576 1.665
v -65.297 23.634 1.665
v -66.629 23.634 1.665
v -65.687 24.576 1.665
v -66.629 24.966 1.665
v -66.629 23.634 6.659
v -66.629 24.966 1.665
v -65.687 24.576 1.665
v -66.629 23.634 1.665
v -66.629 24.966 1.665
v -67.571 24.576 1.665
v -66.629 23.634 6.659
v -67.571 24.576 1.665
v -66.629 24.966 1.665
v -66.629 23.634 1.665
v -67.571 24.576 1.665
v -67.961 23.634 1.665
v -66.629 23.634 6.659
v -67.961 23.634 1.665
v -67.571 24.576 1.665
v -66.629 23.634 1.665
v -67.961 23.634 1.665
v -67.571 22.693 1.665
v -66.629 23.634 6.659
v -67.571 22.693 1.665
v -67.961 23.634 1.665
v -66.629 23.634 1.665
v -67.571 22.693 1.665
v -66.629 22.303 1.665
v -66.629 23.634 6.659
v -66.629 22.303 1.665
v -67.571 22.693 1.665
v -66.629 23.634 1.665
v -66.629 22.303 1.665
v -65.687 22.693 1.665
v -66.629 23.634 6.659
v -65.687 22.693 1.665
v -66.629 22.303 1.665
v -66.629 23.634 1.665
v -65.687 22.693 1.665
v -65.297 23.634 1.665
v -66.629 23.634 6.659
v -65.297 23.634 1.665
v -65.687 22.693 1.665
v -66.629 23.634 1.665
v -60.590 22.342 0.000
v -60.700 22.533 0.000
v -60.700 22.533 4.116
v -60.590 22.342 4.116
v -60.700 22.533 0.000
v -60.920 22.533 0.000
v -60.920 22.533 4.116
v -60.700 22.533 4.116
v -60.920 22.533 0.000
v -61.030 22.342 0.000
v -61.030 22.342 4.116
v -60.920 22.533 4.116
v -61.030 22.342 0.000
v -60.920 22.152 0.000
v -60.920 22.152 4.116
v -61.030 22.342 4.116
v -60.920 22.152 0.000
v -60.700 22.152 0.000
v -60.700 22.152 4.116
v -60.920 22.152 4.116
v -60.700 22.152 0.000
v -60.590 22.342 0.000
v -60.590 22.342 4.116
v -60.700 22.152 4.116
v -57.509 22.342 7.292
v -58.255 24.896 7.292
v -58.157 22.342 10.135
v -60.810 26.078 7.292
v -60.810 24.500 9.604
v -58.255 24.896 7.292
v -60.810 22.342 11.070
v -58.157 22.342 10.135
v -60.810 24.500 9.604
v -58.255 24.896 7.292
v -60.810 24.500 9.604
v -58.157 22.342 10.135
v -60.810 26.078 7.292
v -62.981 24.513 7.292
v -60.810 24.500 9.604
v -64.225 22.342 7.292
v -63.270 22.342 9.928
v -62.981 24.513 7.292
v -60.810 22.342 11.070
v -60.810 24.500 9.604
v -63.270 22.342 9.928
v -62.981 24.513 7.292
v -63.270 22.342 9.928
v -60.810 24.500 9.604
v -64.225 22.342 7.292
v -62.865 20.287 7.292
v -63.270 22.342 9.928
v -60.810 18.712 7.292
v -60.810 20.244 9.539
v -62.865 20.287 7.292
v -60.810 22.342 11.070
v -63.270 22.342 9.928
v -60.810 20.244 9.539
v -62.865 20.287 7.292
v -60.810 20.244 9.539
v -63.270 22.342 9.928
v -60.810 18.712 7.292
v -58.320 19.853 7.292
v -60.810 20.244 9.539
v -57.509 22.342 7.292
v -58.157 22.342 10.135
v -58.320 19.853 7.292
v -60.810 22.342 11.070
v -60.810 20.244 9.539
v -58.157 22.342 10.135
v -58.320 19.853 7.292
v -58.157 22.342 10.135
v -60.810 20.244 9.539
v -60.810 26.078 7.292
v -58.255 24.896 7.292
v -60.810 24.960 4.486
v -57.509 22.342 7.292
v -58.680 22.342 5.009
v -58.255 24.896 7.292
v -60.810 22.342 3.815
v -60.810 24.960 4.486
v -58.680 22.342 5.009
v -58.255 24.896 7.292
v -58.680 22.342 5.009
v -60.810 24.960 4.486
v -64.225 22.342 7.292
v -62.981 24.513 7.292
v -62.903 22.342 5.049
v -60.810 26.078 7.292
v -60.810 24.960 4.486
v -62.981 24.513 7.292
v -60.810 22.342 3.815
v -62.903 22.342 5.049
v -60.810 24.960 4.486
v -62.981 24.513 7.292
v -60.810 24.960 4.486
v -62.903 22.342 5.049
v -60.810 18.712 7.292
v -62.865 20.287 7.292
v -60.810 19.779 4.545
v -64.225 22.342 7.292
v -62.903 22.342 5.049
v -62.865 20.287 7.292
v -60.810 22.342 3.815
v -60.810 19.779 4.545
v -62.903 22.342 5.049
v -62.865 20.287 7.292
v -62.903 22.342 5.049
v -60.810 19.779 4.545
v -57.509 22.342 7.292
v -58.320 19.853 7.292
v -58.680 22.342 5.009
v -60.810 18.712 7.292
v -60.810 19.779 4.545
v -58.320 19.853 7.292
v -60.810 22.342 3.815
v -58.680 22.342 5.009
v -60.810 19.779 4.545
v -58.320 19.853 7.292
v -60.810 19.779 4.545
v -58.680 22.342 5.009
v -50.907 25.986 0.000
v -51.017 26.177 0.000
v -51.017 26.177 2.977
v -50.907 25.986 2.977
v -51.017 26.177 0.000
v -51.237 26.177 0.000
v -51.237 26.177 2.977
v -51.017 26.177 2.977
v -51.237 26.177 0.000
v -51.347 25.986 0.000
v -51.347 25.986 2.977
v -51.237 26.177 2.977
v -51.347 25.986 0.000
v -51.237 25.796 0.000
v -51.237 25.796 2.977
v -51.347 25.986 2.977
v -51.237 25.796 0.000
v -51.017 25.796 0.000
v -51.017 25.796 2.977
v -51.237 25.796 2.977
v -51.017 25.796 0.000
v -50.907 25.986 0.000
v -50.907 25.986 2.977
v -51.017 25.796 2.977
v -48.936 25.986 5.273
v -49.336 27.778 5.273
v -49.407 25.986 7.116
v -51.127 28.174 5.273
v -51.127 27.543 6.941
v -49.336 27.778 5.273
v -51.127 25.986 7.626
v -49.407 25.986 7.116
v -51.127 27.543 6.941
v -49.336 27.778 5.273
v -51.127 27.543 6.941
v -49.407 25.986 7.116
v -51.127 28.174 5.273
v -52.687 27.546 5.273
v -51.127 27.543 6.941
v -53.670 25.986 5.273
v -52.670 25.986 6.926
v -52.687 27.546 5.273
v -51.127 25.986 7.626
v -51.127 27.543 6.941
v -52.670 25.986 6.926
v -52.687 27.546 5.273
v -52.670 25.986 6.926
v -51.127 27.543 6.941
v -53.670 25.986 5.273
v -52.647 24.466 5.273
v -52.670 25.986 6.926
v -51.127 23.582 5.273
v -51.127 24.405 6.968
v -52.647 24.466 5.273
v -51.127 25.986 7.626
v -52.670 25.986 6.926
v -51.127 24.405 6.968
v -52.647 24.466 5.273
v -51.127 24.405 6.968
v -52.670 25.986 6.926
v -51.127 23.582 5.273
v -49.552 24.411 5.273
v -51.127 24.405 6.968
v -48.936 25.986 5.273
v -49.407 25.986 7.116
v -49.552 24.411 5.273
v -51.127 25.986 7.626
v -51.127 24.405 6.968
v -49.407 25.986 7.116
v -49.552 24.411 5.273
v -49.407 25.986 7.116
v -51.127 24.405 6.968
v -51.127 28.174 5.273
v -49.336 27.778 5.273
v -51.127 27.919 3.202
v -48.936 25.986 5.273
v -49.435 25.986 3.460
v -49.336 27.778 5.273
v -51.127 25.986 3.081
v -51.127 27.919 3.202
v -49.435 25.986 3.460
v -49.336 27.778 5.273
v -49.435 25.986 3.460
v -51.127 27.919 3.202
v -53.670 25.986 5.273
v -52.687 27.546 5.273
v -52.819 25.986 3.461
v -51.127 28.174 5.273
v -51.127 27.919 3.202
v -52.687 27.546 5.273
v -51.127 25.986 3.081
v -52.819 25.986 3.461
v -51.127 27.919 3.202
v -52.687 27.546 5.273
v -51.127 27.919 3.202
v -52.819 25.986 3.461
v -51.127 23.582 5.273
v -52.647 24.466 5.273
v -51.127 24.438 3.614
v -53.670 25.986 5.273
v -52.819 25.986 3.461
v -52.647 24.466 5.273
v -51.127 25.986 3.081
v -51.127 24.438 3.614
v -52.819 25.986 3.461
v -52.647 24.466 5.273
v -52.819 25.986 3.461
v -51.127 24.438 3.614
v -48.936 25.986 5.273
v -49.552 24.411 5.273
v -49.435 25.986 3.460
v -51.127 23.582 5.273
v -51.127 24.438 3.614
v -49.552 24.411 5.273
v -51.127 25.986 3.081
v -49.435 25.986 3.460
v -51.127 24.438 3.614
v -49.552 24.411 5.273
v -51.127 24.438 3.614
v -49.435 25.986 3.460
v -48.517 22.030 0.000
v -48.627 22.220 0.000
v -48.627 22.220 3.476
v -48.517 22.030 3.476
v -48.627 22.220 0.000
v -48.847 22.220 0.000
v -48.847 22.220 3.476
v -48.627 22.220 3.476
v -48.847 22.220 0.000
v -48.957 22.030 0.000
v -48.957 22.030 3.476
v -48.847 22.220 3.476
v -48.957 22.030 0.000
v -48.847 21.839 0.000
v -48.847 21.839 3.476
v -48.957 22.030 3.476
v -48.847 21.839 0.000
v -48.627 21.839 0.000
v -48.627 21.839 3.476
v -48.847 21.839 3.476
v -48.627 21.839 0.000
v -48.517 22.030 0.000
v -48.517 22.030 3.476
v -48.627 21.839 3.476
v -46.751 22.030 2.483
v -47.333 23.434 2.483
v -48.737 22.030 9.932
v -47.333 23.434 2.483
v -46.751 22.030 2.483
v -48.737 22.030 2.483
v -47.333 23.434 2.483
v -48.737 24.016 2.483
v -48.737 22.030 9.932
v -48.737 24.016 2.483
v -47.333 23.434 2.483
v -48.737 22.030 2.483
v -48.737 24.016 2.483
v -50.142 23.434 2.483
v -48.737 22.030 9.932
v -50.142 23.434 2.483
v -48.737 24.016 2.483
v -48.737 22.030 2.483
v -50.142 23.434 2.483
v -50.724 22.030 2.483
v -48.737 22.030 9.932
v -50.724 22.030 2.483
v -50.142 23.434 2.483
v -48.737 22.030 2.483
v -50.724 22.030 2.483
v -50.142 20.625 2.483
v -48.737 22.030 9.932
v -50.142 20.625 2.483
v -50.724 22.030 2.483
v -48.737 22.030 2.483
v -50.142 20.625 2.483
v -48.737 20.043 2.483
v -48.737 22.030 9.932
v -48.737 20.043 2.483
v -50.142 20.625 2.483
v -48.737 22.030 2.483
v -48.737 20.043 2.483
v -47.333 20.625 2.483
v -48.737 22.030 9.932
v -47.333 20.625 2.483
v -48.737 20.043 2.483
v -48.737 22.030 2.483
v -47.333 20.625 2.483
v -46.751 22.030 2.483
v -48.737 22.030 9.932
v -46.751 22.030 2.483
v -47.333 20.625 2.483
v -48.737 22.030 2.483
v -38.149 23.444 0.000
v -38.259 23.634 0.000
v -38.259 23.634 3.814
v -38.149 23.444 3.814
v -38.259 23.634 0.000
v -38.479 23.634 0.000
v -38.479 23.634 3.814
v -38.259 23.634 3.814
v -38.479 23.634 0.000
v -38.589 23.444 0.000
v -38.589 23.444 3.814
v -38.479 23.634 3.814
v -38.589 23.444 0.000
v -38.479 23.253 0.000
v -38.479 23.253 3.814
v -38.589 23.444 3.814
v -38.479 23.253 0.000
v -38.259 23.253 0.000
v -38.259 23.253 3.814
v -38.479 23.253 3.814
v -38.259 23.253 0.000
v -38.149 23.444 0.000
v -38.149 23.444 3.814
v -38.259 23.253 3.814
v -35.335 23.444 6.757
v -36.116 25.697 6.757
v -36.331 23.444 8.940
v -38.369 26.911 6.757
v -38.369 25.895 9.384
v -36.116 25.697 6.757
v -38.369 23.444 9.871
v -36.331 23.444 8.940
v -38.369 25.895 9.384
v -36.116 25.697 6.757
v -38.369 25.895 9.384
v -36.331 23.444 8.940
v -38.369 26.911 6.757
v -40.591 25.666 6.757
v -38.369 25.895 9.384
v -41.582 23.444 6.757
v -40.585 23.444 9.132
v -40.591 25.666 6.757
v -38.369 23.444 9.871
v -38.369 25.895 9.384
v -40.585 23.444 9.132
v -40.591 25.666 6.757
v -40.585 23.444 9.132
v -38.369 25.895 9.384
v -41.582 23.444 6.757
v -40.777 21.036 6.757
v -40.585 23.444 9.132
v -38.369 20.743 6.757
v -38.369 21.474 8.867
v -40.777 21.036 6.757
v -38.369 23.444 9.871
v -40.585 23.444 9.132
v -38.369 21.474 8.867
v -40.777 21.036 6.757
v -38.369 21.474 8.867
v -40.585 23.444 9.132
v -38.369 20.743 6.757
v -35.996 21.071 6.757
v -38.369 21.474 8.867
v -35.335 23.444 6.757
v -36.331 23.444 8.940
v -35.996 21.071 6.757
v -38.369 23.444 9.871
v -38.369 21.474 8.867
v -36.331 23.444 8.940
v -35.996 21.071 6.757
v -36.331 23.444 8.940
v -38.369 21.474 8.867
v -38.369 26.911 6.757
v -36.116 25.697 6.757
v -38.369 25.699 4.340
v -35.335 23.444 6.757
v -36.022 23.444 4.242
v -36.116 25.697 6.757
v -38.369 23.444 3.429
v -38.369 25.699 4.340
v -36.022 23.444 4.242
v -36.116 25.697 6.757
v -36.022 23.444 4.242
v -38.369 25.699 4.340
v -41.582 23.444 6.757
v -40.591 25.666 6.757
v -40.715 23.444 4.242
v -38.369 26.911 6.757
v -38.369 25.699 4.340
v -40.591 25.666 6.757
v -38.369 23.444 3.429
v -40.715 23.444 4.242
v -38.369 25.699 4.340
v -40.591 25.666 6.757
v -38.369 25.699 4.340
v -40.715 23.444 4.242
v -38.369 20.743 6.757
v -40.777 21.036 6.757
v -38.369 21.340 4.503
v -41.582 23.444 6.757
v -40.715 23.444 4.242
v -40.777 21.036 6.757
v -38.369 23.444 3.429
v -38.369 21.340 4.503
v -40.715 23.444 4.242
v -40.777 21.036 6.757
v -40.715 23.444 4.242
v -38.369 21.340 4.503
v -35.335 23.444 6.757
v -35.996 21.071 6.757
v -36.022 23.444 4.242
v -38.369 20.743 6.757
v -38.369 21.340 4.503
v -35.996 21.071 6.757
v -38.369 23.444 3.429
v -36.022 23.444 4.242
v -38.369 21.340 4.503
v -35.996 21.071 6.757
v -38.369 21.340 4.503
v -36.022 23.444 4.242
v -33.378 25.595 0.000
v -33.488 25.786 0.000
v -33.488 25.786 3.719
v -33.378 25.595 3.719
v -33.488 25.786 0.000
v -33.708 25.786 0.000
v -33.708 25.786 3.719
v -33.488 25.786 3.719
v -33.708 25.786 0.000
v -33.818 25.595 0.000
v -33.818 25.595 3.719
v -33.708 25.786 3.719
v -33.818 25.595 0.000
v -33.708 25.405 0.000
v -33.708 25.405 3.719
v -33.818 25.595 3.719
v -33.708 25.405 0.000
v -33.488 25.405 0.000
v -33.488 25.405 3.719
v -33.708 25.405 3.719
v -33.488 25.405 0.000
v -33.378 25.595 0.000
v -33.378 25.595 3.719
v -33.488 25.405 3.719
v -30.570 25.595 6.588
v -31.547 27.646 6.588
v -31.596 25.595 8.734
v -33.598 28.491 6.588
v -33.598 27.597 8.733
v -31.547 27.646 6.588
v -33.598 25.595 9.970
v -31.596 25.595 8.734
v -33.598 27.597 8.733
v -31.547 27.646 6.588
v -33.598 27.597 8.733
v -31.596 25.595 8.734
v -33.598 28.491 6.588
v -35.640 27.636 6.588
v -33.598 27.597 8.733
v -36.258 25.595 6.588
v -35.816 25.595 8.964
v -35.640 27.636 6.588
v -33.598 25.595 9.970
v -33.598 27.597 8.733
v -35.816 25.595 8.964
v -35.640 27.636 6.588
v -35.816 25.595 8.964
v -33.598 27.597 8.733
v -36.258 25.595 6.588
v -35.789 23.404 6.588
v -35.816 25.595 8.964
v -33.598 22.698 6.588
v -33.598 23.512 8.820
v -35.789 23.404 6.588
v -33.598 25.595 9.970
v -35.816 25.595 8.964
v -33.598 23.512 8.820
v -35.789 23.404 6.588
v -33.598 23.512 8.820
v -35.816 25.595 8.964
v -33.598 22.698 6.588
v -31.686 23.683 6.588
v -33.598 23.512 8.820
v -30.570 25.595 6.588
v -31.596 25.595 8.734
v -31.686 23.683 6.588
v -33.598 25.595 9.970
v -33.598 23.512 8.820
v -31.596 25.595 8.734
v -31.686 23.683 6.588
v -31.596 25.595 8.734
v -33.598 23.512 8.820
v -33.598 28.491 6.588
v -31.547 27.646 6.588
v -33.598 27.458 4.592
v -30.570 25.595 6.588
v -31.806 25.595 4.667
v -31.547 27.646 6.588
v -33.598 25.595 3.457
v -33.598 27.458 4.592
v -31.806 25.595 4.667
v -31.547 27.646 6.588
v -31.806 25.595 4.667
v -33.598 27.458 4.592
v -36.258 25.595 6.588
v -35.640 27.636 6.588
v -35.451 25.595 4.604
v -33.598 28.491 6.588
v -33.598 27.458 4.592
v -35.640 27.636 6.588
v -33.598 25.595 3.457
v -35.451 25.595 4.604
v -33.598 27.458 4.592
v -35.640 27.636 6.588
v -33.598 27.458 4.592
v -35.451 25.595 4.604
v -33.598 22.698 6.588
v -35.789 23.404 6.588
v -33.598 23.645 4.498
v -36.258 25.595 6.588
v -35.451 25.595 4.604
v -35.789 23.404 6.588
v -33.598 25.595 3.457
v -33.598 23.645 4.498
v -35.451 25.595 4.604
v -35.789 23.404 6.588
v -35.451 25.595 4.604
v -33.598 23.645 4.498
v -30.570 25.595 6.588
v -31.686 23.683 6.588
v -31.806 25.595 4.667
v -33.598 22.698 6.588
v -33.598 23.645 4.498
v -31.686 23.683 6.588
v -33.598 25.595 3.457
v -31.806 25.595 4.667
v -33.598 23.645 4.498
v -31.686 23.683 6.588
v -33.598 23.645 4.498
v -31.806 25.595 4.667
v -29.333 24.992 0.000
v -29.443 25.182 0.000
v -29.443 25.182 3.817
v -29.333 24.992 3.817
v -29.443 25.182 0.000
v -29.663 25.182 0.000
v -29.663 25.182 3.817
v -29.443 25.182 3.817
v -29.663 25.182 0.000
v -29.773 24.992 0.000
v -29.773 24.992 3.817
v -29.663 25.182 3.817
v -29.773 24.992 0.000
v -29.663 24.801 0.000
v -29.663 24.801 3.817
v -29.773 24.992 3.817
v -29.663 24.801 0.000
v -29.443 24.801 0.000
v -29.443 24.801 3.817
v -29.663 24.801 3.817
v -29.443 24.801 0.000
v -29.333 24.992 0.000
v -29.333 24.992 3.817
v -29.443 24.801 3.817
v -27.372 24.992 2.726
v -28.011 26.534 2.726
v -29.553 24.992 10.905
v -28.011 26.534 2.726
v -27.372 24.992 2.726
v -29.553 24.992 2.726
v -28.011 26.534 2.726
v -29.553 27.173 2.726
v -29.553 24.992 10.905
v -29.553 27.173 2.726
v -28.011 26.534 2.726
v -29.553 24.992 2.726
v -29.553 27.173 2.726
v -31.095 26.534 2.726
v -29.553 24.992 10.905
v -31.095 26.534 2.726
v -29.553 27.173 2.726
v -29.553 24.992 2.726
v -31.095 26.534 2.726
v -31.734 24.992 2.726
v -29.553 24.992 10.905
v -31.734 24.992 2.726
v -31.095 26.534 2.726
v -29.553 24.992 2.726
v -31.734 24.992 2.726
v -31.095 23.450 2.726
v -29.553 24.992 10.905
v -31.095 23.450 2.726
v -31.734 24.992 2.726
v -29.553 24.992 2.726
v -31.095 23.450 2.726
v -29.553 22.811 2.726
v -29.553 24.992 10.905
v -29.553 22.811 2.726
v -31.095 23.450 2.726
v -29.553 24.992 2.726
v -29.553 22.811 2.726
v -28.011 23.450 2.726
v -29.553 24.992 10.905
v -28.011 23.450 2.726
v -29.553 22.811 2.726
v -29.553 24.992 2.726
v -28.011 23.450 2.726
v -27.372 24.992 2.726
v -29.553 24.992 10.905
v -27.372 24.992 2.726
v -28.011 23.450 2.726
v -29.553 24.992 2.726
v -20.803 23.053 0.000
v -20.913 23.244 0.000
v -20.913 23.244 3.670
v -20.803 23.053 3.670
v -20.913 23.244 0.000
v -21.133 23.244 0.000
v -21.133 23.244 3.670
v -20.913 23.244 3.670
v -21.133 23.244 0.000
v -21.243 23.053 0.000
v -21.243 23.053 3.670
v -21.133 23.244 3.670
v -21.243 23.053 0.000
v -21.133 22.863 0.000
v -21.133 22.863 3.670
v -21.243 23.053 3.670
v -21.133 22.863 0.000
v -20.913 22.863 0.000
v -20.913 22.863 3.670
v -21.133 22.863 3.670
v -20.913 22.863 0.000
v -20.803 23.053 0.000
v -20.803 23.053 3.670
v -20.913 22.863 3.670
v -18.281 23.053 6.502
v -18.939 25.137 6.502
v -19.169 23.053 8.488
v -21.023 25.863 6.502
v -21.023 24.932 8.514
v -18.939 25.137 6.502
v -21.023 23.053 9.742
v -19.169 23.053 8.488
v -21.023 24.932 8.514
v -18.939 25.137 6.502
v -21.023 24.932 8.514
v -19.169 23.053 8.488
v -21.023 25.863 6.502
v -23.360 25.391 6.502
v -21.023 24.932 8.514
v -23.774 23.053 6.502
v -23.248 23.053 8.886
v -23.360 25.391 6.502
v -21.023 23.053 9.742
v -21.023 24.932 8.514
v -23.248 23.053 8.886
v -23.360 25.391 6.502
v -23.248 23.053 8.886
v -21.023 24.932 8.514
v -23.774 23.053 6.502
v -23.263 20.813 6.502
v -23.248 23.053 8.886
v -21.023 20.095 6.502
v -21.023 20.797 8.919
v -23.263 20.813 6.502
v -21.023 23.053 9.742
v -23.248 23.053 8.886
v -21.023 20.797 8.919
v -23.263 20.813 6.502
v -21.023 20.797 8.919
v -23.248 23.053 8.886
v -21.023 20.095 6.502
v -18.994 21.024 6.502
v -21.023 20.797 8.919
v -18.281 23.053 6.502
v -19.169 23.053 8.488
v -18.994 21.024 6.502
v -21.023 23.053 9.742
v -21.023 20.797 8.919
v -19.169 23.053 8.488
v -18.994 21.024 6.502
v -19.169 23.053 8.488
v -21.023 20.797 8.919
v -21.023 25.863 6.502
v -18.939 25.137 6.502
v -21.023 25.343 4.048
v -18.281 23.053 6.502
v -18.789 23.053 4.108
v -18.939 25.137 6.502
v -21.023 23.053 3.143
v -21.023 25.343 4.048
v -18.789 23.053 4.108
v -18.939 25.137 6.502
v -18.789 23.053 4.108
v -21.023 25.343 4.048
v -23.774 23.053 6.502
v -23.360 25.391 6.502
v -23.270 23.053 4.094
v -21.023 25.863 6.502
v -21.023 25.343 4.048
v -23.360 25.391 6.502
v -21.023 23.053 3.143
v -23.270 23.053 4.094
v -21.023 25.343 4.048
v -23.360 25.391 6.502
v -21.023 25.343 4.048
v -23.270 23.053 4.094
v -21.023 20.095 6.502
v -23.263 20.813 6.502
v -21.023 20.995 4.296
v -23.774 23.053 6.502
v -23.270 23.053 4.094
v -23.263 20.813 6.502
v -21.023 23.053 3.143
v -21.023 20.995 4.296
v -23.270 23.053 4.094
v -23.263 20.813 6.502
v -23.270 23.053 4.094
v -21.023 20.995 4.296
v -18.281 23.053 6.502
v -18.994 21.024 6.502
v -18.789 23.053 4.108
v -21.023 20.095 6.502
v -21.023 20.995 4.296
v -18.994 21.024 6.502
v -21.023 23.053 3.143
v -18.789 23.053 4.108
v -21.023 20.995 4.296
v -18.994 21.024 6.502
v -21.023 20.995 4.296
v -18.789 23.053 4.108
v -16.307 21.802 0.000
v -16.417 21.992 0.000
v -16.417 21.992 3.828
v -16.307 21.802 3.828
v -16.417 21.992 0.000
v -16.637 21.992 0.000
v -16.637 21.992 3.828
v -16.417 21.992 3.828
v -16.637 21.992 0.000
v -16.747 21.802 0.000
v -16.747 21.802 3.828
v -16.637 21.992 3.828
v -16.747 21.802 0.000
v -16.637 21.611 0.000
v -16.637 21.611 3.828
v -16.747 21.802 3.828
v -16.637 21.611 0.000
v -16.417 21.611 0.000
v -16.417 21.611 3.828
v -16.637 21.611 3.828
v -16.417 21.611 0.000
v -16.307 21.802 0.000
v -16.307 21.802 3.828
v -16.417 21.611 3.828
v -13.144 21.802 6.780
v -14.154 24.175 6.780
v -14.310 21.802 9.156
v -16.527 24.499 6.780
v -16.527 23.920 9.050
v -14.154 24.175 6.780
v -16.527 21.802 10.121
v -14.310 21.802 9.156
v -16.527 23.920 9.050
v -14.154 24.175 6.780
v -16.527 23.920 9.050
v -14.310 21.802 9.156
v -16.527 24.499 6.780
v -18.564 23.839 6.780
v -16.527 23.920 9.050
v -19.400 21.802 6.780
v -18.866 21.802 9.286
v -18.564 23.839 6.780
v -16.527 21.802 10.121
v -16.527 23.920 9.050
v -18.866 21.802 9.286
v -18.564 23.839 6.780
v -18.866 21.802 9.286
v -16.527 23.920 9.050
v -19.400 21.802 6.780
v -18.519 19.810 6.780
v -18.866 21.802 9.286
v -16.527 18.833 6.780
v -16.527 19.887 8.832
v -18.519 19.810 6.780
v -16.527 21.802 10.121
v -18.866 21.802 9.286
v -16.527 19.887 8.832
v -18.519 19.810 6.780
v -16.527 19.887 8.832
v -18.866 21.802 9.286
v -16.527 18.833 6.780
v -14.057 19.332 6.780
v -16.527 19.887 8.832
v -13.144 21.802 6.780
v -14.310 21.802 9.156
v -14.057 19.332 6.780
v -16.527 21.802 10.121
v -16.527 19.887 8.832
v -14.310 21.802 9.156
v -14.057 19.332 6.780
v -14.310 21.802 9.156
v -16.527 19.887 8.832
v -16.527 24.499 6.780
v -14.154 24.175 6.780
v -16.527 24.120 4.297
v -13.144 21.802 6.780
v -14.609 21.802 4.726
v -14.154 24.175 6.780
v -16.527 21.802 3.558
v -16.527 24.120 4.297
v -14.609 21.802 4.726
v -14.154 24.175 6.780
v -14.609 21.802 4.726
v -16.527 24.120 4.297
v -19.400 21.802 6.780
v -18.564 23.839 6.780
v -18.969 21.802 4.164
v -16.527 24.499 6.780
v -16.527 24.120 4.297
v -18.564 23.839 6.780
v -16.527 21.802 3.558
v -18.969 21.802 4.164
v -16.527 24.120 4.297
v -18.564 23.839 6.780
v -16.527 24.120 4.297
v -18.969 21.802 4.164
v -16.527 18.833 6.780
v -18.519 19.810 6.780
v -16.527 19.590 4.410
v -19.400 21.802 6.780
v -18.969 21.802 4.164
v -18.519 19.810 6.780
v -16.527 21.802 3.558
v -16.527 19.590 4.410
v -18.969 21.802 4.164
v -18.519 19.810 6.780
v -18.969 21.802 4.164
v -16.527 19.590 4.410
v -13.144 21.802 6.780
v -14.057 19.332 6.780
v -14.609 21.802 4.726
v -16.527 18.833 6.780
v -16.527 19.590 4.410
v -14.057 19.332 6.780
v -16.527 21.802 3.558
v -14.609 21.802 4.726
v -16.527 19.590 4.410
v -14.057 19.332 6.780
v -16.527 19.590 4.410
v -14.609 21.802 4.726
v -97.537 27.902 0.000
v -97.647 28.092 0.000
v -97.647 28.092 4.144
v -97.537 27.902 4.144
v -97.647 28.092 0.000
v -97.867 28.092 0.000
v -97.867 28.092 4.144
v -97.647 28.092 4.144
v -97.867 28.092 0.000
v -97.977 27.902 0.000
v -97.977 27.902 4.144
v -97.867 28.092 4.144
v -97.977 27.902 0.000
v -97.867 27.711 0.000
v -97.867 27.711 4.144
v -97.977 27.902 4.144
v -97.867 27.711 0.000
v -97.647 27.711 0.000
v -97.647 27.711 4.144
v -97.867 27.711 4.144
v -97.647 27.711 0.000
v -97.537 27.902 0.000
v -97.537 27.902 4.144
v -97.647 27.711 4.144
v -95.389 27.902 2.960
v -96.082 29.576 2.960
v -97.757 27.902 11.840
v -96.082 29.576 2.960
v -95.389 27.902 2.960
v -97.757 27.902 2.960
v -96.082 29.576 2.960
v -97.757 30.270 2.960
v -97.757 27.902 11.840
v -97.757 30.270 2.960
v -96.082 29.576 2.960
v -97.757 27.902 2.960
v -97.757 30.270 2.960
v -99.431 29.576 2.960
v -97.757 27.902 11.840
v -99.431 29.576 2.960
v -97.757 30.270 2.960
v -97.757 27.902 2.960
v -99.431 29.576 2.960
v -100.125 27.902 2.960
v -97.757 27.902 11.840
v -100.125 27.902 2.960
v -99.431 29.576 2.960
v -97.757 27.902 2.960
v -100.125 27.902 2.960
v -99.431 26.228 2.960
v -97.757 27.902 11.840
v -99.431 26.228 2.960
v -100.125 27.902 2.960
v -97.757 27.902 2.960
v -99.431 26.228 2.960
v -97.757 25.534 2.960
v -97.757 27.902 11.840
v -97.757 25.534 2.960
v -99.431 26.228 2.960
v -97.757 27.902 2.960
v -97.757 25.534 2.960
v -96.082 26.228 2.960
v -97.757 27.902 11.840
v -96.082 26.228 2.960
v -97.757 25.534 2.960
v -97.757 27.902 2.960
v -96.082 26.228 2.960
v -95.389 27.902 2.960
v -97.757 27.902 11.840
v -95.389 27.902 2.960
v -96.082 26.228 2.960
v -97.757 27.902 2.960
v -90.848 31.915 0.000
v -90.958 32.106 0.000
v -90.958 32.106 3.953
v -90.848 31.915 3.953
v -90.958 32.106 0.000
v -91.178 32.106 0.000
v -91.178 32.106 3.953
v -90.958 32.106 3.953
v -91.178 32.106 0.000
v -91.288 31.915 0.000
v -91.288 31.915 3.953
v -91.178 32.106 3.953
v -91.288 31.915 0.000
v -91.178 31.725 0.000
v -91.178 31.725 3.953
v -91.288 31.915 3.953
v -91.178 31.725 0.000
v -90.958 31.725 0.000
v -90.958 31.725 3.953
v -91.178 31.725 3.953
v -90.958 31.725 0.000
v -90.848 31.915 0.000
v -90.848 31.915 3.953
v -90.958 31.725 3.953
v -88.809 31.915 2.824
v -89.470 33.512 2.824
v -91.068 31.915 11.295
v -89.470 33.512 2.824
v -88.809 31.915 2.824
v -91.068 31.915 2.824
v -89.470 33.512 2.824
v -91.068 34.174 2.824
v -91.068 31.915 11.295
v -91.068 34.174 2.824
v -89.470 33.512 2.824
v -91.068 31.915 2.824
v -91.068 34.174 2.824
v -92.665 33.512 2.824
v -91.068 31.915 11.295
v -92.665 33.512 2.824
v -91.068 34.174 2.824
v -91.068 31.915 2.824
v -92.665 33.512 2.824
v -93.327 31.915 2.824
v -91.068 31.915 11.295
v -93.327 31.915 2.824
v -92.665 33.512 2.824
v -91.068 31.915 2.824
v -93.327 31.915 2.824
v -92.665 30.318 2.824
v -91.068 31.915 11.295
v -92.665 30.318 2.824
v -93.327 31.915 2.824
v -91.068 31.915 2.824
v -92.665 30.318 2.824
v -91.068 29.656 2.824
v -91.068 31.915 11.295
v -91.068 29.656 2.824
v -92.665 30.318 2.824
v -91.068 31.915 2.824
v -91.068 29.656 2.824
v -89.470 30.318 2.824
v -91.068 31.915 11.295
v -89.470 30.318 2.824
v -91.068 29.656 2.824
v -91.068 31.915 2.824
v -89.470 30.318 2.824
v -88.809 31.915 2.824
v -91.068 31.915 11.295
v -88.809 31.915 2.824
v -89.470 30.318 2.824
v -91.068 31.915 2.824
v -65.135 29.538 0.000
v -65.245 29.728 0.000
v -65.245 29.728 4.016
v -65.135 29.538 4.016
v -65.245 29.728 0.000
v -65.465 29.728 0.000
v -65.465 29.728 4.016
v -65.245 29.728 4.016
v -65.465 29.728 0.000
v -65.575 29.538 0.000
v -65.575 29.538 4.016
v -65.465 29.728 4.016
v -65.575 29.538 0.000
v -65.465 29.347 0.000
v -65.465 29.347 4.016
v -65.575 29.538 4.016
v -65.465 29.347 0.000
v -65.245 29.347 0.000
v -65.245 29.347 4.016
v -65.465 29.347 4.016
v -65.245 29.347 0.000
v -65.135 29.538 0.000
v -65.135 29.538 4.016
v -65.245 29.347 4.016
v -62.393 29.538 7.114
v -63.289 31.604 7.114
v -63.332 29.538 9.281
v -65.355 32.723 7.114
v -65.355 31.976 9.726
v -63.289 31.604 7.114
v -65.355 29.538 10.636
v -63.332 29.538 9.281
v -65.355 31.976 9.726
v -63.289 31.604 7.114
v -65.355 31.976 9.726
v -63.332 29.538 9.281
v -65.355 32.723 7.114
v -67.782 31.965 7.114
v -65.355 31.976 9.726
v -68.434 29.538 7.114
v -67.668 29.538 9.592
v -67.782 31.965 7.114
v -65.355 29.538 10.636
v -65.355 31.976 9.726
v -67.668 29.538 9.592
v -67.782 31.965 7.114
v -67.668 29.538 9.592
v -65.355 31.976 9.726
v -68.434 29.538 7.114
v -67.621 27.272 7.114
v -67.668 29.538 9.592
v -65.355 26.559 7.114
v -65.355 27.325 9.485
v -67.621 27.272 7.114
v -65.355 29.538 10.636
v -67.668 29.538 9.592
v -65.355 27.325 9.485
v -67.621 27.272 7.114
v -65.355 27.325 9.485
v -67.668 29.538 9.592
v -65.355 26.559 7.114
v -63.407 27.590 7.114
v -65.355 27.325 9.485
v -62.393 29.538 7.114
v -63.332 29.538 9.281
v -63.407 27.590 7.114
v -65.355 29.538 10.636
v -65.355 27.325 9.485
v -63.332 29.538 9.281
v -63.407 27.590 7.114
v -63.332 29.538 9.281
v -65.355 27.325 9.485
v -65.355 32.723 7.114
v -63.289 31.604 7.114
v -65.355 31.751 4.742
v -62.393 29.538 7.114
v -62.881 29.538 4.464
v -63.289 31.604 7.114
v -65.355 29.538 3.592
v -65.355 31.751 4.742
v -62.881 29.538 4.464
v -63.289 31.604 7.114
v -62.881 29.538 4.464
v -65.355 31.751 4.742
v -68.434 29.538 7.114
v -67.782 31.965 7.114
v -67.299 29.538 5.031
v -65.355 32.723 7.114
v -65.355 31.751 4.742
v -67.782 31.965 7.114
v -65.355 29.538 3.592
v -67.299 29.538 5.031
v -65.355 31.751 4.742
v -67.782 31.965 7.114
v -65.355 31.751 4.742
v -67.299 29.538 5.031
v -65.355 26.559 7.114
v -67.621 27.272 7.114
v -65.355 27.594 5.031
v -68.434 29.538 7.114
v -67.299 29.538 5.031
v -67.621 27.272 7.114
v -65.355 29.538 3.592
v -65.355 27.594 5.031
v -67.299 29.538 5.031
v -67.621 27.272 7.114
v -67.299 29.538 5.031
v -65.355 27.594 5.031
v -62.393 29.538 7.114
v -63.407 27.590 7.114
v -62.881 29.538 4.464
v -65.355 26.559 7.114
v -65.355 27.594 5.031
v -63.407 27.590 7.114
v -65.355 29.538 3.592
v -62.881 29.538 4.464
v -65.355 27.594 5.031
v -63.407 27.590 7.114
v -65.355 27.594 5.031
v -62.881 29.538 4.464
v -55.974 29.755 0.000
v -56.084 29.946 0.000
v -56.084 29.946 3.283
v -55.974 29.755 3.283
v -56.084 29.946 0.000
v -56.304 29.946 0.000
v -56.304 29.946 3.283
v -56.084 29.946 3.283
v -56.304 29.946 0.000
v -56.414 29.755 0.000
v -56.414 29.755 3.283
v -56.304 29.946 3.283
v -56.414 29.755 0.000
v -56.304 29.565 0.000
v -56.304 29.565 3.283
v -56.414 29.755 3.283
v -56.304 29.565 0.000
v -56.084 29.565 0.000
v -56.084 29.565 3.283
v -56.304 29.565 3.283
v -56.084 29.565 0.000
v -55.974 29.755 0.000
v -55.974 29.755 3.283
v -56.084 29.565 3.283
v -54.318 29.755 2.345
v -54.867 31.082 2.345
v -56.194 29.755 9.379
v -54.867 31.082 2.345
v -54.318 29.755 2.345
v -56.194 29.755 2.345
v -54.867 31.082 2.345
v -56.194 31.631 2.345
v -56.194 29.755 9.379
v -56.194 31.631 2.345
v -54.867 31.082 2.345
v -56.194 29.755 2.345
v -56.194 31.631 2.345
v -57.520 31.082 2.345
v -56.194 29.755 9.379
v -57.520 31.082 2.345
v -56.194 31.631 2.345
v -56.194 29.755 2.345
v -57.520 31.082 2.345
v -58.070 29.755 2.345
v -56.194 29.755 9.379
v -58.070 29.755 2.345
v -57.520 31.082 2.345
v -56.194 29.755 2.345
v -58.070 29.755 2.345
v -57.520 28.429 2.345
v -56.194 29.755 9.379
v -57.520 28.429 2.345
v -58.070 29.755 2.345
v -56.194 29.755 2.345
v -57.520 28.429 2.345
v -56.194 27.879 2.345
v -56.194 29.755 9.379
v -56.194 27.879 2.345
v -57.520 28.429 2.345
v -56.194 29.755 2.345
v -56.194 27.879 2.345
v -54.867 28.429 2.345
v -56.194 29.755 9.379
v -54.867 28.429 2.345
v -56.194 27.879 2.345
v -56.194 29.755 2.345
v -54.867 28.429 2.345
v -54.318 29.755 2.345
v -56.194 29.755 9.379
v -54.318 29.755 2.345
v -54.867 28.429 2.345
v -56.194 29.755 2.345
v -52.824 28.163 0.000
v -52.934 28.353 0.000
v -52.934 28.353 3.813
v -52.824 28.163 3.813
v -52.934 28.353 0.000
v -53.154 28.353 0.000
v -53.154 28.353 3.813
v -52.934 28.353 3.813
v -53.154 28.353 0.000
v -53.264 28.163 0.000
v -53.264 28.163 3.813
v -53.154 28.353 3.813
v -53.264 28.163 0.000
v -53.154 27.972 0.000
v -53.154 27.972 3.813
v -53.264 28.163 3.813
v -53.154 27.972 0.000
v -52.934 27.972 0.000
v -52.934 27.972 3.813
v -53.154 27.972 3.813
v -52.934 27.972 0.000
v -52.824 28.163 0.000
v -52.824 28.163 3.813
v -52.934 27.972 3.813
v -50.865 28.163 2.724
v -51.504 29.703 2.724
v -53.044 28.163 10.895
v -51.504 29.703 2.724
v -50.865 28.163 2.724
v -53.044 28.163 2.724
v -51.504 29.703 2.724
v -53.044 30.342 2.724
v -53.044 28.163 10.895
v -53.044 30.342 2.724
v -51.504 29.703 2.724
v -53.044 28.163 2.724
v -53.044 30.342 2.724
v -54.585 29.703 2.724
v -53.044 28.163 10.895
v -54.585 29.703 2.724
v -53.044 30.342 2.724
v -53.044 28.163 2.724
v -54.585 29.703 2.724
v -55.223 28.163 2.724
v -53.044 28.163 10.895
v -55.223 28.163 2.724
v -54.585 29.703 2.724
v -53.044 28.163 2.724
v -55.223 28.163 2.724
v -54.585 26.622 2.724
v -53.044 28.163 10.895
v -54.585 26.622 2.724
v -55.223 28.163 2.724
v -53.044 28.163 2.724
v -54.585 26.622 2.724
v -53.044 25.983 2.724
v -53.044 28.163 10.895
v -53.044 25.983 2.724
v -54.585 26.622 2.724
v -53.044 28.163 2.724
v -53.044 25.983 2.724
v -51.504 26.622 2.724
v -53.044 28.163 10.895
v -51.504 26.622 2.724
v -53.044 25.983 2.724
v -53.044 28.163 2.724
v -51.504 26.622 2.724
v -50.865 28.163 2.724
v -53.044 28.163 10.895
v -50.865 28.163 2.724
v -51.504 26.622 2.724
v -53.044 28.163 2.724
v -46.813 30.873 0.000
v -46.923 31.063 0.000
v -46.923 31.063 2.903
v -46.813 30.873 2.903
v -46.923 31.063 0.000
v -47.143 31.063 0.000
v -47.143 31.063 2.903
v -46.923 31.063 2.903
v -47.143 31.063 0.000
v -47.253 30.873 0.000
v -47.253 30.873 2.903
v -47.143 31.063 2.903
v -47.253 30.873 0.000
v -47.143 30.682 0.000
v -47.143 30.682 2.903
v -47.253 30.873 2.903
v -47.143 30.682 0.000
v -46.923 30.682 0.000
v -46.923 30.682 2.903
v -47.143 30.682 2.903
v -46.923 30.682 0.000
v -46.813 30.873 0.000
v -46.813 30.873 2.903
v -46.923 30.682 2.903
v -44.647 30.873 5.142
v -45.591 32.315 5.142
v -45.228 30.873 7.075
v -47.033 33.297 5.142
v -47.033 32.579 6.969
v -45.591 32.315 5.142
v -47.033 30.873 7.873
v -45.228 30.873 7.075
v -47.033 32.579 6.969
v -45.591 32.315 5.142
v -47.033 32.579 6.969
v -45.228 30.873 7.075
v -47.033 33.297 5.142
v -48.885 32.725 5.142
v -47.033 32.579 6.969
v -49.404 30.873 5.142
v -48.650 30.873 6.874
v -48.885 32.725 5.142
v -47.033 30.873 7.873
v -47.033 32.579 6.969
v -48.650 30.873 6.874
v -48.885 32.725 5.142
v -48.650 30.873 6.874
v -47.033 32.579 6.969
v -49.404 30.873 5.142
v -48.649 29.257 5.142
v -48.650 30.873 6.874
v -47.033 28.360 5.142
v -47.033 29.176 6.960
v -48.649 29.257 5.142
v -47.033 30.873 7.873
v -48.650 30.873 6.874
v -47.033 29.176 6.960
v -48.649 29.257 5.142
v -47.033 29.176 6.960
v -48.650 30.873 6.874
v -47.033 28.360 5.142
v -45.327 29.167 5.142
v -47.033 29.176 6.960
v -44.647 30.873 5.142
v -45.228 30.873 7.075
v -45.327 29.167 5.142
v -47.033 30.873 7.873
v -47.033 29.176 6.960
v -45.228 30.873 7.075
v -45.327 29.167 5.142
v -45.228 30.873 7.075
v -47.033 29.176 6.960
v -47.033 33.297 5.142
v -45.591 32.315 5.142
v -47.033 32.640 3.248
v -44.647 30.873 5.142
v -45.474 30.873 3.471
v -45.591 32.315 5.142
v -47.033 30.873 2.677
v -47.033 32.640 3.248
v -45.474 30.873 3.471
v -45.591 32.315 5.142
v -45.474 30.873 3.471
v -47.033 32.640 3.248
v -49.404 30.873 5.142
v -48.885 32.725 5.142
v -48.436 30.873 3.638
v -47.033 33.297 5.142
v -47.033 32.640 3.248
v -48.885 32.725 5.142
v -47.033 30.873 2.677
v -48.436 30.873 3.638
v -47.033 32.640 3.248
v -48.885 32.725 5.142
v -47.033 32.640 3.248
v -48.436 30.873 3.638
v -47.033 28.360 5.142
v -48.649 29.257 5.142
v -47.033 29.209 3.359
v -49.404 30.873 5.142
v -48.436 30.873 3.638
v -48.649 29.257 5.142
v -47.033 30.873 2.677
v -47.033 29.209 3.359
v -48.436 30.873 3.638
v -48.649 29.257 5.142
v -48.436 30.873 3.638
v -47.033 29.209 3.359
v -44.647 30.873 5.142
v -45.327 29.167 5.142
v -45.474 30.873 3.471
v -47.033 28.360 5.142
v -47.033 29.209 3.359
v -45.327 29.167 5.142
v -47.033 30.873 2.677
v -45.474 30.873 3.471
v -47.033 29.209 3.359
v -45.327 29.167 5.142
v -47.033 29.209 3.359
v -45.474 30.873 3.471
v -39.866 31.168 0.000
v -39.976 31.359 0.000
v -39.976 31.359 3.354
v -39.866 31.168 3.354
v -39.976 31.359 0.000
v -40.196 31.359 0.000
v -40.196 31.359 3.354
v -39.976 31.359 3.354
v -40.196 31.359 0.000
v -40.306 31.168 0.000
v -40.306 31.168 3.354
v -40.196 31.359 3.354
v -40.306 31.168 0.000
v -40.196 30.978 0.000
v -40.196 30.978 3.354
v -40.306 31.168 3.354
v -40.196 30.978 0.000
v -39.976 30.978 0.000
v -39.976 30.978 3.354
v -40.196 30.978 3.354
v -39.976 30.978 0.000
v -39.866 31.168 0.000
v -39.866 31.168 3.354
v -39.976 30.978 3.354
v -38.170 31.168 2.395
v -38.731 32.523 2.395
v -40.086 31.168 9.582
v -38.731 32.523 2.395
v -38.170 31.168 2.395
v -40.086 31.168 2.395
v -38.731 32.523 2.395
v -40.086 33.085 2.395
v -40.086 31.168 9.582
v -40.086 33.085 2.395
v -38.731 32.523 2.395
v -40.086 31.168 2.395
v -40.086 33.085 2.395
v -41.441 32.523 2.395
v -40.086 31.168 9.582
v -41.441 32.523 2.395
v -40.086 33.085 2.395
v -40.086 31.168 2.395
v -41.441 32.523 2.395
v -42.003 31.168 2.395
v -40.086 31.168 9.582
v -42.003 31.168 2.395
v -41.441 32.523 2.395
v -40.086 31.168 2.395
v -42.003 31.168 2.395
v -41.441 29.813 2.395
v -40.086 31.168 9.582
v -41.441 29.813 2.395
v -42.003 31.168 2.395
v -40.086 31.168 2.395
v -41.441 29.813 2.395
v -40.086 29.252 2.395
v -40.086 31.168 9.582
v -40.086 29.252 2.395
v -41.441 29.813 2.395
v -40.086 31.168 2.395
v -40.086 29.252 2.395
v -38.731 29.813 2.395
v -40.086 31.168 9.582
v -38.731 29.813 2.395
v -40.086 29.252 2.395
v -40.086 31.168 2.395
v -38.731 29.813 2.395
v -38.170 31.168 2.395
v -40.086 31.168 9.582
v -38.170 31.168 2.395
v -38.731 29.813 2.395
v -40.086 31.168 2.395
v -35.262 31.108 0.000
v -35.372 31.299 0.000
v -35.372 31.299 3.356
v -35.262 31.108 3.356
v -35.372 31.299 0.000
v -35.592 31.299 0.000
v -35.592 31.299 3.356
v -35.372 31.299 3.356
v -35.592 31.299 0.000
v -35.702 31.108 0.000
v -35.702 31.108 3.356
v -35.592 31.299 3.356
v -35.702 31.108 0.000
v -35.592 30.918 0.000
v -35.592 30.918 3.356
v -35.702 31.108 3.356
v -35.592 30.918 0.000
v -35.372 30.918 0.000
v -35.372 30.918 3.356
v -35.592 30.918 3.356
v -35.372 30.918 0.000
v -35.262 31.108 0.000
v -35.262 31.108 3.356
v -35.372 30.918 3.356
v -33.564 31.108 2.397
v -34.126 32.464 2.397
v -35.482 31.108 9.590
v -34.126 32.464 2.397
v -33.564 31.108 2.397
v -35.482 31.108 2.397
v -34.126 32.464 2.397
v -35.482 33.026 2.397
v -35.482 31.108 9.590
v -35.482 33.026 2.397
v -34.126 32.464 2.397
v -35.482 31.108 2.397
v -35.482 33.026 2.397
v -36.838 32.464 2.397
v -35.482 31.108 9.590
v -36.838 32.464 2.397
v -35.482 33.026 2.397
v -35.482 31.108 2.397
v -36.838 32.464 2.397
v -37.400 31.108 2.397
v -35.482 31.108 9.590
v -37.400 31.108 2.397
v -36.838 32.464 2.397
v -35.482 31.108 2.397
v -37.400 31.108 2.397
v -36.838 29.752 2.397
v -35.482 31.108 9.590
v -36.838 29.752 2.397
v -37.400 31.108 2.397
v -35.482 31.108 2.397
v -36.838 29.752 2.397
v -35.482 29.190 2.397
v -35.482 31.108 9.590
v -35.482 29.190 2.397
v -36.838 29.752 2.397
v -35.482 31.108 2.397
v -35.482 29.190 2.397
v -34.126 29.752 2.397
v -35.482 31.108 9.590
v -34.126 29.752 2.397
v -35.482 29.190 2.397
v -35.482 31.108 2.397
v -34.126 29.752 2.397
v -33.564 31.108 2.397
v -35.482 31.108 9.590
v -33.564 31.108 2.397
v -34.126 29.752 2.397
v -35.482 31.108 2.397
v -25.064 29.463 0.000
v -25.174 29.654 0.000
v -25.174 29.654 3.248
v -25.064 29.463 3.248
v -25.174 29.654 0.000
v -25.394 29.654 0.000
v -25.394 29.654 3.248
v -25.174 29.654 3.248
v -25.394 29.654 0.000
v -25.504 29.463 0.000
v -25.504 29.463 3.248
v -25.394 29.654 3.248
v -25.504 29.463 0.000
v -25.394 29.273 0.000
v -25.394 29.273 3.248
v -25.504 29.463 3.248
v -25.394 29.273 0.000
v -25.174 29.273 0.000
v -25.174 29.273 3.248
v -25.394 29.273 3.248
v -25.174 29.273 0.000
v -25.064 29.463 0.000
v -25.064 29.463 3.248
v -25.174 29.273 3.248
v -22.451 29.463 5.754
v -23.334 31.413 5.754
v -23.447 29.463 7.722
v -25.284 32.181 5.754
v -25.284 31.523 7.961
v -23.334 31.413 5.754
v -25.284 29.463 8.589
v -23.447 29.463 7.722
v -25.284 31.523 7.961
v -23.334 31.413 5.754
v -25.284 31.523 7.961
v -23.447 29.463 7.722
v -25.284 32.181 5.754
v -26.860 31.040 5.754
v -25.284 31.523 7.961
v -27.502 29.463 5.754
v -27.374 29.463 7.993
v -26.860 31.040 5.754
v -25.284 29.463 8.589
v -25.284 31.523 7.961
v -27.374 29.463 7.993
v -26.860 31.040 5.754
v -27.374 29.463 7.993
v -25.284 31.523 7.961
v -27.502 29.463 5.754
v -26.882 27.865 5.754
v -27.374 29.463 7.993
v -25.284 27.003 5.754
v -25.284 27.878 7.452
v -26.882 27.865 5.754
v -25.284 29.463 8.589
v -27.374 29.463 7.993
v -25.284 27.878 7.452
v -26.882 27.865 5.754
v -25.284 27.878 7.452
v -27.374 29.463 7.993
v -25.284 27.003 5.754
v -23.681 27.860 5.754
v -25.284 27.878 7.452
v -22.451 29.463 5.754
v -23.447 29.463 7.722
v -23.681 27.860 5.754
v -25.284 29.463 8.589
v -25.284 27.878 7.452
v -23.447 29.463 7.722
v -23.681 27.860 5.754
v -23.447 29.463 7.722
v -25.284 27.878 7.452
v -25.284 32.181 5.754
v -23.334 31.413 5.754
v -25.284 31.526 3.544
v -22.451 29.463 5.754
v -23.275 29.463 3.602
v -23.334 31.413 5.754
v -25.284 29.463 3.326
v -25.284 31.526 3.544
v -23.275 29.463 3.602
v -23.334 31.413 5.754
v -23.275 29.463 3.602
v -25.284 31.526 3.544
v -27.502 29.463 5.754
v -26.860 31.040 5.754
v -26.902 29.463 4.021
v -25.284 32.181 5.754
v -25.284 31.526 3.544
v -26.860 31.040 5.754
v -25.284 29.463 3.326
v -26.902 29.463 4.021
v -25.284 31.526 3.544
v -26.860 31.040 5.754
v -25.284 31.526 3.544
v -26.902 29.463 4.021
v -25.284 27.003 5.754
v -26.882 27.865 5.754
v -25.284 27.791 3.962
v -27.502 29.463 5.754
v -26.902 29.463 4.021
v -26.882 27.865 5.754
v -25.284 29.463 3.326
v -25.284 27.791 3.962
v -26.902 29.463 4.021
v -26.882 27.865 5.754
v -26.902 29.463 4.021
v -25.284 27.791 3.962
v -22.451 29.463 5.754
v -23.681 27.860 5.754
v -23.275 29.463 3.602
v -25.284 27.003 5.754
v -25.284 27.791 3.962
v -23.681 27.860 5.754
v -25.284 29.463 3.326
v -23.275 29.463 3.602
v -25.284 27.791 3.962
v -23.681 27.860 5.754
v -25.284 27.791 3.962
v -23.275 29.463 3.602
v -19.639 29.509 0.000
v -19.749 29.699 0.000
v -19.749 29.699 3.195
v -19.639 29.509 3.195
v -19.749 29.699 0.000
v -19.969 29.699 0.000
v -19.969 29.699 3.195
v -19.749 29.699 3.195
v -19.969 29.699 0.000
v -20.079 29.509 0.000
v -20.079 29.509 3.195
v -19.969 29.699 3.195
v -20.079 29.509 0.000
v -19.969 29.318 0.000
v -19.969 29.318 3.195
v -20.079 29.509 3.195
v -19.969 29.318 0.000
v -19.749 29.318 0.000
v -19.749 29.318 3.195
v -19.969 29.318 3.195
v -19.749 29.318 0.000
v -19.639 29.509 0.000
v -19.639 29.509 3.195
v -19.749 29.318 3.195
v -18.033 29.509 2.282
v -18.568 30.800 2.282
v -19.859 29.509 9.129
v -18.568 30.800 2.282
v -18.033 29.509 2.282
v -19.859 29.509 2.282
v -18.568 30.800 2.282
v -19.859 31.335 2.282
v -19.859 29.509 9.129
v -19.859 31.335 2.282
v -18.568 30.800 2.282
v -19.859 29.509 2.282
v -19.859 31.335 2.282
v -21.150 30.800 2.282
v -19.859 29.509 9.129
v -21.150 30.800 2.282
v -19.859 31.335 2.282
v -19.859 29.509 2.282
v -21.150 30.800 2.282
v -21.684 29.509 2.282
v -19.859 29.509 9.129
v -21.684 29.509 2.282
v -21.150 30.800 2.282
v -19.859 29.509 2.282
v -21.684 29.509 2.282
v -21.150 28.218 2.282
v -19.859 29.509 9.129
v -21.150 28.218 2.282
v -21.684 29.509 2.282
v -19.859 29.509 2.282
v -21.150 28.218 2.282
v -19.859 27.683 2.282
v -19.859 29.509 9.129
v -19.859 27.683 2.282
v -21.150 28.218 2.282
v -19.859 29.509 2.282
v -19.859 27.683 2.282
v -18.568 28.218 2.282
v -19.859 29.509 9.129
v -18.568 28.218 2.282
v -19.859 27.683 2.282
v -19.859 29.509 2.282
v -18.568 28.218 2.282
v -18.033 29.509 2.282
v -19.859 29.509 9.129
v -18.033 29.509 2.282
v -18.568 28.218 2.282
v -19.859 29.509 2.282
v -12.223 31.630 0.000
v -12.333 31.820 0.000
v -12.333 31.820 2.775
v -12.223 31.630 2.775
v -12.333 31.820 0.000
v -12.553 31.820 0.000
v -12.553 31.820 2.775
v -12.333 31.820 2.775
v -12.553 31.820 0.000
v -12.663 31.630 0.000
v -12.663 31.630 2.775
v -12.553 31.820 2.775
v -12.663 31.630 0.000
v -12.553 31.439 0.000
v -12.553 31.439 2.775
v -12.663 31.630 2.775
v -12.553 31.439 0.000
v -12.333 31.439 0.000
v -12.333 31.439 2.775
v -12.553 31.439 2.775
v -12.333 31.439 0.000
v -12.223 31.630 0.000
v -12.223 31.630 2.775
v -12.333 31.439 2.775
v -10.446 31.630 4.915
v -10.813 33.260 4.915
v -11.049 31.630 6.409
v -12.443 33.880 4.915
v -12.443 33.424 6.838
v -10.813 33.260 4.915
v -12.443 31.630 7.297
v -11.049 31.630 6.409
v -12.443 33.424 6.838
v -10.813 33.260 4.915
v -12.443 33.424 6.838
v -11.049 31.630 6.409
v -12.443 33.880 4.915
v -14.106 33.292 4.915
v -12.443 33.424 6.838
v -14.603 31.630 4.915
v -14.041 31.630 6.627
v -14.106 33.292 4.915
v -12.443 31.630 7.297
v -12.443 33.424 6.838
v -14.041 31.630 6.627
v -14.106 33.292 4.915
v -14.041 31.630 6.627
v -12.443 33.424 6.838
v -14.603 31.630 4.915
v -14.147 29.926 4.915
v -14.041 31.630 6.627
v -12.443 29.274 4.915
v -12.443 30.210 6.436
v -14.147 29.926 4.915
v -12.443 31.630 7.297
v -14.041 31.630 6.627
v -12.443 30.210 6.436
v -14.147 29.926 4.915
v -12.443 30.210 6.436
v -14.041 31.630 6.627
v -12.443 29.274 4.915
v -10.815 30.001 4.915
v -12.443 30.210 6.436
v -10.446 31.630 4.915
v -11.049 31.630 6.409
v -10.815 30.001 4.915
v -12.443 31.630 7.297
v -12.443 30.210 6.436
v -11.049 31.630 6.409
v -10.815 30.001 4.915
v -11.049 31.630 6.409
v -12.443 30.210 6.436
v -12.443 33.880 4.915
v -10.813 33.260 4.915
v -12.443 32.983 3.465
v -10.446 31.630 4.915
v -11.067 31.630 3.441
v -10.813 33.260 4.915
v -12.443 31.630 2.766
v -12.443 32.983 3.465
v -11.067 31.630 3.441
v -10.813 33.260 4.915
v -11.067 31.630 3.441
v -12.443 32.983 3.465
v -14.603 31.630 4.915
v -14.106 33.292 4.915
v -14.082 31.630 3.159
v -12.443 33.880 4.915
v -12.443 32.983 3.465
v -14.106 33.292 4.915
v -12.443 31.630 2.766
v -14.082 31.630 3.159
v -12.443 32.983 3.465
v -14.106 33.292 4.915
v -12.443 32.983 3.465
v -14.082 31.630 3.159
v -12.443 29.274 4.915
v -14.147 29.926 4.915
v -12.443 30.242 3.429
v -14.603 31.630 4.915
v -14.082 31.630 3.159
v -14.147 29.926 4.915
v -12.443 31.630 2.766
v -12.443 30.242 3.429
v -14.082 31.630 3.159
v -14.147 29.926 4.915
v -14.082 31.630 3.159
v -12.443 30.242 3.429
v -10.446 31.630 4.915
v -10.815 30.001 4.915
v -11.067 31.630 3.441
v -12.443 29.274 4.915
v -12.443 30.242 3.429
v -10.815 30.001 4.915
v -12.443 31.630 2.766
v -11.067 31.630 3.441
v -12.443 30.242 3.429
v -10.815 30.001 4.915
v -12.443 30.242 3.429
v -11.067 31.630 3.441
v -96.080 35.319 0.000
v -96.190 35.510 0.000
v -96.190 35.510 3.126
v -96.080 35.319 3.126
v -96.190 35.510 0.000
v -96.410 35.510 0.000
v -96.410 35.510 3.126
v -96.190 35.510 3.126
v -96.410 35.510 0.000
v -96.520 35.319 0.000
v -96.520 35.319 3.126
v -96.410 35.510 3.126
v -96.520 35.319 0.000
v -96.410 35.129 0.000
v -96.410 35.129 3.126
v -96.520 35.319 3.126
v -96.410 35.129 0.000
v -96.190 35.129 0.000
v -96.190 35.129 3.126
v -96.410 35.129 3.126
v -96.190 35.129 0.000
v -96.080 35.319 0.000
v -96.080 35.319 3.126
v -96.190 35.129 3.126
v -94.514 35.319 2.233
v -95.037 36.582 2.233
v -96.300 35.319 8.932
v -95.037 36.582 2.233
v -94.514 35.319 2.233
v -96.300 35.319 2.233
v -95.037 36.582 2.233
v -96.300 37.106 2.233
v -96.300 35.319 8.932
v -96.300 37.106 2.233
v -95.037 36.582 2.233
v -96.300 35.319 2.233
v -96.300 37.106 2.233
v -97.563 36.582 2.233
v -96.300 35.319 8.932
v -97.563 36.582 2.233
v -96.300 37.106 2.233
v -96.300 35.319 2.233
v -97.563 36.582 2.233
v -98.086 35.319 2.233
v -96.300 35.319 8.932
v -98.086 35.319 2.233
v -97.563 36.582 2.233
v -96.300 35.319 2.233
v -98.086 35.319 2.233
v -97.563 34.056 2.233
v -96.300 35.319 8.932
v -97.563 34.056 2.233
v -98.086 35.319 2.233
v -96.300 35.319 2.233
v -97.563 34.056 2.233
v -96.300 33.533 2.233
v -96.300 35.319 8.932
v -96.300 33.533 2.233
v -97.563 34.056 2.233
v -96.300 35.319 2.233
v -96.300 33.533 2.233
v -95.037 34.056 2.233
v -96.300 35.319 8.932
v -95.037 34.056 2.233
v -96.300 33.533 2.233
v -96.300 35.319 2.233
v -95.037 34.056 2.233
v -94.514 35.319 2.233
v -96.300 35.319 8.932
v -94.514 35.319 2.233
v -95.037 34.056 2.233
v -96.300 35.319 2.233
v -93.432 34.999 0.000
v -93.542 35.190 0.000
v -93.542 35.190 3.784
v -93.432 34.999 3.784
v -93.542 35.190 0.000
v -93.762 35.190 0.000
v -93.762 35.190 3.784
v -93.542 35.190 3.784
v -93.762 35.190 0.000
v -93.872 34.999 0.000
v -93.872 34.999 3.784
v -93.762 35.190 3.784
v -93.872 34.999 0.000
v -93.762 34.809 0.000
v -93.762 34.809 3.784
v -93.872 34.999 3.784
v -93.762 34.809 0.000
v -93.542 34.809 0.000
v -93.542 34.809 3.784
v -93.762 34.809 3.784
v -93.542 34.809 0.000
v -93.432 34.999 0.000
v -93.432 34.999 3.784
v -93.542 34.809 3.784
v -90.409 34.999 6.703
v -91.428 37.223 6.703
v -91.296 34.999 9.227
v -93.652 37.573 6.703
v -93.652 37.380 9.255
v -91.428 37.223 6.703
v -93.652 34.999 10.285
v -91.296 34.999 9.227
v -93.652 37.380 9.255
v -91.428 37.223 6.703
v -93.652 37.380 9.255
v -91.296 34.999 9.227
v -93.652 37.573 6.703
v -95.620 36.968 6.703
v -93.652 37.380 9.255
v -96.992 34.999 6.703
v -95.791 34.999 8.995
v -95.620 36.968 6.703
v -93.652 34.999 10.285
v -93.652 37.380 9.255
v -95.791 34.999 8.995
v -95.620 36.968 6.703
v -95.791 34.999 8.995
v -93.652 37.380 9.255
v -96.992 34.999 6.703
v -96.068 32.583 6.703
v -95.791 34.999 8.995
v -93.652 32.342 6.703
v -93.652 33.126 8.710
v -96.068 32.583 6.703
v -93.652 34.999 10.285
v -95.791 34.999 8.995
v -93.652 33.126 8.710
v -96.068 32.583 6.703
v -93.652 33.126 8.710
v -95.791 34.999 8.995
v -93.652 32.342 6.703
v -91.551 32.899 6.703
v -93.652 33.126 8.710
v -90.409 34.999 6.703
v -91.296 34.999 9.227
v -91.551 32.899 6.703
v -93.652 34.999 10.285
v -93.652 33.126 8.710
v -91.296 34.999 9.227
v -91.551 32.899 6.703
v -91.296 34.999 9.227
v -93.652 33.126 8.710
v -93.652 37.573 6.703
v -91.428 37.223 6.703
v -93.652 37.162 4.386
v -90.409 34.999 6.703
v -91.639 34.999 4.547
v -91.428 37.223 6.703
v -93.652 34.999 3.340
v -93.652 37.162 4.386
v -91.639 34.999 4.547
v -91.428 37.223 6.703
v -91.639 34.999 4.547
v -93.652 37.162 4.386
v -96.992 34.999 6.703
v -95.620 36.968 6.703
v -95.806 34.999 4.395
v -93.652 37.573 6.703
v -93.652 37.162 4.386
v -95.620 36.968 6.703
v -93.652 34.999 3.340
v -95.806 34.999 4.395
v -93.652 37.162 4.386
v -95.620 36.968 6.703
v -93.652 37.162 4.386
v -95.806 34.999 4.395
v -93.652 32.342 6.703
v -96.068 32.583 6.703
v -93.652 33.137 4.708
v -96.992 34.999 6.703
v -95.806 34.999 4.395
v -96.068 32.583 6.703
v -93.652 34.999 3.340
v -93.652 33.137 4.708
v -95.806 34.999 4.395
v -96.068 32.583 6.703
v -95.806 34.999 4.395
v -93.652 33.137 4.708
v -90.409 34.999 6.703
v -91.551 32.899 6.703
v -91.639 34.999 4.547
v -93.652 32.342 6.703
v -93.652 33.137 4.708
v -91.551 32.899 6.703
v -93.652 34.999 3.340
v -91.639 34.999 4.547
v -93.652 33.137 4.708
v -91.551 32.899 6.703
v -93.652 33.137 4.708
v -91.639 34.999 4.547
v -86.569 38.214 0.000
v -86.679 38.405 0.000
v -86.679 38.405 2.550
v -86.569 38.214 2.550
v -86.679 38.405 0.000
v -86.899 38.405 0.000
v -86.899 38.405 2.550
v -86.679 38.405 2.550
v -86.899 38.405 0.000
v -87.009 38.214 0.000
v -87.009 38.214 2.550
v -86.899 38.405 2.550
v -87.009 38.214 0.000
v -86.899 38.024 0.000
v -86.899 38.024 2.550
v -87.009 38.214 2.550
v -86.899 38.024 0.000
v -86.679 38.024 0.000
v -86.679 38.024 2.550
v -86.899 38.024 2.550
v -86.679 38.024 0.000
v -86.569 38.214 0.000
v -86.569 38.214 2.550
v -86.679 38.024 2.550
v -84.526 38.214 4.518
v -85.304 39.699 4.518
v -85.161 38.214 6.261
v -86.789 40.205 4.518
v -86.789 39.594 5.995
v -85.304 39.699 4.518
v -86.789 38.214 6.672
v -85.161 38.214 6.261
v -86.789 39.594 5.995
v -85.304 39.699 4.518
v -86.789 39.594 5.995
v -85.161 38.214 6.261
v -86.789 40.205 4.518
v -88.220 39.645 4.518
v -86.789 39.594 5.995
v -88.773 38.214 4.518
v -88.232 38.214 6.064
v -88.220 39.645 4.518
v -86.789 38.214 6.672
v -86.789 39.594 5.995
v -88.232 38.214 6.064
v -88.220 39.645 4.518
v -88.232 38.214 6.064
v -86.789 39.594 5.995
v -88.773 38.214 4.518
v -88.347 36.655 4.518
v -88.232 38.214 6.064
v -86.789 36.091 4.518
v -86.789 36.912 5.912
v -88.347 36.655 4.518
v -86.789 38.214 6.672
v -88.232 38.214 6.064
v -86.789 36.912 5.912
v -88.347 36.655 4.518
v -86.789 36.912 5.912
v -88.232 38.214 6.064
v -86.789 36.091 4.518
v -85.540 36.966 4.518
v -86.789 36.912 5.912
v -84.526 38.214 4.518
v -85.161 38.214 6.261
v -85.540 36.966 4.518
v -86.789 38.214 6.672
v -86.789 36.912 5.912
v -85.161 38.214 6.261
v -85.540 36.966 4.518
v -85.161 38.214 6.261
v -86.789 36.912 5.912
v -86.789 40.205 4.518
v -85.304 39.699 4.518
v -86.789 39.757 2.865
v -84.526 38.214 4.518
v -85.137 38.214 2.748
v -85.304 39.699 4.518
v -86.789 38.214 2.628
v -86.789 39.757 2.865
v -85.137 38.214 2.748
v -85.304 39.699 4.518
v -85.137 38.214 2.748
v -86.789 39.757 2.865
v -88.773 38.214 4.518
v -88.220 39.645 4.518
v -88.410 38.214 2.780
v -86.789 40.205 4.518
v -86.789 39.757 2.865
v -88.220 39.645 4.518
v -86.789 38.214 2.628
v -88.410 38.214 2.780
v -86.789 39.757 2.865
v -88.220 39.645 4.518
v -86.789 39.757 2.865
v -88.410 38.214 2.780
v -86.789 36.091 4.518
v -88.347 36.655 4.518
v -86.789 36.916 3.127
v -88.773 38.214 4.518
v -88.410 38.214 2.780
v -88.347 36.655 4.518
v -86.789 38.214 2.628
v -86.789 36.916 3.127
v -88.410 38.214 2.780
v -88.347 36.655 4.518
v -88.410 38.214 2.780
v -86.789 36.916 3.127
v -84.526 38.214 4.518
v -85.540 36.966 4.518
v -85.137 38.214 2.748
v -86.789 36.091 4.518
v -86.789 36.916 3.127
v -85.540 36.966 4.518
v -86.789 38.214 2.628
v -85.137 38.214 2.748
v -86.789 36.916 3.127
v -85.540 36.966 4.518
v -86.789 36.916 3.127
v -85.137 38.214 2.748
v -70.679 37.070 0.000
v -70.789 37.260 0.000
v -70.789 37.260 3.877
v -70.679 37.070 3.877
v -70.789 37.260 0.000
v -71.009 37.260 0.000
v -71.009 37.260 3.877
v -70.789 37.260 3.877
v -71.009 37.260 0.000
v -71.119 37.070 0.000
v -71.119 37.070 3.877
v -71.009 37.260 3.877
v -71.119 37.070 0.000
v -71.009 36.879 0.000
v -71.009 36.879 3.877
v -71.119 37.070 3.877
v -71.009 36.879 0.000
v -70.789 36.879 0.000
v -70.789 36.879 3.877
v -71.009 36.879 3.877
v -70.789 36.879 0.000
v -70.679 37.070 0.000
v -70.679 37.070 3.877
v -70.789 36.879 3.877
v -68.001 37.070 6.869
v -68.620 39.349 6.869
v -68.394 37.070 9.552
v -70.899 40.634 6.869
v -70.899 39.323 9.283
v -68.620 39.349 6.869
v -70.899 37.070 9.793
v -68.394 37.070 9.552
v -70.899 39.323 9.283
v -68.620 39.349 6.869
v -70.899 39.323 9.283
v -68.394 37.070 9.552
v -70.899 40.634 6.869
v -73.078 39.249 6.869
v -70.899 39.323 9.283
v -74.295 37.070 6.869
v -73.094 37.070 9.220
v -73.078 39.249 6.869
v -70.899 37.070 9.793
v -70.899 39.323 9.283
v -73.094 37.070 9.220
v -73.078 39.249 6.869
v -73.094 37.070 9.220
v -70.899 39.323 9.283
v -74.295 37.070 6.869
v -73.149 34.820 6.869
v -73.094 37.070 9.220
v -70.899 33.588 6.869
v -70.899 35.037 9.047
v -73.149 34.820 6.869
v -70.899 37.070 9.793
v -73.094 37.070 9.220
v -70.899 35.037 9.047
v -73.149 34.820 6.869
v -70.899 35.037 9.047
v -73.094 37.070 9.220
v -70.899 33.588 6.869
v -68.886 35.057 6.869
v -70.899 35.037 9.047
v -68.001 37.070 6.869
v -68.394 37.070 9.552
v -68.886 35.057 6.869
v -70.899 37.070 9.793
v -70.899 35.037 9.047
v -68.394 37.070 9.552
v -68.886 35.057 6.869
v -68.394 37.070 9.552
v -70.899 35.037 9.047
v -70.899 40.634 6.869
v -68.620 39.349 6.869
v -70.899 39.031 4.768
v -68.001 37.070 6.869
v -68.933 37.070 4.763
v -68.620 39.349 6.869
v -70.899 37.070 3.512
v -70.899 39.031 4.768
v -68.933 37.070 4.763
v -68.620 39.349 6.869
v -68.933 37.070 4.763
v -70.899 39.031 4.768
v -74.295 37.070 6.869
v -73.078 39.249 6.869
v -72.967 37.070 4.653
v -70.899 40.634 6.869
v -70.899 39.031 4.768
v -73.078 39.249 6.869
v -70.899 37.070 3.512
v -72.967 37.070 4.653
v -70.899 39.031 4.768
v -73.078 39.249 6.869
v -70.899 39.031 4.768
v -72.967 37.070 4.653
v -70.899 33.588 6.869
v -73.149 34.820 6.869
v -70.899 34.898 4.542
v -74.295 37.070 6.869
v -72.967 37.070 4.653
v -73.149 34.820 6.869
v -70.899 37.070 3.512
v -70.899 34.898 4.542
v -72.967 37.070 4.653
v -73.149 34.820 6.869
v -72.967 37.070 4.653
v -70.899 34.898 4.542
v -68.001 37.070 6.869
v -68.886 35.057 6.869
v -68.933 37.070 4.763
v -70.899 33.588 6.869
v -70.899 34.898 4.542
v -68.886 35.057 6.869
v -70.899 37.070 3.512
v -68.933 37.070 4.763
v -70.899 34.898 4.542
v -68.886 35.057 6.869
v -70.899 34.898 4.542
v -68.933 37.070 4.763
v -64.690 37.212 0.000
v -64.800 37.402 0.000
v -64.800 37.402 2.652
v -64.690 37.212 2.652
v -64.800 37.402 0.000
v -65.020 37.402 0.000
v -65.020 37.402 2.652
v -64.800 37.402 2.652
v -65.020 37.402 0.000
v -65.130 37.212 0.000
v -65.130 37.212 2.652
v -65.020 37.402 2.652
v -65.130 37.212 0.000
v -65.020 37.021 0.000
v -65.020 37.021 2.652
v -65.130 37.212 2.652
v -65.020 37.021 0.000
v -64.800 37.021 0.000
v -64.800 37.021 2.652
v -65.020 37.021 2.652
v -64.800 37.021 0.000
v -64.690 37.212 0.000
v -64.690 37.212 2.652
v -64.800 37.021 2.652
v -63.394 37.212 1.894
v -63.838 38.283 1.894
v -64.910 37.212 7.577
v -63.838 38.283 1.894
v -63.394 37.212 1.894
v -64.910 37.212 1.894
v -63.838 38.283 1.894
v -64.910 38.727 1.894
v -64.910 37.212 7.577
v -64.910 38.727 1.894
v -63.838 38.283 1.894
v -64.910 37.212 1.894
v -64.910 38.727 1.894
v -65.981 38.283 1.894
v -64.910 37.212 7.577
v -65.981 38.283 1.894
v -64.910 38.727 1.894
v -64.910 37.212 1.894
v -65.981 38.283 1.894
v -66.425 37.212 1.894
v -64.910 37.212 7.577
v -66.425 37.212 1.894
v -65.981 38.283 1.894
v -64.910 37.212 1.894
v -66.425 37.212 1.894
v -65.981 36.140 1.894
v -64.910 37.212 7.577
v -65.981 36.140 1.894
v -66.425 37.212 1.894
v -64.910 37.212 1.894
v -65.981 36.140 1.894
v -64.910 35.696 1.894
v -64.910 37.212 7.577
v -64.910 35.696 1.894
v -65.981 36.140 1.894
v -64.910 37.212 1.894
v -64.910 35.696 1.894
v -63.838 36.140 1.894
v -64.910 37.212 7.577
v -63.838 36.140 1.894
v -64.910 35.696 1.894
v -64.910 37.212 1.894
v -63.838 36.140 1.894
v -63.394 37.212 1.894
v -64.910 37.212 7.577
v -63.394 37.212 1.894
v -63.838 36.140 1.894
v -64.910 37.212 1.894
v -57.099 34.731 0.000
v -57.209 34.921 0.000
v -57.209 34.921 3.123
v -57.099 34.731 3.123
v -57.209 34.921 0.000
v -57.429 34.921 0.000
v -57.429 34.921 3.123
v -57.209 34.921 3.123
v -57.429 34.921 0.000
v -57.539 34.731 0.000
v -57.539 34.731 3.123
v -57.429 34.921 3.123
v -57.539 34.731 0.000
v -57.429 34.540 0.000
v -57.429 34.540 3.123
v -57.539 34.731 3.123
v -57.429 34.540 0.000
v -57.209 34.540 0.000
v -57.209 34.540 3.123
v -57.429 34.540 3.123
v -57.209 34.540 0.000
v -57.099 34.731 0.000
v -57.099 34.731 3.123
v -57.209 34.540 3.123
v -55.083 34.731 5.532
v -55.812 36.238 5.532
v -55.738 34.731 7.227
v -57.319 37.248 5.532
v -57.319 36.575 7.508
v -55.812 36.238 5.532
v -57.319 34.731 7.823
v -55.738 34.731 7.227
v -57.319 36.575 7.508
v -55.812 36.238 5.532
v -57.319 36.575 7.508
v -55.738 34.731 7.227
v -57.319 37.248 5.532
v -59.032 36.444 5.532
v -57.319 36.575 7.508
v -59.931 34.731 5.532
v -58.825 34.731 7.145
v -59.032 36.444 5.532
v -57.319 34.731 7.823
v -57.319 36.575 7.508
v -58.825 34.731 7.145
v -59.032 36.444 5.532
v -58.825 34.731 7.145
v -57.319 36.575 7.508
v -59.931 34.731 5.532
v -59.145 32.905 5.532
v -58.825 34.731 7.145
v -57.319 31.967 5.532
v -57.319 32.772 7.631
v -59.145 32.905 5.532
v -57.319 34.731 7.823
v -58.825 34.731 7.145
v -57.319 32.772 7.631
v -59.145 32.905 5.532
v -57.319 32.772 7.631
v -58.825 34.731 7.145
v -57.319 31.967 5.532
v -55.509 32.921 5.532
v -57.319 32.772 7.631
v -55.083 34.731 5.532
v -55.738 34.731 7.227
v -55.509 32.921 5.532
v -57.319 34.731 7.823
v -57.319 32.772 7.631
v -55.738 34.731 7.227
v -55.509 32.921 5.532
v -55.738 34.731 7.227
v -57.319 32.772 7.631
v -57.319 37.248 5.532
v -55.812 36.238 5.532
v -57.319 36.363 3.783
v -55.083 34.731 5.532
v -55.738 34.731 3.837
v -55.812 36.238 5.532
v -57.319 34.731 2.724
v -57.319 36.363 3.783
v -55.738 34.731 3.837
v -55.812 36.238 5.532
v -55.738 34.731 3.837
v -57.319 36.363 3.783
v -59.931 34.731 5.532
v -59.032 36.444 5.532
v -58.992 34.731 3.740
v -57.319 37.248 5.532
v -57.319 36.363 3.783
v -59.032 36.444 5.532
v -57.319 34.731 2.724
v -58.992 34.731 3.740
v -57.319 36.363 3.783
v -59.032 36.444 5.532
v -57.319 36.363 3.783
v -58.992 34.731 3.740
v -57.319 31.967 5.532
v -59.145 32.905 5.532
v -57.319 32.777 3.438
v -59.931 34.731 5.532
v -58.992 34.731 3.740
v -59.145 32.905 5.532
v -57.319 34.731 2.724
v -57.319 32.777 3.438
v -58.992 34.731 3.740
v -59.145 32.905 5.532
v -58.992 34.731 3.740
v -57.319 32.777 3.438
v -55.083 34.731 5.532
v -55.509 32.921 5.532
v -55.738 34.731 3.837
v -57.319 31.967 5.532
v -57.319 32.777 3.438
v -55.509 32.921 5.532
v -57.319 34.731 2.724
v -55.738 34.731 3.837
v -57.319 32.777 3.438
v -55.509 32.921 5.532
v -57.319 32.777 3.438
v -55.738 34.731 3.837
v -53.517 37.753 0.000
v -53.627 37.944 0.000
v -53.627 37.944 2.399
v -53.517 37.753 2.399
v -53.627 37.944 0.000
v -53.847 37.944 0.000
v -53.847 37.944 2.399
v -53.627 37.944 2.399
v -53.847 37.944 0.000
v -53.957 37.753 0.000
v -53.957 37.753 2.399
v -53.847 37.944 2.399
v -53.957 37.753 0.000
v -53.847 37.563 0.000
v -53.847 37.563 2.399
v -53.957 37.753 2.399
v -53.847 37.563 0.000
v -53.627 37.563 0.000
v -53.627 37.563 2.399
v -53.847 37.563 2.399
v -53.627 37.563 0.000
v -53.517 37.753 0.000
v -53.517 37.753 2.399
v -53.627 37.563 2.399
v -52.366 37.753 1.713
v -52.767 38.722 1.713
v -53.737 37.753 6.854
v -52.767 38.722 1.713
v -52.366 37.753 1.713
v -53.737 37.753 1.713
v -52.767 38.722 1.713
v -53.737 39.124 1.713
v -53.737 37.753 6.854
v -53.737 39.124 1.713
v -52.767 38.722 1.713
v -53.737 37.753 1.713
v -53.737 39.124 1.713
v -54.706 38.722 1.713
v -53.737 37.753 6.854
v -54.706 38.722 1.713
v -53.737 39.124 1.713
v -53.737 37.753 1.713
v -54.706 38.722 1.713
v -55.107 37.753 1.713
v -53.737 37.753 6.854
v -55.107 37.753 1.713
v -54.706 38.722 1.713
v -53.737 37.753 1.713
v -55.107 37.753 1.713
v -54.706 36.784 1.713
v -53.737 37.753 6.854
v -54.706 36.784 1.713
v -55.107 37.753 1.713
v -53.737 37.753 1.713
v -54.706 36.784 1.713
v -53.737 36.382 1.713
v -53.737 37.753 6.854
v -53.737 36.382 1.713
v -54.706 36.784 1.713
v -53.737 37.753 1.713
v -53.737 36.382 1.713
v -52.767 36.784 1.713
v -53.737 37.753 6.854
v -52.767 36.784 1.713
v -53.737 36.382 1.713
v -53.737 37.753 1.713
v -52.767 36.784 1.713
v -52.366 37.753 1.713
v -53.737 37.753 6.854
v -52.366 37.753 1.713
v -52.767 36.784 1.713
v -53.737 37.753 1.713
v -43.762 39.492 0.000
v -43.872 39.683 0.000
v -43.872 39.683 2.786
v -43.762 39.492 2.786
v -43.872 39.683 0.000
v -44.092 39.683 0.000
v -44.092 39.683 2.786
v -43.872 39.683 2.786
v -44.092 39.683 0.000
v -44.202 39.492 0.000
v -44.202 39.492 2.786
v -44.092 39.683 2.786
v -44.202 39.492 0.000
v -44.092 39.301 0.000
v -44.092 39.301 2.786
v -44.202 39.492 2.786
v -44.092 39.301 0.000
v -43.872 39.301 0.000
v -43.872 39.301 2.786
v -44.092 39.301 2.786
v -43.872 39.301 0.000
v -43.762 39.492 0.000
v -43.762 39.492 2.786
v -43.872 39.301 2.786
v -42.390 39.492 1.990
v -42.856 40.618 1.990
v -43.982 39.492 7.961
v -42.856 40.618 1.990
v -42.390 39.492 1.990
v -43.982 39.492 1.990
v -42.856 40.618 1.990
v -43.982 41.084 1.990
v -43.982 39.492 7.961
v -43.982 41.084 1.990
v -42.856 40.618 1.990
v -43.982 39.492 1.990
v -43.982 41.084 1.990
v -45.108 40.618 1.990
v -43.982 39.492 7.961
v -45.108 40.618 1.990
v -43.982 41.084 1.990
v -43.982 39.492 1.990
v -45.108 40.618 1.990
v -45.574 39.492 1.990
v -43.982 39.492 7.961
v -45.574 39.492 1.990
v -45.108 40.618 1.990
v -43.982 39.492 1.990
v -45.574 39.492 1.990
v -45.108 38.366 1.990
v -43.982 39.492 7.961
v -45.108 38.366 1.990
v -45.574 39.492 1.990
v -43.982 39.492 1.990
v -45.108 38.366 1.990
v -43.982 37.900 1.990
v -43.982 39.492 7.961
v -43.982 37.900 1.990
v -45.108 38.366 1.990
v -43.982 39.492 1.990
v -43.982 37.900 1.990
v -42.856 38.366 1.990
v -43.982 39.492 7.961
v -42.856 38.366 1.990
v -43.982 37.900 1.990
v -43.982 39.492 1.990
v -42.856 38.366 1.990
v -42.390 39.492 1.990
v -43.982 39.492 7.961
v -42.390 39.492 1.990
v -42.856 38.366 1.990
v -43.982 39.492 1.990
v -38.230 35.986 0.000
v -38.340 36.176 0.000
v -38.340 36.176 3.088
v -38.230 35.986 3.088
v -38.340 36.176 0.000
v -38.560 36.176 0.000
v -38.560 36.176 3.088
v -38.340 36.176 3.088
v -38.560 36.176 0.000
v -38.670 35.986 0.000
v -38.670 35.986 3.088
v -38.560 36.176 3.088
v -38.670 35.986 0.000
v -38.560 35.795 0.000
v -38.560 35.795 3.088
v -38.670 35.986 3.088
v -38.560 35.795 0.000
v -38.340 35.795 0.000
v -38.340 35.795 3.088
v -38.560 35.795 3.088
v -38.340 35.795 0.000
v -38.230 35.986 0.000
v -38.230 35.986 3.088
v -38.340 35.795 3.088
v -36.685 35.986 2.206
v -37.202 37.233 2.206
v -38.450 35.986 8.822
v -37.202 37.233 2.206
v -36.685 35.986 2.206
v -38.450 35.986 2.206
v -37.202 37.233 2.206
v -38.450 37.750 2.206
v -38.450 35.986 8.822
v -38.450 37.750 2.206
v -37.202 37.233 2.206
v -38.450 35.986 2.206
v -38.450 37.750 2.206
v -39.697 37.233 2.206
v -38.450 35.986 8.822
v -39.697 37.233 2.206
v -38.450 37.750 2.206
v -38.450 35.986 2.206
v -39.697 37.233 2.206
v -40.214 35.986 2.206
v -38.450 35.986 8.822
v -40.214 35.986 2.206
v -39.697 37.233 2.206
v -38.450 35.986 2.206
v -40.214 35.986 2.206
v -39.697 34.738 2.206
v -38.450 35.986 8.822
v -39.697 34.738 2.206
v -40.214 35.986 2.206
v -38.450 35.986 2.206
v -39.697 34.738 2.206
v -38.450 34.221 2.206
v -38.450 35.986 8.822
v -38.450 34.221 2.206
v -39.697 34.738 2.206
v -38.450 35.986 2.206
v -38.450 34.221 2.206
v -37.202 34.738 2.206
v -38.450 35.986 8.822
v -37.202 34.738 2.206
v -38.450 34.221 2.206
v -38.450 35.986 2.206
v -37.202 34.738 2.206
v -36.685 35.986 2.206
v -38.450 35.986 8.822
v -36.685 35.986 2.206
v -37.202 34.738 2.206
v -38.450 35.986 2.206
v -30.707 35.927 0.000
v -30.817 36.117 0.000
v -30.817 36.117 4.044
v -30.707 35.927 4.044
v -30.817 36.117 0.000
v -31.037 36.117 0.000
v -31.037 36.117 4.044
v -30.817 36.117 4.044
v -31.037 36.117 0.000
v -31.147 35.927 0.000
v -31.147 35.927 4.044
v -31.037 36.117 4.044
v -31.147 35.927 0.000
v -31.037 35.736 0.000
v -31.037 35.736 4.044
v -31.147 35.927 4.044
v -31.037 35.736 0.000
v -30.817 35.736 0.000
v -30.817 35.736 4.044
v -31.037 35.736 4.044
v -30.817 35.736 0.000
v -30.707 35.927 0.000
v -30.707 35.927 4.044
v -30.817 35.736 4.044
v -28.616 35.927 2.889
v -29.293 37.561 2.889
v -30.927 35.927 11.555
v -29.293 37.561 2.889
v -28.616 35.927 2.889
v -30.927 35.927 2.889
v -29.293 37.561 2.889
v -30.927 38.238 2.889
v -30.927 35.927 11.555
v -30.927 38.238 2.889
v -29.293 37.561 2.889
v -30.927 35.927 2.889
v -30.927 38.238 2.889
v -32.561 37.561 2.889
v -30.927 35.927 11.555
v -32.561 37.561 2.889
v -30.927 38.238 2.889
v -30.927 35.927 2.889
v -32.561 37.561 2.889
v -33.238 35.927 2.889
v -30.927 35.927 11.555
v -33.238 35.927 2.889
v -32.561 37.561 2.889
v -30.927 35.927 2.889
v -33.238 35.927 2.889
v -32.561 34.292 2.889
v -30.927 35.927 11.555
v -32.561 34.292 2.889
v -33.238 35.927 2.889
v -30.927 35.927 2.889
v -32.561 34.292 2.889
v -30.927 33.615 2.889
v -30.927 35.927 11.555
v -30.927 33.615 2.889
v -32.561 34.292 2.889
v -30.927 35.927 2.889
v -30.927 33.615 2.889
v -29.293 34.292 2.889
v -30.927 35.927 11.555
v -29.293 34.292 2.889
v -30.927 33.615 2.889
v -30.927 35.927 2.889
v -29.293 34.292 2.889
v -28.616 35.927 2.889
v -30.927 35.927 11.555
v -28.616 35.927 2.889
v -29.293 34.292 2.889
v -30.927 35.927 2.889
v -24.659 35.081 0.000
v -24.769 35.271 0.000
v -24.769 35.271 3.600
v -24.659 35.081 3.600
v -24.769 35.271 0.000
v -24.989 35.271 0.000
v -24.989 35.271 3.600
v -24.769 35.271 3.600
v -24.989 35.271 0.000
v -25.099 35.081 0.000
v -25.099 35.081 3.600
v -24.989 35.271 3.600
v -25.099 35.081 0.000
v -24.989 34.890 0.000
v -24.989 34.890 3.600
v -25.099 35.081 3.600
v -24.989 34.890 0.000
v -24.769 34.890 0.000
v -24.769 34.890 3.600
v -24.989 34.890 3.600
v -24.769 34.890 0.000
v -24.659 35.081 0.000
v -24.659 35.081 3.600
v -24.769 34.890 3.600
v -22.822 35.081 2.571
v -23.424 36.535 2.571
v -24.879 35.081 10.285
v -23.424 36.535 2.571
v -22.822 35.081 2.571
v -24.879 35.081 2.571
v -23.424 36.535 2.571
v -24.879 37.138 2.571
v -24.879 35.081 10.285
v -24.879 37.138 2.571
v -23.424 36.535 2.571
v -24.879 35.081 2.571
v -24.879 37.138 2.571
v -26.333 36.535 2.571
v -24.879 35.081 10.285
v -26.333 36.535 2.571
v -24.879 37.138 2.571
v -24.879 35.081 2.571
v -26.333 36.535 2.571
v -26.936 35.081 2.571
v -24.879 35.081 10.285
v -26.936 35.081 2.571
v -26.333 36.535 2.571
v -24.879 35.081 2.571
v -26.936 35.081 2.571
v -26.333 33.626 2.571
v -24.879 35.081 10.285
v -26.333 33.626 2.571
v -26.936 35.081 2.571
v -24.879 35.081 2.571
v -26.333 33.626 2.571
v -24.879 33.024 2.571
v -24.879 35.081 10.285
v -24.879 33.024 2.571
v -26.333 33.626 2.571
v -24.879 35.081 2.571
v -24.879 33.024 2.571
v -23.424 33.626 2.571
v -24.879 35.081 10.285
v -23.424 33.626 2.571
v -24.879 33.024 2.571
v -24.879 35.081 2.571
v -23.424 33.626 2.571
v -22.822 35.081 2.571
v -24.879 35.081 10.285
v -22.822 35.081 2.571
v -23.424 33.626 2.571
v -24.879 35.081 2.571
v -21.448 39.325 0.000
v -21.558 39.516 0.000
v -21.558 39.516 3.818
v -21.448 39.325 3.818
v -21.558 39.516 0.000
v -21.778 39.516 0.000
v -21.778 39.516 3.818
v -21.558 39.516 3.818
v -21.778 39.516 0.000
v -21.888 39.325 0.000
v -21.888 39.325 3.818
v -21.778 39.516 3.818
v -21.888 39.325 0.000
v -21.778 39.135 0.000
v -21.778 39.135 3.818
v -21.888 39.325 3.818
v -21.778 39.135 0.000
v -21.558 39.135 0.000
v -21.558 39.135 3.818
v -21.778 39.135 3.818
v -21.558 39.135 0.000
v -21.448 39.325 0.000
v -21.448 39.325 3.818
v -21.558 39.135 3.818
v -18.655 39.325 6.764
v -19.289 41.704 6.764
v -19.221 39.325 9.386
v -21.668 42.700 6.764
v -21.668 41.723 9.333
v -19.289 41.704 6.764
v -21.668 39.325 10.223
v -19.221 39.325 9.386
v -21.668 41.723 9.333
v -19.289 41.704 6.764
v -21.668 41.723 9.333
v -19.221 39.325 9.386
v -21.668 42.700 6.764
v -23.542 41.199 6.764
v -21.668 41.723 9.333
v -24.446 39.325 6.764
v -23.530 39.325 8.759
v -23.542 41.199 6.764
v -21.668 39.325 10.223
v -21.668 41.723 9.333
v -23.530 39.325 8.759
v -23.542 41.199 6.764
v -23.530 39.325 8.759
v -21.668 41.723 9.333
v -24.446 39.325 6.764
v -23.618 37.375 6.764
v -23.530 39.325 8.759
v -21.668 35.899 6.764
v -21.668 37.049 9.202
v -23.618 37.375 6.764
v -21.668 39.325 10.223
v -23.530 39.325 8.759
v -21.668 37.049 9.202
v -23.618 37.375 6.764
v -21.668 37.049 9.202
v -23.530 39.325 8.759
v -21.668 35.899 6.764
v -19.272 36.929 6.764
v -21.668 37.049 9.202
v -18.655 39.325 6.764
v -19.221 39.325 9.386
v -19.272 36.929 6.764
v -21.668 39.325 10.223
v -21.668 37.049 9.202
v -19.221 39.325 9.386
v -19.272 36.929 6.764
v -19.221 39.325 9.386
v -21.668 37.049 9.202
v -21.668 42.700 6.764
v -19.289 41.704 6.764
v -21.668 41.605 4.321
v -18.655 39.325 6.764
v -19.730 39.325 4.688
v -19.289 41.704 6.764
v -21.668 39.325 3.423
v -21.668 41.605 4.321
v -19.730 39.325 4.688
v -19.289 41.704 6.764
v -19.730 39.325 4.688
v -21.668 41.605 4.321
v -24.446 39.325 6.764
v -23.542 41.199 6.764
v -23.528 39.325 4.771
v -21.668 42.700 6.764
v -21.668 41.605 4.321
v -23.542 41.199 6.764
v -21.668 39.325 3.423
v -23.528 39.325 4.771
v -21.668 41.605 4.321
v -23.542 41.199 6.764
v -21.668 41.605 4.321
v -23.528 39.325 4.771
v -21.668 35.899 6.764
v -23.618 37.375 6.764
v -21.668 37.408 4.709
v -24.446 39.325 6.764
v -23.528 39.325 4.771
v -23.618 37.375 6.764
v -21.668 39.325 3.423
v -21.668 37.408 4.709
v -23.528 39.325 4.771
v -23.618 37.375 6.764
v -23.528 39.325 4.771
v -21.668 37.408 4.709
v -18.655 39.325 6.764
v -19.272 36.929 6.764
v -19.730 39.325 4.688
v -21.668 35.899 6.764
v -21.668 37.408 4.709
v -19.272 36.929 6.764
v -21.668 39.325 3.423
v -19.730 39.325 4.688
v -21.668 37.408 4.709
v -19.272 36.929 6.764
v -21.668 37.408 4.709
v -19.730 39.325 4.688
v -11.861 34.967 0.000
v -11.971 35.157 0.000
v -11.971 35.157 3.149
v -11.861 34.967 3.149
v -11.971 35.157 0.000
v -12.191 35.157 0.000
v -12.191 35.157 3.149
v -11.971 35.157 3.149
v -12.191 35.157 0.000
v -12.301 34.967 0.000
v -12.301 34.967 3.149
v -12.191 35.157 3.149
v -12.301 34.967 0.000
v -12.191 34.776 0.000
v -12.191 34.776 3.149
v -12.301 34.967 3.149
v -12.191 34.776 0.000
v -11.971 34.776 0.000
v -11.971 34.776 3.149
v -12.191 34.776 3.149
v -11.971 34.776 0.000
v -11.861 34.967 0.000
v -11.861 34.967 3.149
v -11.971 34.776 3.149
v -9.730 34.967 5.577
v -10.492 36.556 5.577
v -10.456 34.967 7.318
v -12.081 37.600 5.577
v -12.081 36.567 7.292
v -10.492 36.556 5.577
v -12.081 34.967 8.537
v -10.456 34.967 7.318
v -12.081 36.567 7.292
v -10.492 36.556 5.577
v -12.081 36.567 7.292
v -10.456 34.967 7.318
v -12.081 37.600 5.577
v -14.035 36.920 5.577
v -12.081 36.567 7.292
v -14.838 34.967 5.577
v -13.826 34.967 7.447
v -14.035 36.920 5.577
v -12.081 34.967 8.537
v -12.081 36.567 7.292
v -13.826 34.967 7.447
v -14.035 36.920 5.577
v -13.826 34.967 7.447
v -12.081 36.567 7.292
v -14.838 34.967 5.577
v -13.891 33.157 5.577
v -13.826 34.967 7.447
v -12.081 32.510 5.577
v -12.081 33.450 7.202
v -13.891 33.157 5.577
v -12.081 34.967 8.537
v -13.826 34.967 7.447
v -12.081 33.450 7.202
v -13.891 33.157 5.577
v -12.081 33.450 7.202
v -13.826 34.967 7.447
v -12.081 32.510 5.577
v -10.421 33.306 5.577
v -12.081 33.450 7.202
v -9.730 34.967 5.577
v -10.456 34.967 7.318
v -10.421 33.306 5.577
v -12.081 34.967 8.537
v -12.081 33.450 7.202
v -10.456 34.967 7.318
v -10.421 33.306 5.577
v -10.456 34.967 7.318
v -12.081 33.450 7.202
v -12.081 37.600 5.577
v -10.492 36.556 5.577
v -12.081 36.621 3.804
v -9.730 34.967 5.577
v -10.216 34.967 3.579
v -10.492 36.556 5.577
v -12.081 34.967 2.945
v -12.081 36.621 3.804
v -10.216 34.967 3.579
v -10.492 36.556 5.577
v -10.216 34.967 3.579
v -12.081 36.621 3.804
v -14.838 34.967 5.577
v -14.035 36.920 5.577
v -13.753 34.967 3.787
v -12.081 37.600 5.577
v -12.081 36.621 3.804
v -14.035 36.920 5.577
v -12.081 34.967 2.945
v -13.753 34.967 3.787
v -12.081 36.621 3.804
v -14.035 36.920 5.577
v -12.081 36.621 3.804
v -13.753 34.967 3.787
v -12.081 32.510 5.577
v -13.891 33.157 5.577
v -12.081 32.997 3.467
v -14.838 34.967 5.577
v -13.753 34.967 3.787
v -13.891 33.157 5.577
v -12.081 34.967 2.945
v -12.081 32.997 3.467
v -13.753 34.967 3.787
v -13.891 33.157 5.577
v -13.753 34.967 3.787
v -12.081 32.997 3.467
v -9.730 34.967 5.577
v -10.421 33.306 5.577
v -10.216 34.967 3.579
v -12.081 32.510 5.577
v -12.081 32.997 3.467
v -10.421 33.306 5.577
v -12.081 34.967 2.945
v -10.216 34.967 3.579
v -12.081 32.997 3.467
v -10.421 33.306 5.577
v -12.081 32.997 3.467
v -10.216 34.967 3.579
v -95.647 42.579 0.000
v -95.757 42.769 0.000
v -95.757 42.769 3.289
v -95.647 42.579 3.289
v -95.757 42.769 0.000
v -95.977 42.769 0.000
v -95.977 42.769 3.289
v -95.757 42.769 3.289
v -95.977 42.769 0.000
v -96.087 42.579 0.000
v -96.087 42.579 3.289
v -95.977 42.769 3.289
v -96.087 42.579 0.000
v -95.977 42.388 0.000
v -95.977 42.388 3.289
v -96.087 42.579 3.289
v -95.977 42.388 0.000
v -95.757 42.388 0.000
v -95.757 42.388 3.289
v -95.977 42.388 3.289
v -95.757 42.388 0.000
v -95.647 42.579 0.000
v -95.647 42.579 3.289
v -95.757 42.388 3.289
v -93.987 42.579 2.350
v -94.538 43.908 2.350
v -95.867 42.579 9.398
v -94.538 43.908 2.350
v -93.987 42.579 2.350
v -95.867 42.579 2.350
v -94.538 43.908 2.350
v -95.867 44.459 2.350
v -95.867 42.579 9.398
v -95.867 44.459 2.350
v -94.538 43.908 2.350
v -95.867 42.579 2.350
v -95.867 44.459 2.350
v -97.196 43.908 2.350
v -95.867 42.579 9.398
v -97.196 43.908 2.350
v -95.867 44.459 2.350
v -95.867 42.579 2.350
v -97.196 43.908 2.350
v -97.746 42.579 2.350
v -95.867 42.579 9.398
v -97.746 42.579 2.350
v -97.196 43.908 2.350
v -95.867 42.579 2.350
v -97.746 42.579 2.350
v -97.196 41.250 2.350
v -95.867 42.579 9.398
v -97.196 41.250 2.350
v -97.746 42.579 2.350
v -95.867 42.579 2.350
v -97.196 41.250 2.350
v -95.867 40.699 2.350
v -95.867 42.579 9.398
v -95.867 40.699 2.350
v -97.196 41.250 2.350
v -95.867 42.579 2.350
v -95.867 40.699 2.350
v -94.538 41.250 2.350
v -95.867 42.579 9.398
v -94.538 41.250 2.350
v -95.867 40.699 2.350
v -95.867 42.579 2.350
v -94.538 41.250 2.350
v -93.987 42.579 2.350
v -95.867 42.579 9.398
v -93.987 42.579 2.350
v -94.538 41.250 2.350
v -95.867 42.579 2.350
v -93.756 42.047 0.000
v -93.866 42.237 0.000
v -93.866 42.237 2.663
v -93.756 42.047 2.663
v -93.866 42.237 0.000
v -94.086 42.237 0.000
v -94.086 42.237 2.663
v -93.866 42.237 2.663
v -94.086 42.237 0.000
v -94.196 42.047 0.000
v -94.196 42.047 2.663
v -94.086 42.237 2.663
v -94.196 42.047 0.000
v -94.086 41.856 0.000
v -94.086 41.856 2.663
v -94.196 42.047 2.663
v -94.086 41.856 0.000
v -93.866 41.856 0.000
v -93.866 41.856 2.663
v -94.086 41.856 2.663
v -93.866 41.856 0.000
v -93.756 42.047 0.000
v -93.756 42.047 2.663
v -93.866 41.856 2.663
v -92.454 42.047 1.902
v -92.900 43.123 1.902
v -93.976 42.047 7.610
v -92.900 43.123 1.902
v -92.454 42.047 1.902
v -93.976 42.047 1.902
v -92.900 43.123 1.902
v -93.976 43.569 1.902
v -93.976 42.047 7.610
v -93.976 43.569 1.902
v -92.900 43.123 1.902
v -93.976 42.047 1.902
v -93.976 43.569 1.902
v -95.052 43.123 1.902
v -93.976 42.047 7.610
v -95.052 43.123 1.902
v -93.976 43.569 1.902
v -93.976 42.047 1.902
v -95.052 43.123 1.902
v -95.498 42.047 1.902
v -93.976 42.047 7.610
v -95.498 42.047 1.902
v -95.052 43.123 1.902
v -93.976 42.047 1.902
v -95.498 42.047 1.902
v -95.052 40.971 1.902
v -93.976 42.047 7.610
v -95.052 40.971 1.902
v -95.498 42.047 1.902
v -93.976 42.047 1.902
v -95.052 40.971 1.902
v -93.976 40.525 1.902
v -93.976 42.047 7.610
v -93.976 40.525 1.902
v -95.052 40.971 1.902
v -93.976 42.047 1.902
v -93.976 40.525 1.902
v -92.900 40.971 1.902
v -93.976 42.047 7.610
v -92.900 40.971 1.902
v -93.976 40.525 1.902
v -93.976 42.047 1.902
v -92.900 40.971 1.902
v -92.454 42.047 1.902
v -93.976 42.047 7.610
v -92.454 42.047 1.902
v -92.900 40.971 1.902
v -93.976 42.047 1.902
v -86.654 45.037 0.000
v -86.764 45.228 0.000
v -86.764 45.228 3.238
v -86.654 45.037 3.238
v -86.764 45.228 0.000
v -86.984 45.228 0.000
v -86.984 45.228 3.238
v -86.764 45.228 3.238
v -86.984 45.228 0.000
v -87.094 45.037 0.000
v -87.094 45.037 3.238
v -86.984 45.228 3.238
v -87.094 45.037 0.000
v -86.984 44.847 0.000
v -86.984 44.847 3.238
v -87.094 45.037 3.238
v -86.984 44.847 0.000
v -86.764 44.847 0.000
v -86.764 44.847 3.238
v -86.984 44.847 3.238
v -86.764 44.847 0.000
v -86.654 45.037 0.000
v -86.654 45.037 3.238
v -86.764 44.847 3.238
v -85.024 45.037 2.313
v -85.566 46.345 2.313
v -86.874 45.037 9.250
v -85.566 46.345 2.313
v -85.024 45.037 2.313
v -86.874 45.037 2.313
v -85.566 46.345 2.313
v -86.874 46.887 2.313
v -86.874 45.037 9.250
v -86.874 46.887 2.313
v -85.566 46.345 2.313
v -86.874 45.037 2.313
v -86.874 46.887 2.313
v -88.182 46.345 2.313
v -86.874 45.037 9.250
v -88.182 46.345 2.313
v -86.874 46.887 2.313
v -86.874 45.037 2.313
v -88.182 46.345 2.313
v -88.724 45.037 2.313
v -86.874 45.037 9.250
v -88.724 45.037 2.313
v -88.182 46.345 2.313
v -86.874 45.037 2.313
v -88.724 45.037 2.313
v -88.182 43.729 2.313
v -86.874 45.037 9.250
v -88.182 43.729 2.313
v -88.724 45.037 2.313
v -86.874 45.037 2.313
v -88.182 43.729 2.313
v -86.874 43.187 2.313
v -86.874 45.037 9.250
v -86.874 43.187 2.313
v -88.182 43.729 2.313
v -86.874 45.037 2.313
v -86.874 43.187 2.313
v -85.566 43.729 2.313
v -86.874 45.037 9.250
v -85.566 43.729 2.313
v -86.874 43.187 2.313
v -86.874 45.037 2.313
v -85.566 43.729 2.313
v -85.024 45.037 2.313
v -86.874 45.037 9.250
v -85.024 45.037 2.313
v -85.566 43.729 2.313
v -86.874 45.037 2.313
v -80.588 41.330 0.000
v -80.698 41.521 0.000
v -80.698 41.521 2.305
v -80.588 41.330 2.305
v -80.698 41.521 0.000
v -80.918 41.521 0.000
v -80.918 41.521 2.305
v -80.698 41.521 2.305
v -80.918 41.521 0.000
v -81.028 41.330 0.000
v -81.028 41.330 2.305
v -80.918 41.521 2.305
v -81.028 41.330 0.000
v -80.918 41.140 0.000
v -80.918 41.140 2.305
v -81.028 41.330 2.305
v -80.918 41.140 0.000
v -80.698 41.140 0.000
v -80.698 41.140 2.305
v -80.918 41.140 2.305
v -80.698 41.140 0.000
v -80.588 41.330 0.000
v -80.588 41.330 2.305
v -80.698 41.140 2.305
v -79.491 41.330 1.646
v -79.877 42.262 1.646
v -80.808 41.330 6.584
v -79.877 42.262 1.646
v -79.491 41.330 1.646
v -80.808 41.330 1.646
v -79.877 42.262 1.646
v -80.808 42.647 1.646
v -80.808 41.330 6.584
v -80.808 42.647 1.646
v -79.877 42.262 1.646
v -80.808 41.330 1.646
v -80.808 42.647 1.646
v -81.740 42.262 1.646
v -80.808 41.330 6.584
v -81.740 42.262 1.646
v -80.808 42.647 1.646
v -80.808 41.330 1.646
v -81.740 42.262 1.646
v -82.125 41.330 1.646
v -80.808 41.330 6.584
v -82.125 41.330 1.646
v -81.740 42.262 1.646
v -80.808 41.330 1.646
v -82.125 41.330 1.646
v -81.740 40.399 1.646
v -80.808 41.330 6.584
v -81.740 40.399 1.646
v -82.125 41.330 1.646
v -80.808 41.330 1.646
v -81.740 40.399 1.646
v -80.808 40.014 1.646
v -80.808 41.330 6.584
v -80.808 40.014 1.646
v -81.740 40.399 1.646
v -80.808 41.330 1.646
v -80.808 40.014 1.646
v -79.877 40.399 1.646
v -80.808 41.330 6.584
v -79.877 40.399 1.646
v -80.808 40.014 1.646
v -80.808 41.330 1.646
v -79.877 40.399 1.646
v -79.491 41.330 1.646
v -80.808 41.330 6.584
v -79.491 41.330 1.646
v -79.877 40.399 1.646
v -80.808 41.330 1.646
v -72.602 42.187 0.000
v -72.712 42.377 0.000
v -72.712 42.377 4.074
v -72.602 42.187 4.074
v -72.712 42.377 0.000
v -72.932 42.377 0.000
v -72.932 42.377 4.074
v -72.712 42.377 4.074
v -72.932 42.377 0.000
v -73.042 42.187 0.000
v -73.042 42.187 4.074
v -72.932 42.377 4.074
v -73.042 42.187 0.000
v -72.932 41.996 0.000
v -72.932 41.996 4.074
v -73.042 42.187 4.074
v -72.932 41.996 0.000
v -72.712 41.996 0.000
v -72.712 41.996 4.074
v -72.932 41.996 4.074
v -72.712 41.996 0.000
v -72.602 42.187 0.000
v -72.602 42.187 4.074
v -72.712 41.996 4.074
v -70.494 42.187 2.910
v -71.176 43.833 2.910
v -72.822 42.187 11.641
v -71.176 43.833 2.910
v -70.494 42.187 2.910
v -72.822 42.187 2.910
v -71.176 43.833 2.910
v -72.822 44.515 2.910
v -72.822 42.187 11.641
v -72.822 44.515 2.910
v -71.176 43.833 2.910
v -72.822 42.187 2.910
v -72.822 44.515 2.910
v -74.468 43.833 2.910
v -72.822 42.187 11.641
v -74.468 43.833 2.910
v -72.822 44.515 2.910
v -72.822 42.187 2.910
v -74.468 43.833 2.910
v -75.150 42.187 2.910
v -72.822 42.187 11.641
v -75.150 42.187 2.910
v -74.468 43.833 2.910
v -72.822 42.187 2.910
v -75.150 42.187 2.910
v -74.468 40.541 2.910
v -72.822 42.187 11.641
v -74.468 40.541 2.910
v -75.150 42.187 2.910
v -72.822 42.187 2.910
v -74.468 40.541 2.910
v -72.822 39.859 2.910
v -72.822 42.187 11.641
v -72.822 39.859 2.910
v -74.468 40.541 2.910
v -72.822 42.187 2.910
v -72.822 39.859 2.910
v -71.176 40.541 2.910
v -72.822 42.187 11.641
v -71.176 40.541 2.910
v -72.822 39.859 2.910
v -72.822 42.187 2.910
v -71.176 40.541 2.910
v -70.494 42.187 2.910
v -72.822 42.187 11.641
v -70.494 42.187 2.910
v -71.176 40.541 2.910
v -72.822 42.187 2.910
v -65.550 43.401 0.000
v -65.660 43.591 0.000
v -65.660 43.591 3.882
v -65.550 43.401 3.882
v -65.660 43.591 0.000
v -65.880 43.591 0.000
v -65.880 43.591 3.882
v -65.660 43.591 3.882
v -65.880 43.591 0.000
v -65.990 43.401 0.000
v -65.990 43.401 3.882
v -65.880 43.591 3.882
v -65.990 43.401 0.000
v -65.880 43.210 0.000
v -65.880 43.210 3.882
v -65.990 43.401 3.882
v -65.880 43.210 0.000
v -65.660 43.210 0.000
v -65.660 43.210 3.882
v -65.880 43.210 3.882
v -65.660 43.210 0.000
v -65.550 43.401 0.000
v -65.550 43.401 3.882
v -65.660 43.210 3.882
v -63.552 43.401 2.773
v -64.202 44.969 2.773
v -65.770 43.401 11.090
v -64.202 44.969 2.773
v -63.552 43.401 2.773
v -65.770 43.401 2.773
v -64.202 44.969 2.773
v -65.770 45.619 2.773
v -65.770 43.401 11.090
v -65.770 45.619 2.773
v -64.202 44.969 2.773
v -65.770 43.401 2.773
v -65.770 45.619 2.773
v -67.338 44.969 2.773
v -65.770 43.401 11.090
v -67.338 44.969 2.773
v -65.770 45.619 2.773
v -65.770 43.401 2.773
v -67.338 44.969 2.773
v -67.988 43.401 2.773
v -65.770 43.401 11.090
v -67.988 43.401 2.773
v -67.338 44.969 2.773
v -65.770 43.401 2.773
v -67.988 43.401 2.773
v -67.338 41.832 2.773
v -65.770 43.401 11.090
v -67.338 41.832 2.773
v -67.988 43.401 2.773
v -65.770 43.401 2.773
v -67.338 41.832 2.773
v -65.770 41.182 2.773
v -65.770 43.401 11.090
v -65.770 41.182 2.773
v -67.338 41.832 2.773
v -65.770 43.401 2.773
v -65.770 41.182 2.773
v -64.202 41.832 2.773
v -65.770 43.401 11.090
v -64.202 41.832 2.773
v -65.770 41.182 2.773
v -65.770 43.401 2.773
v -64.202 41.832 2.773
v -63.552 43.401 2.773
v -65.770 43.401 11.090
v -63.552 43.401 2.773
v -64.202 41.832 2.773
v -65.770 43.401 2.773
v -60.825 44.678 0.000
v -60.935 44.869 0.000
v -60.935 44.869 2.935
v -60.825 44.678 2.935
v -60.935 44.869 0.000
v -61.155 44.869 0.000
v -61.155 44.869 2.935
v -60.935 44.869 2.935
v -61.155 44.869 0.000
v -61.265 44.678 0.000
v -61.265 44.678 2.935
v -61.155 44.869 2.935
v -61.265 44.678 0.000
v -61.155 44.488 0.000
v -61.155 44.488 2.935
v -61.265 44.678 2.935
v -61.155 44.488 0.000
v -60.935 44.488 0.000
v -60.935 44.488 2.935
v -61.155 44.488 2.935
v -60.935 44.488 0.000
v -60.825 44.678 0.000
v -60.825 44.678 2.935
v -60.935 44.488 2.935
v -58.530 44.678 5.199
v -59.376 46.348 5.199
v -59.374 44.678 6.989
v -61.045 47.279 5.199
v -61.045 46.403 7.047
v -59.376 46.348 5.199
v -61.045 44.678 7.373
v -59.374 44.678 6.989
v -61.045 46.403 7.047
v -59.376 46.348 5.199
v -61.045 46.403 7.047
v -59.374 44.678 6.989
v -61.045 47.279 5.199
v -62.868 46.501 5.199
v -61.045 46.403 7.047
v -63.743 44.678 5.199
v -62.804 44.678 7.083
v -62.868 46.501 5.199
v -61.045 44.678 7.373
v -61.045 46.403 7.047
v -62.804 44.678 7.083
v -62.868 46.501 5.199
v -62.804 44.678 7.083
v -61.045 46.403 7.047
v -63.743 44.678 5.199
v -62.575 43.149 5.199
v -62.804 44.678 7.083
v -61.045 42.440 5.199
v -61.045 42.864 7.143
v -62.575 43.149 5.199
v -61.045 44.678 7.373
v -62.804 44.678 7.083
v -61.045 42.864 7.143
v -62.575 43.149 5.199
v -61.045 42.864 7.143
v -62.804 44.678 7.083
v -61.045 42.440 5.199
v -59.262 42.896 5.199
v -61.045 42.864 7.143
v -58.530 44.678 5.199
v -59.374 44.678 6.989
v -59.262 42.896 5.199
v -61.045 44.678 7.373
v -61.045 42.864 7.143
v -59.374 44.678 6.989
v -59.262 42.896 5.199
v -59.374 44.678 6.989
v -61.045 42.864 7.143
v -61.045 47.279 5.199
v -59.376 46.348 5.199
v -61.045 46.435 3.317
v -58.530 44.678 5.199
v -59.598 44.678 3.649
v -59.376 46.348 5.199
v -61.045 44.678 2.526
v -61.045 46.435 3.317
v -59.598 44.678 3.649
v -59.376 46.348 5.199
v -59.598 44.678 3.649
v -61.045 46.435 3.317
v -63.743 44.678 5.199
v -62.868 46.501 5.199
v -62.781 44.678 3.339
v -61.045 47.279 5.199
v -61.045 46.435 3.317
v -62.868 46.501 5.199
v -61.045 44.678 2.526
v -62.781 44.678 3.339
v -61.045 46.435 3.317
v -62.868 46.501 5.199
v -61.045 46.435 3.317
v -62.781 44.678 3.339
v -61.045 42.440 5.199
v -62.575 43.149 5.199
v -61.045 42.998 3.399
v -63.743 44.678 5.199
v -62.781 44.678 3.339
v -62.575 43.149 5.199
v -61.045 44.678 2.526
v -61.045 42.998 3.399
v -62.781 44.678 3.339
v -62.575 43.149 5.199
v -62.781 44.678 3.339
v -61.045 42.998 3.399
v -58.530 44.678 5.199
v -59.262 42.896 5.199
v -59.598 44.678 3.649
v -61.045 42.440 5.199
v -61.045 42.998 3.399
v -59.262 42.896 5.199
v -61.045 44.678 2.526
v -59.598 44.678 3.649
v -61.045 42.998 3.399
v -59.262 42.896 5.199
v -61.045 42.998 3.399
v -59.598 44.678 3.649
v -52.660 44.420 0.000
v -52.770 44.610 0.000
v -52.770 44.610 2.944
v -52.660 44.420 2.944
v -52.770 44.610 0.000
v -52.990 44.610 0.000
v -52.990 44.610 2.944
v -52.770 44.610 2.944
v -52.990 44.610 0.000
v -53.100 44.420 0.000
v -53.100 44.420 2.944
v -52.990 44.610 2.944
v -53.100 44.420 0.000
v -52.990 44.229 0.000
v -52.990 44.229 2.944
v -53.100 44.420 2.944
v -52.990 44.229 0.000
v -52.770 44.229 0.000
v -52.770 44.229 2.944
v -52.990 44.229 2.944
v -52.770 44.229 0.000
v -52.660 44.420 0.000
v -52.660 44.420 2.944
v -52.770 44.229 2.944
v -51.198 44.420 2.103
v -51.691 45.609 2.103
v -52.880 44.420 8.412
v -51.691 45.609 2.103
v -51.198 44.420 2.103
v -52.880 44.420 2.103
v -51.691 45.609 2.103
v -52.880 46.102 2.103
v -52.880 44.420 8.412
v -52.880 46.102 2.103
v -51.691 45.609 2.103
v -52.880 44.420 2.103
v -52.880 46.102 2.103
v -54.070 45.609 2.103
v -52.880 44.420 8.412
v -54.070 45.609 2.103
v -52.880 46.102 2.103
v -52.880 44.420 2.103
v -54.070 45.609 2.103
v -54.563 44.420 2.103
v -52.880 44.420 8.412
v -54.563 44.420 2.103
v -54.070 45.609 2.103
v -52.880 44.420 2.103
v -54.563 44.420 2.103
v -54.070 43.230 2.103
v -52.880 44.420 8.412
v -54.070 43.230 2.103
v -54.563 44.420 2.103
v -52.880 44.420 2.103
v -54.070 43.230 2.103
v -52.880 42.737 2.103
v -52.880 44.420 8.412
v -52.880 42.737 2.103
v -54.070 43.230 2.103
v -52.880 44.420 2.103
v -52.880 42.737 2.103
v -51.691 43.230 2.103
v -52.880 44.420 8.412
v -51.691 43.230 2.103
v -52.880 42.737 2.103
v -52.880 44.420 2.103
v -51.691 43.230 2.103
v -51.198 44.420 2.103
v -52.880 44.420 8.412
v -51.198 44.420 2.103
v -51.691 43.230 2.103
v -52.880 44.420 2.103
v -49.936 41.593 0.000
v -50.046 41.784 0.000
v -50.046 41.784 2.767
v -49.936 41.593 2.767
v -50.046 41.784 0.000
v -50.266 41.784 0.000
v -50.266 41.784 2.767
v -50.046 41.784 2.767
v -50.266 41.784 0.000
v -50.376 41.593 0.000
v -50.376 41.593 2.767
v -50.266 41.784 2.767
v -50.376 41.593 0.000
v -50.266 41.403 0.000
v -50.266 41.403 2.767
v -50.376 41.593 2.767
v -50.266 41.403 0.000
v -50.046 41.403 0.000
v -50.046 41.403 2.767
v -50.266 41.403 2.767
v -50.046 41.403 0.000
v -49.936 41.593 0.000
v -49.936 41.593 2.767
v -50.046 41.403 2.767
v -47.813 41.593 4.902
v -48.724 43.025 4.902
v -48.561 41.593 6.610
v -50.156 44.012 4.902
v -50.156 42.971 6.377
v -48.724 43.025 4.902
v -50.156 41.593 7.609
v -48.561 41.593 6.610
v -50.156 42.971 6.377
v -48.724 43.025 4.902
v -50.156 42.971 6.377
v -48.561 41.593 6.610
v -50.156 44.012 4.902
v -51.716 43.153 4.902
v -50.156 42.971 6.377
v -52.673 41.593 4.902
v -51.508 41.593 6.350
v -51.716 43.153 4.902
v -50.156 41.593 7.609
v -50.156 42.971 6.377
v -51.508 41.593 6.350
v -51.716 43.153 4.902
v -51.508 41.593 6.350
v -50.156 42.971 6.377
v -52.673 41.593 4.902
v -51.729 40.020 4.902
v -51.508 41.593 6.350
v -50.156 39.326 4.902
v -50.156 40.194 6.401
v -51.729 40.020 4.902
v -50.156 41.593 7.609
v -51.508 41.593 6.350
v -50.156 40.194 6.401
v -51.729 40.020 4.902
v -50.156 40.194 6.401
v -51.508 41.593 6.350
v -50.156 39.326 4.902
v -48.733 40.171 4.902
v -50.156 40.194 6.401
v -47.813 41.593 4.902
v -48.561 41.593 6.610
v -48.733 40.171 4.902
v -50.156 41.593 7.609
v -50.156 40.194 6.401
v -48.561 41.593 6.610
v -48.733 40.171 4.902
v -48.561 41.593 6.610
v -50.156 40.194 6.401
v -50.156 44.012 4.902
v -48.724 43.025 4.902
v -50.156 43.353 3.017
v -47.813 41.593 4.902
v -48.392 41.593 3.011
v -48.724 43.025 4.902
v -50.156 41.593 2.411
v -50.156 43.353 3.017
v -48.392 41.593 3.011
v -48.724 43.025 4.902
v -48.392 41.593 3.011
v -50.156 43.353 3.017
v -52.673 41.593 4.902
v -51.716 43.153 4.902
v -51.570 41.593 3.386
v -50.156 44.012 4.902
v -50.156 43.353 3.017
v -51.716 43.153 4.902
v -50.156 41.593 2.411
v -51.570 41.593 3.386
v -50.156 43.353 3.017
v -51.716 43.153 4.902
v -50.156 43.353 3.017
v -51.570 41.593 3.386
v -50.156 39.326 4.902
v -51.729 40.020 4.902
v -50.156 40.180 3.387
v -52.673 41.593 4.902
v -51.570 41.593 3.386
v -51.729 40.020 4.902
v -50.156 41.593 2.411
v -50.156 40.180 3.387
v -51.570 41.593 3.386
v -51.729 40.020 4.902
v -51.570 41.593 3.386
v -50.156 40.180 3.387
v -47.813 41.593 4.902
v -48.733 40.171 4.902
v -48.392 41.593 3.011
v -50.156 39.326 4.902
v -50.156 40.180 3.387
v -48.733 40.171 4.902
v -50.156 41.593 2.411
v -48.392 41.593 3.011
v -50.156 40.180 3.387
v -48.733 40.171 4.902
v -50.156 40.180 3.387
v -48.392 41.593 3.011
v -44.336 45.446 0.000
v -44.446 45.637 0.000
v -44.446 45.637 3.566
v -44.336 45.446 3.566
v -44.446 45.637 0.000
v -44.666 45.637 0.000
v -44.666 45.637 3.566
v -44.446 45.637 3.566
v -44.666 45.637 0.000
v -44.776 45.446 0.000
v -44.776 45.446 3.566
v -44.666 45.637 3.566
v -44.776 45.446 0.000
v -44.666 45.255 0.000
v -44.666 45.255 3.566
v -44.776 45.446 3.566
v -44.666 45.255 0.000
v -44.446 45.255 0.000
v -44.446 45.255 3.566
v -44.666 45.255 3.566
v -44.446 45.255 0.000
v -44.336 45.446 0.000
v -44.336 45.446 3.566
v -44.446 45.255 3.566
v -42.077 45.446 6.317
v -42.535 47.467 6.317
v -42.831 45.446 8.165
v -44.556 47.873 6.317
v -44.556 47.234 8.232
v -42.535 47.467 6.317
v -44.556 45.446 9.292
v -42.831 45.446 8.165
v -44.556 47.234 8.232
v -42.535 47.467 6.317
v -44.556 47.234 8.232
v -42.831 45.446 8.165
v -44.556 47.873 6.317
v -46.668 47.558 6.317
v -44.556 47.234 8.232
v -47.814 45.446 6.317
v -46.380 45.446 8.271
v -46.668 47.558 6.317
v -44.556 45.446 9.292
v -44.556 47.234 8.232
v -46.380 45.446 8.271
v -46.668 47.558 6.317
v -46.380 45.446 8.271
v -44.556 47.234 8.232
v -47.814 45.446 6.317
v -46.485 43.517 6.317
v -46.380 45.446 8.271
v -44.556 42.519 6.317
v -44.556 43.248 8.671
v -46.485 43.517 6.317
v -44.556 45.446 9.292
v -46.380 45.446 8.271
v -44.556 43.248 8.671
v -46.485 43.517 6.317
v -44.556 43.248 8.671
v -46.380 45.446 8.271
v -44.556 42.519 6.317
v -42.479 43.369 6.317
v -44.556 43.248 8.671
v -42.077 45.446 6.317
v -42.831 45.446 8.165
v -42.479 43.369 6.317
v -44.556 45.446 9.292
v -44.556 43.248 8.671
v -42.831 45.446 8.165
v -42.479 43.369 6.317
v -42.831 45.446 8.165
v -44.556 43.248 8.671
v -44.556 47.873 6.317
v -42.535 47.467 6.317
v -44.556 47.381 4.243
v -42.077 45.446 6.317
v -42.678 45.446 4.304
v -42.535 47.467 6.317
v -44.556 45.446 2.824
v -44.556 47.381 4.243
v -42.678 45.446 4.304
v -42.535 47.467 6.317
v -42.678 45.446 4.304
v -44.556 47.381 4.243
v -47.814 45.446 6.317
v -46.668 47.558 6.317
v -46.534 45.446 4.198
v -44.556 47.873 6.317
v -44.556 47.381 4.243
v -46.668 47.558 6.317
v -44.556 45.446 2.824
v -46.534 45.446 4.198
v -44.556 47.381 4.243
v -46.668 47.558 6.317
v -44.556 47.381 4.243
v -46.534 45.446 4.198
v -44.556 42.519 6.317
v -46.485 43.517 6.317
v -44.556 43.708 4.454
v -47.814 45.446 6.317
v -46.534 45.446 4.198
v -46.485 43.517 6.317
v -44.556 45.446 2.824
v -44.556 43.708 4.454
v -46.534 45.446 4.198
v -46.485 43.517 6.317
v -46.534 45.446 4.198
v -44.556 43.708 4.454
v -42.077 45.446 6.317
v -42.479 43.369 6.317
v -42.678 45.446 4.304
v -44.556 42.519 6.317
v -44.556 43.708 4.454
v -42.479 43.369 6.317
v -44.556 45.446 2.824
v -42.678 45.446 4.304
v -44.556 43.708 4.454
v -42.479 43.369 6.317
v -44.556 43.708 4.454
v -42.678 45.446 4.304
v -37.484 42.705 0.000
v -37.594 42.895 0.000
v -37.594 42.895 2.578
v -37.484 42.705 2.578
v -37.594 42.895 0.000
v -37.814 42.895 0.000
v -37.814 42.895 2.578
v -37.594 42.895 2.578
v -37.814 42.895 0.000
v -37.924 42.705 0.000
v -37.924 42.705 2.578
v -37.814 42.895 2.578
v -37.924 42.705 0.000
v -37.814 42.514 0.000
v -37.814 42.514 2.578
v -37.924 42.705 2.578
v -37.814 42.514 0.000
v -37.594 42.514 0.000
v -37.594 42.514 2.578
v -37.814 42.514 2.578
v -37.594 42.514 0.000
v -37.484 42.705 0.000
v -37.484 42.705 2.578
v -37.594 42.514 2.578
v -36.230 42.705 1.842
v -36.662 43.747 1.842
v -37.704 42.705 7.366
v -36.662 43.747 1.842
v -36.230 42.705 1.842
v -37.704 42.705 1.842
v -36.662 43.747 1.842
v -37.704 44.178 1.842
v -37.704 42.705 7.366
v -37.704 44.178 1.842
v -36.662 43.747 1.842
v -37.704 42.705 1.842
v -37.704 44.178 1.842
v -38.745 43.747 1.842
v -37.704 42.705 7.366
v -38.745 43.747 1.842
v -37.704 44.178 1.842
v -37.704 42.705 1.842
v -38.745 43.747 1.842
v -39.177 42.705 1.842
v -37.704 42.705 7.366
v -39.177 42.705 1.842
v -38.745 43.747 1.842
v -37.704 42.705 1.842
v -39.177 42.705 1.842
v -38.745 41.663 1.842
v -37.704 42.705 7.366
v -38.745 41.663 1.842
v -39.177 42.705 1.842
v -37.704 42.705 1.842
v -38.745 41.663 1.842
v -37.704 41.232 1.842
v -37.704 42.705 7.366
v -37.704 41.232 1.842
v -38.745 41.663 1.842
v -37.704 42.705 1.842
v -37.704 41.232 1.842
v -36.662 41.663 1.842
v -37.704 42.705 7.366
v -36.662 41.663 1.842
v -37.704 41.232 1.842
v -37.704 42.705 1.842
v -36.662 41.663 1.842
v -36.230 42.705 1.842
v -37.704 42.705 7.366
v -36.230 42.705 1.842
v -36.662 41.663 1.842
v -37.704 42.705 1.842
v -30.987 46.049 0.000
v -31.097 46.239 0.000
v -31.097 46.239 3.328
v -30.987 46.049 3.328
v -31.097 46.239 0.000
v -31.317 46.239 0.000
v -31.317 46.239 3.328
v -31.097 46.239 3.328
v -31.317 46.239 0.000
v -31.427 46.049 0.000
v -31.427 46.049 3.328
v -31.317 46.239 3.328
v -31.427 46.049 0.000
v -31.317 45.858 0.000
v -31.317 45.858 3.328
v -31.427 46.049 3.328
v -31.317 45.858 0.000
v -31.097 45.858 0.000
v -31.097 45.858 3.328
v -31.317 45.858 3.328
v -31.097 45.858 0.000
v -30.987 46.049 0.000
v -30.987 46.049 3.328
v -31.097 45.858 3.328
v -28.794 46.049 5.896
v -29.574 47.682 5.896
v -29.533 46.049 7.689
v -31.207 48.752 5.896
v -31.207 48.048 8.038
v -29.574 47.682 5.896
v -31.207 46.049 8.911
v -29.533 46.049 7.689
v -31.207 48.048 8.038
v -29.574 47.682 5.896
v -31.207 48.048 8.038
v -29.533 46.049 7.689
v -31.207 48.752 5.896
v -32.908 47.750 5.896
v -31.207 48.048 8.038
v -33.477 46.049 5.896
v -32.852 46.049 7.658
v -32.908 47.750 5.896
v -31.207 46.049 8.911
v -31.207 48.048 8.038
v -32.852 46.049 7.658
v -32.908 47.750 5.896
v -32.852 46.049 7.658
v -31.207 48.048 8.038
v -33.477 46.049 5.896
v -33.276 43.980 5.896
v -32.852 46.049 7.658
v -31.207 43.421 5.896
v -31.207 44.118 7.964
v -33.276 43.980 5.896
v -31.207 46.049 8.911
v -32.852 46.049 7.658
v -31.207 44.118 7.964
v -33.276 43.980 5.896
v -31.207 44.118 7.964
v -32.852 46.049 7.658
v -31.207 43.421 5.896
v -29.291 44.133 5.896
v -31.207 44.118 7.964
v -28.794 46.049 5.896
v -29.533 46.049 7.689
v -29.291 44.133 5.896
v -31.207 46.049 8.911
v -31.207 44.118 7.964
v -29.533 46.049 7.689
v -29.291 44.133 5.896
v -29.533 46.049 7.689
v -31.207 44.118 7.964
v -31.207 48.752 5.896
v -29.574 47.682 5.896
v -31.207 47.766 4.056
v -28.794 46.049 5.896
v -29.572 46.049 4.144
v -29.574 47.682 5.896
v -31.207 46.049 3.233
v -31.207 47.766 4.056
v -29.572 46.049 4.144
v -29.574 47.682 5.896
v -29.572 46.049 4.144
v -31.207 47.766 4.056
v -33.477 46.049 5.896
v -32.908 47.750 5.896
v -32.975 46.049 4.001
v -31.207 48.752 5.896
v -31.207 47.766 4.056
v -32.908 47.750 5.896
v -31.207 46.049 3.233
v -32.975 46.049 4.001
v -31.207 47.766 4.056
v -32.908 47.750 5.896
v -31.207 47.766 4.056
v -32.975 46.049 4.001
v -31.207 43.421 5.896
v -33.276 43.980 5.896
v -31.207 44.360 4.086
v -33.477 46.049 5.896
v -32.975 46.049 4.001
v -33.276 43.980 5.896
v -31.207 46.049 3.233
v -31.207 44.360 4.086
v -32.975 46.049 4.001
v -33.276 43.980 5.896
v -32.975 46.049 4.001
v -31.207 44.360 4.086
v -28.794 46.049 5.896
v -29.291 44.133 5.896
v -29.572 46.049 4.144
v -31.207 43.421 5.896
v -31.207 44.360 4.086
v -29.291 44.133 5.896
v -31.207 46.049 3.233
v -29.572 46.049 4.144
v -31.207 44.360 4.086
v -29.291 44.133 5.896
v -31.207 44.360 4.086
v -29.572 46.049 4.144
v -21.486 42.787 0.000
v -21.596 42.978 0.000
v -21.596 42.978 2.277
v -21.486 42.787 2.277
v -21.596 42.978 0.000
v -21.816 42.978 0.000
v -21.816 42.978 2.277
v -21.596 42.978 2.277
v -21.816 42.978 0.000
v -21.926 42.787 0.000
v -21.926 42.787 2.277
v -21.816 42.978 2.277
v -21.926 42.787 0.000
v -21.816 42.597 0.000
v -21.816 42.597 2.277
v -21.926 42.787 2.277
v -21.816 42.597 0.000
v -21.596 42.597 0.000
v -21.596 42.597 2.277
v -21.816 42.597 2.277
v -21.596 42.597 0.000
v -21.486 42.787 0.000
v -21.486 42.787 2.277
v -21.596 42.597 2.277
v -20.405 42.787 1.626
v -20.786 43.707 1.626
v -21.706 42.787 6.506
v -20.786 43.707 1.626
v -20.405 42.787 1.626
v -21.706 42.787 1.626
v -20.786 43.707 1.626
v -21.706 44.089 1.626
v -21.706 42.787 6.506
v -21.706 44.089 1.626
v -20.786 43.707 1.626
v -21.706 42.787 1.626
v -21.706 44.089 1.626
v -22.626 43.707 1.626
v -21.706 42.787 6.506
v -22.626 43.707 1.626
v -21.706 44.089 1.626
v -21.706 42.787 1.626
v -22.626 43.707 1.626
v -23.007 42.787 1.626
v -21.706 42.787 6.506
v -23.007 42.787 1.626
v -22.626 43.707 1.626
v -21.706 42.787 1.626
v -23.007 42.787 1.626
v -22.626 41.867 1.626
v -21.706 42.787 6.506
v -22.626 41.867 1.626
v -23.007 42.787 1.626
v -21.706 42.787 1.626
v -22.626 41.867 1.626
v -21.706 41.486 1.626
v -21.706 42.787 6.506
v -21.706 41.486 1.626
v -22.626 41.867 1.626
v -21.706 42.787 1.626
v -21.706 41.486 1.626
v -20.786 41.867 1.626
v -21.706 42.787 6.506
v -20.786 41.867 1.626
v -21.706 41.486 1.626
v -21.706 42.787 1.626
v -20.786 41.867 1.626
v -20.405 42.787 1.626
v -21.706 42.787 6.506
v -20.405 42.787 1.626
v -20.786 41.867 1.626
v -21.706 42.787 1.626
v -17.678 43.753 0.000
v -17.788 43.944 0.000
v -17.788 43.944 3.247
v -17.678 43.753 3.247
v -17.788 43.944 0.000
v -18.008 43.944 0.000
v -18.008 43.944 3.247
v -17.788 43.944 3.247
v -18.008 43.944 0.000
v -18.118 43.753 0.000
v -18.118 43.753 3.247
v -18.008 43.944 3.247
v -18.118 43.753 0.000
v -18.008 43.563 0.000
v -18.008 43.563 3.247
v -18.118 43.753 3.247
v -18.008 43.563 0.000
v -17.788 43.563 0.000
v -17.788 43.563 3.247
v -18.008 43.563 3.247
v -17.788 43.563 0.000
v -17.678 43.753 0.000
v -17.678 43.753 3.247
v -17.788 43.563 3.247
v -16.043 43.753 2.319
v -16.586 45.065 2.319
v -17.898 43.753 9.276
v -16.586 45.065 2.319
v -16.043 43.753 2.319
v -17.898 43.753 2.319
v -16.586 45.065 2.319
v -17.898 45.609 2.319
v -17.898 43.753 9.276
v -17.898 45.609 2.319
v -16.586 45.065 2.319
v -17.898 43.753 2.319
v -17.898 45.609 2.319
v -19.210 45.065 2.319
v -17.898 43.753 9.276
v -19.210 45.065 2.319
v -17.898 45.609 2.319
v -17.898 43.753 2.319
v -19.210 45.065 2.319
v -19.753 43.753 2.319
v -17.898 43.753 9.276
v -19.753 43.753 2.319
v -19.210 45.065 2.319
v -17.898 43.753 2.319
v -19.753 43.753 2.319
v -19.210 42.442 2.319
v -17.898 43.753 9.276
v -19.210 42.442 2.319
v -19.753 43.753 2.319
v -17.898 43.753 2.319
v -19.210 42.442 2.319
v -17.898 41.898 2.319
v -17.898 43.753 9.276
v -17.898 41.898 2.319
v -19.210 42.442 2.319
v -17.898 43.753 2.319
v -17.898 41.898 2.319
v -16.586 42.442 2.319
v -17.898 43.753 9.276
v -16.586 42.442 2.319
v -17.898 41.898 2.319
v -17.898 43.753 2.319
v -16.586 42.442 2.319
v -16.043 43.753 2.319
v -17.898 43.753 9.276
v -16.043 43.753 2.319
v -16.586 42.442 2.319
v -17.898 43.753 2.319
v -13.220 41.688 0.000
v -13.330 41.879 0.000
v -13.330 41.879 2.355
v -13.220 41.688 2.355
v -13.330 41.879 0.000
v -13.550 41.879 0.000
v -13.550 41.879 2.355
v -13.330 41.879 2.355
v -13.550 41.879 0.000
v -13.660 41.688 0.000
v -13.660 41.688 2.355
v -13.550 41.879 2.355
v -13.660 41.688 0.000
v -13.550 41.498 0.000
v -13.550 41.498 2.355
v -13.660 41.688 2.355
v -13.550 41.498 0.000
v -13.330 41.498 0.000
v -13.330 41.498 2.355
v -13.550 41.498 2.355
v -13.330 41.498 0.000
v -13.220 41.688 0.000
v -13.220 41.688 2.355
v -13.330 41.498 2.355
v -12.094 41.688 1.682
v -12.489 42.640 1.682
v -13.440 41.688 6.729
v -12.489 42.640 1.682
v -12.094 41.688 1.682
v -13.440 41.688 1.682
v -12.489 42.640 1.682
v -13.440 43.034 1.682
v -13.440 41.688 6.729
v -13.440 43.034 1.682
v -12.489 42.640 1.682
v -13.440 41.688 1.682
v -13.440 43.034 1.682
v -14.392 42.640 1.682
v -13.440 41.688 6.729
v -14.392 42.640 1.682
v -13.440 43.034 1.682
v -13.440 41.688 1.682
v -14.392 42.640 1.682
v -14.786 41.688 1.682
v -13.440 41.688 6.729
v -14.786 41.688 1.682
v -14.392 42.640 1.682
v -13.440 41.688 1.682
v -14.786 41.688 1.682
v -14.392 40.737 1.682
v -13.440 41.688 6.729
v -14.392 40.737 1.682
v -14.786 41.688 1.682
v -13.440 41.688 1.682
v -14.392 40.737 1.682
v -13.440 40.343 1.682
v -13.440 41.688 6.729
v -13.440 40.343 1.682
v -14.392 40.737 1.682
v -13.440 41.688 1.682
v -13.440 40.343 1.682
v -12.489 40.737 1.682
v -13.440 41.688 6.729
v -12.489 40.737 1.682
v -13.440 40.343 1.682
v -13.440 41.688 1.682
v -12.489 40.737 1.682
v -12.094 41.688 1.682
v -13.440 41.688 6.729
v -12.094 41.688 1.682
v -12.489 40.737 1.682
v -13.440 41.688 1.682
v -99.116 50.276 0.000
v -99.226 50.467 0.000
v -99.226 50.467 3.720
v -99.116 50.276 3.720
v -99.226 50.467 0.000
v -99.446 50.467 0.000
v -99.446 50.467 3.720
v -99.226 50.467 3.720
v -99.446 50.467 0.000
v -99.556 50.276 0.000
v -99.556 50.276 3.720
v -99.446 50.467 3.720
v -99.556 50.276 0.000
v -99.446 50.086 0.000
v -99.446 50.086 3.720
v -99.556 50.276 3.720
v -99.446 50.086 0.000
v -99.226 50.086 0.000
v -99.226 50.086 3.720
v -99.446 50.086 3.720
v -99.226 50.086 0.000
v -99.116 50.276 0.000
v -99.116 50.276 3.720
v -99.226 50.086 3.720
v -97.210 50.276 2.657
v -97.833 51.779 2.657
v -99.336 50.276 10.628
v -97.833 51.779 2.657
v -97.210 50.276 2.657
v -99.336 50.276 2.657
v -97.833 51.779 2.657
v -99.336 52.402 2.657
v -99.336 50.276 10.628
v -99.336 52.402 2.657
v -97.833 51.779 2.657
v -99.336 50.276 2.657
v -99.336 52.402 2.657
v -100.839 51.779 2.657
v -99.336 50.276 10.628
v -100.839 51.779 2.657
v -99.336 52.402 2.657
v -99.336 50.276 2.657
v -100.839 51.779 2.657
v -101.462 50.276 2.657
v -99.336 50.276 10.628
v -101.462 50.276 2.657
v -100.839 51.779 2.657
v -99.336 50.276 2.657
v -101.462 50.276 2.657
v -100.839 48.773 2.657
v -99.336 50.276 10.628
v -100.839 48.773 2.657
v -101.462 50.276 2.657
v -99.336 50.276 2.657
v -100.839 48.773 2.657
v -99.336 48.150 2.657
v -99.336 50.276 10.628
v -99.336 48.150 2.657
v -100.839 48.773 2.657
v -99.336 50.276 2.657
v -99.336 48.150 2.657
v -97.833 48.773 2.657
v -99.336 50.276 10.628
v -97.833 48.773 2.657
v -99.336 48.150 2.657
v -99.336 50.276 2.657
v -97.833 48.773 2.657
v -97.210 50.276 2.657
v -99.336 50.276 10.628
v -97.210 50.276 2.657
v -97.833 48.773 2.657
v -99.336 50.276 2.657
v -89.885 51.744 0.000
v -89.995 51.934 0.000
v -89.995 51.934 2.903
v -89.885 51.744 2.903
v -89.995 51.934 0.000
v -90.215 51.934 0.000
v -90.215 51.934 2.903
v -89.995 51.934 2.903
v -90.215 51.934 0.000
v -90.325 51.744 0.000
v -90.325 51.744 2.903
v -90.215 51.934 2.903
v -90.325 51.744 0.000
v -90.215 51.553 0.000
v -90.215 51.553 2.903
v -90.325 51.744 2.903
v -90.215 51.553 0.000
v -89.995 51.553 0.000
v -89.995 51.553 2.903
v -90.215 51.553 2.903
v -89.995 51.553 0.000
v -89.885 51.744 0.000
v -89.885 51.744 2.903
v -89.995 51.553 2.903
v -88.446 51.744 2.073
v -88.932 52.917 2.073
v -90.105 51.744 8.294
v -88.932 52.917 2.073
v -88.446 51.744 2.073
v -90.105 51.744 2.073
v -88.932 52.917 2.073
v -90.105 53.402 2.073
v -90.105 51.744 8.294
v -90.105 53.402 2.073
v -88.932 52.917 2.073
v -90.105 51.744 2.073
v -90.105 53.402 2.073
v -91.278 52.917 2.073
v -90.105 51.744 8.294
v -91.278 52.917 2.073
v -90.105 53.402 2.073
v -90.105 51.744 2.073
v -91.278 52.917 2.073
v -91.764 51.744 2.073
v -90.105 51.744 8.294
v -91.764 51.744 2.073
v -91.278 52.917 2.073
v -90.105 51.744 2.073
v -91.764 51.744 2.073
v -91.278 50.571 2.073
v -90.105 51.744 8.294
v -91.278 50.571 2.073
v -91.764 51.744 2.073
v -90.105 51.744 2.073
v -91.278 50.571 2.073
v -90.105 50.085 2.073
v -90.105 51.744 8.294
v -90.105 50.085 2.073
v -91.278 50.571 2.073
v -90.105 51.744 2.073
v -90.105 50.085 2.073
v -88.932 50.571 2.073
v -90.105 51.744 8.294
v -88.932 50.571 2.073
v -90.105 50.085 2.073
v -90.105 51.744 2.073
v -88.932 50.571 2.073
v -88.446 51.744 2.073
v -90.105 51.744 8.294
v -88.446 51.744 2.073
v -88.932 50.571 2.073
v -90.105 51.744 2.073
v -85.248 50.969 0.000
v -85.358 51.159 0.000
v -85.358 51.159 2.359
v -85.248 50.969 2.359
v -85.358 51.159 0.000
v -85.578 51.159 0.000
v -85.578 51.159 2.359
v -85.358 51.159 2.359
v -85.578 51.159 0.000
v -85.688 50.969 0.000
v -85.688 50.969 2.359
v -85.578 51.159 2.359
v -85.688 50.969 0.000
v -85.578 50.778 0.000
v -85.578 50.778 2.359
v -85.688 50.969 2.359
v -85.578 50.778 0.000
v -85.358 50.778 0.000
v -85.358 50.778 2.359
v -85.578 50.778 2.359
v -85.358 50.778 0.000
v -85.248 50.969 0.000
v -85.248 50.969 2.359
v -85.358 50.778 2.359
v -83.592 50.969 4.179
v -84.053 52.385 4.179
v -84.235 50.969 5.500
v -85.468 52.816 4.179
v -85.468 52.160 5.456
v -84.053 52.385 4.179
v -85.468 50.969 6.265
v -84.235 50.969 5.500
v -85.468 52.160 5.456
v -84.053 52.385 4.179
v -85.468 52.160 5.456
v -84.235 50.969 5.500
v -85.468 52.816 4.179
v -86.906 52.407 4.179
v -85.468 52.160 5.456
v -87.447 50.969 4.179
v -86.776 50.969 5.580
v -86.906 52.407 4.179
v -85.468 50.969 6.265
v -85.468 52.160 5.456
v -86.776 50.969 5.580
v -86.906 52.407 4.179
v -86.776 50.969 5.580
v -85.468 52.160 5.456
v -87.447 50.969 4.179
v -86.720 49.717 4.179
v -86.776 50.969 5.580
v -85.468 48.837 4.179
v -85.468 49.565 5.684
v -86.720 49.717 4.179
v -85.468 50.969 6.265
v -86.776 50.969 5.580
v -85.468 49.565 5.684
v -86.720 49.717 4.179
v -85.468 49.565 5.684
v -86.776 50.969 5.580
v -85.468 48.837 4.179
v -84.091 49.592 4.179
v -85.468 49.565 5.684
v -83.592 50.969 4.179
v -84.235 50.969 5.500
v -84.091 49.592 4.179
v -85.468 50.969 6.265
v -85.468 49.565 5.684
v -84.235 50.969 5.500
v -84.091 49.592 4.179
v -84.235 50.969 5.500
v -85.468 49.565 5.684
v -85.468 52.816 4.179
v -84.053 52.385 4.179
v -85.468 52.375 2.672
v -83.592 50.969 4.179
v -84.032 50.969 2.641
v -84.053 52.385 4.179
v -85.468 50.969 1.872
v -85.468 52.375 2.672
v -84.032 50.969 2.641
v -84.053 52.385 4.179
v -84.032 50.969 2.641
v -85.468 52.375 2.672
v -87.447 50.969 4.179
v -86.906 52.407 4.179
v -86.696 50.969 2.864
v -85.468 52.816 4.179
v -85.468 52.375 2.672
v -86.906 52.407 4.179
v -85.468 50.969 1.872
v -86.696 50.969 2.864
v -85.468 52.375 2.672
v -86.906 52.407 4.179
v -85.468 52.375 2.672
v -86.696 50.969 2.864
v -85.468 48.837 4.179
v -86.720 49.717 4.179
v -85.468 49.561 2.671
v -87.447 50.969 4.179
v -86.696 50.969 2.864
v -86.720 49.717 4.179
v -85.468 50.969 1.872
v -85.468 49.561 2.671
v -86.696 50.969 2.864
v -86.720 49.717 4.179
v -86.696 50.969 2.864
v -85.468 49.561 2.671
v -83.592 50.969 4.179
v -84.091 49.592 4.179
v -84.032 50.969 2.641
v -85.468 48.837 4.179
v -85.468 49.561 2.671
v -84.091 49.592 4.179
v -85.468 50.969 1.872
v -84.032 50.969 2.641
v -85.468 49.561 2.671
v -84.091 49.592 4.179
v -85.468 49.561 2.671
v -84.032 50.969 2.641
v -74.365 50.485 0.000
v -74.475 50.675 0.000
v -74.475 50.675 3.839
v -74.365 50.485 3.839
v -74.475 50.675 0.000
v -74.695 50.675 0.000
v -74.695 50.675 3.839
v -74.475 50.675 3.839
v -74.695 50.675 0.000
v -74.805 50.485 0.000
v -74.805 50.485 3.839
v -74.695 50.675 3.839
v -74.805 50.485 0.000
v -74.695 50.294 0.000
v -74.695 50.294 3.839
v -74.805 50.485 3.839
v -74.695 50.294 0.000
v -74.475 50.294 0.000
v -74.475 50.294 3.839
v -74.695 50.294 3.839
v -74.475 50.294 0.000
v -74.365 50.485 0.000
v -74.365 50.485 3.839
v -74.475 50.294 3.839
v -71.202 50.485 6.800
v -72.619 52.451 6.800
v -72.264 50.485 9.287
v -74.585 53.551 6.800
v -74.585 52.459 8.915
v -72.619 52.451 6.800
v -74.585 50.485 10.233
v -72.264 50.485 9.287
v -74.585 52.459 8.915
v -72.619 52.451 6.800
v -74.585 52.459 8.915
v -72.264 50.485 9.287
v -74.585 53.551 6.800
v -76.833 52.732 6.800
v -74.585 52.459 8.915
v -77.908 50.485 6.800
v -76.674 50.485 9.037
v -76.833 52.732 6.800
v -74.585 50.485 10.233
v -74.585 52.459 8.915
v -76.674 50.485 9.037
v -76.833 52.732 6.800
v -76.674 50.485 9.037
v -74.585 52.459 8.915
v -77.908 50.485 6.800
v -76.874 48.196 6.800
v -76.674 50.485 9.037
v -74.585 47.267 6.800
v -74.585 48.358 9.079
v -76.874 48.196 6.800
v -74.585 50.485 10.233
v -76.674 50.485 9.037
v -74.585 48.358 9.079
v -76.874 48.196 6.800
v -74.585 48.358 9.079
v -76.674 50.485 9.037
v -74.585 47.267 6.800
v -72.444 48.344 6.800
v -74.585 48.358 9.079
v -71.202 50.485 6.800
v -72.264 50.485 9.287
v -72.444 48.344 6.800
v -74.585 50.485 10.233
v -74.585 48.358 9.079
v -72.264 50.485 9.287
v -72.444 48.344 6.800
v -72.264 50.485 9.287
v -74.585 48.358 9.079
v -74.585 53.551 6.800
v -72.619 52.451 6.800
v -74.585 52.836 4.281
v -71.202 50.485 6.800
v -72.573 50.485 4.644
v -72.619 52.451 6.800
v -74.585 50.485 3.450
v -74.585 52.836 4.281
v -72.573 50.485 4.644
v -72.619 52.451 6.800
v -72.573 50.485 4.644
v -74.585 52.836 4.281
v -77.908 50.485 6.800
v -76.833 52.732 6.800
v -76.493 50.485 4.756
v -74.585 53.551 6.800
v -74.585 52.836 4.281
v -76.833 52.732 6.800
v -74.585 50.485 3.450
v -76.493 50.485 4.756
v -74.585 52.836 4.281
v -76.833 52.732 6.800
v -74.585 52.836 4.281
v -76.493 50.485 4.756
v -74.585 47.267 6.800
v -76.874 48.196 6.800
v -74.585 48.352 4.514
v -77.908 50.485 6.800
v -76.493 50.485 4.756
v -76.874 48.196 6.800
v -74.585 50.485 3.450
v -74.585 48.352 4.514
v -76.493 50.485 4.756
v -76.874 48.196 6.800
v -76.493 50.485 4.756
v -74.585 48.352 4.514
v -71.202 50.485 6.800
v -72.444 48.344 6.800
v -72.573 50.485 4.644
v -74.585 47.267 6.800
v -74.585 48.352 4.514
v -72.444 48.344 6.800
v -74.585 50.485 3.450
v -72.573 50.485 4.644
v -74.585 48.352 4.514
v -72.444 48.344 6.800
v -74.585 48.352 4.514
v -72.573 50.485 4.644
v -70.427 49.870 0.000
v -70.537 50.061 0.000
v -70.537 50.061 3.824
v -70.427 49.870 3.824
v -70.537 50.061 0.000
v -70.757 50.061 0.000
v -70.757 50.061 3.824
v -70.537 50.061 3.824
v -70.757 50.061 0.000
v -70.867 49.870 0.000
v -70.867 49.870 3.824
v -70.757 50.061 3.824
v -70.867 49.870 0.000
v -70.757 49.679 0.000
v -70.757 49.679 3.824
v -70.867 49.870 3.824
v -70.757 49.679 0.000
v -70.537 49.679 0.000
v -70.537 49.679 3.824
v -70.757 49.679 3.824
v -70.537 49.679 0.000
v -70.427 49.870 0.000
v -70.427 49.870 3.824
v -70.537 49.679 3.824
v -67.292 49.870 6.774
v -68.353 52.165 6.774
v -68.291 49.870 9.299
v -70.647 52.641 6.774
v -70.647 52.196 9.266
v -68.353 52.165 6.774
v -70.647 49.870 10.382
v -68.291 49.870 9.299
v -70.647 52.196 9.266
v -68.353 52.165 6.774
v -70.647 52.196 9.266
v -68.291 49.870 9.299
v -70.647 52.641 6.774
v -73.000 52.222 6.774
v -70.647 52.196 9.266
v -73.761 49.870 6.774
v -72.545 49.870 8.807
v -73.000 52.222 6.774
v -70.647 49.870 10.382
v -70.647 52.196 9.266
v -72.545 49.870 8.807
v -73.000 52.222 6.774
v -72.545 49.870 8.807
v -70.647 52.196 9.266
v -73.761 49.870 6.774
v -72.924 47.594 6.774
v -72.545 49.870 8.807
v -70.647 46.557 6.774
v -70.647 47.920 8.864
v -72.924 47.594 6.774
v -70.647 49.870 10.382
v -72.545 49.870 8.807
v -70.647 47.920 8.864
v -72.924 47.594 6.774
v -70.647 47.920 8.864
v -72.545 49.870 8.807
v -70.647 46.557 6.774
v -68.779 48.001 6.774
v -70.647 47.920 8.864
v -67.292 49.870 6.774
v -68.291 49.870 9.299
v -68.779 48.001 6.774
v -70.647 49.870 10.382
v -70.647 47.920 8.864
v -68.291 49.870 9.299
v -68.779 48.001 6.774
v -68.291 49.870 9.299
v -70.647 47.920 8.864
v -70.647 52.641 6.774
v -68.353 52.165 6.774
v -70.647 51.946 4.550
v -67.292 49.870 6.774
v -68.202 49.870 4.154
v -68.353 52.165 6.774
v -70.647 49.870 3.826
v -70.647 51.946 4.550
v -68.202 49.870 4.154
v -68.353 52.165 6.774
v -68.202 49.870 4.154
v -70.647 51.946 4.550
v -73.761 49.870 6.774
v -73.000 52.222 6.774
v -73.110 49.870 4.135
v -70.647 52.641 6.774
v -70.647 51.946 4.550
v -73.000 52.222 6.774
v -70.647 49.870 3.826
v -73.110 49.870 4.135
v -70.647 51.946 4.550
v -73.000 52.222 6.774
v -70.647 51.946 4.550
v -73.110 49.870 4.135
v -70.647 46.557 6.774
v -72.924 47.594 6.774
v -70.647 47.649 4.394
v -73.761 49.870 6.774
v -73.110 49.870 4.135
v -72.924 47.594 6.774
v -70.647 49.870 3.826
v -70.647 47.649 4.394
v -73.110 49.870 4.135
v -72.924 47.594 6.774
v -73.110 49.870 4.135
v -70.647 47.649 4.394
v -67.292 49.870 6.774
v -68.779 48.001 6.774
v -68.202 49.870 4.154
v -70.647 46.557 6.774
v -70.647 47.649 4.394
v -68.779 48.001 6.774
v -70.647 49.870 3.826
v -68.202 49.870 4.154
v -70.647 47.649 4.394
v -68.779 48.001 6.774
v -70.647 47.649 4.394
v -68.202 49.870 4.154
v -55.561 48.498 0.000
v -55.671 48.688 0.000
v -55.671 48.688 2.531
v -55.561 48.498 2.531
v -55.671 48.688 0.000
v -55.891 48.688 0.000
v -55.891 48.688 2.531
v -55.671 48.688 2.531
v -55.891 48.688 0.000
v -56.001 48.498 0.000
v -56.001 48.498 2.531
v -55.891 48.688 2.531
v -56.001 48.498 0.000
v -55.891 48.307 0.000
v -55.891 48.307 2.531
v -56.001 48.498 2.531
v -55.891 48.307 0.000
v -55.671 48.307 0.000
v -55.671 48.307 2.531
v -55.891 48.307 2.531
v -55.671 48.307 0.000
v -55.561 48.498 0.000
v -55.561 48.498 2.531
v -55.671 48.307 2.531
v -54.335 48.498 1.808
v -54.758 49.521 1.808
v -55.781 48.498 7.232
v -54.758 49.521 1.808
v -54.335 48.498 1.808
v -55.781 48.498 1.808
v -54.758 49.521 1.808
v -55.781 49.944 1.808
v -55.781 48.498 7.232
v -55.781 49.944 1.808
v -54.758 49.521 1.808
v -55.781 48.498 1.808
v -55.781 49.944 1.808
v -56.804 49.521 1.808
v -55.781 48.498 7.232
v -56.804 49.521 1.808
v -55.781 49.944 1.808
v -55.781 48.498 1.808
v -56.804 49.521 1.808
v -57.227 48.498 1.808
v -55.781 48.498 7.232
v -57.227 48.498 1.808
v -56.804 49.521 1.808
v -55.781 48.498 1.808
v -57.227 48.498 1.808
v -56.804 47.475 1.808
v -55.781 48.498 7.232
v -56.804 47.475 1.808
v -57.227 48.498 1.808
v -55.781 48.498 1.808
v -56.804 47.475 1.808
v -55.781 47.051 1.808
v -55.781 48.498 7.232
v -55.781 47.051 1.808
v -56.804 47.475 1.808
v -55.781 48.498 1.808
v -55.781 47.051 1.808
v -54.758 47.475 1.808
v -55.781 48.498 7.232
v -54.758 47.475 1.808
v -55.781 47.051 1.808
v -55.781 48.498 1.808
v -54.758 47.475 1.808
v -54.335 48.498 1.808
v -55.781 48.498 7.232
v -54.335 48.498 1.808
v -54.758 47.475 1.808
v -55.781 48.498 1.808
v -52.282 51.527 0.000
v -52.392 51.718 0.000
v -52.392 51.718 3.483
v -52.282 51.527 3.483
v -52.392 51.718 0.000
v -52.612 51.718 0.000
v -52.612 51.718 3.483
v -52.392 51.718 3.483
v -52.612 51.718 0.000
v -52.722 51.527 0.000
v -52.722 51.527 3.483
v -52.612 51.718 3.483
v -52.722 51.527 0.000
v -52.612 51.337 0.000
v -52.612 51.337 3.483
v -52.722 51.527 3.483
v -52.612 51.337 0.000
v -52.392 51.337 0.000
v -52.392 51.337 3.483
v -52.612 51.337 3.483
v -52.392 51.337 0.000
v -52.282 51.527 0.000
v -52.282 51.527 3.483
v -52.392 51.337 3.483
v -49.435 51.527 6.171
v -50.778 53.251 6.171
v -50.269 51.527 8.563
v -52.502 53.955 6.171
v -52.502 53.253 8.019
v -50.778 53.251 6.171
v -52.502 51.527 8.931
v -50.269 51.527 8.563
v -52.502 53.253 8.019
v -50.778 53.251 6.171
v -52.502 53.253 8.019
v -50.269 51.527 8.563
v -52.502 53.955 6.171
v -54.740 53.765 6.171
v -52.502 53.253 8.019
v -55.593 51.527 6.171
v -54.522 51.527 8.336
v -54.740 53.765 6.171
v -52.502 51.527 8.931
v -52.502 53.253 8.019
v -54.522 51.527 8.336
v -54.740 53.765 6.171
v -54.522 51.527 8.336
v -52.502 53.253 8.019
v -55.593 51.527 6.171
v -54.196 49.832 6.171
v -54.522 51.527 8.336
v -52.502 48.672 6.171
v -52.502 49.298 8.559
v -54.196 49.832 6.171
v -52.502 51.527 8.931
v -54.522 51.527 8.336
v -52.502 49.298 8.559
v -54.196 49.832 6.171
v -52.502 49.298 8.559
v -54.522 51.527 8.336
v -52.502 48.672 6.171
v -50.274 49.300 6.171
v -52.502 49.298 8.559
v -49.435 51.527 6.171
v -50.269 51.527 8.563
v -50.274 49.300 6.171
v -52.502 51.527 8.931
v -52.502 49.298 8.559
v -50.269 51.527 8.563
v -50.274 49.300 6.171
v -50.269 51.527 8.563
v -52.502 49.298 8.559
v -52.502 53.955 6.171
v -50.778 53.251 6.171
v -52.502 53.486 4.072
v -49.435 51.527 6.171
v -50.652 51.527 4.189
v -50.778 53.251 6.171
v -52.502 51.527 3.570
v -52.502 53.486 4.072
v -50.652 51.527 4.189
v -50.778 53.251 6.171
v -50.652 51.527 4.189
v -52.502 53.486 4.072
v -55.593 51.527 6.171
v -54.740 53.765 6.171
v -54.745 51.527 3.767
v -52.502 53.955 6.171
v -52.502 53.486 4.072
v -54.740 53.765 6.171
v -52.502 51.527 3.570
v -54.745 51.527 3.767
v -52.502 53.486 4.072
v -54.740 53.765 6.171
v -52.502 53.486 4.072
v -54.745 51.527 3.767
v -52.502 48.672 6.171
v -54.196 49.832 6.171
v -52.502 49.603 4.109
v -55.593 51.527 6.171
v -54.745 51.527 3.767
v -54.196 49.832 6.171
v -52.502 51.527 3.570
v -52.502 49.603 4.109
v -54.745 51.527 3.767
v -54.196 49.832 6.171
v -54.745 51.527 3.767
v -52.502 49.603 4.109
v -49.435 51.527 6.171
v -50.274 49.300 6.171
v -50.652 51.527 4.189
v -52.502 48.672 6.171
v -52.502 49.603 4.109
v -50.274 49.300 6.171
v -52.502 51.527 3.570
v -50.652 51.527 4.189
v -52.502 49.603 4.109
v -50.274 49.300 6.171
v -52.502 49.603 4.109
v -50.652 51.527 4.189
v -42.650 49.795 0.000
v -42.760 49.985 0.000
v -42.760 49.985 3.811
v -42.650 49.795 3.811
v -42.760 49.985 0.000
v -42.980 49.985 0.000
v -42.980 49.985 3.811
v -42.760 49.985 3.811
v -42.980 49.985 0.000
v -43.090 49.795 0.000
v -43.090 49.795 3.811
v -42.980 49.985 3.811
v -43.090 49.795 0.000
v -42.980 49.604 0.000
v -42.980 49.604 3.811
v -43.090 49.795 3.811
v -42.980 49.604 0.000
v -42.760 49.604 0.000
v -42.760 49.604 3.811
v -42.980 49.604 3.811
v -42.760 49.604 0.000
v -42.650 49.795 0.000
v -42.650 49.795 3.811
v -42.760 49.604 3.811
v -40.693 49.795 2.722
v -41.331 51.334 2.722
v -42.870 49.795 10.887
v -41.331 51.334 2.722
v -40.693 49.795 2.722
v -42.870 49.795 2.722
v -41.331 51.334 2.722
v -42.870 51.972 2.722
v -42.870 49.795 10.887
v -42.870 51.972 2.722
v -41.331 51.334 2.722
v -42.870 49.795 2.722
v -42.870 51.972 2.722
v -44.410 51.334 2.722
v -42.870 49.795 10.887
v -44.410 51.334 2.722
v -42.870 51.972 2.722
v -42.870 49.795 2.722
v -44.410 51.334 2.722
v -45.048 49.795 2.722
v -42.870 49.795 10.887
v -45.048 49.795 2.722
v -44.410 51.334 2.722
v -42.870 49.795 2.722
v -45.048 49.795 2.722
v -44.410 48.255 2.722
v -42.870 49.795 10.887
v -44.410 48.255 2.722
v -45.048 49.795 2.722
v -42.870 49.795 2.722
v -44.410 48.255 2.722
v -42.870 47.617 2.722
v -42.870 49.795 10.887
v -42.870 47.617 2.722
v -44.410 48.255 2.722
v -42.870 49.795 2.722
v -42.870 47.617 2.722
v -41.331 48.255 2.722
v -42.870 49.795 10.887
v -41.331 48.255 2.722
v -42.870 47.617 2.722
v -42.870 49.795 2.722
v -41.331 48.255 2.722
v -40.693 49.795 2.722
v -42.870 49.795 10.887
v -40.693 49.795 2.722
v -41.331 48.255 2.722
v -42.870 49.795 2.722
v -36.542 50.024 0.000
v -36.652 50.215 0.000
v -36.652 50.215 2.402
v -36.542 50.024 2.402
v -36.652 50.215 0.000
v -36.872 50.215 0.000
v -36.872 50.215 2.402
v -36.652 50.215 2.402
v -36.872 50.215 0.000
v -36.982 50.024 0.000
v -36.982 50.024 2.402
v -36.872 50.215 2.402
v -36.982 50.024 0.000
v -36.872 49.834 0.000
v -36.872 49.834 2.402
v -36.982 50.024 2.402
v -36.872 49.834 0.000
v -36.652 49.834 0.000
v -36.652 49.834 2.402
v -36.872 49.834 2.402
v -36.652 49.834 0.000
v -36.542 50.024 0.000
v -36.542 50.024 2.402
v -36.652 49.834 2.402
v -34.696 50.024 4.255
v -35.428 51.359 4.255
v -35.458 50.024 5.653
v -36.762 51.799 4.255
v -36.762 51.533 5.872
v -35.428 51.359 4.255
v -36.762 50.024 6.117
v -35.458 50.024 5.653
v -36.762 51.533 5.872
v -35.428 51.359 4.255
v -36.762 51.533 5.872
v -35.458 50.024 5.653
v -36.762 51.799 4.255
v -38.046 51.308 4.255
v -36.762 51.533 5.872
v -38.476 50.024 4.255
v -38.169 50.024 5.763
v -38.046 51.308 4.255
v -36.762 50.024 6.117
v -36.762 51.533 5.872
v -38.169 50.024 5.763
v -38.046 51.308 4.255
v -38.169 50.024 5.763
v -36.762 51.533 5.872
v -38.476 50.024 4.255
v -38.197 48.590 4.255
v -38.169 50.024 5.763
v -36.762 48.104 4.255
v -36.762 48.862 5.500
v -38.197 48.590 4.255
v -36.762 50.024 6.117
v -38.169 50.024 5.763
v -36.762 48.862 5.500
v -38.197 48.590 4.255
v -36.762 48.862 5.500
v -38.169 50.024 5.763
v -36.762 48.104 4.255
v -35.356 48.618 4.255
v -36.762 48.862 5.500
v -34.696 50.024 4.255
v -35.458 50.024 5.653
v -35.356 48.618 4.255
v -36.762 50.024 6.117
v -36.762 48.862 5.500
v -35.458 50.024 5.653
v -35.356 48.618 4.255
v -35.458 50.024 5.653
v -36.762 48.862 5.500
v -36.762 51.799 4.255
v -35.428 51.359 4.255
v -36.762 51.195 3.001
v -34.696 50.024 4.255
v -35.570 50.024 2.977
v -35.428 51.359 4.255
v -36.762 50.024 1.986
v -36.762 51.195 3.001
v -35.570 50.024 2.977
v -35.428 51.359 4.255
v -35.570 50.024 2.977
v -36.762 51.195 3.001
v -38.476 50.024 4.255
v -38.046 51.308 4.255
v -37.943 50.024 2.990
v -36.762 51.799 4.255
v -36.762 51.195 3.001
v -38.046 51.308 4.255
v -36.762 50.024 1.986
v -37.943 50.024 2.990
v -36.762 51.195 3.001
v -38.046 51.308 4.255
v -36.762 51.195 3.001
v -37.943 50.024 2.990
v -36.762 48.104 4.255
v -38.197 48.590 4.255
v -36.762 48.663 2.797
v -38.476 50.024 4.255
v -37.943 50.024 2.990
v -38.197 48.590 4.255
v -36.762 50.024 1.986
v -36.762 48.663 2.797
v -37.943 50.024 2.990
v -38.197 48.590 4.255
v -37.943 50.024 2.990
v -36.762 48.663 2.797
v -34.696 50.024 4.255
v -35.356 48.618 4.255
v -35.570 50.024 2.977
v -36.762 48.104 4.255
v -36.762 48.663 2.797
v -35.356 48.618 4.255
v -36.762 50.024 1.986
v -35.570 50.024 2.977
v -36.762 48.663 2.797
v -35.356 48.618 4.255
v -36.762 48.663 2.797
v -35.570 50.024 2.977
v -30.823 47.720 0.000
v -30.933 47.911 0.000
v -30.933 47.911 3.679
v -30.823 47.720 3.679
v -30.933 47.911 0.000
v -31.153 47.911 0.000
v -31.153 47.911 3.679
v -30.933 47.911 3.679
v -31.153 47.911 0.000
v -31.263 47.720 0.000
v -31.263 47.720 3.679
v -31.153 47.911 3.679
v -31.263 47.720 0.000
v -31.153 47.530 0.000
v -31.153 47.530 3.679
v -31.263 47.720 3.679
v -31.153 47.530 0.000
v -30.933 47.530 0.000
v -30.933 47.530 3.679
v -31.153 47.530 3.679
v -30.933 47.530 0.000
v -30.823 47.720 0.000
v -30.823 47.720 3.679
v -30.933 47.530 3.679
v -28.940 47.720 2.628
v -29.556 49.207 2.628
v -31.043 47.720 10.511
v -29.556 49.207 2.628
v -28.940 47.720 2.628
v -31.043 47.720 2.628
v -29.556 49.207 2.628
v -31.043 49.823 2.628
v -31.043 47.720 10.511
v -31.043 49.823 2.628
v -29.556 49.207 2.628
v -31.043 47.720 2.628
v -31.043 49.823 2.628
v -32.529 49.207 2.628
v -31.043 47.720 10.511
v -32.529 49.207 2.628
v -31.043 49.823 2.628
v -31.043 47.720 2.628
v -32.529 49.207 2.628
v -33.145 47.720 2.628
v -31.043 47.720 10.511
v -33.145 47.720 2.628
v -32.529 49.207 2.628
v -31.043 47.720 2.628
v -33.145 47.720 2.628
v -32.529 46.234 2.628
v -31.043 47.720 10.511
v -32.529 46.234 2.628
v -33.145 47.720 2.628
v -31.043 47.720 2.628
v -32.529 46.234 2.628
v -31.043 45.618 2.628
v -31.043 47.720 10.511
v -31.043 45.618 2.628
v -32.529 46.234 2.628
v -31.043 47.720 2.628
v -31.043 45.618 2.628
v -29.556 46.234 2.628
v -31.043 47.720 10.511
v -29.556 46.234 2.628
v -31.043 45.618 2.628
v -31.043 47.720 2.628
v -29.556 46.234 2.628
v -28.940 47.720 2.628
v -31.043 47.720 10.511
v -28.940 47.720 2.628
v -29.556 46.234 2.628
v -31.043 47.720 2.628
v -22.474 52.227 0.000
v -22.584 52.417 0.000
v -22.584 52.417 3.011
v -22.474 52.227 3.011
v -22.584 52.417 0.000
v -22.804 52.417 0.000
v -22.804 52.417 3.011
v -22.584 52.417 3.011
v -22.804 52.417 0.000
v -22.914 52.227 0.000
v -22.914 52.227 3.011
v -22.804 52.417 3.011
v -22.914 52.227 0.000
v -22.804 52.036 0.000
v -22.804 52.036 3.011
v -22.914 52.227 3.011
v -22.804 52.036 0.000
v -22.584 52.036 0.000
v -22.584 52.036 3.011
v -22.804 52.036 3.011
v -22.584 52.036 0.000
v -22.474 52.227 0.000
v -22.474 52.227 3.011
v -22.584 52.036 3.011
v -20.973 52.227 2.151
v -21.477 53.444 2.151
v -22.694 52.227 8.604
v -21.477 53.444 2.151
v -20.973 52.227 2.151
v -22.694 52.227 2.151
v -21.477 53.444 2.151
v -22.694 53.948 2.151
v -22.694 52.227 8.604
v -22.694 53.948 2.151
v -21.477 53.444 2.151
v -22.694 52.227 2.151
v -22.694 53.948 2.151
v -23.911 53.444 2.151
v -22.694 52.227 8.604
v -23.911 53.444 2.151
v -22.694 53.948 2.151
v -22.694 52.227 2.151
v -23.911 53.444 2.151
v -24.415 52.227 2.151
v -22.694 52.227 8.604
v -24.415 52.227 2.151
v -23.911 53.444 2.151
v -22.694 52.227 2.151
v -24.415 52.227 2.151
v -23.911 51.010 2.151
v -22.694 52.227 8.604
v -23.911 51.010 2.151
v -24.415 52.227 2.151
v -22.694 52.227 2.151
v -23.911 51.010 2.151
v -22.694 50.506 2.151
v -22.694 52.227 8.604
v -22.694 50.506 2.151
v -23.911 51.010 2.151
v -22.694 52.227 2.151
v -22.694 50.506 2.151
v -21.477 51.010 2.151
v -22.694 52.227 8.604
v -21.477 51.010 2.151
v -22.694 50.506 2.151
v -22.694 52.227 2.151
v -21.477 51.010 2.151
v -20.973 52.227 2.151
v -22.694 52.227 8.604
v -20.973 52.227 2.151
v -21.477 51.010 2.151
v -22.694 52.227 2.151
v -16.297 51.183 0.000
v -16.407 51.374 0.000
v -16.407 51.374 3.512
v -16.297 51.183 3.512
v -16.407 51.374 0.000
v -16.627 51.374 0.000
v -16.627 51.374 3.512
v -16.407 51.374 3.512
v -16.627 51.374 0.000
v -16.737 51.183 0.000
v -16.737 51.183 3.512
v -16.627 51.374 3.512
v -16.737 51.183 0.000
v -16.627 50.992 0.000
v -16.627 50.992 3.512
v -16.737 51.183 3.512
v -16.627 50.992 0.000
v -16.407 50.992 0.000
v -16.407 50.992 3.512
v -16.627 50.992 3.512
v -16.407 50.992 0.000
v -16.297 51.183 0.000
v -16.297 51.183 3.512
v -16.407 50.992 3.512
v -13.550 51.183 6.222
v -14.305 53.395 6.222
v -14.792 51.183 8.070
v -16.517 54.281 6.222
v -16.517 53.387 8.583
v -14.305 53.395 6.222
v -16.517 51.183 8.949
v -14.792 51.183 8.070
v -16.517 53.387 8.583
v -14.305 53.395 6.222
v -16.517 53.387 8.583
v -14.792 51.183 8.070
v -16.517 54.281 6.222
v -18.540 53.206 6.222
v -16.517 53.387 8.583
v -19.419 51.183 6.222
v -18.733 51.183 8.597
v -18.540 53.206 6.222
v -16.517 51.183 8.949
v -16.517 53.387 8.583
v -18.733 51.183 8.597
v -18.540 53.206 6.222
v -18.733 51.183 8.597
v -16.517 53.387 8.583
v -19.419 51.183 6.222
v -18.583 49.117 6.222
v -18.733 51.183 8.597
v -16.517 48.573 6.222
v -16.517 48.913 8.654
v -18.583 49.117 6.222
v -16.517 51.183 8.949
v -18.733 51.183 8.597
v -16.517 48.913 8.654
v -18.583 49.117 6.222
v -16.517 48.913 8.654
v -18.733 51.183 8.597
v -16.517 48.573 6.222
v -14.384 49.050 6.222
v -16.517 48.913 8.654
v -13.550 51.183 6.222
v -14.792 51.183 8.070
v -14.384 49.050 6.222
v -16.517 51.183 8.949
v -16.517 48.913 8.654
v -14.792 51.183 8.070
v -14.384 49.050 6.222
v -14.792 51.183 8.070
v -16.517 48.913 8.654
v -16.517 54.281 6.222
v -14.305 53.395 6.222
v -16.517 52.888 4.395
v -13.550 51.183 6.222
v -14.433 51.183 3.989
v -14.305 53.395 6.222
v -16.517 51.183 3.218
v -16.517 52.888 4.395
v -14.433 51.183 3.989
v -14.305 53.395 6.222
v -14.433 51.183 3.989
v -16.517 52.888 4.395
v -19.419 51.183 6.222
v -18.540 53.206 6.222
v -18.437 51.183 4.165
v -16.517 54.281 6.222
v -16.517 52.888 4.395
v -18.540 53.206 6.222
v -16.517 51.183 3.218
v -18.437 51.183 4.165
v -16.517 52.888 4.395
v -18.540 53.206 6.222
v -16.517 52.888 4.395
v -18.437 51.183 4.165
v -16.517 48.573 6.222
v -18.583 49.117 6.222
v -16.517 48.969 3.849
v -19.419 51.183 6.222
v -18.437 51.183 4.165
v -18.583 49.117 6.222
v -16.517 51.183 3.218
v -16.517 48.969 3.849
v -18.437 51.183 4.165
v -18.583 49.117 6.222
v -18.437 51.183 4.165
v -16.517 48.969 3.849
v -13.550 51.183 6.222
v -14.384 49.050 6.222
v -14.433 51.183 3.989
v -16.517 48.573 6.222
v -16.517 48.969 3.849
v -14.384 49.050 6.222
v -16.517 51.183 3.218
v -14.433 51.183 3.989
v -16.517 48.969 3.849
v -14.384 49.050 6.222
v -16.517 48.969 3.849
v -14.433 51.183 3.989
v -13.323 48.618 0.000
v -13.433 48.808 0.000
v -13.433 48.808 2.861
v -13.323 48.618 2.861
v -13.433 48.808 0.000
v -13.653 48.808 0.000
v -13.653 48.808 2.861
v -13.433 48.808 2.861
v -13.653 48.808 0.000
v -13.763 48.618 0.000
v -13.763 48.618 2.861
v -13.653 48.808 2.861
v -13.763 48.618 0.000
v -13.653 48.427 0.000
v -13.653 48.427 2.861
v -13.763 48.618 2.861
v -13.653 48.427 0.000
v -13.433 48.427 0.000
v -13.433 48.427 2.861
v -13.653 48.427 2.861
v -13.433 48.427 0.000
v -13.323 48.618 0.000
v -13.323 48.618 2.861
v -13.433 48.427 2.861
v -11.452 48.618 5.068
v -11.977 50.184 5.068
v -11.793 48.618 6.943
v -13.543 51.100 5.068
v -13.543 50.200 6.764
v -11.977 50.184 5.068
v -13.543 48.618 7.506
v -11.793 48.618 6.943
v -13.543 50.200 6.764
v -11.977 50.184 5.068
v -13.543 50.200 6.764
v -11.793 48.618 6.943
v -13.543 51.100 5.068
v -15.298 50.373 5.068
v -13.543 50.200 6.764
v -16.055 48.618 5.068
v -15.197 48.618 6.840
v -15.298 50.373 5.068
v -13.543 48.618 7.506
v -13.543 50.200 6.764
v -15.197 48.618 6.840
v -15.298 50.373 5.068
v -15.197 48.618 6.840
v -13.543 50.200 6.764
v -16.055 48.618 5.068
v -15.280 46.881 5.068
v -15.197 48.618 6.840
v -13.543 46.204 5.068
v -13.543 46.971 6.832
v -15.280 46.881 5.068
v -13.543 48.618 7.506
v -15.197 48.618 6.840
v -13.543 46.971 6.832
v -15.280 46.881 5.068
v -13.543 46.971 6.832
v -15.197 48.618 6.840
v -13.543 46.204 5.068
v -12.137 47.212 5.068
v -13.543 46.971 6.832
v -11.452 48.618 5.068
v -11.793 48.618 6.943
v -12.137 47.212 5.068
v -13.543 48.618 7.506
v -13.543 46.971 6.832
v -11.793 48.618 6.943
v -12.137 47.212 5.068
v -11.793 48.618 6.943
v -13.543 46.971 6.832
v -13.543 51.100 5.068
v -11.977 50.184 5.068
v -13.543 50.142 3.435
v -11.452 48.618 5.068
v -11.838 48.618 3.241
v -11.977 50.184 5.068
v -13.543 48.618 2.407
v -13.543 50.142 3.435
v -11.838 48.618 3.241
v -11.977 50.184 5.068
v -11.838 48.618 3.241
v -13.543 50.142 3.435
v -16.055 48.618 5.068
v -15.298 50.373 5.068
v -15.309 48.618 3.176
v -13.543 51.100 5.068
v -13.543 50.142 3.435
v -15.298 50.373 5.068
v -13.543 48.618 2.407
v -15.309 48.618 3.176
v -13.543 50.142 3.435
v -15.298 50.373 5.068
v -13.543 50.142 3.435
v -15.309 48.618 3.176
v -13.543 46.204 5.068
v -15.280 46.881 5.068
v -13.543 47.065 3.404
v -16.055 48.618 5.068
v -15.309 48.618 3.176
v -15.280 46.881 5.068
v -13.543 48.618 2.407
v -13.543 47.065 3.404
v -15.309 48.618 3.176
v -15.280 46.881 5.068
v -15.309 48.618 3.176
v -13.543 47.065 3.404
v -11.452 48.618 5.068
v -12.137 47.212 5.068
v -11.838 48.618 3.241
v -13.543 46.204 5.068
v -13.543 47.065 3.404
v -12.137 47.212 5.068
v -13.543 48.618 2.407
v -11.838 48.618 3.241
v -13.543 47.065 3.404
v -12.137 47.212 5.068
v -13.543 47.065 3.404
v -11.838 48.618 3.241
v -99.977 54.217 0.000
v -100.087 54.407 0.000
v -100.087 54.407 3.607
v -99.977 54.217 3.607
v -100.087 54.407 0.000
v -100.307 54.407 0.000
v -100.307 54.407 3.607
v -100.087 54.407 3.607
v -100.307 54.407 0.000
v -100.417 54.217 0.000
v -100.417 54.217 3.607
v -100.307 54.407 3.607
v -100.417 54.217 0.000
v -100.307 54.026 0.000
v -100.307 54.026 3.607
v -100.417 54.217 3.607
v -100.307 54.026 0.000
v -100.087 54.026 0.000
v -100.087 54.026 3.607
v -100.307 54.026 3.607
v -100.087 54.026 0.000
v -99.977 54.217 0.000
v -99.977 54.217 3.607
v -100.087 54.026 3.607
v -97.578 54.217 6.390
v -98.028 56.386 6.390
v -98.260 54.217 8.466
v -100.197 57.440 6.390
v -100.197 56.485 8.821
v -98.028 56.386 6.390
v -100.197 54.217 9.056
v -98.260 54.217 8.466
v -100.197 56.485 8.821
v -98.028 56.386 6.390
v -100.197 56.485 8.821
v -98.260 54.217 8.466
v -100.197 57.440 6.390
v -102.426 56.446 6.390
v -100.197 56.485 8.821
v -103.436 54.217 6.390
v -102.152 54.217 8.485
v -102.426 56.446 6.390
v -100.197 54.217 9.056
v -100.197 56.485 8.821
v -102.152 54.217 8.485
v -102.426 56.446 6.390
v -102.152 54.217 8.485
v -100.197 56.485 8.821
v -103.436 54.217 6.390
v -101.946 52.468 6.390
v -102.152 54.217 8.485
v -100.197 51.623 6.390
v -100.197 52.142 8.613
v -101.946 52.468 6.390
v -100.197 54.217 9.056
v -102.152 54.217 8.485
v -100.197 52.142 8.613
v -101.946 52.468 6.390
v -100.197 52.142 8.613
v -102.152 54.217 8.485
v -100.197 51.623 6.390
v -97.933 51.954 6.390
v -100.197 52.142 8.613
v -97.578 54.217 6.390
v -98.260 54.217 8.466
v -97.933 51.954 6.390
v -100.197 54.217 9.056
v -100.197 52.142 8.613
v -98.260 54.217 8.466
v -97.933 51.954 6.390
v -98.260 54.217 8.466
v -100.197 52.142 8.613
v -100.197 57.440 6.390
v -98.028 56.386 6.390
v -100.197 55.985 4.496
v -97.578 54.217 6.390
v -98.223 54.217 4.275
v -98.028 56.386 6.390
v -100.197 54.217 3.383
v -100.197 55.985 4.496
v -98.223 54.217 4.275
v -98.028 56.386 6.390
v -98.223 54.217 4.275
v -100.197 55.985 4.496
v -103.436 54.217 6.390
v -102.426 56.446 6.390
v -102.025 54.217 4.432
v -100.197 57.440 6.390
v -100.197 55.985 4.496
v -102.426 56.446 6.390
v -100.197 54.217 3.383
v -102.025 54.217 4.432
v -100.197 55.985 4.496
v -102.426 56.446 6.390
v -100.197 55.985 4.496
v -102.025 54.217 4.432
v -100.197 51.623 6.390
v -101.946 52.468 6.390
v -100.197 52.273 4.307
v -103.436 54.217 6.390
v -102.025 54.217 4.432
v -101.946 52.468 6.390
v -100.197 54.217 3.383
v -100.197 52.273 4.307
v -102.025 54.217 4.432
v -101.946 52.468 6.390
v -102.025 54.217 4.432
v -100.197 52.273 4.307
v -97.578 54.217 6.390
v -97.933 51.954 6.390
v -98.223 54.217 4.275
v -100.197 51.623 6.390
v -100.197 52.273 4.307
v -97.933 51.954 6.390
v -100.197 54.217 3.383
v -98.223 54.217 4.275
v -100.197 52.273 4.307
v -97.933 51.954 6.390
v -100.197 52.273 4.307
v -98.223 54.217 4.275
v -91.974 55.456 0.000
v -92.084 55.646 0.000
v -92.084 55.646 3.173
v -91.974 55.456 3.173
v -92.084 55.646 0.000
v -92.304 55.646 0.000
v -92.304 55.646 3.173
v -92.084 55.646 3.173
v -92.304 55.646 0.000
v -92.414 55.456 0.000
v -92.414 55.456 3.173
v -92.304 55.646 3.173
v -92.414 55.456 0.000
v -92.304 55.265 0.000
v -92.304 55.265 3.173
v -92.414 55.456 3.173
v -92.304 55.265 0.000
v -92.084 55.265 0.000
v -92.084 55.265 3.173
v -92.304 55.265 3.173
v -92.084 55.265 0.000
v -91.974 55.456 0.000
v -91.974 55.456 3.173
v -92.084 55.265 3.173
v -90.381 55.456 2.266
v -90.912 56.738 2.266
v -92.194 55.456 9.065
v -90.912 56.738 2.266
v -90.381 55.456 2.266
v -92.194 55.456 2.266
v -90.912 56.738 2.266
v -92.194 57.269 2.266
v -92.194 55.456 9.065
v -92.194 57.269 2.266
v -90.912 56.738 2.266
v -92.194 55.456 2.266
v -92.194 57.269 2.266
v -93.476 56.738 2.266
v -92.194 55.456 9.065
v -93.476 56.738 2.266
v -92.194 57.269 2.266
v -92.194 55.456 2.266
v -93.476 56.738 2.266
v -94.007 55.456 2.266
v -92.194 55.456 9.065
v -94.007 55.456 2.266
v -93.476 56.738 2.266
v -92.194 55.456 2.266
v -94.007 55.456 2.266
v -93.476 54.174 2.266
v -92.194 55.456 9.065
v -93.476 54.174 2.266
v -94.007 55.456 2.266
v -92.194 55.456 2.266
v -93.476 54.174 2.266
v -92.194 53.643 2.266
v -92.194 55.456 9.065
v -92.194 53.643 2.266
v -93.476 54.174 2.266
v -92.194 55.456 2.266
v -92.194 53.643 2.266
v -90.912 54.174 2.266
v -92.194 55.456 9.065
v -90.912 54.174 2.266
v -92.194 53.643 2.266
v -92.194 55.456 2.266
v -90.912 54.174 2.266
v -90.381 55.456 2.266
v -92.194 55.456 9.065
v -90.381 55.456 2.266
v -90.912 54.174 2.266
v -92.194 55.456 2.266
v -83.223 53.869 0.000
v -83.333 54.060 0.000
v -83.333 54.060 4.077
v -83.223 53.869 4.077
v -83.333 54.060 0.000
v -83.553 54.060 0.000
v -83.553 54.060 4.077
v -83.333 54.060 4.077
v -83.553 54.060 0.000
v -83.663 53.869 0.000
v -83.663 53.869 4.077
v -83.553 54.060 4.077
v -83.663 53.869 0.000
v -83.553 53.679 0.000
v -83.553 53.679 4.077
v -83.663 53.869 4.077
v -83.553 53.679 0.000
v -83.333 53.679 0.000
v -83.333 53.679 4.077
v -83.553 53.679 4.077
v -83.333 53.679 0.000
v -83.223 53.869 0.000
v -83.223 53.869 4.077
v -83.333 53.679 4.077
v -80.060 53.869 7.223
v -81.352 55.961 7.223
v -81.106 53.869 9.727
v -83.443 57.287 7.223
v -83.443 56.122 9.637
v -81.352 55.961 7.223
v -83.443 53.869 10.673
v -81.106 53.869 9.727
v -83.443 56.122 9.637
v -81.352 55.961 7.223
v -83.443 56.122 9.637
v -81.106 53.869 9.727
v -83.443 57.287 7.223
v -86.009 56.435 7.223
v -83.443 56.122 9.637
v -86.774 53.869 7.223
v -85.514 53.869 9.442
v -86.009 56.435 7.223
v -83.443 53.869 10.673
v -83.443 56.122 9.637
v -85.514 53.869 9.442
v -86.009 56.435 7.223
v -85.514 53.869 9.442
v -83.443 56.122 9.637
v -86.774 53.869 7.223
v -85.717 51.596 7.223
v -85.514 53.869 9.442
v -83.443 51.049 7.223
v -83.443 51.510 9.751
v -85.717 51.596 7.223
v -83.443 53.869 10.673
v -85.514 53.869 9.442
v -83.443 51.510 9.751
v -85.717 51.596 7.223
v -83.443 51.510 9.751
v -85.514 53.869 9.442
v -83.443 51.049 7.223
v -81.032 51.458 7.223
v -83.443 51.510 9.751
v -80.060 53.869 7.223
v -81.106 53.869 9.727
v -81.032 51.458 7.223
v -83.443 53.869 10.673
v -83.443 51.510 9.751
v -81.106 53.869 9.727
v -81.032 51.458 7.223
v -81.106 53.869 9.727
v -83.443 51.510 9.751
v -83.443 57.287 7.223
v -81.352 55.961 7.223
v -83.443 56.155 4.774
v -80.060 53.869 7.223
v -81.421 53.869 5.056
v -81.352 55.961 7.223
v -83.443 53.869 3.471
v -83.443 56.155 4.774
v -81.421 53.869 5.056
v -81.352 55.961 7.223
v -81.421 53.869 5.056
v -83.443 56.155 4.774
v -86.774 53.869 7.223
v -86.009 56.435 7.223
v -85.718 53.869 4.785
v -83.443 57.287 7.223
v -83.443 56.155 4.774
v -86.009 56.435 7.223
v -83.443 53.869 3.471
v -85.718 53.869 4.785
v -83.443 56.155 4.774
v -86.009 56.435 7.223
v -83.443 56.155 4.774
v -85.718 53.869 4.785
v -83.443 51.049 7.223
v -85.717 51.596 7.223
v -83.443 51.290 4.459
v -86.774 53.869 7.223
v -85.718 53.869 4.785
v -85.717 51.596 7.223
v -83.443 53.869 3.471
v -83.443 51.290 4.459
v -85.718 53.869 4.785
v -85.717 51.596 7.223
v -85.718 53.869 4.785
v -83.443 51.290 4.459
v -80.060 53.869 7.223
v -81.032 51.458 7.223
v -81.421 53.869 5.056
v -83.443 51.049 7.223
v -83.443 51.290 4.459
v -81.032 51.458 7.223
v -83.443 53.869 3.471
v -81.421 53.869 5.056
v -83.443 51.290 4.459
v -81.032 51.458 7.223
v -83.443 51.290 4.459
v -81.421 53.869 5.056
v -79.862 56.973 0.000
v -79.972 57.163 0.000
v -79.972 57.163 3.140
v -79.862 56.973 3.140
v -79.972 57.163 0.000
v -80.192 57.163 0.000
v -80.192 57.163 3.140
v -79.972 57.163 3.140
v -80.192 57.163 0.000
v -80.302 56.973 0.000
v -80.302 56.973 3.140
v -80.192 57.163 3.140
v -80.302 56.973 0.000
v -80.192 56.782 0.000
v -80.192 56.782 3.140
v -80.302 56.973 3.140
v -80.192 56.782 0.000
v -79.972 56.782 0.000
v -79.972 56.782 3.140
v -80.192 56.782 3.140
v -79.972 56.782 0.000
v -79.862 56.973 0.000
v -79.862 56.973 3.140
v -79.972 56.782 3.140
v -77.227 56.973 5.563
v -78.292 58.763 5.563
v -78.418 56.973 7.345
v -80.082 59.562 5.563
v -80.082 58.829 7.551
v -78.292 58.763 5.563
v -80.082 56.973 7.854
v -78.418 56.973 7.345
v -80.082 58.829 7.551
v -78.292 58.763 5.563
v -80.082 58.829 7.551
v -78.418 56.973 7.345
v -80.082 59.562 5.563
v -81.623 58.514 5.563
v -80.082 58.829 7.551
v -82.305 56.973 5.563
v -81.931 56.973 7.544
v -81.623 58.514 5.563
v -80.082 56.973 7.854
v -80.082 58.829 7.551
v -81.931 56.973 7.544
v -81.623 58.514 5.563
v -81.931 56.973 7.544
v -80.082 58.829 7.551
v -82.305 56.973 5.563
v -81.723 55.331 5.563
v -81.931 56.973 7.544
v -80.082 54.459 5.563
v -80.082 55.063 7.609
v -81.723 55.331 5.563
v -80.082 56.973 7.854
v -81.931 56.973 7.544
v -80.082 55.063 7.609
v -81.723 55.331 5.563
v -80.082 55.063 7.609
v -81.931 56.973 7.544
v -80.082 54.459 5.563
v -78.062 54.953 5.563
v -80.082 55.063 7.609
v -77.227 56.973 5.563
v -78.418 56.973 7.345
v -78.062 54.953 5.563
v -80.082 56.973 7.854
v -80.082 55.063 7.609
v -78.418 56.973 7.345
v -78.062 54.953 5.563
v -78.418 56.973 7.345
v -80.082 55.063 7.609
v -80.082 59.562 5.563
v -78.292 58.763 5.563
v -80.082 58.484 3.943
v -77.227 56.973 5.563
v -78.411 56.973 3.772
v -78.292 58.763 5.563
v -80.082 56.973 2.640
v -80.082 58.484 3.943
v -78.411 56.973 3.772
v -78.292 58.763 5.563
v -78.411 56.973 3.772
v -80.082 58.484 3.943
v -82.305 56.973 5.563
v -81.623 58.514 5.563
v -81.644 56.973 3.889
v -80.082 59.562 5.563
v -80.082 58.484 3.943
v -81.623 58.514 5.563
v -80.082 56.973 2.640
v -81.644 56.973 3.889
v -80.082 58.484 3.943
v -81.623 58.514 5.563
v -80.082 58.484 3.943
v -81.644 56.973 3.889
v -80.082 54.459 5.563
v -81.723 55.331 5.563
v -80.082 55.291 3.761
v -82.305 56.973 5.563
v -81.644 56.973 3.889
v -81.723 55.331 5.563
v -80.082 56.973 2.640
v -80.082 55.291 3.761
v -81.644 56.973 3.889
v -81.723 55.331 5.563
v -81.644 56.973 3.889
v -80.082 55.291 3.761
v -77.227 56.973 5.563
v -78.062 54.953 5.563
v -78.411 56.973 3.772
v -80.082 54.459 5.563
v -80.082 55.291 3.761
v -78.062 54.953 5.563
v -80.082 56.973 2.640
v -78.411 56.973 3.772
v -80.082 55.291 3.761
v -78.062 54.953 5.563
v -80.082 55.291 3.761
v -78.411 56.973 3.772
v -75.070 57.601 0.000
v -75.180 57.792 0.000
v -75.180 57.792 3.394
v -75.070 57.601 3.394
v -75.180 57.792 0.000
v -75.400 57.792 0.000
v -75.400 57.792 3.394
v -75.180 57.792 3.394
v -75.400 57.792 0.000
v -75.510 57.601 0.000
v -75.510 57.601 3.394
v -75.400 57.792 3.394
v -75.510 57.601 0.000
v -75.400 57.411 0.000
v -75.400 57.411 3.394
v -75.510 57.601 3.394
v -75.400 57.411 0.000
v -75.180 57.411 0.000
v -75.180 57.411 3.394
v -75.400 57.411 3.394
v -75.180 57.411 0.000
v -75.070 57.601 0.000
v -75.070 57.601 3.394
v -75.180 57.411 3.394
v -73.350 57.601 2.425
v -73.919 58.973 2.425
v -75.290 57.601 9.698
v -73.919 58.973 2.425
v -73.350 57.601 2.425
v -75.290 57.601 2.425
v -73.919 58.973 2.425
v -75.290 59.541 2.425
v -75.290 57.601 9.698
v -75.290 59.541 2.425
v -73.919 58.973 2.425
v -75.290 57.601 2.425
v -75.290 59.541 2.425
v -76.662 58.973 2.425
v -75.290 57.601 9.698
v -76.662 58.973 2.425
v -75.290 59.541 2.425
v -75.290 57.601 2.425
v -76.662 58.973 2.425
v -77.230 57.601 2.425
v -75.290 57.601 9.698
v -77.230 57.601 2.425
v -76.662 58.973 2.425
v -75.290 57.601 2.425
v -77.230 57.601 2.425
v -76.662 56.230 2.425
v -75.290 57.601 9.698
v -76.662 56.230 2.425
v -77.230 57.601 2.425
v -75.290 57.601 2.425
v -76.662 56.230 2.425
v -75.290 55.661 2.425
v -75.290 57.601 9.698
v -75.290 55.661 2.425
v -76.662 56.230 2.425
v -75.290 57.601 2.425
v -75.290 55.661 2.425
v -73.919 56.230 2.425
v -75.290 57.601 9.698
v -73.919 56.230 2.425
v -75.290 55.661 2.425
v -75.290 57.601 2.425
v -73.919 56.230 2.425
v -73.350 57.601 2.425
v -75.290 57.601 9.698
v -73.350 57.601 2.425
v -73.919 56.230 2.425
v -75.290 57.601 2.425
v -47.571 52.997 0.000
v -47.681 53.188 0.000
v -47.681 53.188 3.222
v -47.571 52.997 3.222
v -47.681 53.188 0.000
v -47.901 53.188 0.000
v -47.901 53.188 3.222
v -47.681 53.188 3.222
v -47.901 53.188 0.000
v -48.011 52.997 0.000
v -48.011 52.997 3.222
v -47.901 53.188 3.222
v -48.011 52.997 0.000
v -47.901 52.807 0.000
v -47.901 52.807 3.222
v -48.011 52.997 3.222
v -47.901 52.807 0.000
v -47.681 52.807 0.000
v -47.681 52.807 3.222
v -47.901 52.807 3.222
v -47.681 52.807 0.000
v -47.571 52.997 0.000
v -47.571 52.997 3.222
v -47.681 52.807 3.222
v -45.950 52.997 2.301
v -46.489 54.299 2.301
v -47.791 52.997 9.204
v -46.489 54.299 2.301
v -45.950 52.997 2.301
v -47.791 52.997 2.301
v -46.489 54.299 2.301
v -47.791 54.838 2.301
v -47.791 52.997 9.204
v -47.791 54.838 2.301
v -46.489 54.299 2.301
v -47.791 52.997 2.301
v -47.791 54.838 2.301
v -49.092 54.299 2.301
v -47.791 52.997 9.204
v -49.092 54.299 2.301
v -47.791 54.838 2.301
v -47.791 52.997 2.301
v -49.092 54.299 2.301
v -49.632 52.997 2.301
v -47.791 52.997 9.204
v -49.632 52.997 2.301
v -49.092 54.299 2.301
v -47.791 52.997 2.301
v -49.632 52.997 2.301
v -49.092 51.696 2.301
v -47.791 52.997 9.204
v -49.092 51.696 2.301
v -49.632 52.997 2.301
v -47.791 52.997 2.301
v -49.092 51.696 2.301
v -47.791 51.156 2.301
v -47.791 52.997 9.204
v -47.791 51.156 2.301
v -49.092 51.696 2.301
v -47.791 52.997 2.301
v -47.791 51.156 2.301
v -46.489 51.696 2.301
v -47.791 52.997 9.204
v -46.489 51.696 2.301
v -47.791 51.156 2.301
v -47.791 52.997 2.301
v -46.489 51.696 2.301
v -45.950 52.997 2.301
v -47.791 52.997 9.204
v -45.950 52.997 2.301
v -46.489 51.696 2.301
v -47.791 52.997 2.301
v -42.090 53.577 0.000
v -42.200 53.767 0.000
v -42.200 53.767 2.883
v -42.090 53.577 2.883
v -42.200 53.767 0.000
v -42.420 53.767 0.000
v -42.420 53.767 2.883
v -42.200 53.767 2.883
v -42.420 53.767 0.000
v -42.530 53.577 0.000
v -42.530 53.577 2.883
v -42.420 53.767 2.883
v -42.530 53.577 0.000
v -42.420 53.386 0.000
v -42.420 53.386 2.883
v -42.530 53.577 2.883
v -42.420 53.386 0.000
v -42.200 53.386 0.000
v -42.200 53.386 2.883
v -42.420 53.386 2.883
v -42.200 53.386 0.000
v -42.090 53.577 0.000
v -42.090 53.577 2.883
v -42.200 53.386 2.883
v -40.662 53.577 2.060
v -41.145 54.742 2.060
v -42.310 53.577 8.238
v -41.145 54.742 2.060
v -40.662 53.577 2.060
v -42.310 53.577 2.060
v -41.145 54.742 2.060
v -42.310 55.224 2.060
v -42.310 53.577 8.238
v -42.310 55.224 2.060
v -41.145 54.742 2.060
v -42.310 53.577 2.060
v -42.310 55.224 2.060
v -43.475 54.742 2.060
v -42.310 53.577 8.238
v -43.475 54.742 2.060
v -42.310 55.224 2.060
v -42.310 53.577 2.060
v -43.475 54.742 2.060
v -43.958 53.577 2.060
v -42.310 53.577 8.238
v -43.958 53.577 2.060
v -43.475 54.742 2.060
v -42.310 53.577 2.060
v -43.958 53.577 2.060
v -43.475 52.412 2.060
v -42.310 53.577 8.238
v -43.475 52.412 2.060
v -43.958 53.577 2.060
v -42.310 53.577 2.060
v -43.475 52.412 2.060
v -42.310 51.929 2.060
v -42.310 53.577 8.238
v -42.310 51.929 2.060
v -43.475 52.412 2.060
v -42.310 53.577 2.060
v -42.310 51.929 2.060
v -41.145 52.412 2.060
v -42.310 53.577 8.238
v -41.145 52.412 2.060
v -42.310 51.929 2.060
v -42.310 53.577 2.060
v -41.145 52.412 2.060
v -40.662 53.577 2.060
v -42.310 53.577 8.238
v -40.662 53.577 2.060
v -41.145 52.412 2.060
v -42.310 53.577 2.060
v -36.411 56.627 0.000
v -36.521 56.817 0.000
v -36.521 56.817 2.506
v -36.411 56.627 2.506
v -36.521 56.817 0.000
v -36.741 56.817 0.000
v -36.741 56.817 2.506
v -36.521 56.817 2.506
v -36.741 56.817 0.000
v -36.851 56.627 0.000
v -36.851 56.627 2.506
v -36.741 56.817 2.506
v -36.851 56.627 0.000
v -36.741 56.436 0.000
v -36.741 56.436 2.506
v -36.851 56.627 2.506
v -36.741 56.436 0.000
v -36.521 56.436 0.000
v -36.521 56.436 2.506
v -36.741 56.436 2.506
v -36.521 56.436 0.000
v -36.411 56.627 0.000
v -36.411 56.627 2.506
v -36.521 56.436 2.506
v -34.468 56.627 4.439
v -35.403 57.854 4.439
v -35.378 56.627 5.781
v -36.631 58.846 4.439
v -36.631 57.908 5.812
v -35.403 57.854 4.439
v -36.631 56.627 6.286
v -35.378 56.627 5.781
v -36.631 57.908 5.812
v -35.403 57.854 4.439
v -36.631 57.908 5.812
v -35.378 56.627 5.781
v -36.631 58.846 4.439
v -37.989 57.985 4.439
v -36.631 57.908 5.812
v -38.696 56.627 4.439
v -38.004 56.627 5.911
v -37.989 57.985 4.439
v -36.631 56.627 6.286
v -36.631 57.908 5.812
v -38.004 56.627 5.911
v -37.989 57.985 4.439
v -38.004 56.627 5.911
v -36.631 57.908 5.812
v -38.696 56.627 4.439
v -38.125 55.133 4.439
v -38.004 56.627 5.911
v -36.631 54.848 4.439
v -36.631 55.401 5.753
v -38.125 55.133 4.439
v -36.631 56.627 6.286
v -38.004 56.627 5.911
v -36.631 55.401 5.753
v -38.125 55.133 4.439
v -36.631 55.401 5.753
v -38.004 56.627 5.911
v -36.631 54.848 4.439
v -35.374 55.370 4.439
v -36.631 55.401 5.753
v -34.468 56.627 4.439
v -35.378 56.627 5.781
v -35.374 55.370 4.439
v -36.631 56.627 6.286
v -36.631 55.401 5.753
v -35.378 56.627 5.781
v -35.374 55.370 4.439
v -35.378 56.627 5.781
v -36.631 55.401 5.753
v -36.631 58.846 4.439
v -35.403 57.854 4.439
v -36.631 57.876 3.101
v -34.468 56.627 4.439
v -35.291 56.627 3.004
v -35.403 57.854 4.439
v -36.631 56.627 2.001
v -36.631 57.876 3.101
v -35.291 56.627 3.004
v -35.403 57.854 4.439
v -35.291 56.627 3.004
v -36.631 57.876 3.101
v -38.696 56.627 4.439
v -37.989 57.985 4.439
v -38.233 56.627 2.723
v -36.631 58.846 4.439
v -36.631 57.876 3.101
v -37.989 57.985 4.439
v -36.631 56.627 2.001
v -38.233 56.627 2.723
v -36.631 57.876 3.101
v -37.989 57.985 4.439
v -36.631 57.876 3.101
v -38.233 56.627 2.723
v -36.631 54.848 4.439
v -38.125 55.133 4.439
v -36.631 55.346 3.067
v -38.696 56.627 4.439
v -38.233 56.627 2.723
v -38.125 55.133 4.439
v -36.631 56.627 2.001
v -36.631 55.346 3.067
v -38.233 56.627 2.723
v -38.125 55.133 4.439
v -38.233 56.627 2.723
v -36.631 55.346 3.067
v -34.468 56.627 4.439
v -35.374 55.370 4.439
v -35.291 56.627 3.004
v -36.631 54.848 4.439
v -36.631 55.346 3.067
v -35.374 55.370 4.439
v -36.631 56.627 2.001
v -35.291 56.627 3.004
v -36.631 55.346 3.067
v -35.374 55.370 4.439
v -36.631 55.346 3.067
v -35.291 56.627 3.004
v -25.502 57.381 0.000
v -25.612 57.571 0.000
v -25.612 57.571 2.992
v -25.502 57.381 2.992
v -25.612 57.571 0.000
v -25.832 57.571 0.000
v -25.832 57.571 2.992
v -25.612 57.571 2.992
v -25.832 57.571 0.000
v -25.942 57.381 0.000
v -25.942 57.381 2.992
v -25.832 57.571 2.992
v -25.942 57.381 0.000
v -25.832 57.190 0.000
v -25.832 57.190 2.992
v -25.942 57.381 2.992
v -25.832 57.190 0.000
v -25.612 57.190 0.000
v -25.612 57.190 2.992
v -25.832 57.190 2.992
v -25.612 57.190 0.000
v -25.502 57.381 0.000
v -25.502 57.381 2.992
v -25.612 57.190 2.992
v -24.012 57.381 2.137
v -24.513 58.590 2.137
v -25.722 57.381 8.547
v -24.513 58.590 2.137
v -24.012 57.381 2.137
v -25.722 57.381 2.137
v -24.513 58.590 2.137
v -25.722 59.090 2.137
v -25.722 57.381 8.547
v -25.722 59.090 2.137
v -24.513 58.590 2.137
v -25.722 57.381 2.137
v -25.722 59.090 2.137
v -26.930 58.590 2.137
v -25.722 57.381 8.547
v -26.930 58.590 2.137
v -25.722 59.090 2.137
v -25.722 57.381 2.137
v -26.930 58.590 2.137
v -27.431 57.381 2.137
v -25.722 57.381 8.547
v -27.431 57.381 2.137
v -26.930 58.590 2.137
v -25.722 57.381 2.137
v -27.431 57.381 2.137
v -26.930 56.172 2.137
v -25.722 57.381 8.547
v -26.930 56.172 2.137
v -27.431 57.381 2.137
v -25.722 57.381 2.137
v -26.930 56.172 2.137
v -25.722 55.671 2.137
v -25.722 57.381 8.547
v -25.722 55.671 2.137
v -26.930 56.172 2.137
v -25.722 57.381 2.137
v -25.722 55.671 2.137
v -24.513 56.172 2.137
v -25.722 57.381 8.547
v -24.513 56.172 2.137
v -25.722 55.671 2.137
v -25.722 57.381 2.137
v -24.513 56.172 2.137
v -24.012 57.381 2.137
v -25.722 57.381 8.547
v -24.012 57.381 2.137
v -24.513 56.172 2.137
v -25.722 57.381 2.137
v -17.787 55.819 0.000
v -17.897 56.010 0.000
v -17.897 56.010 3.099
v -17.787 55.819 3.099
v -17.897 56.010 0.000
v -18.117 56.010 0.000
v -18.117 56.010 3.099
v -17.897 56.010 3.099
v -18.117 56.010 0.000
v -18.227 55.819 0.000
v -18.227 55.819 3.099
v -18.117 56.010 3.099
v -18.227 55.819 0.000
v -18.117 55.628 0.000
v -18.117 55.628 3.099
v -18.227 55.819 3.099
v -18.117 55.628 0.000
v -17.897 55.628 0.000
v -17.897 55.628 3.099
v -18.117 55.628 3.099
v -17.897 55.628 0.000
v -17.787 55.819 0.000
v -17.787 55.819 3.099
v -17.897 55.628 3.099
v -16.236 55.819 2.214
v -16.755 57.071 2.214
v -18.007 55.819 8.854
v -16.755 57.071 2.214
v -16.236 55.819 2.214
v -18.007 55.819 2.214
v -16.755 57.071 2.214
v -18.007 57.590 2.214
v -18.007 55.819 8.854
v -18.007 57.590 2.214
v -16.755 57.071 2.214
v -18.007 55.819 2.214
v -18.007 57.590 2.214
v -19.259 57.071 2.214
v -18.007 55.819 8.854
v -19.259 57.071 2.214
v -18.007 57.590 2.214
v -18.007 55.819 2.214
v -19.259 57.071 2.214
v -19.778 55.819 2.214
v -18.007 55.819 8.854
v -19.778 55.819 2.214
v -19.259 57.071 2.214
v -18.007 55.819 2.214
v -19.778 55.819 2.214
v -19.259 54.567 2.214
v -18.007 55.819 8.854
v -19.259 54.567 2.214
v -19.778 55.819 2.214
v -18.007 55.819 2.214
v -19.259 54.567 2.214
v -18.007 54.048 2.214
v -18.007 55.819 8.854
v -18.007 54.048 2.214
v -19.259 54.567 2.214
v -18.007 55.819 2.214
v -18.007 54.048 2.214
v -16.755 54.567 2.214
v -18.007 55.819 8.854
v -16.755 54.567 2.214
v -18.007 54.048 2.214
v -18.007 55.819 2.214
v -16.755 54.567 2.214
v -16.236 55.819 2.214
v -18.007 55.819 8.854
v -16.236 55.819 2.214
v -16.755 54.567 2.214
v -18.007 55.819 2.214
v -16.489 53.382 0.000
v -16.599 53.572 0.000
v -16.599 53.572 2.825
v -16.489 53.382 2.825
v -16.599 53.572 0.000
v -16.819 53.572 0.000
v -16.819 53.572 2.825
v -16.599 53.572 2.825
v -16.819 53.572 0.000
v -16.929 53.382 0.000
v -16.929 53.382 2.825
v -16.819 53.572 2.825
v -16.929 53.382 0.000
v -16.819 53.191 0.000
v -16.819 53.191 2.825
v -16.929 53.382 2.825
v -16.819 53.191 0.000
v -16.599 53.191 0.000
v -16.599 53.191 2.825
v -16.819 53.191 2.825
v -16.599 53.191 0.000
v -16.489 53.382 0.000
v -16.489 53.382 2.825
v -16.599 53.191 2.825
v -14.153 53.382 5.004
v -15.236 54.855 5.004
v -14.977 53.382 6.859
v -16.709 55.841 5.004
v -16.709 55.038 6.779
v -15.236 54.855 5.004
v -16.709 53.382 7.088
v -14.977 53.382 6.859
v -16.709 55.038 6.779
v -15.236 54.855 5.004
v -16.709 55.038 6.779
v -14.977 53.382 6.859
v -16.709 55.841 5.004
v -18.366 55.039 5.004
v -16.709 55.038 6.779
v -18.785 53.382 5.004
v -18.421 53.382 6.838
v -18.366 55.039 5.004
v -16.709 53.382 7.088
v -16.709 55.038 6.779
v -18.421 53.382 6.838
v -18.366 55.039 5.004
v -18.421 53.382 6.838
v -16.709 55.038 6.779
v -18.785 53.382 5.004
v -18.475 51.616 5.004
v -18.421 53.382 6.838
v -16.709 50.835 5.004
v -16.709 51.731 6.772
v -18.475 51.616 5.004
v -16.709 53.382 7.088
v -18.421 53.382 6.838
v -16.709 51.731 6.772
v -18.475 51.616 5.004
v -16.709 51.731 6.772
v -18.421 53.382 6.838
v -16.709 50.835 5.004
v -14.953 51.625 5.004
v -16.709 51.731 6.772
v -14.153 53.382 5.004
v -14.977 53.382 6.859
v -14.953 51.625 5.004
v -16.709 53.382 7.088
v -16.709 51.731 6.772
v -14.977 53.382 6.859
v -14.953 51.625 5.004
v -14.977 53.382 6.859
v -16.709 51.731 6.772
v -16.709 55.841 5.004
v -15.236 54.855 5.004
v -16.709 54.798 3.486
v -14.153 53.382 5.004
v -15.263 53.382 3.455
v -15.236 54.855 5.004
v -16.709 53.382 2.544
v -16.709 54.798 3.486
v -15.263 53.382 3.455
v -15.236 54.855 5.004
v -15.263 53.382 3.455
v -16.709 54.798 3.486
v -18.785 53.382 5.004
v -18.366 55.039 5.004
v -18.527 53.382 3.056
v -16.709 55.841 5.004
v -16.709 54.798 3.486
v -18.366 55.039 5.004
v -16.709 53.382 2.544
v -18.527 53.382 3.056
v -16.709 54.798 3.486
v -18.366 55.039 5.004
v -16.709 54.798 3.486
v -18.527 53.382 3.056
v -16.709 50.835 5.004
v -18.475 51.616 5.004
v -16.709 51.987 3.510
v -18.785 53.382 5.004
v -18.527 53.382 3.056
v -18.475 51.616 5.004
v -16.709 53.382 2.544
v -16.709 51.987 3.510
v -18.527 53.382 3.056
v -18.475 51.616 5.004
v -18.527 53.382 3.056
v -16.709 51.987 3.510
v -14.153 53.382 5.004
v -14.953 51.625 5.004
v -15.263 53.382 3.455
v -16.709 50.835 5.004
v -16.709 51.987 3.510
v -14.953 51.625 5.004
v -16.709 53.382 2.544
v -15.263 53.382 3.455
v -16.709 51.987 3.510
v -14.953 51.625 5.004
v -16.709 51.987 3.510
v -15.263 53.382 3.455
v -98.951 61.427 0.000
v -99.061 61.617 0.000
v -99.061 61.617 2.994
v -98.951 61.427 2.994
v -99.061 61.617 0.000
v -99.281 61.617 0.000
v -99.281 61.617 2.994
v -99.061 61.617 2.994
v -99.281 61.617 0.000
v -99.391 61.427 0.000
v -99.391 61.427 2.994
v -99.281 61.617 2.994
v -99.391 61.427 0.000
v -99.281 61.236 0.000
v -99.281 61.236 2.994
v -99.391 61.427 2.994
v -99.281 61.236 0.000
v -99.061 61.236 0.000
v -99.061 61.236 2.994
v -99.281 61.236 2.994
v -99.061 61.236 0.000
v -98.951 61.427 0.000
v -98.951 61.427 2.994
v -99.061 61.236 2.994
v -97.461 61.427 2.138
v -97.962 62.636 2.138
v -99.171 61.427 8.553
v -97.962 62.636 2.138
v -97.461 61.427 2.138
v -99.171 61.427 2.138
v -97.962 62.636 2.138
v -99.171 63.137 2.138
v -99.171 61.427 8.553
v -99.171 63.137 2.138
v -97.962 62.636 2.138
v -99.171 61.427 2.138
v -99.171 63.137 2.138
v -100.381 62.636 2.138
v -99.171 61.427 8.553
v -100.381 62.636 2.138
v -99.171 63.137 2.138
v -99.171 61.427 2.138
v -100.381 62.636 2.138
v -100.882 61.427 2.138
v -99.171 61.427 8.553
v -100.882 61.427 2.138
v -100.381 62.636 2.138
v -99.171 61.427 2.138
v -100.882 61.427 2.138
v -100.381 60.217 2.138
v -99.171 61.427 8.553
v -100.381 60.217 2.138
v -100.882 61.427 2.138
v -99.171 61.427 2.138
v -100.381 60.217 2.138
v -99.171 59.716 2.138
v -99.171 61.427 8.553
v -99.171 59.716 2.138
v -100.381 60.217 2.138
v -99.171 61.427 2.138
v -99.171 59.716 2.138
v -97.962 60.217 2.138
v -99.171 61.427 8.553
v -97.962 60.217 2.138
v -99.171 59.716 2.138
v -99.171 61.427 2.138
v -97.962 60.217 2.138
v -97.461 61.427 2.138
v -99.171 61.427 8.553
v -97.461 61.427 2.138
v -97.962 60.217 2.138
v -99.171 61.427 2.138
v -88.446 62.932 0.000
v -88.556 63.122 0.000
v -88.556 63.122 4.033
v -88.446 62.932 4.033
v -88.556 63.122 0.000
v -88.776 63.122 0.000
v -88.776 63.122 4.033
v -88.556 63.122 4.033
v -88.776 63.122 0.000
v -88.886 62.932 0.000
v -88.886 62.932 4.033
v -88.776 63.122 4.033
v -88.886 62.932 0.000
v -88.776 62.741 0.000
v -88.776 62.741 4.033
v -88.886 62.932 4.033
v -88.776 62.741 0.000
v -88.556 62.741 0.000
v -88.556 62.741 4.033
v -88.776 62.741 4.033
v -88.556 62.741 0.000
v -88.446 62.932 0.000
v -88.446 62.932 4.033
v -88.556 62.741 4.033
v -84.979 62.932 7.145
v -86.348 65.250 7.145
v -86.359 62.932 9.617
v -88.666 66.611 7.145
v -88.666 65.314 9.698
v -86.348 65.250 7.145
v -88.666 62.932 11.097
v -86.359 62.932 9.617
v -88.666 65.314 9.698
v -86.348 65.250 7.145
v -88.666 65.314 9.698
v -86.359 62.932 9.617
v -88.666 66.611 7.145
v -91.125 65.391 7.145
v -88.666 65.314 9.698
v -92.266 62.932 7.145
v -91.026 62.932 9.672
v -91.125 65.391 7.145
v -88.666 62.932 11.097
v -88.666 65.314 9.698
v -91.026 62.932 9.672
v -91.125 65.391 7.145
v -91.026 62.932 9.672
v -88.666 65.314 9.698
v -92.266 62.932 7.145
v -91.096 60.501 7.145
v -91.026 62.932 9.672
v -88.666 59.669 7.145
v -88.666 60.721 9.513
v -91.096 60.501 7.145
v -88.666 62.932 11.097
v -91.026 62.932 9.672
v -88.666 60.721 9.513
v -91.096 60.501 7.145
v -88.666 60.721 9.513
v -91.026 62.932 9.672
v -88.666 59.669 7.145
v -86.162 60.428 7.145
v -88.666 60.721 9.513
v -84.979 62.932 7.145
v -86.359 62.932 9.617
v -86.162 60.428 7.145
v -88.666 62.932 11.097
v -88.666 60.721 9.513
v -86.359 62.932 9.617
v -86.162 60.428 7.145
v -86.359 62.932 9.617
v -88.666 60.721 9.513
v -88.666 66.611 7.145
v -86.348 65.250 7.145
v -88.666 65.081 4.842
v -84.979 62.932 7.145
v -86.120 62.932 4.417
v -86.348 65.250 7.145
v -88.666 62.932 3.858
v -88.666 65.081 4.842
v -86.120 62.932 4.417
v -86.348 65.250 7.145
v -86.120 62.932 4.417
v -88.666 65.081 4.842
v -92.266 62.932 7.145
v -91.125 65.391 7.145
v -91.244 62.932 4.383
v -88.666 66.611 7.145
v -88.666 65.081 4.842
v -91.125 65.391 7.145
v -88.666 62.932 3.858
v -91.244 62.932 4.383
v -88.666 65.081 4.842
v -91.125 65.391 7.145
v -88.666 65.081 4.842
v -91.244 62.932 4.383
v -88.666 59.669 7.145
v -91.096 60.501 7.145
v -88.666 60.626 4.675
v -92.266 62.932 7.145
v -91.244 62.932 4.383
v -91.096 60.501 7.145
v -88.666 62.932 3.858
v -88.666 60.626 4.675
v -91.244 62.932 4.383
v -91.096 60.501 7.145
v -91.244 62.932 4.383
v -88.666 60.626 4.675
v -84.979 62.932 7.145
v -86.162 60.428 7.145
v -86.120 62.932 4.417
v -88.666 59.669 7.145
v -88.666 60.626 4.675
v -86.162 60.428 7.145
v -88.666 62.932 3.858
v -86.120 62.932 4.417
v -88.666 60.626 4.675
v -86.162 60.428 7.145
v -88.666 60.626 4.675
v -86.120 62.932 4.417
v -82.740 62.470 0.000
v -82.850 62.660 0.000
v -82.850 62.660 3.685
v -82.740 62.470 3.685
v -82.850 62.660 0.000
v -83.070 62.660 0.000
v -83.070 62.660 3.685
v -82.850 62.660 3.685
v -83.070 62.660 0.000
v -83.180 62.470 0.000
v -83.180 62.470 3.685
v -83.070 62.660 3.685
v -83.180 62.470 0.000
v -83.070 62.279 0.000
v -83.070 62.279 3.685
v -83.180 62.470 3.685
v -83.070 62.279 0.000
v -82.850 62.279 0.000
v -82.850 62.279 3.685
v -83.070 62.279 3.685
v -82.850 62.279 0.000
v -82.740 62.470 0.000
v -82.740 62.470 3.685
v -82.850 62.279 3.685
v -80.855 62.470 2.632
v -81.471 63.958 2.632
v -82.960 62.470 10.528
v -81.471 63.958 2.632
v -80.855 62.470 2.632
v -82.960 62.470 2.632
v -81.471 63.958 2.632
v -82.960 64.575 2.632
v -82.960 62.470 10.528
v -82.960 64.575 2.632
v -81.471 63.958 2.632
v -82.960 62.470 2.632
v -82.960 64.575 2.632
v -84.449 63.958 2.632
v -82.960 62.470 10.528
v -84.449 63.958 2.632
v -82.960 64.575 2.632
v -82.960 62.470 2.632
v -84.449 63.958 2.632
v -85.066 62.470 2.632
v -82.960 62.470 10.528
v -85.066 62.470 2.632
v -84.449 63.958 2.632
v -82.960 62.470 2.632
v -85.066 62.470 2.632
v -84.449 60.981 2.632
v -82.960 62.470 10.528
v -84.449 60.981 2.632
v -85.066 62.470 2.632
v -82.960 62.470 2.632
v -84.449 60.981 2.632
v -82.960 60.364 2.632
v -82.960 62.470 10.528
v -82.960 60.364 2.632
v -84.449 60.981 2.632
v -82.960 62.470 2.632
v -82.960 60.364 2.632
v -81.471 60.981 2.632
v -82.960 62.470 10.528
v -81.471 60.981 2.632
v -82.960 60.364 2.632
v -82.960 62.470 2.632
v -81.471 60.981 2.632
v -80.855 62.470 2.632
v -82.960 62.470 10.528
v -80.855 62.470 2.632
v -81.471 60.981 2.632
v -82.960 62.470 2.632
v -75.321 62.094 0.000
v -75.431 62.285 0.000
v -75.431 62.285 2.369
v -75.321 62.094 2.369
v -75.431 62.285 0.000
v -75.651 62.285 0.000
v -75.651 62.285 2.369
v -75.431 62.285 2.369
v -75.651 62.285 0.000
v -75.761 62.094 0.000
v -75.761 62.094 2.369
v -75.651 62.285 2.369
v -75.761 62.094 0.000
v -75.651 61.904 0.000
v -75.651 61.904 2.369
v -75.761 62.094 2.369
v -75.651 61.904 0.000
v -75.431 61.904 0.000
v -75.431 61.904 2.369
v -75.651 61.904 2.369
v -75.431 61.904 0.000
v -75.321 62.094 0.000
v -75.321 62.094 2.369
v -75.431 61.904 2.369
v -74.187 62.094 1.692
v -74.584 63.052 1.692
v -75.541 62.094 6.769
v -74.584 63.052 1.692
v -74.187 62.094 1.692
v -75.541 62.094 1.692
v -74.584 63.052 1.692
v -75.541 63.448 1.692
v -75.541 62.094 6.769
v -75.541 63.448 1.692
v -74.584 63.052 1.692
v -75.541 62.094 1.692
v -75.541 63.448 1.692
v -76.499 63.052 1.692
v -75.541 62.094 6.769
v -76.499 63.052 1.692
v -75.541 63.448 1.692
v -75.541 62.094 1.692
v -76.499 63.052 1.692
v -76.895 62.094 1.692
v -75.541 62.094 6.769
v -76.895 62.094 1.692
v -76.499 63.052 1.692
v -75.541 62.094 1.692
v -76.895 62.094 1.692
v -76.499 61.137 1.692
v -75.541 62.094 6.769
v -76.499 61.137 1.692
v -76.895 62.094 1.692
v -75.541 62.094 1.692
v -76.499 61.137 1.692
v -75.541 60.740 1.692
v -75.541 62.094 6.769
v -75.541 60.740 1.692
v -76.499 61.137 1.692
v -75.541 62.094 1.692
v -75.541 60.740 1.692
v -74.584 61.137 1.692
v -75.541 62.094 6.769
v -74.584 61.137 1.692
v -75.541 60.740 1.692
v -75.541 62.094 1.692
v -74.584 61.137 1.692
v -74.187 62.094 1.692
v -75.541 62.094 6.769
v -74.187 62.094 1.692
v -74.584 61.137 1.692
v -75.541 62.094 1.692
v -71.094 61.233 0.000
v -71.204 61.423 0.000
v -71.204 61.423 2.848
v -71.094 61.233 2.848
v -71.204 61.423 0.000
v -71.424 61.423 0.000
v -71.424 61.423 2.848
v -71.204 61.423 2.848
v -71.424 61.423 0.000
v -71.534 61.233 0.000
v -71.534 61.233 2.848
v -71.424 61.423 2.848
v -71.534 61.233 0.000
v -71.424 61.042 0.000
v -71.424 61.042 2.848
v -71.534 61.233 2.848
v -71.424 61.042 0.000
v -71.204 61.042 0.000
v -71.204 61.042 2.848
v -71.424 61.042 2.848
v -71.204 61.042 0.000
v -71.094 61.233 0.000
v -71.094 61.233 2.848
v -71.204 61.042 2.848
v -69.687 61.233 2.034
v -70.164 62.384 2.034
v -71.314 61.233 8.138
v -70.164 62.384 2.034
v -69.687 61.233 2.034
v -71.314 61.233 2.034
v -70.164 62.384 2.034
v -71.314 62.860 2.034
v -71.314 61.233 8.138
v -71.314 62.860 2.034
v -70.164 62.384 2.034
v -71.314 61.233 2.034
v -71.314 62.860 2.034
v -72.465 62.384 2.034
v -71.314 61.233 8.138
v -72.465 62.384 2.034
v -71.314 62.860 2.034
v -71.314 61.233 2.034
v -72.465 62.384 2.034
v -72.942 61.233 2.034
v -71.314 61.233 8.138
v -72.942 61.233 2.034
v -72.465 62.384 2.034
v -71.314 61.233 2.034
v -72.942 61.233 2.034
v -72.465 60.082 2.034
v -71.314 61.233 8.138
v -72.465 60.082 2.034
v -72.942 61.233 2.034
v -71.314 61.233 2.034
v -72.465 60.082 2.034
v -71.314 59.605 2.034
v -71.314 61.233 8.138
v -71.314 59.605 2.034
v -72.465 60.082 2.034
v -71.314 61.233 2.034
v -71.314 59.605 2.034
v -70.164 60.082 2.034
v -71.314 61.233 8.138
v -70.164 60.082 2.034
v -71.314 59.605 2.034
v -71.314 61.233 2.034
v -70.164 60.082 2.034
v -69.687 61.233 2.034
v -71.314 61.233 8.138
v -69.687 61.233 2.034
v -70.164 60.082 2.034
v -71.314 61.233 2.034
v -41.207 61.357 0.000
v -41.317 61.548 0.000
v -41.317 61.548 4.020
v -41.207 61.357 4.020
v -41.317 61.548 0.000
v -41.537 61.548 0.000
v -41.537 61.548 4.020
v -41.317 61.548 4.020
v -41.537 61.548 0.000
v -41.647 61.357 0.000
v -41.647 61.357 4.020
v -41.537 61.548 4.020
v -41.647 61.357 0.000
v -41.537 61.167 0.000
v -41.537 61.167 4.020
v -41.647 61.357 4.020
v -41.537 61.167 0.000
v -41.317 61.167 0.000
v -41.317 61.167 4.020
v -41.537 61.167 4.020
v -41.317 61.167 0.000
v -41.207 61.357 0.000
v -41.207 61.357 4.020
v -41.317 61.167 4.020
v -39.130 61.357 2.871
v -39.803 62.981 2.871
v -41.427 61.357 11.484
v -39.803 62.981 2.871
v -39.130 61.357 2.871
v -41.427 61.357 2.871
v -39.803 62.981 2.871
v -41.427 63.654 2.871
v -41.427 61.357 11.484
v -41.427 63.654 2.871
v -39.803 62.981 2.871
v -41.427 61.357 2.871
v -41.427 63.654 2.871
v -43.051 62.981 2.871
v -41.427 61.357 11.484
v -43.051 62.981 2.871
v -41.427 63.654 2.871
v -41.427 61.357 2.871
v -43.051 62.981 2.871
v -43.724 61.357 2.871
v -41.427 61.357 11.484
v -43.724 61.357 2.871
v -43.051 62.981 2.871
v -41.427 61.357 2.871
v -43.724 61.357 2.871
v -43.051 59.733 2.871
v -41.427 61.357 11.484
v -43.051 59.733 2.871
v -43.724 61.357 2.871
v -41.427 61.357 2.871
v -43.051 59.733 2.871
v -41.427 59.060 2.871
v -41.427 61.357 11.484
v -41.427 59.060 2.871
v -43.051 59.733 2.871
v -41.427 61.357 2.871
v -41.427 59.060 2.871
v -39.803 59.733 2.871
v -41.427 61.357 11.484
v -39.803 59.733 2.871
v -41.427 59.060 2.871
v -41.427 61.357 2.871
v -39.803 59.733 2.871
v -39.130 61.357 2.871
v -41.427 61.357 11.484
v -39.130 61.357 2.871
v -39.803 59.733 2.871
v -41.427 61.357 2.871
v -35.994 59.570 0.000
v -36.104 59.760 0.000
v -36.104 59.760 2.450
v -35.994 59.570 2.450
v -36.104 59.760 0.000
v -36.324 59.760 0.000
v -36.324 59.760 2.450
v -36.104 59.760 2.450
v -36.324 59.760 0.000
v -36.434 59.570 0.000
v -36.434 59.570 2.450
v -36.324 59.760 2.450
v -36.434 59.570 0.000
v -36.324 59.379 0.000
v -36.324 59.379 2.450
v -36.434 59.570 2.450
v -36.324 59.379 0.000
v -36.104 59.379 0.000
v -36.104 59.379 2.450
v -36.324 59.379 2.450
v -36.104 59.379 0.000
v -35.994 59.570 0.000
v -35.994 59.570 2.450
v -36.104 59.379 2.450
v -34.814 59.570 1.750
v -35.224 60.560 1.750
v -36.214 59.570 6.999
v -35.224 60.560 1.750
v -34.814 59.570 1.750
v -36.214 59.570 1.750
v -35.224 60.560 1.750
v -36.214 60.970 1.750
v -36.214 59.570 6.999
v -36.214 60.970 1.750
v -35.224 60.560 1.750
v -36.214 59.570 1.750
v -36.214 60.970 1.750
v -37.204 60.560 1.750
v -36.214 59.570 6.999
v -37.204 60.560 1.750
v -36.214 60.970 1.750
v -36.214 59.570 1.750
v -37.204 60.560 1.750
v -37.613 59.570 1.750
v -36.214 59.570 6.999
v -37.613 59.570 1.750
v -37.204 60.560 1.750
v -36.214 59.570 1.750
v -37.613 59.570 1.750
v -37.204 58.580 1.750
v -36.214 59.570 6.999
v -37.204 58.580 1.750
v -37.613 59.570 1.750
v -36.214 59.570 1.750
v -37.204 58.580 1.750
v -36.214 58.170 1.750
v -36.214 59.570 6.999
v -36.214 58.170 1.750
v -37.204 58.580 1.750
v -36.214 59.570 1.750
v -36.214 58.170 1.750
v -35.224 58.580 1.750
v -36.214 59.570 6.999
v -35.224 58.580 1.750
v -36.214 58.170 1.750
v -36.214 59.570 1.750
v -35.224 58.580 1.750
v -34.814 59.570 1.750
v -36.214 59.570 6.999
v -34.814 59.570 1.750
v -35.224 58.580 1.750
v -36.214 59.570 1.750
v -31.604 60.067 0.000
v -31.714 60.258 0.000
v -31.714 60.258 3.372
v -31.604 60.067 3.372
v -31.714 60.258 0.000
v -31.934 60.258 0.000
v -31.934 60.258 3.372
v -31.714 60.258 3.372
v -31.934 60.258 0.000
v -32.044 60.067 0.000
v -32.044 60.067 3.372
v -31.934 60.258 3.372
v -32.044 60.067 0.000
v -31.934 59.877 0.000
v -31.934 59.877 3.372
v -32.044 60.067 3.372
v -31.934 59.877 0.000
v -31.714 59.877 0.000
v -31.714 59.877 3.372
v -31.934 59.877 3.372
v -31.714 59.877 0.000
v -31.604 60.067 0.000
v -31.604 60.067 3.372
v -31.714 59.877 3.372
v -29.898 60.067 2.408
v -30.462 61.430 2.408
v -31.824 60.067 9.633
v -30.462 61.430 2.408
v -29.898 60.067 2.408
v -31.824 60.067 2.408
v -30.462 61.430 2.408
v -31.824 61.994 2.408
v -31.824 60.067 9.633
v -31.824 61.994 2.408
v -30.462 61.430 2.408
v -31.824 60.067 2.408
v -31.824 61.994 2.408
v -33.186 61.430 2.408
v -31.824 60.067 9.633
v -33.186 61.430 2.408
v -31.824 61.994 2.408
v -31.824 60.067 2.408
v -33.186 61.430 2.408
v -33.751 60.067 2.408
v -31.824 60.067 9.633
v -33.751 60.067 2.408
v -33.186 61.430 2.408
v -31.824 60.067 2.408
v -33.751 60.067 2.408
v -33.186 58.705 2.408
v -31.824 60.067 9.633
v -33.186 58.705 2.408
v -33.751 60.067 2.408
v -31.824 60.067 2.408
v -33.186 58.705 2.408
v -31.824 58.141 2.408
v -31.824 60.067 9.633
v -31.824 58.141 2.408
v -33.186 58.705 2.408
v -31.824 60.067 2.408
v -31.824 58.141 2.408
v -30.462 58.705 2.408
v -31.824 60.067 9.633
v -30.462 58.705 2.408
v -31.824 58.141 2.408
v -31.824 60.067 2.408
v -30.462 58.705 2.408
v -29.898 60.067 2.408
v -31.824 60.067 9.633
v -29.898 60.067 2.408
v -30.462 58.705 2.408
v -31.824 60.067 2.408
v -21.037 60.936 0.000
v -21.147 61.126 0.000
v -21.147 61.126 3.284
v -21.037 60.936 3.284
v -21.147 61.126 0.000
v -21.367 61.126 0.000
v -21.367 61.126 3.284
v -21.147 61.126 3.284
v -21.367 61.126 0.000
v -21.477 60.936 0.000
v -21.477 60.936 3.284
v -21.367 61.126 3.284
v -21.477 60.936 0.000
v -21.367 60.745 0.000
v -21.367 60.745 3.284
v -21.477 60.936 3.284
v -21.367 60.745 0.000
v -21.147 60.745 0.000
v -21.147 60.745 3.284
v -21.367 60.745 3.284
v -21.147 60.745 0.000
v -21.037 60.936 0.000
v -21.037 60.936 3.284
v -21.147 60.745 3.284
v -19.380 60.936 2.346
v -19.930 62.263 2.346
v -21.257 60.936 9.383
v -19.930 62.263 2.346
v -19.380 60.936 2.346
v -21.257 60.936 2.346
v -19.930 62.263 2.346
v -21.257 62.812 2.346
v -21.257 60.936 9.383
v -21.257 62.812 2.346
v -19.930 62.263 2.346
v -21.257 60.936 2.346
v -21.257 62.812 2.346
v -22.584 62.263 2.346
v -21.257 60.936 9.383
v -22.584 62.263 2.346
v -21.257 62.812 2.346
v -21.257 60.936 2.346
v -22.584 62.263 2.346
v -23.133 60.936 2.346
v -21.257 60.936 9.383
v -23.133 60.936 2.346
v -22.584 62.263 2.346
v -21.257 60.936 2.346
v -23.133 60.936 2.346
v -22.584 59.609 2.346
v -21.257 60.936 9.383
v -22.584 59.609 2.346
v -23.133 60.936 2.346
v -21.257 60.936 2.346
v -22.584 59.609 2.346
v -21.257 59.059 2.346
v -21.257 60.936 9.383
v -21.257 59.059 2.346
v -22.584 59.609 2.346
v -21.257 60.936 2.346
v -21.257 59.059 2.346
v -19.930 59.609 2.346
v -21.257 60.936 9.383
v -19.930 59.609 2.346
v -21.257 59.059 2.346
v -21.257 60.936 2.346
v -19.930 59.609 2.346
v -19.380 60.936 2.346
v -21.257 60.936 9.383
v -19.380 60.936 2.346
v -19.930 59.609 2.346
v -21.257 60.936 2.346
v -16.840 59.182 0.000
v -16.950 59.373 0.000
v -16.950 59.373 4.138
v -16.840 59.182 4.138
v -16.950 59.373 0.000
v -17.170 59.373 0.000
v -17.170 59.373 4.138
v -16.950 59.373 4.138
v -17.170 59.373 0.000
v -17.280 59.182 0.000
v -17.280 59.182 4.138
v -17.170 59.373 4.138
v -17.280 59.182 0.000
v -17.170 58.992 0.000
v -17.170 58.992 4.138
v -17.280 59.182 4.138
v -17.170 58.992 0.000
v -16.950 58.992 0.000
v -16.950 58.992 4.138
v -17.170 58.992 4.138
v -16.950 58.992 0.000
v -16.840 59.182 0.000
v -16.840 59.182 4.138
v -16.950 58.992 4.138
v -14.696 59.182 2.956
v -15.388 60.854 2.956
v -17.060 59.182 11.822
v -15.388 60.854 2.956
v -14.696 59.182 2.956
v -17.060 59.182 2.956
v -15.388 60.854 2.956
v -17.060 61.546 2.956
v -17.060 59.182 11.822
v -17.060 61.546 2.956
v -15.388 60.854 2.956
v -17.060 59.182 2.956
v -17.060 61.546 2.956
v -18.732 60.854 2.956
v -17.060 59.182 11.822
v -18.732 60.854 2.956
v -17.060 61.546 2.956
v -17.060 59.182 2.956
v -18.732 60.854 2.956
v -19.425 59.182 2.956
v -17.060 59.182 11.822
v -19.425 59.182 2.956
v -18.732 60.854 2.956
v -17.060 59.182 2.956
v -19.425 59.182 2.956
v -18.732 57.510 2.956
v -17.060 59.182 11.822
v -18.732 57.510 2.956
v -19.425 59.182 2.956
v -17.060 59.182 2.956
v -18.732 57.510 2.956
v -17.060 56.818 2.956
v -17.060 59.182 11.822
v -17.060 56.818 2.956
v -18.732 57.510 2.956
v -17.060 59.182 2.956
v -17.060 56.818 2.956
v -15.388 57.510 2.956
v -17.060 59.182 11.822
v -15.388 57.510 2.956
v -17.060 56.818 2.956
v -17.060 59.182 2.956
v -15.388 57.510 2.956
v -14.696 59.182 2.956
v -17.060 59.182 11.822
v -14.696 59.182 2.956
v -15.388 57.510 2.956
v -17.060 59.182 2.956
v -10.263 62.020 0.000
v -10.373 62.210 0.000
v -10.373 62.210 2.691
v -10.263 62.020 2.691
v -10.373 62.210 0.000
v -10.593 62.210 0.000
v -10.593 62.210 2.691
v -10.373 62.210 2.691
v -10.593 62.210 0.000
v -10.703 62.020 0.000
v -10.703 62.020 2.691
v -10.593 62.210 2.691
v -10.703 62.020 0.000
v -10.593 61.829 0.000
v -10.593 61.829 2.691
v -10.703 62.020 2.691
v -10.593 61.829 0.000
v -10.373 61.829 0.000
v -10.373 61.829 2.691
v -10.593 61.829 2.691
v -10.373 61.829 0.000
v -10.263 62.020 0.000
v -10.263 62.020 2.691
v -10.373 61.829 2.691
v -8.365 62.020 4.766
v -8.860 63.642 4.766
v -8.858 62.020 6.507
v -10.483 63.939 4.766
v -10.483 63.336 6.176
v -8.860 63.642 4.766
v -10.483 62.020 6.749
v -8.858 62.020 6.507
v -10.483 63.336 6.176
v -8.860 63.642 4.766
v -10.483 63.336 6.176
v -8.858 62.020 6.507
v -10.483 63.939 4.766
v -12.000 63.537 4.766
v -10.483 63.336 6.176
v -12.438 62.020 4.766
v -12.147 62.020 6.549
v -12.000 63.537 4.766
v -10.483 62.020 6.749
v -10.483 63.336 6.176
v -12.147 62.020 6.549
v -12.000 63.537 4.766
v -12.147 62.020 6.549
v -10.483 63.336 6.176
v -12.438 62.020 4.766
v -11.988 60.514 4.766
v -12.147 62.020 6.549
v -10.483 59.547 4.766
v -10.483 60.306 6.603
v -11.988 60.514 4.766
v -10.483 62.020 6.749
v -12.147 62.020 6.549
v -10.483 60.306 6.603
v -11.988 60.514 4.766
v -10.483 60.306 6.603
v -12.147 62.020 6.549
v -10.483 59.547 4.766
v -8.804 60.341 4.766
v -10.483 60.306 6.603
v -8.365 62.020 4.766
v -8.858 62.020 6.507
v -8.804 60.341 4.766
v -10.483 62.020 6.749
v -10.483 60.306 6.603
v -8.858 62.020 6.507
v -8.804 60.341 4.766
v -8.858 62.020 6.507
v -10.483 60.306 6.603
v -10.483 63.939 4.766
v -8.860 63.642 4.766
v -10.483 63.683 2.985
v -8.365 62.020 4.766
v -8.959 62.020 3.134
v -8.860 63.642 4.766
v -10.483 62.020 2.455
v -10.483 63.683 2.985
v -8.959 62.020 3.134
v -8.860 63.642 4.766
v -8.959 62.020 3.134
v -10.483 63.683 2.985
v -12.438 62.020 4.766
v -12.000 63.537 4.766
v -11.904 62.020 3.244
v -10.483 63.939 4.766
v -10.483 63.683 2.985
v -12.000 63.537 4.766
v -10.483 62.020 2.455
v -11.904 62.020 3.244
v -10.483 63.683 2.985
v -12.000 63.537 4.766
v -10.483 63.683 2.985
v -11.904 62.020 3.244
v -10.483 59.547 4.766
v -11.988 60.514 4.766
v -10.483 60.428 3.061
v -12.438 62.020 4.766
v -11.904 62.020 3.244
v -11.988 60.514 4.766
v -10.483 62.020 2.455
v -10.483 60.428 3.061
v -11.904 62.020 3.244
v -11.988 60.514 4.766
v -11.904 62.020 3.244
v -10.483 60.428 3.061
v -8.365 62.020 4.766
v -8.804 60.341 4.766
v -8.959 62.020 3.134
v -10.483 59.547 4.766
v -10.483 60.428 3.061
v -8.804 60.341 4.766
v -10.483 62.020 2.455
v -8.959 62.020 3.134
v -10.483 60.428 3.061
v -8.804 60.341 4.766
v -10.483 60.428 3.061
v -8.959 62.020 3.134
v -98.281 67.098 0.000
v -98.391 67.288 0.000
v -98.391 67.288 3.909
v -98.281 67.098 3.909
v -98.391 67.288 0.000
v -98.611 67.288 0.000
v -98.611 67.288 3.909
v -98.391 67.288 3.909
v -98.611 67.288 0.000
v -98.721 67.098 0.000
v -98.721 67.098 3.909
v -98.611 67.288 3.909
v -98.721 67.098 0.000
v -98.611 66.907 0.000
v -98.611 66.907 3.909
v -98.721 67.098 3.909
v -98.611 66.907 0.000
v -98.391 66.907 0.000
v -98.391 66.907 3.909
v -98.611 66.907 3.909
v -98.391 66.907 0.000
v -98.281 67.098 0.000
v -98.281 67.098 3.909
v -98.391 66.907 3.909
v -95.800 67.098 6.924
v -96.032 69.567 6.924
v -96.082 67.098 9.516
v -98.501 70.628 6.924
v -98.501 69.623 9.630
v -96.032 69.567 6.924
v -98.501 67.098 10.265
v -96.082 67.098 9.516
v -98.501 69.623 9.630
v -96.032 69.567 6.924
v -98.501 69.623 9.630
v -96.082 67.098 9.516
v -98.501 70.628 6.924
v -100.650 69.247 6.924
v -98.501 69.623 9.630
v -101.934 67.098 6.924
v -100.484 67.098 9.049
v -100.650 69.247 6.924
v -98.501 67.098 10.265
v -98.501 69.623 9.630
v -100.484 67.098 9.049
v -100.650 69.247 6.924
v -100.484 67.098 9.049
v -98.501 69.623 9.630
v -101.934 67.098 6.924
v -100.766 64.833 6.924
v -100.484 67.098 9.049
v -98.501 63.899 6.924
v -98.501 64.921 9.256
v -100.766 64.833 6.924
v -98.501 67.098 10.265
v -100.484 67.098 9.049
v -98.501 64.921 9.256
v -100.766 64.833 6.924
v -98.501 64.921 9.256
v -100.484 67.098 9.049
v -98.501 63.899 6.924
v -96.001 64.597 6.924
v -98.501 64.921 9.256
v -95.800 67.098 6.924
v -96.082 67.098 9.516
v -96.001 64.597 6.924
v -98.501 67.098 10.265
v -98.501 64.921 9.256
v -96.082 67.098 9.516
v -96.001 64.597 6.924
v -96.082 67.098 9.516
v -98.501 64.921 9.256
v -98.501 70.628 6.924
v -96.032 69.567 6.924
v -98.501 69.634 4.207
v -95.800 67.098 6.924
v -96.470 67.098 4.748
v -96.032 69.567 6.924
v -98.501 67.098 3.979
v -98.501 69.634 4.207
v -96.470 67.098 4.748
v -96.032 69.567 6.924
v -96.470 67.098 4.748
v -98.501 69.634 4.207
v -101.934 67.098 6.924
v -100.650 69.247 6.924
v -100.795 67.098 4.466
v -98.501 70.628 6.924
v -98.501 69.634 4.207
v -100.650 69.247 6.924
v -98.501 67.098 3.979
v -100.795 67.098 4.466
v -98.501 69.634 4.207
v -100.650 69.247 6.924
v -98.501 69.634 4.207
v -100.795 67.098 4.466
v -98.501 63.899 6.924
v -100.766 64.833 6.924
v -98.501 64.748 4.406
v -101.934 67.098 6.924
v -100.795 67.098 4.466
v -100.766 64.833 6.924
v -98.501 67.098 3.979
v -98.501 64.748 4.406
v -100.795 67.098 4.466
v -100.766 64.833 6.924
v -100.795 67.098 4.466
v -98.501 64.748 4.406
v -95.800 67.098 6.924
v -96.001 64.597 6.924
v -96.470 67.098 4.748
v -98.501 63.899 6.924
v -98.501 64.748 4.406
v -96.001 64.597 6.924
v -98.501 67.098 3.979
v -96.470 67.098 4.748
v -98.501 64.748 4.406
v -96.001 64.597 6.924
v -98.501 64.748 4.406
v -96.470 67.098 4.748
v -92.925 65.030 0.000
v -93.035 65.220 0.000
v -93.035 65.220 3.999
v -92.925 65.030 3.999
v -93.035 65.220 0.000
v -93.255 65.220 0.000
v -93.255 65.220 3.999
v -93.035 65.220 3.999
v -93.255 65.220 0.000
v -93.365 65.030 0.000
v -93.365 65.030 3.999
v -93.255 65.220 3.999
v -93.365 65.030 0.000
v -93.255 64.839 0.000
v -93.255 64.839 3.999
v -93.365 65.030 3.999
v -93.255 64.839 0.000
v -93.035 64.839 0.000
v -93.035 64.839 3.999
v -93.255 64.839 3.999
v -93.035 64.839 0.000
v -92.925 65.030 0.000
v -92.925 65.030 3.999
v -93.035 64.839 3.999
v -90.156 65.030 7.084
v -91.067 67.108 7.084
v -91.026 65.030 9.355
v -93.145 67.865 7.084
v -93.145 67.256 9.470
v -91.067 67.108 7.084
v -93.145 65.030 10.781
v -91.026 65.030 9.355
v -93.145 67.256 9.470
v -91.067 67.108 7.084
v -93.145 67.256 9.470
v -91.026 65.030 9.355
v -93.145 67.865 7.084
v -95.170 67.055 7.084
v -93.145 67.256 9.470
v -96.466 65.030 7.084
v -95.364 65.030 9.462
v -95.170 67.055 7.084
v -93.145 65.030 10.781
v -93.145 67.256 9.470
v -95.364 65.030 9.462
v -95.170 67.055 7.084
v -95.364 65.030 9.462
v -93.145 67.256 9.470
v -96.466 65.030 7.084
v -95.649 62.526 7.084
v -95.364 65.030 9.462
v -93.145 61.405 7.084
v -93.145 62.549 9.743
v -95.649 62.526 7.084
v -93.145 65.030 10.781
v -95.364 65.030 9.462
v -93.145 62.549 9.743
v -95.649 62.526 7.084
v -93.145 62.549 9.743
v -95.364 65.030 9.462
v -93.145 61.405 7.084
v -91.208 63.093 7.084
v -93.145 62.549 9.743
v -90.156 65.030 7.084
v -91.026 65.030 9.355
v -91.208 63.093 7.084
v -93.145 65.030 10.781
v -93.145 62.549 9.743
v -91.026 65.030 9.355
v -91.208 63.093 7.084
v -91.026 65.030 9.355
v -93.145 62.549 9.743
v -93.145 67.865 7.084
v -91.067 67.108 7.084
v -93.145 67.156 4.806
v -90.156 65.030 7.084
v -90.931 65.030 4.712
v -91.067 67.108 7.084
v -93.145 65.030 3.534
v -93.145 67.156 4.806
v -90.931 65.030 4.712
v -91.067 67.108 7.084
v -90.931 65.030 4.712
v -93.145 67.156 4.806
v -96.466 65.030 7.084
v -95.170 67.055 7.084
v -95.308 65.030 4.767
v -93.145 67.865 7.084
v -93.145 67.156 4.806
v -95.170 67.055 7.084
v -93.145 65.030 3.534
v -95.308 65.030 4.767
v -93.145 67.156 4.806
v -95.170 67.055 7.084
v -93.145 67.156 4.806
v -95.308 65.030 4.767
v -93.145 61.405 7.084
v -95.649 62.526 7.084
v -93.145 62.641 4.524
v -96.466 65.030 7.084
v -95.308 65.030 4.767
v -95.649 62.526 7.084
v -93.145 65.030 3.534
v -93.145 62.641 4.524
v -95.308 65.030 4.767
v -95.649 62.526 7.084
v -95.308 65.030 4.767
v -93.145 62.641 4.524
v -90.156 65.030 7.084
v -91.208 63.093 7.084
v -90.931 65.030 4.712
v -93.145 61.405 7.084
v -93.145 62.641 4.524
v -91.208 63.093 7.084
v -93.145 65.030 3.534
v -90.931 65.030 4.712
v -93.145 62.641 4.524
v -91.208 63.093 7.084
v -93.145 62.641 4.524
v -90.931 65.030 4.712
v -83.652 64.870 0.000
v -83.762 65.060 0.000
v -83.762 65.060 4.059
v -83.652 64.870 4.059
v -83.762 65.060 0.000
v -83.982 65.060 0.000
v -83.982 65.060 4.059
v -83.762 65.060 4.059
v -83.982 65.060 0.000
v -84.092 64.870 0.000
v -84.092 64.870 4.059
v -83.982 65.060 4.059
v -84.092 64.870 0.000
v -83.982 64.679 0.000
v -83.982 64.679 4.059
v -84.092 64.870 4.059
v -83.982 64.679 0.000
v -83.762 64.679 0.000
v -83.762 64.679 4.059
v -83.982 64.679 4.059
v -83.762 64.679 0.000
v -83.652 64.870 0.000
v -83.652 64.870 4.059
v -83.762 64.679 4.059
v -81.552 64.870 2.899
v -82.232 66.510 2.899
v -83.872 64.870 11.598
v -82.232 66.510 2.899
v -81.552 64.870 2.899
v -83.872 64.870 2.899
v -82.232 66.510 2.899
v -83.872 67.189 2.899
v -83.872 64.870 11.598
v -83.872 67.189 2.899
v -82.232 66.510 2.899
v -83.872 64.870 2.899
v -83.872 67.189 2.899
v -85.512 66.510 2.899
v -83.872 64.870 11.598
v -85.512 66.510 2.899
v -83.872 67.189 2.899
v -83.872 64.870 2.899
v -85.512 66.510 2.899
v -86.191 64.870 2.899
v -83.872 64.870 11.598
v -86.191 64.870 2.899
v -85.512 66.510 2.899
v -83.872 64.870 2.899
v -86.191 64.870 2.899
v -85.512 63.229 2.899
v -83.872 64.870 11.598
v -85.512 63.229 2.899
v -86.191 64.870 2.899
v -83.872 64.870 2.899
v -85.512 63.229 2.899
v -83.872 62.550 2.899
v -83.872 64.870 11.598
v -83.872 62.550 2.899
v -85.512 63.229 2.899
v -83.872 64.870 2.899
v -83.872 62.550 2.899
v -82.232 63.229 2.899
v -83.872 64.870 11.598
v -82.232 63.229 2.899
v -83.872 62.550 2.899
v -83.872 64.870 2.899
v -82.232 63.229 2.899
v -81.552 64.870 2.899
v -83.872 64.870 11.598
v -81.552 64.870 2.899
v -82.232 63.229 2.899
v -83.872 64.870 2.899
v -75.159 69.730 0.000
v -75.269 69.920 0.000
v -75.269 69.920 2.485
v -75.159 69.730 2.485
v -75.269 69.920 0.000
v -75.489 69.920 0.000
v -75.489 69.920 2.485
v -75.269 69.920 2.485
v -75.489 69.920 0.000
v -75.599 69.730 0.000
v -75.599 69.730 2.485
v -75.489 69.920 2.485
v -75.599 69.730 0.000
v -75.489 69.539 0.000
v -75.489 69.539 2.485
v -75.599 69.730 2.485
v -75.489 69.539 0.000
v -75.269 69.539 0.000
v -75.269 69.539 2.485
v -75.489 69.539 2.485
v -75.269 69.539 0.000
v -75.159 69.730 0.000
v -75.159 69.730 2.485
v -75.269 69.539 2.485
v -73.959 69.730 1.775
v -74.375 70.734 1.775
v -75.379 69.730 7.100
v -74.375 70.734 1.775
v -73.959 69.730 1.775
v -75.379 69.730 1.775
v -74.375 70.734 1.775
v -75.379 71.150 1.775
v -75.379 69.730 7.100
v -75.379 71.150 1.775
v -74.375 70.734 1.775
v -75.379 69.730 1.775
v -75.379 71.150 1.775
v -76.383 70.734 1.775
v -75.379 69.730 7.100
v -76.383 70.734 1.775
v -75.379 71.150 1.775
v -75.379 69.730 1.775
v -76.383 70.734 1.775
v -76.799 69.730 1.775
v -75.379 69.730 7.100
v -76.799 69.730 1.775
v -76.383 70.734 1.775
v -75.379 69.730 1.775
v -76.799 69.730 1.775
v -76.383 68.726 1.775
v -75.379 69.730 7.100
v -76.383 68.726 1.775
v -76.799 69.730 1.775
v -75.379 69.730 1.775
v -76.383 68.726 1.775
v -75.379 68.310 1.775
v -75.379 69.730 7.100
v -75.379 68.310 1.775
v -76.383 68.726 1.775
v -75.379 69.730 1.775
v -75.379 68.310 1.775
v -74.375 68.726 1.775
v -75.379 69.730 7.100
v -74.375 68.726 1.775
v -75.379 68.310 1.775
v -75.379 69.730 1.775
v -74.375 68.726 1.775
v -73.959 69.730 1.775
v -75.379 69.730 7.100
v -73.959 69.730 1.775
v -74.375 68.726 1.775
v -75.379 69.730 1.775
v -71.016 68.279 0.000
v -71.126 68.470 0.000
v -71.126 68.470 3.664
v -71.016 68.279 3.664
v -71.126 68.470 0.000
v -71.346 68.470 0.000
v -71.346 68.470 3.664
v -71.126 68.470 3.664
v -71.346 68.470 0.000
v -71.456 68.279 0.000
v -71.456 68.279 3.664
v -71.346 68.470 3.664
v -71.456 68.279 0.000
v -71.346 68.089 0.000
v -71.346 68.089 3.664
v -71.456 68.279 3.664
v -71.346 68.089 0.000
v -71.126 68.089 0.000
v -71.126 68.089 3.664
v -71.346 68.089 3.664
v -71.126 68.089 0.000
v -71.016 68.279 0.000
v -71.016 68.279 3.664
v -71.126 68.089 3.664
v -68.149 68.279 6.491
v -69.155 70.360 6.491
v -68.936 68.279 8.955
v -71.236 71.380 6.491
v -71.236 70.225 8.576
v -69.155 70.360 6.491
v -71.236 68.279 9.765
v -68.936 68.279 8.955
v -71.236 70.225 8.576
v -69.155 70.360 6.491
v -71.236 70.225 8.576
v -68.936 68.279 8.955
v -71.236 71.380 6.491
v -73.113 70.156 6.491
v -71.236 70.225 8.576
v -74.060 68.279 6.491
v -73.600 68.279 9.024
v -73.113 70.156 6.491
v -71.236 68.279 9.765
v -71.236 70.225 8.576
v -73.600 68.279 9.024
v -73.113 70.156 6.491
v -73.600 68.279 9.024
v -71.236 70.225 8.576
v -74.060 68.279 6.491
v -73.424 66.091 6.491
v -73.600 68.279 9.024
v -71.236 65.052 6.491
v -71.236 66.470 8.429
v -73.424 66.091 6.491
v -71.236 68.279 9.765
v -73.600 68.279 9.024
v -71.236 66.470 8.429
v -73.424 66.091 6.491
v -71.236 66.470 8.429
v -73.600 68.279 9.024
v -71.236 65.052 6.491
v -68.976 66.020 6.491
v -71.236 66.470 8.429
v -68.149 68.279 6.491
v -68.936 68.279 8.955
v -68.976 66.020 6.491
v -71.236 68.279 9.765
v -71.236 66.470 8.429
v -68.936 68.279 8.955
v -68.976 66.020 6.491
v -68.936 68.279 8.955
v -71.236 66.470 8.429
v -71.236 71.380 6.491
v -69.155 70.360 6.491
v -71.236 70.491 4.122
v -68.149 68.279 6.491
v -69.134 68.279 4.239
v -69.155 70.360 6.491
v -71.236 68.279 3.620
v -71.236 70.491 4.122
v -69.134 68.279 4.239
v -69.155 70.360 6.491
v -69.134 68.279 4.239
v -71.236 70.491 4.122
v -74.060 68.279 6.491
v -73.113 70.156 6.491
v -73.453 68.279 4.116
v -71.236 71.380 6.491
v -71.236 70.491 4.122
v -73.113 70.156 6.491
v -71.236 68.279 3.620
v -73.453 68.279 4.116
v -71.236 70.491 4.122
v -73.113 70.156 6.491
v -71.236 70.491 4.122
v -73.453 68.279 4.116
v -71.236 65.052 6.491
v -73.424 66.091 6.491
v -71.236 66.255 4.322
v -74.060 68.279 6.491
v -73.453 68.279 4.116
v -73.424 66.091 6.491
v -71.236 68.279 3.620
v -71.236 66.255 4.322
v -73.453 68.279 4.116
v -73.424 66.091 6.491
v -73.453 68.279 4.116
v -71.236 66.255 4.322
v -68.149 68.279 6.491
v -68.976 66.020 6.491
v -69.134 68.279 4.239
v -71.236 65.052 6.491
v -71.236 66.255 4.322
v -68.976 66.020 6.491
v -71.236 68.279 3.620
v -69.134 68.279 4.239
v -71.236 66.255 4.322
v -68.976 66.020 6.491
v -71.236 66.255 4.322
v -69.134 68.279 4.239
v -49.665 68.096 0.000
v -49.775 68.287 0.000
v -49.775 68.287 2.521
v -49.665 68.096 2.521
v -49.775 68.287 0.000
v -49.995 68.287 0.000
v -49.995 68.287 2.521
v -49.775 68.287 2.521
v -49.995 68.287 0.000
v -50.105 68.096 0.000
v -50.105 68.096 2.521
v -49.995 68.287 2.521
v -50.105 68.096 0.000
v -49.995 67.906 0.000
v -49.995 67.906 2.521
v -50.105 68.096 2.521
v -49.995 67.906 0.000
v -49.775 67.906 0.000
v -49.775 67.906 2.521
v -49.995 67.906 2.521
v -49.775 67.906 0.000
v -49.665 68.096 0.000
v -49.665 68.096 2.521
v -49.775 67.906 2.521
v -48.445 68.096 1.801
v -48.867 69.115 1.801
v -49.885 68.096 7.204
v -48.867 69.115 1.801
v -48.445 68.096 1.801
v -49.885 68.096 1.801
v -48.867 69.115 1.801
v -49.885 69.537 1.801
v -49.885 68.096 7.204
v -49.885 69.537 1.801
v -48.867 69.115 1.801
v -49.885 68.096 1.801
v -49.885 69.537 1.801
v -50.904 69.115 1.801
v -49.885 68.096 7.204
v -50.904 69.115 1.801
v -49.885 69.537 1.801
v -49.885 68.096 1.801
v -50.904 69.115 1.801
v -51.326 68.096 1.801
v -49.885 68.096 7.204
v -51.326 68.096 1.801
v -50.904 69.115 1.801
v -49.885 68.096 1.801
v -51.326 68.096 1.801
v -50.904 67.077 1.801
v -49.885 68.096 7.204
v -50.904 67.077 1.801
v -51.326 68.096 1.801
v -49.885 68.096 1.801
v -50.904 67.077 1.801
v -49.885 66.655 1.801
v -49.885 68.096 7.204
v -49.885 66.655 1.801
v -50.904 67.077 1.801
v -49.885 68.096 1.801
v -49.885 66.655 1.801
v -48.867 67.077 1.801
v -49.885 68.096 7.204
v -48.867 67.077 1.801
v -49.885 66.655 1.801
v -49.885 68.096 1.801
v -48.867 67.077 1.801
v -48.445 68.096 1.801
v -49.885 68.096 7.204
v -48.445 68.096 1.801
v -48.867 67.077 1.801
v -49.885 68.096 1.801
v -45.080 68.362 0.000
v -45.190 68.552 0.000
v -45.190 68.552 2.410
v -45.080 68.362 2.410
v -45.190 68.552 0.000
v -45.410 68.552 0.000
v -45.410 68.552 2.410
v -45.190 68.552 2.410
v -45.410 68.552 0.000
v -45.520 68.362 0.000
v -45.520 68.362 2.410
v -45.410 68.552 2.410
v -45.520 68.362 0.000
v -45.410 68.171 0.000
v -45.410 68.171 2.410
v -45.520 68.362 2.410
v -45.410 68.171 0.000
v -45.190 68.171 0.000
v -45.190 68.171 2.410
v -45.410 68.171 2.410
v -45.190 68.171 0.000
v -45.080 68.362 0.000
v -45.080 68.362 2.410
v -45.190 68.171 2.410
v -43.922 68.362 1.722
v -44.326 69.336 1.722
v -45.300 68.362 6.887
v -44.326 69.336 1.722
v -43.922 68.362 1.722
v -45.300 68.362 1.722
v -44.326 69.336 1.722
v -45.300 69.739 1.722
v -45.300 68.362 6.887
v -45.300 69.739 1.722
v -44.326 69.336 1.722
v -45.300 68.362 1.722
v -45.300 69.739 1.722
v -46.274 69.336 1.722
v -45.300 68.362 6.887
v -46.274 69.336 1.722
v -45.300 69.739 1.722
v -45.300 68.362 1.722
v -46.274 69.336 1.722
v -46.677 68.362 1.722
v -45.300 68.362 6.887
v -46.677 68.362 1.722
v -46.274 69.336 1.722
v -45.300 68.362 1.722
v -46.677 68.362 1.722
v -46.274 67.388 1.722
v -45.300 68.362 6.887
v -46.274 67.388 1.722
v -46.677 68.362 1.722
v -45.300 68.362 1.722
v -46.274 67.388 1.722
v -45.300 66.984 1.722
v -45.300 68.362 6.887
v -45.300 66.984 1.722
v -46.274 67.388 1.722
v -45.300 68.362 1.722
v -45.300 66.984 1.722
v -44.326 67.388 1.722
v -45.300 68.362 6.887
v -44.326 67.388 1.722
v -45.300 66.984 1.722
v -45.300 68.362 1.722
v -44.326 67.388 1.722
v -43.922 68.362 1.722
v -45.300 68.362 6.887
v -43.922 68.362 1.722
v -44.326 67.388 1.722
v -45.300 68.362 1.722
v -38.798 66.809 0.000
v -38.908 67.000 0.000
v -38.908 67.000 3.432
v -38.798 66.809 3.432
v -38.908 67.000 0.000
v -39.128 67.000 0.000
v -39.128 67.000 3.432
v -38.908 67.000 3.432
v -39.128 67.000 0.000
v -39.238 66.809 0.000
v -39.238 66.809 3.432
v -39.128 67.000 3.432
v -39.238 66.809 0.000
v -39.128 66.619 0.000
v -39.128 66.619 3.432
v -39.238 66.809 3.432
v -39.128 66.619 0.000
v -38.908 66.619 0.000
v -38.908 66.619 3.432
v -39.128 66.619 3.432
v -38.908 66.619 0.000
v -38.798 66.809 0.000
v -38.798 66.809 3.432
v -38.908 66.619 3.432
v -37.057 66.809 2.451
v -37.631 68.196 2.451
v -39.018 66.809 9.806
v -37.631 68.196 2.451
v -37.057 66.809 2.451
v -39.018 66.809 2.451
v -37.631 68.196 2.451
v -39.018 68.770 2.451
v -39.018 66.809 9.806
v -39.018 68.770 2.451
v -37.631 68.196 2.451
v -39.018 66.809 2.451
v -39.018 68.770 2.451
v -40.405 68.196 2.451
v -39.018 66.809 9.806
v -40.405 68.196 2.451
v -39.018 68.770 2.451
v -39.018 66.809 2.451
v -40.405 68.196 2.451
v -40.979 66.809 2.451
v -39.018 66.809 9.806
v -40.979 66.809 2.451
v -40.405 68.196 2.451
v -39.018 66.809 2.451
v -40.979 66.809 2.451
v -40.405 65.422 2.451
v -39.018 66.809 9.806
v -40.405 65.422 2.451
v -40.979 66.809 2.451
v -39.018 66.809 2.451
v -40.405 65.422 2.451
v -39.018 64.848 2.451
v -39.018 66.809 9.806
v -39.018 64.848 2.451
v -40.405 65.422 2.451
v -39.018 66.809 2.451
v -39.018 64.848 2.451
v -37.631 65.422 2.451
v -39.018 66.809 9.806
v -37.631 65.422 2.451
v -39.018 64.848 2.451
v -39.018 66.809 2.451
v -37.631 65.422 2.451
v -37.057 66.809 2.451
v -39.018 66.809 9.806
v -37.057 66.809 2.451
v -37.631 65.422 2.451
v -39.018 66.809 2.451
v -34.684 67.172 0.000
v -34.794 67.363 0.000
v -34.794 67.363 3.516
v -34.684 67.172 3.516
v -34.794 67.363 0.000
v -35.014 67.363 0.000
v -35.014 67.363 3.516
v -34.794 67.363 3.516
v -35.014 67.363 0.000
v -35.124 67.172 0.000
v -35.124 67.172 3.516
v -35.014 67.363 3.516
v -35.124 67.172 0.000
v -35.014 66.982 0.000
v -35.014 66.982 3.516
v -35.124 67.172 3.516
v -35.014 66.982 0.000
v -34.794 66.982 0.000
v -34.794 66.982 3.516
v -35.014 66.982 3.516
v -34.794 66.982 0.000
v -34.684 67.172 0.000
v -34.684 67.172 3.516
v -34.794 66.982 3.516
v -31.925 67.172 6.228
v -32.814 69.262 6.228
v -32.827 67.172 8.454
v -34.904 69.704 6.228
v -34.904 69.169 8.368
v -32.814 69.262 6.228
v -34.904 67.172 9.077
v -32.827 67.172 8.454
v -34.904 69.169 8.368
v -32.814 69.262 6.228
v -34.904 69.169 8.368
v -32.827 67.172 8.454
v -34.904 69.704 6.228
v -36.699 68.967 6.228
v -34.904 69.169 8.368
v -37.859 67.172 6.228
v -36.832 67.172 8.294
v -36.699 68.967 6.228
v -34.904 67.172 9.077
v -34.904 69.169 8.368
v -36.832 67.172 8.294
v -36.699 68.967 6.228
v -36.832 67.172 8.294
v -34.904 69.169 8.368
v -37.859 67.172 6.228
v -36.862 65.214 6.228
v -36.832 67.172 8.294
v -34.904 64.657 6.228
v -34.904 65.348 8.183
v -36.862 65.214 6.228
v -34.904 67.172 9.077
v -36.832 67.172 8.294
v -34.904 65.348 8.183
v -36.862 65.214 6.228
v -34.904 65.348 8.183
v -36.832 67.172 8.294
v -34.904 64.657 6.228
v -32.907 65.175 6.228
v -34.904 65.348 8.183
v -31.925 67.172 6.228
v -32.827 67.172 8.454
v -32.907 65.175 6.228
v -34.904 67.172 9.077
v -34.904 65.348 8.183
v -32.827 67.172 8.454
v -32.907 65.175 6.228
v -32.827 67.172 8.454
v -34.904 65.348 8.183
v -34.904 69.704 6.228
v -32.814 69.262 6.228
v -34.904 69.222 4.031
v -31.925 67.172 6.228
v -32.627 67.172 3.788
v -32.814 69.262 6.228
v -34.904 67.172 3.146
v -34.904 69.222 4.031
v -32.627 67.172 3.788
v -32.814 69.262 6.228
v -32.627 67.172 3.788
v -34.904 69.222 4.031
v -37.859 67.172 6.228
v -36.699 68.967 6.228
v -37.166 67.172 3.804
v -34.904 69.704 6.228
v -34.904 69.222 4.031
v -36.699 68.967 6.228
v -34.904 67.172 3.146
v -37.166 67.172 3.804
v -34.904 69.222 4.031
v -36.699 68.967 6.228
v -34.904 69.222 4.031
v -37.166 67.172 3.804
v -34.904 64.657 6.228
v -36.862 65.214 6.228
v -34.904 65.279 4.200
v -37.859 67.172 6.228
v -37.166 67.172 3.804
v -36.862 65.214 6.228
v -34.904 67.172 3.146
v -34.904 65.279 4.200
v -37.166 67.172 3.804
v -36.862 65.214 6.228
v -37.166 67.172 3.804
v -34.904 65.279 4.200
v -31.925 67.172 6.228
v -32.907 65.175 6.228
v -32.627 67.172 3.788
v -34.904 64.657 6.228
v -34.904 65.279 4.200
v -32.907 65.175 6.228
v -34.904 67.172 3.146
v -32.627 67.172 3.788
v -34.904 65.279 4.200
v -32.907 65.175 6.228
v -34.904 65.279 4.200
v -32.627 67.172 3.788
v -26.547 66.042 0.000
v -26.657 66.233 0.000
v -26.657 66.233 4.124
v -26.547 66.042 4.124
v -26.657 66.233 0.000
v -26.877 66.233 0.000
v -26.877 66.233 4.124
v -26.657 66.233 4.124
v -26.877 66.233 0.000
v -26.987 66.042 0.000
v -26.987 66.042 4.124
v -26.877 66.233 4.124
v -26.987 66.042 0.000
v -26.877 65.852 0.000
v -26.877 65.852 4.124
v -26.987 66.042 4.124
v -26.877 65.852 0.000
v -26.657 65.852 0.000
v -26.657 65.852 4.124
v -26.877 65.852 4.124
v -26.657 65.852 0.000
v -26.547 66.042 0.000
v -26.547 66.042 4.124
v -26.657 65.852 4.124
v -24.411 66.042 2.946
v -25.101 67.709 2.946
v -26.767 66.042 11.783
v -25.101 67.709 2.946
v -24.411 66.042 2.946
v -26.767 66.042 2.946
v -25.101 67.709 2.946
v -26.767 68.399 2.946
v -26.767 66.042 11.783
v -26.767 68.399 2.946
v -25.101 67.709 2.946
v -26.767 66.042 2.946
v -26.767 68.399 2.946
v -28.434 67.709 2.946
v -26.767 66.042 11.783
v -28.434 67.709 2.946
v -26.767 68.399 2.946
v -26.767 66.042 2.946
v -28.434 67.709 2.946
v -29.124 66.042 2.946
v -26.767 66.042 11.783
v -29.124 66.042 2.946
v -28.434 67.709 2.946
v -26.767 66.042 2.946
v -29.124 66.042 2.946
v -28.434 64.376 2.946
v -26.767 66.042 11.783
v -28.434 64.376 2.946
v -29.124 66.042 2.946
v -26.767 66.042 2.946
v -28.434 64.376 2.946
v -26.767 63.686 2.946
v -26.767 66.042 11.783
v -26.767 63.686 2.946
v -28.434 64.376 2.946
v -26.767 66.042 2.946
v -26.767 63.686 2.946
v -25.101 64.376 2.946
v -26.767 66.042 11.783
v -25.101 64.376 2.946
v -26.767 63.686 2.946
v -26.767 66.042 2.946
v -25.101 64.376 2.946
v -24.411 66.042 2.946
v -26.767 66.042 11.783
v -24.411 66.042 2.946
v -25.101 64.376 2.946
v -26.767 66.042 2.946
v -20.478 64.978 0.000
v -20.588 65.168 0.000
v -20.588 65.168 3.573
v -20.478 64.978 3.573
v -20.588 65.168 0.000
v -20.808 65.168 0.000
v -20.808 65.168 3.573
v -20.588 65.168 3.573
v -20.808 65.168 0.000
v -20.918 64.978 0.000
v -20.918 64.978 3.573
v -20.808 65.168 3.573
v -20.918 64.978 0.000
v -20.808 64.787 0.000
v -20.808 64.787 3.573
v -20.918 64.978 3.573
v -20.808 64.787 0.000
v -20.588 64.787 0.000
v -20.588 64.787 3.573
v -20.808 64.787 3.573
v -20.588 64.787 0.000
v -20.478 64.978 0.000
v -20.478 64.978 3.573
v -20.588 64.787 3.573
v -18.656 64.978 2.552
v -19.254 66.421 2.552
v -20.698 64.978 10.210
v -19.254 66.421 2.552
v -18.656 64.978 2.552
v -20.698 64.978 2.552
v -19.254 66.421 2.552
v -20.698 67.019 2.552
v -20.698 64.978 10.210
v -20.698 67.019 2.552
v -19.254 66.421 2.552
v -20.698 64.978 2.552
v -20.698 67.019 2.552
v -22.142 66.421 2.552
v -20.698 64.978 10.210
v -22.142 66.421 2.552
v -20.698 67.019 2.552
v -20.698 64.978 2.552
v -22.142 66.421 2.552
v -22.740 64.978 2.552
v -20.698 64.978 10.210
v -22.740 64.978 2.552
v -22.142 66.421 2.552
v -20.698 64.978 2.552
v -22.740 64.978 2.552
v -22.142 63.534 2.552
v -20.698 64.978 10.210
v -22.142 63.534 2.552
v -22.740 64.978 2.552
v -20.698 64.978 2.552
v -22.142 63.534 2.552
v -20.698 62.936 2.552
v -20.698 64.978 10.210
v -20.698 62.936 2.552
v -22.142 63.534 2.552
v -20.698 64.978 2.552
v -20.698 62.936 2.552
v -19.254 63.534 2.552
v -20.698 64.978 10.210
v -19.254 63.534 2.552
v -20.698 62.936 2.552
v -20.698 64.978 2.552
v -19.254 63.534 2.552
v -18.656 64.978 2.552
v -20.698 64.978 10.210
v -18.656 64.978 2.552
v -19.254 63.534 2.552
v -20.698 64.978 2.552
v -14.388 68.205 0.000
v -14.498 68.396 0.000
v -14.498 68.396 2.712
v -14.388 68.205 2.712
v -14.498 68.396 0.000
v -14.718 68.396 0.000
v -14.718 68.396 2.712
v -14.498 68.396 2.712
v -14.718 68.396 0.000
v -14.828 68.205 0.000
v -14.828 68.205 2.712
v -14.718 68.396 2.712
v -14.828 68.205 0.000
v -14.718 68.015 0.000
v -14.718 68.015 2.712
v -14.828 68.205 2.712
v -14.718 68.015 0.000
v -14.498 68.015 0.000
v -14.498 68.015 2.712
v -14.718 68.015 2.712
v -14.498 68.015 0.000
v -14.388 68.205 0.000
v -14.388 68.205 2.712
v -14.498 68.015 2.712
v -12.519 68.205 4.803
v -12.893 69.921 4.803
v -12.901 68.205 6.633
v -14.608 70.350 4.803
v -14.608 69.670 6.373
v -12.893 69.921 4.803
v -14.608 68.205 7.416
v -12.901 68.205 6.633
v -14.608 69.670 6.373
v -12.893 69.921 4.803
v -14.608 69.670 6.373
v -12.901 68.205 6.633
v -14.608 70.350 4.803
v -16.285 69.882 4.803
v -14.608 69.670 6.373
v -16.845 68.205 4.803
v -15.921 68.205 6.209
v -16.285 69.882 4.803
v -14.608 68.205 7.416
v -14.608 69.670 6.373
v -15.921 68.205 6.209
v -16.285 69.882 4.803
v -15.921 68.205 6.209
v -14.608 69.670 6.373
v -16.845 68.205 4.803
v -16.291 66.523 4.803
v -15.921 68.205 6.209
v -14.608 66.264 4.803
v -14.608 66.624 6.498
v -16.291 66.523 4.803
v -14.608 68.205 7.416
v -15.921 68.205 6.209
v -14.608 66.624 6.498
v -16.291 66.523 4.803
v -14.608 66.624 6.498
v -15.921 68.205 6.209
v -14.608 66.264 4.803
v -13.129 66.726 4.803
v -14.608 66.624 6.498
v -12.519 68.205 4.803
v -12.901 68.205 6.633
v -13.129 66.726 4.803
v -14.608 68.205 7.416
v -14.608 66.624 6.498
v -12.901 68.205 6.633
v -13.129 66.726 4.803
v -12.901 68.205 6.633
v -14.608 66.624 6.498
v -14.608 70.350 4.803
v -12.893 69.921 4.803
v -14.608 69.598 3.311
v -12.519 68.205 4.803
v -12.925 68.205 2.999
v -12.893 69.921 4.803
v -14.608 68.205 2.471
v -14.608 69.598 3.311
v -12.925 68.205 2.999
v -12.893 69.921 4.803
v -12.925 68.205 2.999
v -14.608 69.598 3.311
v -16.845 68.205 4.803
v -16.285 69.882 4.803
v -16.225 68.205 3.072
v -14.608 70.350 4.803
v -14.608 69.598 3.311
v -16.285 69.882 4.803
v -14.608 68.205 2.471
v -16.225 68.205 3.072
v -14.608 69.598 3.311
v -16.285 69.882 4.803
v -14.608 69.598 3.311
v -16.225 68.205 3.072
v -14.608 66.264 4.803
v -16.291 66.523 4.803
v -14.608 66.616 3.100
v -16.845 68.205 4.803
v -16.225 68.205 3.072
v -16.291 66.523 4.803
v -14.608 68.205 2.471
v -14.608 66.616 3.100
v -16.225 68.205 3.072
v -16.291 66.523 4.803
v -16.225 68.205 3.072
v -14.608 66.616 3.100
v -12.519 68.205 4.803
v -13.129 66.726 4.803
v -12.925 68.205 2.999
v -14.608 66.264 4.803
v -14.608 66.616 3.100
v -13.129 66.726 4.803
v -14.608 68.205 2.471
v -12.925 68.205 2.999
v -14.608 66.616 3.100
v -13.129 66.726 4.803
v -14.608 66.616 3.100
v -12.925 68.205 2.999
v -98.177 74.458 0.000
v -98.287 74.648 0.000
v -98.287 74.648 3.809
v -98.177 74.458 3.809
v -98.287 74.648 0.000
v -98.507 74.648 0.000
v -98.507 74.648 3.809
v -98.287 74.648 3.809
v -98.507 74.648 0.000
v -98.617 74.458 0.000
v -98.617 74.458 3.809
v -98.507 74.648 3.809
v -98.617 74.458 0.000
v -98.507 74.267 0.000
v -98.507 74.267 3.809
v -98.617 74.458 3.809
v -98.507 74.267 0.000
v -98.287 74.267 0.000
v -98.287 74.267 3.809
v -98.507 74.267 3.809
v -98.287 74.267 0.000
v -98.177 74.458 0.000
v -98.177 74.458 3.809
v -98.287 74.267 3.809
v -96.220 74.458 2.721
v -96.858 75.997 2.721
v -98.397 74.458 10.884
v -96.858 75.997 2.721
v -96.220 74.458 2.721
v -98.397 74.458 2.721
v -96.858 75.997 2.721
v -98.397 76.634 2.721
v -98.397 74.458 10.884
v -98.397 76.634 2.721
v -96.858 75.997 2.721
v -98.397 74.458 2.721
v -98.397 76.634 2.721
v -99.936 75.997 2.721
v -98.397 74.458 10.884
v -99.936 75.997 2.721
v -98.397 76.634 2.721
v -98.397 74.458 2.721
v -99.936 75.997 2.721
v -100.574 74.458 2.721
v -98.397 74.458 10.884
v -100.574 74.458 2.721
v -99.936 75.997 2.721
v -98.397 74.458 2.721
v -100.574 74.458 2.721
v -99.936 72.918 2.721
v -98.397 74.458 10.884
v -99.936 72.918 2.721
v -100.574 74.458 2.721
v -98.397 74.458 2.721
v -99.936 72.918 2.721
v -98.397 72.281 2.721
v -98.397 74.458 10.884
v -98.397 72.281 2.721
v -99.936 72.918 2.721
v -98.397 74.458 2.721
v -98.397 72.281 2.721
v -96.858 72.918 2.721
v -98.397 74.458 10.884
v -96.858 72.918 2.721
v -98.397 72.281 2.721
v -98.397 74.458 2.721
v -96.858 72.918 2.721
v -96.220 74.458 2.721
v -98.397 74.458 10.884
v -96.220 74.458 2.721
v -96.858 72.918 2.721
v -98.397 74.458 2.721
v -90.777 72.071 0.000
v -90.887 72.261 0.000
v -90.887 72.261 2.875
v -90.777 72.071 2.875
v -90.887 72.261 0.000
v -91.107 72.261 0.000
v -91.107 72.261 2.875
v -90.887 72.261 2.875
v -91.107 72.261 0.000
v -91.217 72.071 0.000
v -91.217 72.071 2.875
v -91.107 72.261 2.875
v -91.217 72.071 0.000
v -91.107 71.880 0.000
v -91.107 71.880 2.875
v -91.217 72.071 2.875
v -91.107 71.880 0.000
v -90.887 71.880 0.000
v -90.887 71.880 2.875
v -91.107 71.880 2.875
v -90.887 71.880 0.000
v -90.777 72.071 0.000
v -90.777 72.071 2.875
v -90.887 71.880 2.875
v -89.012 72.071 5.093
v -89.539 73.529 5.093
v -89.284 72.071 6.928
v -90.997 74.047 5.093
v -90.997 73.761 6.904
v -89.539 73.529 5.093
v -90.997 72.071 7.730
v -89.284 72.071 6.928
v -90.997 73.761 6.904
v -89.539 73.529 5.093
v -90.997 73.761 6.904
v -89.284 72.071 6.928
v -90.997 74.047 5.093
v -92.472 73.545 5.093
v -90.997 73.761 6.904
v -93.136 72.071 5.093
v -92.692 72.071 6.909
v -92.472 73.545 5.093
v -90.997 72.071 7.730
v -90.997 73.761 6.904
v -92.692 72.071 6.909
v -92.472 73.545 5.093
v -92.692 72.071 6.909
v -90.997 73.761 6.904
v -93.136 72.071 5.093
v -92.777 70.291 5.093
v -92.692 72.071 6.909
v -90.997 69.552 5.093
v -90.997 70.675 6.589
v -92.777 70.291 5.093
v -90.997 72.071 7.730
v -92.692 72.071 6.909
v -90.997 70.675 6.589
v -92.777 70.291 5.093
v -90.997 70.675 6.589
v -92.692 72.071 6.909
v -90.997 69.552 5.093
v -89.231 70.305 5.093
v -90.997 70.675 6.589
v -89.012 72.071 5.093
v -89.284 72.071 6.928
v -89.231 70.305 5.093
v -90.997 72.071 7.730
v -90.997 70.675 6.589
v -89.284 72.071 6.928
v -89.231 70.305 5.093
v -89.284 72.071 6.928
v -90.997 70.675 6.589
v -90.997 74.047 5.093
v -89.539 73.529 5.093
v -90.997 73.526 3.534
v -89.012 72.071 5.093
v -89.526 72.071 3.516
v -89.539 73.529 5.093
v -90.997 72.071 2.885
v -90.997 73.526 3.534
v -89.526 72.071 3.516
v -89.539 73.529 5.093
v -89.526 72.071 3.516
v -90.997 73.526 3.534
v -93.136 72.071 5.093
v -92.472 73.545 5.093
v -92.467 72.071 3.518
v -90.997 74.047 5.093
v -90.997 73.526 3.534
v -92.472 73.545 5.093
v -90.997 72.071 2.885
v -92.467 72.071 3.518
v -90.997 73.526 3.534
v -92.472 73.545 5.093
v -90.997 73.526 3.534
v -92.467 72.071 3.518
v -90.997 69.552 5.093
v -92.777 70.291 5.093
v -90.997 70.335 3.233
v -93.136 72.071 5.093
v -92.467 72.071 3.518
v -92.777 70.291 5.093
v -90.997 72.071 2.885
v -90.997 70.335 3.233
v -92.467 72.071 3.518
v -92.777 70.291 5.093
v -92.467 72.071 3.518
v -90.997 70.335 3.233
v -89.012 72.071 5.093
v -89.231 70.305 5.093
v -89.526 72.071 3.516
v -90.997 69.552 5.093
v -90.997 70.335 3.233
v -89.231 70.305 5.093
v -90.997 72.071 2.885
v -89.526 72.071 3.516
v -90.997 70.335 3.233
v -89.231 70.305 5.093
v -90.997 70.335 3.233
v -89.526 72.071 3.516
v -85.008 72.152 0.000
v -85.118 72.342 0.000
v -85.118 72.342 2.843
v -85.008 72.152 2.843
v -85.118 72.342 0.000
v -85.338 72.342 0.000
v -85.338 72.342 2.843
v -85.118 72.342 2.843
v -85.338 72.342 0.000
v -85.448 72.152 0.000
v -85.448 72.152 2.843
v -85.338 72.342 2.843
v -85.448 72.152 0.000
v -85.338 71.961 0.000
v -85.338 71.961 2.843
v -85.448 72.152 2.843
v -85.338 71.961 0.000
v -85.118 71.961 0.000
v -85.118 71.961 2.843
v -85.338 71.961 2.843
v -85.118 71.961 0.000
v -85.008 72.152 0.000
v -85.008 72.152 2.843
v -85.118 71.961 2.843
v -83.073 72.152 5.036
v -83.580 73.799 5.036
v -83.754 72.152 6.615
v -85.228 74.198 5.036
v -85.228 73.784 6.784
v -83.580 73.799 5.036
v -85.228 72.152 7.368
v -83.754 72.152 6.615
v -85.228 73.784 6.784
v -83.580 73.799 5.036
v -85.228 73.784 6.784
v -83.754 72.152 6.615
v -85.228 74.198 5.036
v -86.874 73.798 5.036
v -85.228 73.784 6.784
v -87.428 72.152 5.036
v -86.732 72.152 6.648
v -86.874 73.798 5.036
v -85.228 72.152 7.368
v -85.228 73.784 6.784
v -86.732 72.152 6.648
v -86.874 73.798 5.036
v -86.732 72.152 6.648
v -85.228 73.784 6.784
v -87.428 72.152 5.036
v -86.723 70.657 5.036
v -86.732 72.152 6.648
v -85.228 70.179 5.036
v -85.228 70.685 6.607
v -86.723 70.657 5.036
v -85.228 72.152 7.368
v -86.732 72.152 6.648
v -85.228 70.685 6.607
v -86.723 70.657 5.036
v -85.228 70.685 6.607
v -86.732 72.152 6.648
v -85.228 70.179 5.036
v -83.682 70.606 5.036
v -85.228 70.685 6.607
v -83.073 72.152 5.036
v -83.754 72.152 6.615
v -83.682 70.606 5.036
v -85.228 72.152 7.368
v -85.228 70.685 6.607
v -83.754 72.152 6.615
v -83.682 70.606 5.036
v -83.754 72.152 6.615
v -85.228 70.685 6.607
v -85.228 74.198 5.036
v -83.580 73.799 5.036
v -85.228 73.652 3.429
v -83.073 72.152 5.036
v -83.735 72.152 3.437
v -83.580 73.799 5.036
v -85.228 72.152 2.644
v -85.228 73.652 3.429
v -83.735 72.152 3.437
v -83.580 73.799 5.036
v -83.735 72.152 3.437
v -85.228 73.652 3.429
v -87.428 72.152 5.036
v -86.874 73.798 5.036
v -86.855 72.152 3.292
v -85.228 74.198 5.036
v -85.228 73.652 3.429
v -86.874 73.798 5.036
v -85.228 72.152 2.644
v -86.855 72.152 3.292
v -85.228 73.652 3.429
v -86.874 73.798 5.036
v -85.228 73.652 3.429
v -86.855 72.152 3.292
v -85.228 70.179 5.036
v -86.723 70.657 5.036
v -85.228 70.387 3.145
v -87.428 72.152 5.036
v -86.855 72.152 3.292
v -86.723 70.657 5.036
v -85.228 72.152 2.644
v -85.228 70.387 3.145
v -86.855 72.152 3.292
v -86.723 70.657 5.036
v -86.855 72.152 3.292
v -85.228 70.387 3.145
v -83.073 72.152 5.036
v -83.682 70.606 5.036
v -83.735 72.152 3.437
v -85.228 70.179 5.036
v -85.228 70.387 3.145
v -83.682 70.606 5.036
v -85.228 72.152 2.644
v -83.735 72.152 3.437
v -85.228 70.387 3.145
v -83.682 70.606 5.036
v -85.228 70.387 3.145
v -83.735 72.152 3.437
v -76.279 71.981 0.000
v -76.389 72.172 0.000
v -76.389 72.172 3.078
v -76.279 71.981 3.078
v -76.389 72.172 0.000
v -76.609 72.172 0.000
v -76.609 72.172 3.078
v -76.389 72.172 3.078
v -76.609 72.172 0.000
v -76.719 71.981 0.000
v -76.719 71.981 3.078
v -76.609 72.172 3.078
v -76.719 71.981 0.000
v -76.609 71.791 0.000
v -76.609 71.791 3.078
v -76.719 71.981 3.078
v -76.609 71.791 0.000
v -76.389 71.791 0.000
v -76.389 71.791 3.078
v -76.609 71.791 3.078
v -76.389 71.791 0.000
v -76.279 71.981 0.000
v -76.279 71.981 3.078
v -76.389 71.791 3.078
v -74.740 71.981 2.198
v -75.255 73.225 2.198
v -76.499 71.981 8.794
v -75.255 73.225 2.198
v -74.740 71.981 2.198
v -76.499 71.981 2.198
v -75.255 73.225 2.198
v -76.499 73.740 2.198
v -76.499 71.981 8.794
v -76.499 73.740 2.198
v -75.255 73.225 2.198
v -76.499 71.981 2.198
v -76.499 73.740 2.198
v -77.743 73.225 2.198
v -76.499 71.981 8.794
v -77.743 73.225 2.198
v -76.499 73.740 2.198
v -76.499 71.981 2.198
v -77.743 73.225 2.198
v -78.258 71.981 2.198
v -76.499 71.981 8.794
v -78.258 71.981 2.198
v -77.743 73.225 2.198
v -76.499 71.981 2.198
v -78.258 71.981 2.198
v -77.743 70.738 2.198
v -76.499 71.981 8.794
v -77.743 70.738 2.198
v -78.258 71.981 2.198
v -76.499 71.981 2.198
v -77.743 70.738 2.198
v -76.499 70.223 2.198
v -76.499 71.981 8.794
v -76.499 70.223 2.198
v -77.743 70.738 2.198
v -76.499 71.981 2.198
v -76.499 70.223 2.198
v -75.255 70.738 2.198
v -76.499 71.981 8.794
v -75.255 70.738 2.198
v -76.499 70.223 2.198
v -76.499 71.981 2.198
v -75.255 70.738 2.198
v -74.740 71.981 2.198
v -76.499 71.981 8.794
v -74.740 71.981 2.198
v -75.255 70.738 2.198
v -76.499 71.981 2.198
v -67.183 71.777 0.000
v -67.293 71.967 0.000
v -67.293 71.967 2.685
v -67.183 71.777 2.685
v -67.293 71.967 0.000
v -67.513 71.967 0.000
v -67.513 71.967 2.685
v -67.293 71.967 2.685
v -67.513 71.967 0.000
v -67.623 71.777 0.000
v -67.623 71.777 2.685
v -67.513 71.967 2.685
v -67.623 71.777 0.000
v -67.513 71.586 0.000
v -67.513 71.586 2.685
v -67.623 71.777 2.685
v -67.513 71.586 0.000
v -67.293 71.586 0.000
v -67.293 71.586 2.685
v -67.513 71.586 2.685
v -67.293 71.586 0.000
v -67.183 71.777 0.000
v -67.183 71.777 2.685
v -67.293 71.586 2.685
v -65.869 71.777 1.918
v -66.319 72.862 1.918
v -67.403 71.777 7.671
v -66.319 72.862 1.918
v -65.869 71.777 1.918
v -67.403 71.777 1.918
v -66.319 72.862 1.918
v -67.403 73.311 1.918
v -67.403 71.777 7.671
v -67.403 73.311 1.918
v -66.319 72.862 1.918
v -67.403 71.777 1.918
v -67.403 73.311 1.918
v -68.488 72.862 1.918
v -67.403 71.777 7.671
v -68.488 72.862 1.918
v -67.403 73.311 1.918
v -67.403 71.777 1.918
v -68.488 72.862 1.918
v -68.938 71.777 1.918
v -67.403 71.777 7.671
v -68.938 71.777 1.918
v -68.488 72.862 1.918
v -67.403 71.777 1.918
v -68.938 71.777 1.918
v -68.488 70.692 1.918
v -67.403 71.777 7.671
v -68.488 70.692 1.918
v -68.938 71.777 1.918
v -67.403 71.777 1.918
v -68.488 70.692 1.918
v -67.403 70.242 1.918
v -67.403 71.777 7.671
v -67.403 70.242 1.918
v -68.488 70.692 1.918
v -67.403 71.777 1.918
v -67.403 70.242 1.918
v -66.319 70.692 1.918
v -67.403 71.777 7.671
v -66.319 70.692 1.918
v -67.403 70.242 1.918
v -67.403 71.777 1.918
v -66.319 70.692 1.918
v -65.869 71.777 1.918
v -67.403 71.777 7.671
v -65.869 71.777 1.918
v -66.319 70.692 1.918
v -67.403 71.777 1.918
v -63.769 71.304 0.000
v -63.879 71.494 0.000
v -63.879 71.494 3.032
v -63.769 71.304 3.032
v -63.879 71.494 0.000
v -64.099 71.494 0.000
v -64.099 71.494 3.032
v -63.879 71.494 3.032
v -64.099 71.494 0.000
v -64.209 71.304 0.000
v -64.209 71.304 3.032
v -64.099 71.494 3.032
v -64.209 71.304 0.000
v -64.099 71.113 0.000
v -64.099 71.113 3.032
v -64.209 71.304 3.032
v -64.099 71.113 0.000
v -63.879 71.113 0.000
v -63.879 71.113 3.032
v -64.099 71.113 3.032
v -63.879 71.113 0.000
v -63.769 71.304 0.000
v -63.769 71.304 3.032
v -63.879 71.113 3.032
v -62.257 71.304 2.166
v -62.764 72.529 2.166
v -63.989 71.304 8.663
v -62.764 72.529 2.166
v -62.257 71.304 2.166
v -63.989 71.304 2.166
v -62.764 72.529 2.166
v -63.989 73.037 2.166
v -63.989 71.304 8.663
v -63.989 73.037 2.166
v -62.764 72.529 2.166
v -63.989 71.304 2.166
v -63.989 73.037 2.166
v -65.215 72.529 2.166
v -63.989 71.304 8.663
v -65.215 72.529 2.166
v -63.989 73.037 2.166
v -63.989 71.304 2.166
v -65.215 72.529 2.166
v -65.722 71.304 2.166
v -63.989 71.304 8.663
v -65.722 71.304 2.166
v -65.215 72.529 2.166
v -63.989 71.304 2.166
v -65.722 71.304 2.166
v -65.215 70.079 2.166
v -63.989 71.304 8.663
v -65.215 70.079 2.166
v -65.722 71.304 2.166
v -63.989 71.304 2.166
v -65.215 70.079 2.166
v -63.989 69.571 2.166
v -63.989 71.304 8.663
v -63.989 69.571 2.166
v -65.215 70.079 2.166
v -63.989 71.304 2.166
v -63.989 69.571 2.166
v -62.764 70.079 2.166
v -63.989 71.304 8.663
v -62.764 70.079 2.166
v -63.989 69.571 2.166
v -63.989 71.304 2.166
v -62.764 70.079 2.166
v -62.257 71.304 2.166
v -63.989 71.304 8.663
v -62.257 71.304 2.166
v -62.764 70.079 2.166
v -63.989 71.304 2.166
v -52.765 74.708 0.000
v -52.875 74.899 0.000
v -52.875 74.899 4.068
v -52.765 74.708 4.068
v -52.875 74.899 0.000
v -53.095 74.899 0.000
v -53.095 74.899 4.068
v -52.875 74.899 4.068
v -53.095 74.899 0.000
v -53.205 74.708 0.000
v -53.205 74.708 4.068
v -53.095 74.899 4.068
v -53.205 74.708 0.000
v -53.095 74.518 0.000
v -53.095 74.518 4.068
v -53.205 74.708 4.068
v -53.095 74.518 0.000
v -52.875 74.518 0.000
v -52.875 74.518 4.068
v -53.095 74.518 4.068
v -52.875 74.518 0.000
v -52.765 74.708 0.000
v -52.765 74.708 4.068
v -52.875 74.518 4.068
v -49.470 74.708 7.207
v -50.726 76.967 7.207
v -50.464 74.708 9.908
v -52.985 77.945 7.207
v -52.985 76.855 9.506
v -50.726 76.967 7.207
v -52.985 74.708 10.787
v -50.464 74.708 9.908
v -52.985 76.855 9.506
v -50.726 76.967 7.207
v -52.985 76.855 9.506
v -50.464 74.708 9.908
v -52.985 77.945 7.207
v -55.402 77.125 7.207
v -52.985 76.855 9.506
v -55.888 74.708 7.207
v -55.116 74.708 9.490
v -55.402 77.125 7.207
v -52.985 74.708 10.787
v -52.985 76.855 9.506
v -55.116 74.708 9.490
v -55.402 77.125 7.207
v -55.116 74.708 9.490
v -52.985 76.855 9.506
v -55.888 74.708 7.207
v -55.327 72.366 7.207
v -55.116 74.708 9.490
v -52.985 71.506 7.207
v -52.985 72.076 10.027
v -55.327 72.366 7.207
v -52.985 74.708 10.787
v -55.116 74.708 9.490
v -52.985 72.076 10.027
v -55.327 72.366 7.207
v -52.985 72.076 10.027
v -55.116 74.708 9.490
v -52.985 71.506 7.207
v -50.895 72.619 7.207
v -52.985 72.076 10.027
v -49.470 74.708 7.207
v -50.464 74.708 9.908
v -50.895 72.619 7.207
v -52.985 74.708 10.787
v -52.985 72.076 10.027
v -50.464 74.708 9.908
v -50.895 72.619 7.207
v -50.464 74.708 9.908
v -52.985 72.076 10.027
v -52.985 77.945 7.207
v -50.726 76.967 7.207
v -52.985 76.814 4.950
v -49.470 74.708 7.207
v -50.532 74.708 4.579
v -50.726 76.967 7.207
v -52.985 74.708 4.180
v -52.985 76.814 4.950
v -50.532 74.708 4.579
v -50.726 76.967 7.207
v -50.532 74.708 4.579
v -52.985 76.814 4.950
v -55.888 74.708 7.207
v -55.402 77.125 7.207
v -55.008 74.708 5.039
v -52.985 77.945 7.207
v -52.985 76.814 4.950
v -55.402 77.125 7.207
v -52.985 74.708 4.180
v -55.008 74.708 5.039
v -52.985 76.814 4.950
v -55.402 77.125 7.207
v -52.985 76.814 4.950
v -55.008 74.708 5.039
v -52.985 71.506 7.207
v -55.327 72.366 7.207
v -52.985 72.296 4.622
v -55.888 74.708 7.207
v -55.008 74.708 5.039
v -55.327 72.366 7.207
v -52.985 74.708 4.180
v -52.985 72.296 4.622
v -55.008 74.708 5.039
v -55.327 72.366 7.207
v -55.008 74.708 5.039
v -52.985 72.296 4.622
v -49.470 74.708 7.207
v -50.895 72.619 7.207
v -50.532 74.708 4.579
v -52.985 71.506 7.207
v -52.985 72.296 4.622
v -50.895 72.619 7.207
v -52.985 74.708 4.180
v -50.532 74.708 4.579
v -52.985 72.296 4.622
v -50.895 72.619 7.207
v -52.985 72.296 4.622
v -50.532 74.708 4.579
v -50.097 75.724 0.000
v -50.207 75.915 0.000
v -50.207 75.915 2.336
v -50.097 75.724 2.336
v -50.207 75.915 0.000
v -50.427 75.915 0.000
v -50.427 75.915 2.336
v -50.207 75.915 2.336
v -50.427 75.915 0.000
v -50.537 75.724 0.000
v -50.537 75.724 2.336
v -50.427 75.915 2.336
v -50.537 75.724 0.000
v -50.427 75.534 0.000
v -50.427 75.534 2.336
v -50.537 75.724 2.336
v -50.427 75.534 0.000
v -50.207 75.534 0.000
v -50.207 75.534 2.336
v -50.427 75.534 2.336
v -50.207 75.534 0.000
v -50.097 75.724 0.000
v -50.097 75.724 2.336
v -50.207 75.534 2.336
v -48.575 75.724 4.139
v -49.011 77.030 4.139
v -48.897 75.724 5.659
v -50.317 77.418 4.139
v -50.317 77.157 5.673
v -49.011 77.030 4.139
v -50.317 75.724 5.899
v -48.897 75.724 5.659
v -50.317 77.157 5.673
v -49.011 77.030 4.139
v -50.317 77.157 5.673
v -48.897 75.724 5.659
v -50.317 77.418 4.139
v -51.495 76.903 4.139
v -50.317 77.157 5.673
v -52.042 75.724 4.139
v -51.823 75.724 5.753
v -51.495 76.903 4.139
v -50.317 75.724 5.899
v -50.317 77.157 5.673
v -51.823 75.724 5.753
v -51.495 76.903 4.139
v -51.823 75.724 5.753
v -50.317 77.157 5.673
v -52.042 75.724 4.139
v -51.702 74.338 4.139
v -51.823 75.724 5.753
v -50.317 73.662 4.139
v -50.317 74.596 5.348
v -51.702 74.338 4.139
v -50.317 75.724 5.899
v -51.823 75.724 5.753
v -50.317 74.596 5.348
v -51.702 74.338 4.139
v -50.317 74.596 5.348
v -51.823 75.724 5.753
v -50.317 73.662 4.139
v -49.141 74.549 4.139
v -50.317 74.596 5.348
v -48.575 75.724 4.139
v -48.897 75.724 5.659
v -49.141 74.549 4.139
v -50.317 75.724 5.899
v -50.317 74.596 5.348
v -48.897 75.724 5.659
v -49.141 74.549 4.139
v -48.897 75.724 5.659
v -50.317 74.596 5.348
v -50.317 77.418 4.139
v -49.011 77.030 4.139
v -50.317 76.978 2.796
v -48.575 75.724 4.139
v -48.996 75.724 2.724
v -49.011 77.030 4.139
v -50.317 75.724 2.382
v -50.317 76.978 2.796
v -48.996 75.724 2.724
v -49.011 77.030 4.139
v -48.996 75.724 2.724
v -50.317 76.978 2.796
v -52.042 75.724 4.139
v -51.495 76.903 4.139
v -51.453 75.724 2.921
v -50.317 77.418 4.139
v -50.317 76.978 2.796
v -51.495 76.903 4.139
v -50.317 75.724 2.382
v -51.453 75.724 2.921
v -50.317 76.978 2.796
v -51.495 76.903 4.139
v -50.317 76.978 2.796
v -51.453 75.724 2.921
v -50.317 73.662 4.139
v -51.702 74.338 4.139
v -50.317 74.535 2.864
v -52.042 75.724 4.139
v -51.453 75.724 2.921
v -51.702 74.338 4.139
v -50.317 75.724 2.382
v -50.317 74.535 2.864
v -51.453 75.724 2.921
v -51.702 74.338 4.139
v -51.453 75.724 2.921
v -50.317 74.535 2.864
v -48.575 75.724 4.139
v -49.141 74.549 4.139
v -48.996 75.724 2.724
v -50.317 73.662 4.139
v -50.317 74.535 2.864
v -49.141 74.549 4.139
v -50.317 75.724 2.382
v -48.996 75.724 2.724
v -50.317 74.535 2.864
v -49.141 74.549 4.139
v -50.317 74.535 2.864
v -48.996 75.724 2.724
v -42.302 72.914 0.000
v -42.412 73.105 0.000
v -42.412 73.105 2.601
v -42.302 72.914 2.601
v -42.412 73.105 0.000
v -42.632 73.105 0.000
v -42.632 73.105 2.601
v -42.412 73.105 2.601
v -42.632 73.105 0.000
v -42.742 72.914 0.000
v -42.742 72.914 2.601
v -42.632 73.105 2.601
v -42.742 72.914 0.000
v -42.632 72.724 0.000
v -42.632 72.724 2.601
v -42.742 72.914 2.601
v -42.632 72.724 0.000
v -42.412 72.724 0.000
v -42.412 72.724 2.601
v -42.632 72.724 2.601
v -42.412 72.724 0.000
v -42.302 72.914 0.000
v -42.302 72.914 2.601
v -42.412 72.724 2.601
v -41.036 72.914 1.858
v -41.471 73.965 1.858
v -42.522 72.914 7.431
v -41.471 73.965 1.858
v -41.036 72.914 1.858
v -42.522 72.914 1.858
v -41.471 73.965 1.858
v -42.522 74.400 1.858
v -42.522 72.914 7.431
v -42.522 74.400 1.858
v -41.471 73.965 1.858
v -42.522 72.914 1.858
v -42.522 74.400 1.858
v -43.573 73.965 1.858
v -42.522 72.914 7.431
v -43.573 73.965 1.858
v -42.522 74.400 1.858
v -42.522 72.914 1.858
v -43.573 73.965 1.858
v -44.008 72.914 1.858
v -42.522 72.914 7.431
v -44.008 72.914 1.858
v -43.573 73.965 1.858
v -42.522 72.914 1.858
v -44.008 72.914 1.858
v -43.573 71.863 1.858
v -42.522 72.914 7.431
v -43.573 71.863 1.858
v -44.008 72.914 1.858
v -42.522 72.914 1.858
v -43.573 71.863 1.858
v -42.522 71.428 1.858
v -42.522 72.914 7.431
v -42.522 71.428 1.858
v -43.573 71.863 1.858
v -42.522 72.914 1.858
v -42.522 71.428 1.858
v -41.471 71.863 1.858
v -42.522 72.914 7.431
v -41.471 71.863 1.858
v -42.522 71.428 1.858
v -42.522 72.914 1.858
v -41.471 71.863 1.858
v -41.036 72.914 1.858
v -42.522 72.914 7.431
v -41.036 72.914 1.858
v -41.471 71.863 1.858
v -42.522 72.914 1.858
v -37.291 72.802 0.000
v -37.401 72.993 0.000
v -37.401 72.993 2.513
v -37.291 72.802 2.513
v -37.401 72.993 0.000
v -37.621 72.993 0.000
v -37.621 72.993 2.513
v -37.401 72.993 2.513
v -37.621 72.993 0.000
v -37.731 72.802 0.000
v -37.731 72.802 2.513
v -37.621 72.993 2.513
v -37.731 72.802 0.000
v -37.621 72.612 0.000
v -37.621 72.612 2.513
v -37.731 72.802 2.513
v -37.621 72.612 0.000
v -37.401 72.612 0.000
v -37.401 72.612 2.513
v -37.621 72.612 2.513
v -37.401 72.612 0.000
v -37.291 72.802 0.000
v -37.291 72.802 2.513
v -37.401 72.612 2.513
v -35.534 72.802 4.452
v -36.245 74.067 4.452
v -36.074 72.802 5.991
v -37.511 74.583 4.452
v -37.511 74.111 5.854
v -36.245 74.067 4.452
v -37.511 72.802 6.811
v -36.074 72.802 5.991
v -37.511 74.111 5.854
v -36.245 74.067 4.452
v -37.511 74.111 5.854
v -36.074 72.802 5.991
v -37.511 74.583 4.452
v -38.969 74.261 4.452
v -37.511 74.111 5.854
v -39.228 72.802 4.452
v -38.813 72.802 5.847
v -38.969 74.261 4.452
v -37.511 72.802 6.811
v -37.511 74.111 5.854
v -38.813 72.802 5.847
v -38.969 74.261 4.452
v -38.813 72.802 5.847
v -37.511 74.111 5.854
v -39.228 72.802 4.452
v -38.743 71.569 4.452
v -38.813 72.802 5.847
v -37.511 70.842 4.452
v -37.511 71.373 5.983
v -38.743 71.569 4.452
v -37.511 72.802 6.811
v -38.813 72.802 5.847
v -37.511 71.373 5.983
v -38.743 71.569 4.452
v -37.511 71.373 5.983
v -38.813 72.802 5.847
v -37.511 70.842 4.452
v -36.176 71.468 4.452
v -37.511 71.373 5.983
v -35.534 72.802 4.452
v -36.074 72.802 5.991
v -36.176 71.468 4.452
v -37.511 72.802 6.811
v -37.511 71.373 5.983
v -36.074 72.802 5.991
v -36.176 71.468 4.452
v -36.074 72.802 5.991
v -37.511 71.373 5.983
v -37.511 74.583 4.452
v -36.245 74.067 4.452
v -37.511 74.389 2.752
v -35.534 72.802 4.452
v -35.918 72.802 2.746
v -36.245 74.067 4.452
v -37.511 72.802 2.205
v -37.511 74.389 2.752
v -35.918 72.802 2.746
v -36.245 74.067 4.452
v -35.918 72.802 2.746
v -37.511 74.389 2.752
v -39.228 72.802 4.452
v -38.969 74.261 4.452
v -38.855 72.802 3.011
v -37.511 74.583 4.452
v -37.511 74.389 2.752
v -38.969 74.261 4.452
v -37.511 72.802 2.205
v -38.855 72.802 3.011
v -37.511 74.389 2.752
v -38.969 74.261 4.452
v -37.511 74.389 2.752
v -38.855 72.802 3.011
v -37.511 70.842 4.452
v -38.743 71.569 4.452
v -37.511 71.179 2.712
v -39.228 72.802 4.452
v -38.855 72.802 3.011
v -38.743 71.569 4.452
v -37.511 72.802 2.205
v -37.511 71.179 2.712
v -38.855 72.802 3.011
v -38.743 71.569 4.452
v -38.855 72.802 3.011
v -37.511 71.179 2.712
v -35.534 72.802 4.452
v -36.176 71.468 4.452
v -35.918 72.802 2.746
v -37.511 70.842 4.452
v -37.511 71.179 2.712
v -36.176 71.468 4.452
v -37.511 72.802 2.205
v -35.918 72.802 2.746
v -37.511 71.179 2.712
v -36.176 71.468 4.452
v -37.511 71.179 2.712
v -35.918 72.802 2.746
v -30.224 72.828 0.000
v -30.334 73.018 0.000
v -30.334 73.018 3.857
v -30.224 72.828 3.857
v -30.334 73.018 0.000
v -30.554 73.018 0.000
v -30.554 73.018 3.857
v -30.334 73.018 3.857
v -30.554 73.018 0.000
v -30.664 72.828 0.000
v -30.664 72.828 3.857
v -30.554 73.018 3.857
v -30.664 72.828 0.000
v -30.554 72.637 0.000
v -30.554 72.637 3.857
v -30.664 72.828 3.857
v -30.554 72.637 0.000
v -30.334 72.637 0.000
v -30.334 72.637 3.857
v -30.554 72.637 3.857
v -30.334 72.637 0.000
v -30.224 72.828 0.000
v -30.224 72.828 3.857
v -30.334 72.637 3.857
v -27.428 72.828 6.833
v -28.475 74.797 6.833
v -28.398 72.828 9.025
v -30.444 75.820 6.833
v -30.444 75.151 9.322
v -28.475 74.797 6.833
v -30.444 72.828 9.886
v -28.398 72.828 9.025
v -30.444 75.151 9.322
v -28.475 74.797 6.833
v -30.444 75.151 9.322
v -28.398 72.828 9.025
v -30.444 75.820 6.833
v -32.402 74.786 6.833
v -30.444 75.151 9.322
v -33.693 72.828 6.833
v -32.555 72.828 9.095
v -32.402 74.786 6.833
v -30.444 72.828 9.886
v -30.444 75.151 9.322
v -32.555 72.828 9.095
v -32.402 74.786 6.833
v -32.555 72.828 9.095
v -30.444 75.151 9.322
v -33.693 72.828 6.833
v -32.881 70.391 6.833
v -32.555 72.828 9.095
v -30.444 69.894 6.833
v -30.444 70.855 8.947
v -32.881 70.391 6.833
v -30.444 72.828 9.886
v -32.555 72.828 9.095
v -30.444 70.855 8.947
v -32.881 70.391 6.833
v -30.444 70.855 8.947
v -32.555 72.828 9.095
v -30.444 69.894 6.833
v -28.334 70.718 6.833
v -30.444 70.855 8.947
v -27.428 72.828 6.833
v -28.398 72.828 9.025
v -28.334 70.718 6.833
v -30.444 72.828 9.886
v -30.444 70.855 8.947
v -28.398 72.828 9.025
v -28.334 70.718 6.833
v -28.398 72.828 9.025
v -30.444 70.855 8.947
v -30.444 75.820 6.833
v -28.475 74.797 6.833
v -30.444 75.016 4.489
v -27.428 72.828 6.833
v -28.206 72.828 4.435
v -28.475 74.797 6.833
v -30.444 72.828 3.388
v -30.444 75.016 4.489
v -28.206 72.828 4.435
v -28.475 74.797 6.833
v -28.206 72.828 4.435
v -30.444 75.016 4.489
v -33.693 72.828 6.833
v -32.402 74.786 6.833
v -32.565 72.828 4.561
v -30.444 75.820 6.833
v -30.444 75.016 4.489
v -32.402 74.786 6.833
v -30.444 72.828 3.388
v -32.565 72.828 4.561
v -30.444 75.016 4.489
v -32.402 74.786 6.833
v -30.444 75.016 4.489
v -32.565 72.828 4.561
v -30.444 69.894 6.833
v -32.881 70.391 6.833
v -30.444 70.684 4.536
v -33.693 72.828 6.833
v -32.565 72.828 4.561
v -32.881 70.391 6.833
v -30.444 72.828 3.388
v -30.444 70.684 4.536
v -32.565 72.828 4.561
v -32.881 70.391 6.833
v -32.565 72.828 4.561
v -30.444 70.684 4.536
v -27.428 72.828 6.833
v -28.334 70.718 6.833
v -28.206 72.828 4.435
v -30.444 69.894 6.833
v -30.444 70.684 4.536
v -28.334 70.718 6.833
v -30.444 72.828 3.388
v -28.206 72.828 4.435
v -30.444 70.684 4.536
v -28.334 70.718 6.833
v -30.444 70.684 4.536
v -28.206 72.828 4.435
v -24.650 73.412 0.000
v -24.760 73.603 0.000
v -24.760 73.603 4.045
v -24.650 73.412 4.045
v -24.760 73.603 0.000
v -24.980 73.603 0.000
v -24.980 73.603 4.045
v -24.760 73.603 4.045
v -24.980 73.603 0.000
v -25.090 73.412 0.000
v -25.090 73.412 4.045
v -24.980 73.603 4.045
v -25.090 73.412 0.000
v -24.980 73.222 0.000
v -24.980 73.222 4.045
v -25.090 73.412 4.045
v -24.980 73.222 0.000
v -24.760 73.222 0.000
v -24.760 73.222 4.045
v -24.980 73.222 4.045
v -24.760 73.222 0.000
v -24.650 73.412 0.000
v -24.650 73.412 4.045
v -24.760 73.222 4.045
v -22.558 73.412 2.889
v -23.235 75.047 2.889
v -24.870 73.412 11.557
v -23.235 75.047 2.889
v -22.558 73.412 2.889
v -24.870 73.412 2.889
v -23.235 75.047 2.889
v -24.870 75.724 2.889
v -24.870 73.412 11.557
v -24.870 75.724 2.889
v -23.235 75.047 2.889
v -24.870 73.412 2.889
v -24.870 75.724 2.889
v -26.504 75.047 2.889
v -24.870 73.412 11.557
v -26.504 75.047 2.889
v -24.870 75.724 2.889
v -24.870 73.412 2.889
v -26.504 75.047 2.889
v -27.181 73.412 2.889
v -24.870 73.412 11.557
v -27.181 73.412 2.889
v -26.504 75.047 2.889
v -24.870 73.412 2.889
v -27.181 73.412 2.889
v -26.504 71.778 2.889
v -24.870 73.412 11.557
v -26.504 71.778 2.889
v -27.181 73.412 2.889
v -24.870 73.412 2.889
v -26.504 71.778 2.889
v -24.870 71.101 2.889
v -24.870 73.412 11.557
v -24.870 71.101 2.889
v -26.504 71.778 2.889
v -24.870 73.412 2.889
v -24.870 71.101 2.889
v -23.235 71.778 2.889
v -24.870 73.412 11.557
v -23.235 71.778 2.889
v -24.870 71.101 2.889
v -24.870 73.412 2.889
v -23.235 71.778 2.889
v -22.558 73.412 2.889
v -24.870 73.412 11.557
v -22.558 73.412 2.889
v -23.235 71.778 2.889
v -24.870 73.412 2.889
v -17.189 75.530 0.000
v -17.299 75.720 0.000
v -17.299 75.720 3.066
v -17.189 75.530 3.066
v -17.299 75.720 0.000
v -17.519 75.720 0.000
v -17.519 75.720 3.066
v -17.299 75.720 3.066
v -17.519 75.720 0.000
v -17.629 75.530 0.000
v -17.629 75.530 3.066
v -17.519 75.720 3.066
v -17.629 75.530 0.000
v -17.519 75.339 0.000
v -17.519 75.339 3.066
v -17.629 75.530 3.066
v -17.519 75.339 0.000
v -17.299 75.339 0.000
v -17.299 75.339 3.066
v -17.519 75.339 3.066
v -17.299 75.339 0.000
v -17.189 75.530 0.000
v -17.189 75.530 3.066
v -17.299 75.339 3.066
v -15.657 75.530 2.190
v -16.170 76.768 2.190
v -17.409 75.530 8.759
v -16.170 76.768 2.190
v -15.657 75.530 2.190
v -17.409 75.530 2.190
v -16.170 76.768 2.190
v -17.409 77.282 2.190
v -17.409 75.530 8.759
v -17.409 77.282 2.190
v -16.170 76.768 2.190
v -17.409 75.530 2.190
v -17.409 77.282 2.190
v -18.648 76.768 2.190
v -17.409 75.530 8.759
v -18.648 76.768 2.190
v -17.409 77.282 2.190
v -17.409 75.530 2.190
v -18.648 76.768 2.190
v -19.161 75.530 2.190
v -17.409 75.530 8.759
v -19.161 75.530 2.190
v -18.648 76.768 2.190
v -17.409 75.530 2.190
v -19.161 75.530 2.190
v -18.648 74.291 2.190
v -17.409 75.530 8.759
v -18.648 74.291 2.190
v -19.161 75.530 2.190
v -17.409 75.530 2.190
v -18.648 74.291 2.190
v -17.409 73.778 2.190
v -17.409 75.530 8.759
v -17.409 73.778 2.190
v -18.648 74.291 2.190
v -17.409 75.530 2.190
v -17.409 73.778 2.190
v -16.170 74.291 2.190
v -17.409 75.530 8.759
v -16.170 74.291 2.190
v -17.409 73.778 2.190
v -17.409 75.530 2.190
v -16.170 74.291 2.190
v -15.657 75.530 2.190
v -17.409 75.530 8.759
v -15.657 75.530 2.190
v -16.170 74.291 2.190
v -17.409 75.530 2.190
v -8.053 71.248 0.000
v -8.163 71.439 0.000
v -8.163 71.439 2.395
v -8.053 71.248 2.395
v -8.163 71.439 0.000
v -8.383 71.439 0.000
v -8.383 71.439 2.395
v -8.163 71.439 2.395
v -8.383 71.439 0.000
v -8.493 71.248 0.000
v -8.493 71.248 2.395
v -8.383 71.439 2.395
v -8.493 71.248 0.000
v -8.383 71.057 0.000
v -8.383 71.057 2.395
v -8.493 71.248 2.395
v -8.383 71.057 0.000
v -8.163 71.057 0.000
v -8.163 71.057 2.395
v -8.383 71.057 2.395
v -8.163 71.057 0.000
v -8.053 71.248 0.000
v -8.053 71.248 2.395
v -8.163 71.057 2.395
v -6.904 71.248 1.711
v -7.305 72.216 1.711
v -8.273 71.248 6.844
v -7.305 72.216 1.711
v -6.904 71.248 1.711
v -8.273 71.248 1.711
v -7.305 72.216 1.711
v -8.273 72.617 1.711
v -8.273 71.248 6.844
v -8.273 72.617 1.711
v -7.305 72.216 1.711
v -8.273 71.248 1.711
v -8.273 72.617 1.711
v -9.241 72.216 1.711
v -8.273 71.248 6.844
v -9.241 72.216 1.711
v -8.273 72.617 1.711
v -8.273 71.248 1.711
v -9.241 72.216 1.711
v -9.642 71.248 1.711
v -8.273 71.248 6.844
v -9.642 71.248 1.711
v -9.241 72.216 1.711
v -8.273 71.248 1.711
v -9.642 71.248 1.711
v -9.241 70.280 1.711
v -8.273 71.248 6.844
v -9.241 70.280 1.711
v -9.642 71.248 1.711
v -8.273 71.248 1.711
v -9.241 70.280 1.711
v -8.273 69.879 1.711
v -8.273 71.248 6.844
v -8.273 69.879 1.711
v -9.241 70.280 1.711
v -8.273 71.248 1.711
v -8.273 69.879 1.711
v -7.305 70.280 1.711
v -8.273 71.248 6.844
v -7.305 70.280 1.711
v -8.273 69.879 1.711
v -8.273 71.248 1.711
v -7.305 70.280 1.711
v -6.904 71.248 1.711
v -8.273 71.248 6.844
v -6.904 71.248 1.711
v -7.305 70.280 1.711
v -8.273 71.248 1.711
v -96.544 81.552 0.000
v -96.654 81.742 0.000
v -96.654 81.742 2.799
v -96.544 81.552 2.799
v -96.654 81.742 0.000
v -96.874 81.742 0.000
v -96.874 81.742 2.799
v -96.654 81.742 2.799
v -96.874 81.742 0.000
v -96.984 81.552 0.000
v -96.984 81.552 2.799
v -96.874 81.742 2.799
v -96.984 81.552 0.000
v -96.874 81.361 0.000
v -96.874 81.361 2.799
v -96.984 81.552 2.799
v -96.874 81.361 0.000
v -96.654 81.361 0.000
v -96.654 81.361 2.799
v -96.874 81.361 2.799
v -96.654 81.361 0.000
v -96.544 81.552 0.000
v -96.544 81.552 2.799
v -96.654 81.361 2.799
v -95.164 81.552 1.999
v -95.633 82.683 1.999
v -96.764 81.552 7.998
v -95.633 82.683 1.999
v -95.164 81.552 1.999
v -96.764 81.552 1.999
v -95.633 82.683 1.999
v -96.764 83.151 1.999
v -96.764 81.552 7.998
v -96.764 83.151 1.999
v -95.633 82.683 1.999
v -96.764 81.552 1.999
v -96.764 83.151 1.999
v -97.895 82.683 1.999
v -96.764 81.552 7.998
v -97.895 82.683 1.999
v -96.764 83.151 1.999
v -96.764 81.552 1.999
v -97.895 82.683 1.999
v -98.363 81.552 1.999
v -96.764 81.552 7.998
v -98.363 81.552 1.999
v -97.895 82.683 1.999
v -96.764 81.552 1.999
v -98.363 81.552 1.999
v -97.895 80.420 1.999
v -96.764 81.552 7.998
v -97.895 80.420 1.999
v -98.363 81.552 1.999
v -96.764 81.552 1.999
v -97.895 80.420 1.999
v -96.764 79.952 1.999
v -96.764 81.552 7.998
v -96.764 79.952 1.999
v -97.895 80.420 1.999
v -96.764 81.552 1.999
v -96.764 79.952 1.999
v -95.633 80.420 1.999
v -96.764 81.552 7.998
v -95.633 80.420 1.999
v -96.764 79.952 1.999
v -96.764 81.552 1.999
v -95.633 80.420 1.999
v -95.164 81.552 1.999
v -96.764 81.552 7.998
v -95.164 81.552 1.999
v -95.633 80.420 1.999
v -96.764 81.552 1.999
v -89.780 78.370 0.000
v -89.890 78.560 0.000
v -89.890 78.560 2.884
v -89.780 78.370 2.884
v -89.890 78.560 0.000
v -90.110 78.560 0.000
v -90.110 78.560 2.884
v -89.890 78.560 2.884
v -90.110 78.560 0.000
v -90.220 78.370 0.000
v -90.220 78.370 2.884
v -90.110 78.560 2.884
v -90.220 78.370 0.000
v -90.110 78.179 0.000
v -90.110 78.179 2.884
v -90.220 78.370 2.884
v -90.110 78.179 0.000
v -89.890 78.179 0.000
v -89.890 78.179 2.884
v -90.110 78.179 2.884
v -89.890 78.179 0.000
v -89.780 78.370 0.000
v -89.780 78.370 2.884
v -89.890 78.179 2.884
v -87.857 78.370 5.109
v -88.266 80.104 5.109
v -88.252 78.370 6.981
v -90.000 80.924 5.109
v -90.000 79.868 6.715
v -88.266 80.104 5.109
v -90.000 78.370 7.918
v -88.252 78.370 6.981
v -90.000 79.868 6.715
v -88.266 80.104 5.109
v -90.000 79.868 6.715
v -88.252 78.370 6.981
v -90.000 80.924 5.109
v -91.694 80.064 5.109
v -90.000 79.868 6.715
v -91.988 78.370 5.109
v -91.803 78.370 7.041
v -91.694 80.064 5.109
v -90.000 78.370 7.918
v -90.000 79.868 6.715
v -91.803 78.370 7.041
v -91.694 80.064 5.109
v -91.803 78.370 7.041
v -90.000 79.868 6.715
v -91.988 78.370 5.109
v -91.807 76.562 5.109
v -91.803 78.370 7.041
v -90.000 76.297 5.109
v -90.000 76.557 7.051
v -91.807 76.562 5.109
v -90.000 78.370 7.918
v -91.803 78.370 7.041
v -90.000 76.557 7.051
v -91.807 76.562 5.109
v -90.000 76.557 7.051
v -91.803 78.370 7.041
v -90.000 76.297 5.109
v -88.340 76.710 5.109
v -90.000 76.557 7.051
v -87.857 78.370 5.109
v -88.252 78.370 6.981
v -88.340 76.710 5.109
v -90.000 78.370 7.918
v -90.000 76.557 7.051
v -88.252 78.370 6.981
v -88.340 76.710 5.109
v -88.252 78.370 6.981
v -90.000 76.557 7.051
v -90.000 80.924 5.109
v -88.266 80.104 5.109
v -90.000 80.113 3.241
v -87.857 78.370 5.109
v -88.468 78.370 3.469
v -88.266 80.104 5.109
v -90.000 78.370 2.946
v -90.000 80.113 3.241
v -88.468 78.370 3.469
v -88.266 80.104 5.109
v -88.468 78.370 3.469
v -90.000 80.113 3.241
v -91.988 78.370 5.109
v -91.694 80.064 5.109
v -91.435 78.370 3.572
v -90.000 80.924 5.109
v -90.000 80.113 3.241
v -91.694 80.064 5.109
v -90.000 78.370 2.946
v -91.435 78.370 3.572
v -90.000 80.113 3.241
v -91.694 80.064 5.109
v -90.000 80.113 3.241
v -91.435 78.370 3.572
v -90.000 76.297 5.109
v -91.807 76.562 5.109
v -90.000 76.853 3.484
v -91.988 78.370 5.109
v -91.435 78.370 3.572
v -91.807 76.562 5.109
v -90.000 78.370 2.946
v -90.000 76.853 3.484
v -91.435 78.370 3.572
v -91.807 76.562 5.109
v -91.435 78.370 3.572
v -90.000 76.853 3.484
v -87.857 78.370 5.109
v -88.340 76.710 5.109
v -88.468 78.370 3.469
v -90.000 76.297 5.109
v -90.000 76.853 3.484
v -88.340 76.710 5.109
v -90.000 78.370 2.946
v -88.468 78.370 3.469
v -90.000 76.853 3.484
v -88.340 76.710 5.109
v -90.000 76.853 3.484
v -88.468 78.370 3.469
v -86.795 80.837 0.000
v -86.905 81.028 0.000
v -86.905 81.028 3.495
v -86.795 80.837 3.495
v -86.905 81.028 0.000
v -87.125 81.028 0.000
v -87.125 81.028 3.495
v -86.905 81.028 3.495
v -87.125 81.028 0.000
v -87.235 80.837 0.000
v -87.235 80.837 3.495
v -87.125 81.028 3.495
v -87.235 80.837 0.000
v -87.125 80.647 0.000
v -87.125 80.647 3.495
v -87.235 80.837 3.495
v -87.125 80.647 0.000
v -86.905 80.647 0.000
v -86.905 80.647 3.495
v -87.125 80.647 3.495
v -86.905 80.647 0.000
v -86.795 80.837 0.000
v -86.795 80.837 3.495
v -86.905 80.647 3.495
v -84.171 80.837 6.192
v -85.113 82.739 6.192
v -84.964 80.837 8.388
v -87.015 83.266 6.192
v -87.015 82.717 8.207
v -85.113 82.739 6.192
v -87.015 80.837 9.353
v -84.964 80.837 8.388
v -87.015 82.717 8.207
v -85.113 82.739 6.192
v -87.015 82.717 8.207
v -84.964 80.837 8.388
v -87.015 83.266 6.192
v -88.834 82.656 6.192
v -87.015 82.717 8.207
v -89.965 80.837 6.192
v -88.799 80.837 8.104
v -88.834 82.656 6.192
v -87.015 80.837 9.353
v -87.015 82.717 8.207
v -88.799 80.837 8.104
v -88.834 82.656 6.192
v -88.799 80.837 8.104
v -87.015 82.717 8.207
v -89.965 80.837 6.192
v -88.780 79.071 6.192
v -88.799 80.837 8.104
v -87.015 78.093 6.192
v -87.015 78.873 8.297
v -88.780 79.071 6.192
v -87.015 80.837 9.353
v -88.799 80.837 8.104
v -87.015 78.873 8.297
v -88.780 79.071 6.192
v -87.015 78.873 8.297
v -88.799 80.837 8.104
v -87.015 78.093 6.192
v -85.023 78.845 6.192
v -87.015 78.873 8.297
v -84.171 80.837 6.192
v -84.964 80.837 8.388
v -85.023 78.845 6.192
v -87.015 80.837 9.353
v -87.015 78.873 8.297
v -84.964 80.837 8.388
v -85.023 78.845 6.192
v -84.964 80.837 8.388
v -87.015 78.873 8.297
v -87.015 83.266 6.192
v -85.113 82.739 6.192
v -87.015 82.818 4.069
v -84.171 80.837 6.192
v -85.224 80.837 4.274
v -85.113 82.739 6.192
v -87.015 80.837 3.033
v -87.015 82.818 4.069
v -85.224 80.837 4.274
v -85.113 82.739 6.192
v -85.224 80.837 4.274
v -87.015 82.818 4.069
v -89.965 80.837 6.192
v -88.834 82.656 6.192
v -89.162 80.837 3.890
v -87.015 83.266 6.192
v -87.015 82.818 4.069
v -88.834 82.656 6.192
v -87.015 80.837 3.033
v -89.162 80.837 3.890
v -87.015 82.818 4.069
v -88.834 82.656 6.192
v -87.015 82.818 4.069
v -89.162 80.837 3.890
v -87.015 78.093 6.192
v -88.780 79.071 6.192
v -87.015 78.899 4.116
v -89.965 80.837 6.192
v -89.162 80.837 3.890
v -88.780 79.071 6.192
v -87.015 80.837 3.033
v -87.015 78.899 4.116
v -89.162 80.837 3.890
v -88.780 79.071 6.192
v -89.162 80.837 3.890
v -87.015 78.899 4.116
v -84.171 80.837 6.192
v -85.023 78.845 6.192
v -85.224 80.837 4.274
v -87.015 78.093 6.192
v -87.015 78.899 4.116
v -85.023 78.845 6.192
v -87.015 80.837 3.033
v -85.224 80.837 4.274
v -87.015 78.899 4.116
v -85.023 78.845 6.192
v -87.015 78.899 4.116
v -85.224 80.837 4.274
v -79.306 78.228 0.000
v -79.416 78.419 0.000
v -79.416 78.419 4.117
v -79.306 78.228 4.117
v -79.416 78.419 0.000
v -79.636 78.419 0.000
v -79.636 78.419 4.117
v -79.416 78.419 4.117
v -79.636 78.419 0.000
v -79.746 78.228 0.000
v -79.746 78.228 4.117
v -79.636 78.419 4.117
v -79.746 78.228 0.000
v -79.636 78.038 0.000
v -79.636 78.038 4.117
v -79.746 78.228 4.117
v -79.636 78.038 0.000
v -79.416 78.038 0.000
v -79.416 78.038 4.117
v -79.636 78.038 4.117
v -79.416 78.038 0.000
v -79.306 78.228 0.000
v -79.306 78.228 4.117
v -79.416 78.038 4.117
v -77.173 78.228 2.941
v -77.862 79.892 2.941
v -79.526 78.228 11.762
v -77.862 79.892 2.941
v -77.173 78.228 2.941
v -79.526 78.228 2.941
v -77.862 79.892 2.941
v -79.526 80.581 2.941
v -79.526 78.228 11.762
v -79.526 80.581 2.941
v -77.862 79.892 2.941
v -79.526 78.228 2.941
v -79.526 80.581 2.941
v -81.189 79.892 2.941
v -79.526 78.228 11.762
v -81.189 79.892 2.941
v -79.526 80.581 2.941
v -79.526 78.228 2.941
v -81.189 79.892 2.941
v -81.878 78.228 2.941
v -79.526 78.228 11.762
v -81.878 78.228 2.941
v -81.189 79.892 2.941
v -79.526 78.228 2.941
v -81.878 78.228 2.941
v -81.189 76.565 2.941
v -79.526 78.228 11.762
v -81.189 76.565 2.941
v -81.878 78.228 2.941
v -79.526 78.228 2.941
v -81.189 76.565 2.941
v -79.526 75.876 2.941
v -79.526 78.228 11.762
v -79.526 75.876 2.941
v -81.189 76.565 2.941
v -79.526 78.228 2.941
v -79.526 75.876 2.941
v -77.862 76.565 2.941
v -79.526 78.228 11.762
v -77.862 76.565 2.941
v -79.526 75.876 2.941
v -79.526 78.228 2.941
v -77.862 76.565 2.941
v -77.173 78.228 2.941
v -79.526 78.228 11.762
v -77.173 78.228 2.941
v -77.862 76.565 2.941
v -79.526 78.228 2.941
v -70.086 78.314 0.000
v -70.196 78.505 0.000
v -70.196 78.505 3.225
v -70.086 78.314 3.225
v -70.196 78.505 0.000
v -70.416 78.505 0.000
v -70.416 78.505 3.225
v -70.196 78.505 3.225
v -70.416 78.505 0.000
v -70.526 78.314 0.000
v -70.526 78.314 3.225
v -70.416 78.505 3.225
v -70.526 78.314 0.000
v -70.416 78.123 0.000
v -70.416 78.123 3.225
v -70.526 78.314 3.225
v -70.416 78.123 0.000
v -70.196 78.123 0.000
v -70.196 78.123 3.225
v -70.416 78.123 3.225
v -70.196 78.123 0.000
v -70.086 78.314 0.000
v -70.086 78.314 3.225
v -70.196 78.123 3.225
v -68.464 78.314 2.304
v -69.003 79.617 2.304
v -70.306 78.314 9.214
v -69.003 79.617 2.304
v -68.464 78.314 2.304
v -70.306 78.314 2.304
v -69.003 79.617 2.304
v -70.306 80.157 2.304
v -70.306 78.314 9.214
v -70.306 80.157 2.304
v -69.003 79.617 2.304
v -70.306 78.314 2.304
v -70.306 80.157 2.304
v -71.610 79.617 2.304
v -70.306 78.314 9.214
v -71.610 79.617 2.304
v -70.306 80.157 2.304
v -70.306 78.314 2.304
v -71.610 79.617 2.304
v -72.149 78.314 2.304
v -70.306 78.314 9.214
v -72.149 78.314 2.304
v -71.610 79.617 2.304
v -70.306 78.314 2.304
v -72.149 78.314 2.304
v -71.610 77.011 2.304
v -70.306 78.314 9.214
v -71.610 77.011 2.304
v -72.149 78.314 2.304
v -70.306 78.314 2.304
v -71.610 77.011 2.304
v -70.306 76.471 2.304
v -70.306 78.314 9.214
v -70.306 76.471 2.304
v -71.610 77.011 2.304
v -70.306 78.314 2.304
v -70.306 76.471 2.304
v -69.003 77.011 2.304
v -70.306 78.314 9.214
v -69.003 77.011 2.304
v -70.306 76.471 2.304
v -70.306 78.314 2.304
v -69.003 77.011 2.304
v -68.464 78.314 2.304
v -70.306 78.314 9.214
v -68.464 78.314 2.304
v -69.003 77.011 2.304
v -70.306 78.314 2.304
v -63.748 81.072 0.000
v -63.858 81.262 0.000
v -63.858 81.262 3.859
v -63.748 81.072 3.859
v -63.858 81.262 0.000
v -64.078 81.262 0.000
v -64.078 81.262 3.859
v -63.858 81.262 3.859
v -64.078 81.262 0.000
v -64.188 81.072 0.000
v -64.188 81.072 3.859
v -64.078 81.262 3.859
v -64.188 81.072 0.000
v -64.078 80.881 0.000
v -64.078 80.881 3.859
v -64.188 81.072 3.859
v -64.078 80.881 0.000
v -63.858 80.881 0.000
v -63.858 80.881 3.859
v -64.078 80.881 3.859
v -63.858 80.881 0.000
v -63.748 81.072 0.000
v -63.748 81.072 3.859
v -63.858 80.881 3.859
v -60.919 81.072 6.836
v -62.003 83.037 6.836
v -62.041 81.072 8.901
v -63.968 84.577 6.836
v -63.968 83.374 9.303
v -62.003 83.037 6.836
v -63.968 81.072 10.058
v -62.041 81.072 8.901
v -63.968 83.374 9.303
v -62.003 83.037 6.836
v -63.968 83.374 9.303
v -62.041 81.072 8.901
v -63.968 84.577 6.836
v -65.924 83.028 6.836
v -63.968 83.374 9.303
v -67.466 81.072 6.836
v -66.273 81.072 9.305
v -65.924 83.028 6.836
v -63.968 81.072 10.058
v -63.968 83.374 9.303
v -66.273 81.072 9.305
v -65.924 83.028 6.836
v -66.273 81.072 9.305
v -63.968 83.374 9.303
v -67.466 81.072 6.836
v -66.319 78.721 6.836
v -66.273 81.072 9.305
v -63.968 77.791 6.836
v -63.968 78.734 9.341
v -66.319 78.721 6.836
v -63.968 81.072 10.058
v -66.273 81.072 9.305
v -63.968 78.734 9.341
v -66.319 78.721 6.836
v -63.968 78.734 9.341
v -66.273 81.072 9.305
v -63.968 77.791 6.836
v -61.821 78.924 6.836
v -63.968 78.734 9.341
v -60.919 81.072 6.836
v -62.041 81.072 8.901
v -61.821 78.924 6.836
v -63.968 81.072 10.058
v -63.968 78.734 9.341
v -62.041 81.072 8.901
v -61.821 78.924 6.836
v -62.041 81.072 8.901
v -63.968 78.734 9.341
v -63.968 84.577 6.836
v -62.003 83.037 6.836
v -63.968 83.270 4.480
v -60.919 81.072 6.836
v -61.997 81.072 4.724
v -62.003 83.037 6.836
v -63.968 81.072 3.157
v -63.968 83.270 4.480
v -61.997 81.072 4.724
v -62.003 83.037 6.836
v -61.997 81.072 4.724
v -63.968 83.270 4.480
v -67.466 81.072 6.836
v -65.924 83.028 6.836
v -66.002 81.072 4.656
v -63.968 84.577 6.836
v -63.968 83.270 4.480
v -65.924 83.028 6.836
v -63.968 81.072 3.157
v -66.002 81.072 4.656
v -63.968 83.270 4.480
v -65.924 83.028 6.836
v -63.968 83.270 4.480
v -66.002 81.072 4.656
v -63.968 77.791 6.836
v -66.319 78.721 6.836
v -63.968 78.591 4.177
v -67.466 81.072 6.836
v -66.002 81.072 4.656
v -66.319 78.721 6.836
v -63.968 81.072 3.157
v -63.968 78.591 4.177
v -66.002 81.072 4.656
v -66.319 78.721 6.836
v -66.002 81.072 4.656
v -63.968 78.591 4.177
v -60.919 81.072 6.836
v -61.821 78.924 6.836
v -61.997 81.072 4.724
v -63.968 77.791 6.836
v -63.968 78.591 4.177
v -61.821 78.924 6.836
v -63.968 81.072 3.157
v -61.997 81.072 4.724
v -63.968 78.591 4.177
v -61.821 78.924 6.836
v -63.968 78.591 4.177
v -61.997 81.072 4.724
v -54.581 78.698 0.000
v -54.691 78.888 0.000
v -54.691 78.888 2.972
v -54.581 78.698 2.972
v -54.691 78.888 0.000
v -54.911 78.888 0.000
v -54.911 78.888 2.972
v -54.691 78.888 2.972
v -54.911 78.888 0.000
v -55.021 78.698 0.000
v -55.021 78.698 2.972
v -54.911 78.888 2.972
v -55.021 78.698 0.000
v -54.911 78.507 0.000
v -54.911 78.507 2.972
v -55.021 78.698 2.972
v -54.911 78.507 0.000
v -54.691 78.507 0.000
v -54.691 78.507 2.972
v -54.911 78.507 2.972
v -54.691 78.507 0.000
v -54.581 78.698 0.000
v -54.581 78.698 2.972
v -54.691 78.507 2.972
v -53.103 78.698 2.123
v -53.600 79.898 2.123
v -54.801 78.698 8.490
v -53.600 79.898 2.123
v -53.103 78.698 2.123
v -54.801 78.698 2.123
v -53.600 79.898 2.123
v -54.801 80.396 2.123
v -54.801 78.698 8.490
v -54.801 80.396 2.123
v -53.600 79.898 2.123
v -54.801 78.698 2.123
v -54.801 80.396 2.123
v -56.002 79.898 2.123
v -54.801 78.698 8.490
v -56.002 79.898 2.123
v -54.801 80.396 2.123
v -54.801 78.698 2.123
v -56.002 79.898 2.123
v -56.499 78.698 2.123
v -54.801 78.698 8.490
v -56.499 78.698 2.123
v -56.002 79.898 2.123
v -54.801 78.698 2.123
v -56.499 78.698 2.123
v -56.002 77.497 2.123
v -54.801 78.698 8.490
v -56.002 77.497 2.123
v -56.499 78.698 2.123
v -54.801 78.698 2.123
v -56.002 77.497 2.123
v -54.801 77.000 2.123
v -54.801 78.698 8.490
v -54.801 77.000 2.123
v -56.002 77.497 2.123
v -54.801 78.698 2.123
v -54.801 77.000 2.123
v -53.600 77.497 2.123
v -54.801 78.698 8.490
v -53.600 77.497 2.123
v -54.801 77.000 2.123
v -54.801 78.698 2.123
v -53.600 77.497 2.123
v -53.103 78.698 2.123
v -54.801 78.698 8.490
v -53.103 78.698 2.123
v -53.600 77.497 2.123
v -54.801 78.698 2.123
v -50.158 78.045 0.000
v -50.268 78.236 0.000
v -50.268 78.236 2.751
v -50.158 78.045 2.751
v -50.268 78.236 0.000
v -50.488 78.236 0.000
v -50.488 78.236 2.751
v -50.268 78.236 2.751
v -50.488 78.236 0.000
v -50.598 78.045 0.000
v -50.598 78.045 2.751
v -50.488 78.236 2.751
v -50.598 78.045 0.000
v -50.488 77.855 0.000
v -50.488 77.855 2.751
v -50.598 78.045 2.751
v -50.488 77.855 0.000
v -50.268 77.855 0.000
v -50.268 77.855 2.751
v -50.488 77.855 2.751
v -50.268 77.855 0.000
v -50.158 78.045 0.000
v -50.158 78.045 2.751
v -50.268 77.855 2.751
v -48.373 78.045 4.873
v -48.725 79.698 4.873
v -48.800 78.045 6.564
v -50.378 80.335 4.873
v -50.378 79.617 6.557
v -48.725 79.698 4.873
v -50.378 78.045 7.377
v -48.800 78.045 6.564
v -50.378 79.617 6.557
v -48.725 79.698 4.873
v -50.378 79.617 6.557
v -48.800 78.045 6.564
v -50.378 80.335 4.873
v -52.038 79.705 4.873
v -50.378 79.617 6.557
v -52.650 78.045 4.873
v -51.984 78.045 6.595
v -52.038 79.705 4.873
v -50.378 78.045 7.377
v -50.378 79.617 6.557
v -51.984 78.045 6.595
v -52.038 79.705 4.873
v -51.984 78.045 6.595
v -50.378 79.617 6.557
v -52.650 78.045 4.873
v -51.780 76.643 4.873
v -51.984 78.045 6.595
v -50.378 75.540 4.873
v -50.378 76.439 6.594
v -51.780 76.643 4.873
v -50.378 78.045 7.377
v -51.984 78.045 6.595
v -50.378 76.439 6.594
v -51.780 76.643 4.873
v -50.378 76.439 6.594
v -51.984 78.045 6.595
v -50.378 75.540 4.873
v -48.690 76.358 4.873
v -50.378 76.439 6.594
v -48.373 78.045 4.873
v -48.800 78.045 6.564
v -48.690 76.358 4.873
v -50.378 78.045 7.377
v -50.378 76.439 6.594
v -48.800 78.045 6.564
v -48.690 76.358 4.873
v -48.800 78.045 6.564
v -50.378 76.439 6.594
v -50.378 80.335 4.873
v -48.725 79.698 4.873
v -50.378 79.489 3.327
v -48.373 78.045 4.873
v -48.973 78.045 3.369
v -48.725 79.698 4.873
v -50.378 78.045 2.830
v -50.378 79.489 3.327
v -48.973 78.045 3.369
v -48.725 79.698 4.873
v -48.973 78.045 3.369
v -50.378 79.489 3.327
v -52.650 78.045 4.873
v -52.038 79.705 4.873
v -51.834 78.045 3.313
v -50.378 80.335 4.873
v -50.378 79.489 3.327
v -52.038 79.705 4.873
v -50.378 78.045 2.830
v -51.834 78.045 3.313
v -50.378 79.489 3.327
v -52.038 79.705 4.873
v -50.378 79.489 3.327
v -51.834 78.045 3.313
v -50.378 75.540 4.873
v -51.780 76.643 4.873
v -50.378 76.545 3.266
v -52.650 78.045 4.873
v -51.834 78.045 3.313
v -51.780 76.643 4.873
v -50.378 78.045 2.830
v -50.378 76.545 3.266
v -51.834 78.045 3.313
v -51.780 76.643 4.873
v -51.834 78.045 3.313
v -50.378 76.545 3.266
v -48.373 78.045 4.873
v -48.690 76.358 4.873
v -48.973 78.045 3.369
v -50.378 75.540 4.873
v -50.378 76.545 3.266
v -48.690 76.358 4.873
v -50.378 78.045 2.830
v -48.973 78.045 3.369
v -50.378 76.545 3.266
v -48.690 76.358 4.873
v -50.378 76.545 3.266
v -48.973 78.045 3.369
v -44.754 79.822 0.000
v -44.864 80.012 0.000
v -44.864 80.012 4.162
v -44.754 79.822 4.162
v -44.864 80.012 0.000
v -45.084 80.012 0.000
v -45.084 80.012 4.162
v -44.864 80.012 4.162
v -45.084 80.012 0.000
v -45.194 79.822 0.000
v -45.194 79.822 4.162
v -45.084 80.012 4.162
v -45.194 79.822 0.000
v -45.084 79.631 0.000
v -45.084 79.631 4.162
v -45.194 79.822 4.162
v -45.084 79.631 0.000
v -44.864 79.631 0.000
v -44.864 79.631 4.162
v -45.084 79.631 4.162
v -44.864 79.631 0.000
v -44.754 79.822 0.000
v -44.754 79.822 4.162
v -44.864 79.631 4.162
v -42.596 79.822 2.973
v -43.292 81.503 2.973
v -44.974 79.822 11.891
v -43.292 81.503 2.973
v -42.596 79.822 2.973
v -44.974 79.822 2.973
v -43.292 81.503 2.973
v -44.974 82.200 2.973
v -44.974 79.822 11.891
v -44.974 82.200 2.973
v -43.292 81.503 2.973
v -44.974 79.822 2.973
v -44.974 82.200 2.973
v -46.656 81.503 2.973
v -44.974 79.822 11.891
v -46.656 81.503 2.973
v -44.974 82.200 2.973
v -44.974 79.822 2.973
v -46.656 81.503 2.973
v -47.352 79.822 2.973
v -44.974 79.822 11.891
v -47.352 79.822 2.973
v -46.656 81.503 2.973
v -44.974 79.822 2.973
v -47.352 79.822 2.973
v -46.656 78.140 2.973
v -44.974 79.822 11.891
v -46.656 78.140 2.973
v -47.352 79.822 2.973
v -44.974 79.822 2.973
v -46.656 78.140 2.973
v -44.974 77.443 2.973
v -44.974 79.822 11.891
v -44.974 77.443 2.973
v -46.656 78.140 2.973
v -44.974 79.822 2.973
v -44.974 77.443 2.973
v -43.292 78.140 2.973
v -44.974 79.822 11.891
v -43.292 78.140 2.973
v -44.974 77.443 2.973
v -44.974 79.822 2.973
v -43.292 78.140 2.973
v -42.596 79.822 2.973
v -44.974 79.822 11.891
v -42.596 79.822 2.973
v -43.292 78.140 2.973
v -44.974 79.822 2.973
v -22.834 78.230 0.000
v -22.944 78.420 0.000
v -22.944 78.420 3.469
v -22.834 78.230 3.469
v -22.944 78.420 0.000
v -23.164 78.420 0.000
v -23.164 78.420 3.469
v -22.944 78.420 3.469
v -23.164 78.420 0.000
v -23.274 78.230 0.000
v -23.274 78.230 3.469
v -23.164 78.420 3.469
v -23.274 78.230 0.000
v -23.164 78.039 0.000
v -23.164 78.039 3.469
v -23.274 78.230 3.469
v -23.164 78.039 0.000
v -22.944 78.039 0.000
v -22.944 78.039 3.469
v -23.164 78.039 3.469
v -22.944 78.039 0.000
v -22.834 78.230 0.000
v -22.834 78.230 3.469
v -22.944 78.039 3.469
v -21.071 78.230 2.478
v -21.652 79.631 2.478
v -23.054 78.230 9.912
v -21.652 79.631 2.478
v -21.071 78.230 2.478
v -23.054 78.230 2.478
v -21.652 79.631 2.478
v -23.054 80.212 2.478
v -23.054 78.230 9.912
v -23.054 80.212 2.478
v -21.652 79.631 2.478
v -23.054 78.230 2.478
v -23.054 80.212 2.478
v -24.456 79.631 2.478
v -23.054 78.230 9.912
v -24.456 79.631 2.478
v -23.054 80.212 2.478
v -23.054 78.230 2.478
v -24.456 79.631 2.478
v -25.036 78.230 2.478
v -23.054 78.230 9.912
v -25.036 78.230 2.478
v -24.456 79.631 2.478
v -23.054 78.230 2.478
v -25.036 78.230 2.478
v -24.456 76.828 2.478
v -23.054 78.230 9.912
v -24.456 76.828 2.478
v -25.036 78.230 2.478
v -23.054 78.230 2.478
v -24.456 76.828 2.478
v -23.054 76.247 2.478
v -23.054 78.230 9.912
v -23.054 76.247 2.478
v -24.456 76.828 2.478
v -23.054 78.230 2.478
v -23.054 76.247 2.478
v -21.652 76.828 2.478
v -23.054 78.230 9.912
v -21.652 76.828 2.478
v -23.054 76.247 2.478
v -23.054 78.230 2.478
v -21.652 76.828 2.478
v -21.071 78.230 2.478
v -23.054 78.230 9.912
v -21.071 78.230 2.478
v -21.652 76.828 2.478
v -23.054 78.230 2.478
v -14.480 81.294 0.000
v -14.590 81.484 0.000
v -14.590 81.484 2.508
v -14.480 81.294 2.508
v -14.590 81.484 0.000
v -14.810 81.484 0.000
v -14.810 81.484 2.508
v -14.590 81.484 2.508
v -14.810 81.484 0.000
v -14.920 81.294 0.000
v -14.920 81.294 2.508
v -14.810 81.484 2.508
v -14.920 81.294 0.000
v -14.810 81.103 0.000
v -14.810 81.103 2.508
v -14.920 81.294 2.508
v -14.810 81.103 0.000
v -14.590 81.103 0.000
v -14.590 81.103 2.508
v -14.810 81.103 2.508
v -14.590 81.103 0.000
v -14.480 81.294 0.000
v -14.480 81.294 2.508
v -14.590 81.103 2.508
v -12.511 81.294 4.443
v -13.179 82.815 4.443
v -13.104 81.294 6.153
v -14.700 83.397 4.443
v -14.700 82.528 5.765
v -13.179 82.815 4.443
v -14.700 81.294 6.761
v -13.104 81.294 6.153
v -14.700 82.528 5.765
v -13.179 82.815 4.443
v -14.700 82.528 5.765
v -13.104 81.294 6.153
v -14.700 83.397 4.443
v -16.048 82.642 4.443
v -14.700 82.528 5.765
v -16.682 81.294 4.443
v -16.119 81.294 5.964
v -16.048 82.642 4.443
v -14.700 81.294 6.761
v -14.700 82.528 5.765
v -16.119 81.294 5.964
v -16.048 82.642 4.443
v -16.119 81.294 5.964
v -14.700 82.528 5.765
v -16.682 81.294 4.443
v -15.959 80.036 4.443
v -16.119 81.294 5.964
v -14.700 79.411 4.443
v -14.700 79.700 6.151
v -15.959 80.036 4.443
v -14.700 81.294 6.761
v -16.119 81.294 5.964
v -14.700 79.700 6.151
v -15.959 80.036 4.443
v -14.700 79.700 6.151
v -16.119 81.294 5.964
v -14.700 79.411 4.443
v -13.328 79.921 4.443
v -14.700 79.700 6.151
v -12.511 81.294 4.443
v -13.104 81.294 6.153
v -13.328 79.921 4.443
v -14.700 81.294 6.761
v -14.700 79.700 6.151
v -13.104 81.294 6.153
v -13.328 79.921 4.443
v -13.104 81.294 6.153
v -14.700 79.700 6.151
v -14.700 83.397 4.443
v -13.179 82.815 4.443
v -14.700 82.792 2.838
v -12.511 81.294 4.443
v -13.270 81.294 2.911
v -13.179 82.815 4.443
v -14.700 81.294 2.463
v -14.700 82.792 2.838
v -13.270 81.294 2.911
v -13.179 82.815 4.443
v -13.270 81.294 2.911
v -14.700 82.792 2.838
v -16.682 81.294 4.443
v -16.048 82.642 4.443
v -16.129 81.294 2.913
v -14.700 83.397 4.443
v -14.700 82.792 2.838
v -16.048 82.642 4.443
v -14.700 81.294 2.463
v -16.129 81.294 2.913
v -14.700 82.792 2.838
v -16.048 82.642 4.443
v -14.700 82.792 2.838
v -16.129 81.294 2.913
v -14.700 79.411 4.443
v -15.959 80.036 4.443
v -14.700 79.884 2.933
v -16.682 81.294 4.443
v -16.129 81.294 2.913
v -15.959 80.036 4.443
v -14.700 81.294 2.463
v -14.700 79.884 2.933
v -16.129 81.294 2.913
v -15.959 80.036 4.443
v -16.129 81.294 2.913
v -14.700 79.884 2.933
v -12.511 81.294 4.443
v -13.328 79.921 4.443
v -13.270 81.294 2.911
v -14.700 79.411 4.443
v -14.700 79.884 2.933
v -13.328 79.921 4.443
v -14.700 81.294 2.463
v -13.270 81.294 2.911
v -14.700 79.884 2.933
v -13.328 79.921 4.443
v -14.700 79.884 2.933
v -13.270 81.294 2.911
v -9.570 79.893 0.000
v -9.680 80.084 0.000
v -9.680 80.084 3.696
v -9.570 79.893 3.696
v -9.680 80.084 0.000
v -9.900 80.084 0.000
v -9.900 80.084 3.696
v -9.680 80.084 3.696
v -9.900 80.084 0.000
v -10.010 79.893 0.000
v -10.010 79.893 3.696
v -9.900 80.084 3.696
v -10.010 79.893 0.000
v -9.900 79.703 0.000
v -9.900 79.703 3.696
v -10.010 79.893 3.696
v -9.900 79.703 0.000
v -9.680 79.703 0.000
v -9.680 79.703 3.696
v -9.900 79.703 3.696
v -9.680 79.703 0.000
v -9.570 79.893 0.000
v -9.570 79.893 3.696
v -9.680 79.703 3.696
v -7.678 79.893 2.640
v -8.296 81.387 2.640
v -9.790 79.893 10.559
v -8.296 81.387 2.640
v -7.678 79.893 2.640
v -9.790 79.893 2.640
v -8.296 81.387 2.640
v -9.790 82.005 2.640
v -9.790 79.893 10.559
v -9.790 82.005 2.640
v -8.296 81.387 2.640
v -9.790 79.893 2.640
v -9.790 82.005 2.640
v -11.283 81.387 2.640
v -9.790 79.893 10.559
v -11.283 81.387 2.640
v -9.790 82.005 2.640
v -9.790 79.893 2.640
v -11.283 81.387 2.640
v -11.902 79.893 2.640
v -9.790 79.893 10.559
v -11.902 79.893 2.640
v -11.283 81.387 2.640
v -9.790 79.893 2.640
v -11.902 79.893 2.640
v -11.283 78.400 2.640
v -9.790 79.893 10.559
v -11.283 78.400 2.640
v -11.902 79.893 2.640
v -9.790 79.893 2.640
v -11.283 78.400 2.640
v -9.790 77.781 2.640
v -9.790 79.893 10.559
v -9.790 77.781 2.640
v -11.283 78.400 2.640
v -9.790 79.893 2.640
v -9.790 77.781 2.640
v -8.296 78.400 2.640
v -9.790 79.893 10.559
v -8.296 78.400 2.640
v -9.790 77.781 2.640
v -9.790 79.893 2.640
v -8.296 78.400 2.640
v -7.678 79.893 2.640
v -9.790 79.893 10.559
v -7.678 79.893 2.640
v -8.296 78.400 2.640
v -9.790 79.893 2.640
v -99.053 83.820 0.000
v -99.163 84.011 0.000
v -99.163 84.011 3.388
v -99.053 83.820 3.388
v -99.163 84.011 0.000
v -99.383 84.011 0.000
v -99.383 84.011 3.388
v -99.163 84.011 3.388
v -99.383 84.011 0.000
v -99.493 83.820 0.000
v -99.493 83.820 3.388
v -99.383 84.011 3.388
v -99.493 83.820 0.000
v -99.383 83.630 0.000
v -99.383 83.630 3.388
v -99.493 83.820 3.388
v -99.383 83.630 0.000
v -99.163 83.630 0.000
v -99.163 83.630 3.388
v -99.383 83.630 3.388
v -99.163 83.630 0.000
v -99.053 83.820 0.000
v -99.053 83.820 3.388
v -99.163 83.630 3.388
v -96.638 83.820 6.002
v -97.524 85.569 6.002
v -97.497 83.820 7.905
v -99.273 86.359 6.002
v -99.273 85.536 7.841
v -97.524 85.569 6.002
v -99.273 83.820 8.570
v -97.497 83.820 7.905
v -99.273 85.536 7.841
v -97.524 85.569 6.002
v -99.273 85.536 7.841
v -97.497 83.820 7.905
v -99.273 86.359 6.002
v -100.984 85.531 6.002
v -99.273 85.536 7.841
v -102.245 83.820 6.002
v -101.407 83.820 8.289
v -100.984 85.531 6.002
v -99.273 83.820 8.570
v -99.273 85.536 7.841
v -101.407 83.820 8.289
v -100.984 85.531 6.002
v -101.407 83.820 8.289
v -99.273 85.536 7.841
v -102.245 83.820 6.002
v -101.329 81.764 6.002
v -101.407 83.820 8.289
v -99.273 81.143 6.002
v -99.273 81.894 8.066
v -101.329 81.764 6.002
v -99.273 83.820 8.570
v -101.407 83.820 8.289
v -99.273 81.894 8.066
v -101.329 81.764 6.002
v -99.273 81.894 8.066
v -101.407 83.820 8.289
v -99.273 81.143 6.002
v -97.610 82.157 6.002
v -99.273 81.894 8.066
v -96.638 83.820 6.002
v -97.497 83.820 7.905
v -97.610 82.157 6.002
v -99.273 83.820 8.570
v -99.273 81.894 8.066
v -97.497 83.820 7.905
v -97.610 82.157 6.002
v -97.497 83.820 7.905
v -99.273 81.894 8.066
v -99.273 86.359 6.002
v -97.524 85.569 6.002
v -99.273 85.769 3.914
v -96.638 83.820 6.002
v -97.254 83.820 3.838
v -97.524 85.569 6.002
v -99.273 83.820 3.101
v -99.273 85.769 3.914
v -97.254 83.820 3.838
v -97.524 85.569 6.002
v -97.254 83.820 3.838
v -99.273 85.769 3.914
v -102.245 83.820 6.002
v -100.984 85.531 6.002
v -101.128 83.820 4.015
v -99.273 86.359 6.002
v -99.273 85.769 3.914
v -100.984 85.531 6.002
v -99.273 83.820 3.101
v -101.128 83.820 4.015
v -99.273 85.769 3.914
v -100.984 85.531 6.002
v -99.273 85.769 3.914
v -101.128 83.820 4.015
v -99.273 81.143 6.002
v -101.329 81.764 6.002
v -99.273 81.950 3.998
v -102.245 83.820 6.002
v -101.128 83.820 4.015
v -101.329 81.764 6.002
v -99.273 83.820 3.101
v -99.273 81.950 3.998
v -101.128 83.820 4.015
v -101.329 81.764 6.002
v -101.128 83.820 4.015
v -99.273 81.950 3.998
v -96.638 83.820 6.002
v -97.610 82.157 6.002
v -97.254 83.820 3.838
v -99.273 81.143 6.002
v -99.273 81.950 3.998
v -97.610 82.157 6.002
v -99.273 83.820 3.101
v -97.254 83.820 3.838
v -99.273 81.950 3.998
v -97.610 82.157 6.002
v -99.273 81.950 3.998
v -97.254 83.820 3.838
v -92.147 88.016 0.000
v -92.257 88.206 0.000
v -92.257 88.206 2.720
v -92.147 88.016 2.720
v -92.257 88.206 0.000
v -92.477 88.206 0.000
v -92.477 88.206 2.720
v -92.257 88.206 2.720
v -92.477 88.206 0.000
v -92.587 88.016 0.000
v -92.587 88.016 2.720
v -92.477 88.206 2.720
v -92.587 88.016 0.000
v -92.477 87.825 0.000
v -92.477 87.825 2.720
v -92.587 88.016 2.720
v -92.477 87.825 0.000
v -92.257 87.825 0.000
v -92.257 87.825 2.720
v -92.477 87.825 2.720
v -92.257 87.825 0.000
v -92.147 88.016 0.000
v -92.147 88.016 2.720
v -92.257 87.825 2.720
v -90.812 88.016 1.943
v -91.268 89.115 1.943
v -92.367 88.016 7.773
v -91.268 89.115 1.943
v -90.812 88.016 1.943
v -92.367 88.016 1.943
v -91.268 89.115 1.943
v -92.367 89.570 1.943
v -92.367 88.016 7.773
v -92.367 89.570 1.943
v -91.268 89.115 1.943
v -92.367 88.016 1.943
v -92.367 89.570 1.943
v -93.466 89.115 1.943
v -92.367 88.016 7.773
v -93.466 89.115 1.943
v -92.367 89.570 1.943
v -92.367 88.016 1.943
v -93.466 89.115 1.943
v -93.921 88.016 1.943
v -92.367 88.016 7.773
v -93.921 88.016 1.943
v -93.466 89.115 1.943
v -92.367 88.016 1.943
v -93.921 88.016 1.943
v -93.466 86.917 1.943
v -92.367 88.016 7.773
v -93.466 86.917 1.943
v -93.921 88.016 1.943
v -92.367 88.016 1.943
v -93.466 86.917 1.943
v -92.367 86.461 1.943
v -92.367 88.016 7.773
v -92.367 86.461 1.943
v -93.466 86.917 1.943
v -92.367 88.016 1.943
v -92.367 86.461 1.943
v -91.268 86.917 1.943
v -92.367 88.016 7.773
v -91.268 86.917 1.943
v -92.367 86.461 1.943
v -92.367 88.016 1.943
v -91.268 86.917 1.943
v -90.812 88.016 1.943
v -92.367 88.016 7.773
v -90.812 88.016 1.943
v -91.268 86.917 1.943
v -92.367 88.016 1.943
v -83.744 88.008 0.000
v -83.854 88.199 0.000
v -83.854 88.199 3.189
v -83.744 88.008 3.189
v -83.854 88.199 0.000
v -84.074 88.199 0.000
v -84.074 88.199 3.189
v -83.854 88.199 3.189
v -84.074 88.199 0.000
v -84.184 88.008 0.000
v -84.184 88.008 3.189
v -84.074 88.199 3.189
v -84.184 88.008 0.000
v -84.074 87.818 0.000
v -84.074 87.818 3.189
v -84.184 88.008 3.189
v -84.074 87.818 0.000
v -83.854 87.818 0.000
v -83.854 87.818 3.189
v -84.074 87.818 3.189
v -83.854 87.818 0.000
v -83.744 88.008 0.000
v -83.744 88.008 3.189
v -83.854 87.818 3.189
v -82.142 88.008 2.278
v -82.675 89.297 2.278
v -83.964 88.008 9.111
v -82.675 89.297 2.278
v -82.142 88.008 2.278
v -83.964 88.008 2.278
v -82.675 89.297 2.278
v -83.964 89.831 2.278
v -83.964 88.008 9.111
v -83.964 89.831 2.278
v -82.675 89.297 2.278
v -83.964 88.008 2.278
v -83.964 89.831 2.278
v -85.252 89.297 2.278
v -83.964 88.008 9.111
v -85.252 89.297 2.278
v -83.964 89.831 2.278
v -83.964 88.008 2.278
v -85.252 89.297 2.278
v -85.786 88.008 2.278
v -83.964 88.008 9.111
v -85.786 88.008 2.278
v -85.252 89.297 2.278
v -83.964 88.008 2.278
v -85.786 88.008 2.278
v -85.252 86.720 2.278
v -83.964 88.008 9.111
v -85.252 86.720 2.278
v -85.786 88.008 2.278
v -83.964 88.008 2.278
v -85.252 86.720 2.278
v -83.964 86.186 2.278
v -83.964 88.008 9.111
v -83.964 86.186 2.278
v -85.252 86.720 2.278
v -83.964 88.008 2.278
v -83.964 86.186 2.278
v -82.675 86.720 2.278
v -83.964 88.008 9.111
v -82.675 86.720 2.278
v -83.964 86.186 2.278
v -83.964 88.008 2.278
v -82.675 86.720 2.278
v -82.142 88.008 2.278
v -83.964 88.008 9.111
v -82.142 88.008 2.278
v -82.675 86.720 2.278
v -83.964 88.008 2.278
v -75.669 87.626 0.000
v -75.779 87.816 0.000
v -75.779 87.816 2.840
v -75.669 87.626 2.840
v -75.779 87.816 0.000
v -75.999 87.816 0.000
v -75.999 87.816 2.840
v -75.779 87.816 2.840
v -75.999 87.816 0.000
v -76.109 87.626 0.000
v -76.109 87.626 2.840
v -75.999 87.816 2.840
v -76.109 87.626 0.000
v -75.999 87.435 0.000
v -75.999 87.435 2.840
v -76.109 87.626 2.840
v -75.999 87.435 0.000
v -75.779 87.435 0.000
v -75.779 87.435 2.840
v -75.999 87.435 2.840
v -75.779 87.435 0.000
v -75.669 87.626 0.000
v -75.669 87.626 2.840
v -75.779 87.435 2.840
v -74.266 87.626 2.029
v -74.742 88.773 2.029
v -75.889 87.626 8.115
v -74.742 88.773 2.029
v -74.266 87.626 2.029
v -75.889 87.626 2.029
v -74.742 88.773 2.029
v -75.889 89.249 2.029
v -75.889 87.626 8.115
v -75.889 89.249 2.029
v -74.742 88.773 2.029
v -75.889 87.626 2.029
v -75.889 89.249 2.029
v -77.037 88.773 2.029
v -75.889 87.626 8.115
v -77.037 88.773 2.029
v -75.889 89.249 2.029
v -75.889 87.626 2.029
v -77.037 88.773 2.029
v -77.512 87.626 2.029
v -75.889 87.626 8.115
v -77.512 87.626 2.029
v -77.037 88.773 2.029
v -75.889 87.626 2.029
v -77.512 87.626 2.029
v -77.037 86.478 2.029
v -75.889 87.626 8.115
v -77.037 86.478 2.029
v -77.512 87.626 2.029
v -75.889 87.626 2.029
v -77.037 86.478 2.029
v -75.889 86.002 2.029
v -75.889 87.626 8.115
v -75.889 86.002 2.029
v -77.037 86.478 2.029
v -75.889 87.626 2.029
v -75.889 86.002 2.029
v -74.742 86.478 2.029
v -75.889 87.626 8.115
v -74.742 86.478 2.029
v -75.889 86.002 2.029
v -75.889 87.626 2.029
v -74.742 86.478 2.029
v -74.266 87.626 2.029
v -75.889 87.626 8.115
v -74.266 87.626 2.029
v -74.742 86.478 2.029
v -75.889 87.626 2.029
v -73.186 87.918 0.000
v -73.296 88.109 0.000
v -73.296 88.109 4.066
v -73.186 87.918 4.066
v -73.296 88.109 0.000
v -73.516 88.109 0.000
v -73.516 88.109 4.066
v -73.296 88.109 4.066
v -73.516 88.109 0.000
v -73.626 87.918 0.000
v -73.626 87.918 4.066
v -73.516 88.109 4.066
v -73.626 87.918 0.000
v -73.516 87.728 0.000
v -73.516 87.728 4.066
v -73.626 87.918 4.066
v -73.516 87.728 0.000
v -73.296 87.728 0.000
v -73.296 87.728 4.066
v -73.516 87.728 4.066
v -73.296 87.728 0.000
v -73.186 87.918 0.000
v -73.186 87.918 4.066
v -73.296 87.728 4.066
v -70.226 87.918 7.202
v -71.229 90.096 7.202
v -71.028 87.918 9.749
v -73.406 90.998 7.202
v -73.406 90.161 9.605
v -71.229 90.096 7.202
v -73.406 87.918 10.925
v -71.028 87.918 9.749
v -73.406 90.161 9.605
v -71.229 90.096 7.202
v -73.406 90.161 9.605
v -71.028 87.918 9.749
v -73.406 90.998 7.202
v -76.030 90.542 7.202
v -73.406 90.161 9.605
v -76.173 87.918 7.202
v -75.569 87.918 9.520
v -76.030 90.542 7.202
v -73.406 87.918 10.925
v -73.406 90.161 9.605
v -75.569 87.918 9.520
v -76.030 90.542 7.202
v -75.569 87.918 9.520
v -73.406 90.161 9.605
v -76.173 87.918 7.202
v -75.489 85.835 7.202
v -75.569 87.918 9.520
v -73.406 84.737 7.202
v -73.406 85.522 9.770
v -75.489 85.835 7.202
v -73.406 87.918 10.925
v -75.569 87.918 9.520
v -73.406 85.522 9.770
v -75.489 85.835 7.202
v -73.406 85.522 9.770
v -75.569 87.918 9.520
v -73.406 84.737 7.202
v -71.138 85.651 7.202
v -73.406 85.522 9.770
v -70.226 87.918 7.202
v -71.028 87.918 9.749
v -71.138 85.651 7.202
v -73.406 87.918 10.925
v -73.406 85.522 9.770
v -71.028 87.918 9.749
v -71.138 85.651 7.202
v -71.028 87.918 9.749
v -73.406 85.522 9.770
v -73.406 90.998 7.202
v -71.229 90.096 7.202
v -73.406 90.514 4.421
v -70.226 87.918 7.202
v -71.010 87.918 4.635
v -71.229 90.096 7.202
v -73.406 87.918 4.016
v -73.406 90.514 4.421
v -71.010 87.918 4.635
v -71.229 90.096 7.202
v -71.010 87.918 4.635
v -73.406 90.514 4.421
v -76.173 87.918 7.202
v -76.030 90.542 7.202
v -75.516 87.918 4.941
v -73.406 90.998 7.202
v -73.406 90.514 4.421
v -76.030 90.542 7.202
v -73.406 87.918 4.016
v -75.516 87.918 4.941
v -73.406 90.514 4.421
v -76.030 90.542 7.202
v -73.406 90.514 4.421
v -75.516 87.918 4.941
v -73.406 84.737 7.202
v -75.489 85.835 7.202
v -73.406 85.577 4.693
v -76.173 87.918 7.202
v -75.516 87.918 4.941
v -75.489 85.835 7.202
v -73.406 87.918 4.016
v -73.406 85.577 4.693
v -75.516 87.918 4.941
v -75.489 85.835 7.202
v -75.516 87.918 4.941
v -73.406 85.577 4.693
v -70.226 87.918 7.202
v -71.138 85.651 7.202
v -71.010 87.918 4.635
v -73.406 84.737 7.202
v -73.406 85.577 4.693
v -71.138 85.651 7.202
v -73.406 87.918 4.016
v -71.010 87.918 4.635
v -73.406 85.577 4.693
v -71.138 85.651 7.202
v -73.406 85.577 4.693
v -71.010 87.918 4.635
v -63.559 85.299 0.000
v -63.669 85.490 0.000
v -63.669 85.490 3.772
v -63.559 85.299 3.772
v -63.669 85.490 0.000
v -63.889 85.490 0.000
v -63.889 85.490 3.772
v -63.669 85.490 3.772
v -63.889 85.490 0.000
v -63.999 85.299 0.000
v -63.999 85.299 3.772
v -63.889 85.490 3.772
v -63.999 85.299 0.000
v -63.889 85.109 0.000
v -63.889 85.109 3.772
v -63.999 85.299 3.772
v -63.889 85.109 0.000
v -63.669 85.109 0.000
v -63.669 85.109 3.772
v -63.889 85.109 3.772
v -63.669 85.109 0.000
v -63.559 85.299 0.000
v -63.559 85.299 3.772
v -63.669 85.109 3.772
v -61.623 85.299 2.694
v -62.254 86.823 2.694
v -63.779 85.299 10.778
v -62.254 86.823 2.694
v -61.623 85.299 2.694
v -63.779 85.299 2.694
v -62.254 86.823 2.694
v -63.779 87.455 2.694
v -63.779 85.299 10.778
v -63.779 87.455 2.694
v -62.254 86.823 2.694
v -63.779 85.299 2.694
v -63.779 87.455 2.694
v -65.303 86.823 2.694
v -63.779 85.299 10.778
v -65.303 86.823 2.694
v -63.779 87.455 2.694
v -63.779 85.299 2.694
v -65.303 86.823 2.694
v -65.934 85.299 2.694
v -63.779 85.299 10.778
v -65.934 85.299 2.694
v -65.303 86.823 2.694
v -63.779 85.299 2.694
v -65.934 85.299 2.694
v -65.303 83.775 2.694
v -63.779 85.299 10.778
v -65.303 83.775 2.694
v -65.934 85.299 2.694
v -63.779 85.299 2.694
v -65.303 83.775 2.694
v -63.779 83.144 2.694
v -63.779 85.299 10.778
v -63.779 83.144 2.694
v -65.303 83.775 2.694
v -63.779 85.299 2.694
v -63.779 83.144 2.694
v -62.254 83.775 2.694
v -63.779 85.299 10.778
v -62.254 83.775 2.694
v -63.779 83.144 2.694
v -63.779 85.299 2.694
v -62.254 83.775 2.694
v -61.623 85.299 2.694
v -63.779 85.299 10.778
v -61.623 85.299 2.694
v -62.254 83.775 2.694
v -63.779 85.299 2.694
v -59.969 86.034 0.000
v -60.079 86.225 0.000
v -60.079 86.225 2.694
v -59.969 86.034 2.694
v -60.079 86.225 0.000
v -60.299 86.225 0.000
v -60.299 86.225 2.694
v -60.079 86.225 2.694
v -60.299 86.225 0.000
v -60.409 86.034 0.000
v -60.409 86.034 2.694
v -60.299 86.225 2.694
v -60.409 86.034 0.000
v -60.299 85.844 0.000
v -60.299 85.844 2.694
v -60.409 86.034 2.694
v -60.299 85.844 0.000
v -60.079 85.844 0.000
v -60.079 85.844 2.694
v -60.299 85.844 2.694
v -60.079 85.844 0.000
v -59.969 86.034 0.000
v -59.969 86.034 2.694
v -60.079 85.844 2.694
v -58.332 86.034 4.772
v -58.723 87.500 4.772
v -58.738 86.034 6.326
v -60.189 87.932 4.772
v -60.189 87.669 6.523
v -58.723 87.500 4.772
v -60.189 86.034 7.041
v -58.738 86.034 6.326
v -60.189 87.669 6.523
v -58.723 87.500 4.772
v -60.189 87.669 6.523
v -58.738 86.034 6.326
v -60.189 87.932 4.772
v -61.864 87.709 4.772
v -60.189 87.669 6.523
v -62.060 86.034 4.772
v -61.775 86.034 6.472
v -61.864 87.709 4.772
v -60.189 86.034 7.041
v -60.189 87.669 6.523
v -61.775 86.034 6.472
v -61.864 87.709 4.772
v -61.775 86.034 6.472
v -60.189 87.669 6.523
v -62.060 86.034 4.772
v -61.507 84.716 4.772
v -61.775 86.034 6.472
v -60.189 83.789 4.772
v -60.189 84.433 6.488
v -61.507 84.716 4.772
v -60.189 86.034 7.041
v -61.775 86.034 6.472
v -60.189 84.433 6.488
v -61.507 84.716 4.772
v -60.189 84.433 6.488
v -61.775 86.034 6.472
v -60.189 83.789 4.772
v -58.636 84.482 4.772
v -60.189 84.433 6.488
v -58.332 86.034 4.772
v -58.738 86.034 6.326
v -58.636 84.482 4.772
v -60.189 86.034 7.041
v -60.189 84.433 6.488
v -58.738 86.034 6.326
v -58.636 84.482 4.772
v -58.738 86.034 6.326
v -60.189 84.433 6.488
v -60.189 87.932 4.772
v -58.723 87.500 4.772
v -60.189 87.406 3.302
v -58.332 86.034 4.772
v -58.690 86.034 3.166
v -58.723 87.500 4.772
v -60.189 86.034 2.584
v -60.189 87.406 3.302
v -58.690 86.034 3.166
v -58.723 87.500 4.772
v -58.690 86.034 3.166
v -60.189 87.406 3.302
v -62.060 86.034 4.772
v -61.864 87.709 4.772
v -61.829 86.034 3.016
v -60.189 87.932 4.772
v -60.189 87.406 3.302
v -61.864 87.709 4.772
v -60.189 86.034 2.584
v -61.829 86.034 3.016
v -60.189 87.406 3.302
v -61.864 87.709 4.772
v -60.189 87.406 3.302
v -61.829 86.034 3.016
v -60.189 83.789 4.772
v -61.507 84.716 4.772
v -60.189 84.555 3.188
v -62.060 86.034 4.772
v -61.829 86.034 3.016
v -61.507 84.716 4.772
v -60.189 86.034 2.584
v -60.189 84.555 3.188
v -61.829 86.034 3.016
v -61.507 84.716 4.772
v -61.829 86.034 3.016
v -60.189 84.555 3.188
v -58.332 86.034 4.772
v -58.636 84.482 4.772
v -58.690 86.034 3.166
v -60.189 83.789 4.772
v -60.189 84.555 3.188
v -58.636 84.482 4.772
v -60.189 86.034 2.584
v -58.690 86.034 3.166
v -60.189 84.555 3.188
v -58.636 84.482 4.772
v -60.189 84.555 3.188
v -58.690 86.034 3.166
v -53.554 84.074 0.000
v -53.664 84.264 0.000
v -53.664 84.264 3.429
v -53.554 84.074 3.429
v -53.664 84.264 0.000
v -53.884 84.264 0.000
v -53.884 84.264 3.429
v -53.664 84.264 3.429
v -53.884 84.264 0.000
v -53.994 84.074 0.000
v -53.994 84.074 3.429
v -53.884 84.264 3.429
v -53.994 84.074 0.000
v -53.884 83.883 0.000
v -53.884 83.883 3.429
v -53.994 84.074 3.429
v -53.884 83.883 0.000
v -53.664 83.883 0.000
v -53.664 83.883 3.429
v -53.884 83.883 3.429
v -53.664 83.883 0.000
v -53.554 84.074 0.000
v -53.554 84.074 3.429
v -53.664 83.883 3.429
v -51.814 84.074 2.449
v -52.388 85.459 2.449
v -53.774 84.074 9.797
v -52.388 85.459 2.449
v -51.814 84.074 2.449
v -53.774 84.074 2.449
v -52.388 85.459 2.449
v -53.774 86.033 2.449
v -53.774 84.074 9.797
v -53.774 86.033 2.449
v -52.388 85.459 2.449
v -53.774 84.074 2.449
v -53.774 86.033 2.449
v -55.159 85.459 2.449
v -53.774 84.074 9.797
v -55.159 85.459 2.449
v -53.774 86.033 2.449
v -53.774 84.074 2.449
v -55.159 85.459 2.449
v -55.733 84.074 2.449
v -53.774 84.074 9.797
v -55.733 84.074 2.449
v -55.159 85.459 2.449
v -53.774 84.074 2.449
v -55.733 84.074 2.449
v -55.159 82.688 2.449
v -53.774 84.074 9.797
v -55.159 82.688 2.449
v -55.733 84.074 2.449
v -53.774 84.074 2.449
v -55.159 82.688 2.449
v -53.774 82.114 2.449
v -53.774 84.074 9.797
v -53.774 82.114 2.449
v -55.159 82.688 2.449
v -53.774 84.074 2.449
v -53.774 82.114 2.449
v -52.388 82.688 2.449
v -53.774 84.074 9.797
v -52.388 82.688 2.449
v -53.774 82.114 2.449
v -53.774 84.074 2.449
v -52.388 82.688 2.449
v -51.814 84.074 2.449
v -53.774 84.074 9.797
v -51.814 84.074 2.449
v -52.388 82.688 2.449
v -53.774 84.074 2.449
v -46.440 83.111 0.000
v -46.550 83.301 0.000
v -46.550 83.301 3.581
v -46.440 83.111 3.581
v -46.550 83.301 0.000
v -46.770 83.301 0.000
v -46.770 83.301 3.581
v -46.550 83.301 3.581
v -46.770 83.301 0.000
v -46.880 83.111 0.000
v -46.880 83.111 3.581
v -46.770 83.301 3.581
v -46.880 83.111 0.000
v -46.770 82.920 0.000
v -46.770 82.920 3.581
v -46.880 83.111 3.581
v -46.770 82.920 0.000
v -46.550 82.920 0.000
v -46.550 82.920 3.581
v -46.770 82.920 3.581
v -46.550 82.920 0.000
v -46.440 83.111 0.000
v -46.440 83.111 3.581
v -46.550 82.920 3.581
v -44.614 83.111 2.558
v -45.213 84.557 2.558
v -46.660 83.111 10.231
v -45.213 84.557 2.558
v -44.614 83.111 2.558
v -46.660 83.111 2.558
v -45.213 84.557 2.558
v -46.660 85.157 2.558
v -46.660 83.111 10.231
v -46.660 85.157 2.558
v -45.213 84.557 2.558
v -46.660 83.111 2.558
v -46.660 85.157 2.558
v -48.107 84.557 2.558
v -46.660 83.111 10.231
v -48.107 84.557 2.558
v -46.660 85.157 2.558
v -46.660 83.111 2.558
v -48.107 84.557 2.558
v -48.706 83.111 2.558
v -46.660 83.111 10.231
v -48.706 83.111 2.558
v -48.107 84.557 2.558
v -46.660 83.111 2.558
v -48.706 83.111 2.558
v -48.107 81.664 2.558
v -46.660 83.111 10.231
v -48.107 81.664 2.558
v -48.706 83.111 2.558
v -46.660 83.111 2.558
v -48.107 81.664 2.558
v -46.660 81.064 2.558
v -46.660 83.111 10.231
v -46.660 81.064 2.558
v -48.107 81.664 2.558
v -46.660 83.111 2.558
v -46.660 81.064 2.558
v -45.213 81.664 2.558
v -46.660 83.111 10.231
v -45.213 81.664 2.558
v -46.660 81.064 2.558
v -46.660 83.111 2.558
v -45.213 81.664 2.558
v -44.614 83.111 2.558
v -46.660 83.111 10.231
v -44.614 83.111 2.558
v -45.213 81.664 2.558
v -46.660 83.111 2.558
v -26.817 85.804 0.000
v -26.927 85.995 0.000
v -26.927 85.995 2.450
v -26.817 85.804 2.450
v -26.927 85.995 0.000
v -27.147 85.995 0.000
v -27.147 85.995 2.450
v -26.927 85.995 2.450
v -27.147 85.995 0.000
v -27.257 85.804 0.000
v -27.257 85.804 2.450
v -27.147 85.995 2.450
v -27.257 85.804 0.000
v -27.147 85.614 0.000
v -27.147 85.614 2.450
v -27.257 85.804 2.450
v -27.147 85.614 0.000
v -26.927 85.614 0.000
v -26.927 85.614 2.450
v -27.147 85.614 2.450
v -26.927 85.614 0.000
v -26.817 85.804 0.000
v -26.817 85.804 2.450
v -26.927 85.614 2.450
v -25.187 85.804 4.341
v -25.460 87.381 4.341
v -25.759 85.804 5.710
v -27.037 87.941 4.341
v -27.037 87.250 5.890
v -25.460 87.381 4.341
v -27.037 85.804 6.410
v -25.759 85.804 5.710
v -27.037 87.250 5.890
v -25.460 87.381 4.341
v -27.037 87.250 5.890
v -25.759 85.804 5.710
v -27.037 87.941 4.341
v -28.240 87.007 4.341
v -27.037 87.250 5.890
v -29.184 85.804 4.341
v -28.487 85.804 5.894
v -28.240 87.007 4.341
v -27.037 85.804 6.410
v -27.037 87.250 5.890
v -28.487 85.804 5.894
v -28.240 87.007 4.341
v -28.487 85.804 5.894
v -27.037 87.250 5.890
v -29.184 85.804 4.341
v -28.623 84.219 4.341
v -28.487 85.804 5.894
v -27.037 83.814 4.341
v -27.037 84.253 6.003
v -28.623 84.219 4.341
v -27.037 85.804 6.410
v -28.487 85.804 5.894
v -27.037 84.253 6.003
v -28.623 84.219 4.341
v -27.037 84.253 6.003
v -28.487 85.804 5.894
v -27.037 83.814 4.341
v -25.610 84.378 4.341
v -27.037 84.253 6.003
v -25.187 85.804 4.341
v -25.759 85.804 5.710
v -25.610 84.378 4.341
v -27.037 85.804 6.410
v -27.037 84.253 6.003
v -25.759 85.804 5.710
v -25.610 84.378 4.341
v -25.759 85.804 5.710
v -27.037 84.253 6.003
v -27.037 87.941 4.341
v -25.460 87.381 4.341
v -27.037 87.043 3.014
v -25.187 85.804 4.341
v -25.735 85.804 2.945
v -25.460 87.381 4.341
v -27.037 85.804 2.255
v -27.037 87.043 3.014
v -25.735 85.804 2.945
v -25.460 87.381 4.341
v -25.735 85.804 2.945
v -27.037 87.043 3.014
v -29.184 85.804 4.341
v -28.240 87.007 4.341
v -28.362 85.804 2.921
v -27.037 87.941 4.341
v -27.037 87.043 3.014
v -28.240 87.007 4.341
v -27.037 85.804 2.255
v -28.362 85.804 2.921
v -27.037 87.043 3.014
v -28.240 87.007 4.341
v -27.037 87.043 3.014
v -28.362 85.804 2.921
v -27.037 83.814 4.341
v -28.623 84.219 4.341
v -27.037 84.513 2.957
v -29.184 85.804 4.341
v -28.362 85.804 2.921
v -28.623 84.219 4.341
v -27.037 85.804 2.255
v -27.037 84.513 2.957
v -28.362 85.804 2.921
v -28.623 84.219 4.341
v -28.362 85.804 2.921
v -27.037 84.513 2.957
v -25.187 85.804 4.341
v -25.610 84.378 4.341
v -25.735 85.804 2.945
v -27.037 83.814 4.341
v -27.037 84.513 2.957
v -25.610 84.378 4.341
v -27.037 85.804 2.255
v -25.735 85.804 2.945
v -27.037 84.513 2.957
v -25.610 84.378 4.341
v -27.037 84.513 2.957
v -25.735 85.804 2.945
v -19.489 85.103 0.000
v -19.599 85.293 0.000
v -19.599 85.293 2.867
v -19.489 85.103 2.867
v -19.599 85.293 0.000
v -19.819 85.293 0.000
v -19.819 85.293 2.867
v -19.599 85.293 2.867
v -19.819 85.293 0.000
v -19.929 85.103 0.000
v -19.929 85.103 2.867
v -19.819 85.293 2.867
v -19.929 85.103 0.000
v -19.819 84.912 0.000
v -19.819 84.912 2.867
v -19.929 85.103 2.867
v -19.819 84.912 0.000
v -19.599 84.912 0.000
v -19.599 84.912 2.867
v -19.819 84.912 2.867
v -19.599 84.912 0.000
v -19.489 85.103 0.000
v -19.489 85.103 2.867
v -19.599 84.912 2.867
v -18.071 85.103 2.048
v -18.551 86.261 2.048
v -19.709 85.103 8.192
v -18.551 86.261 2.048
v -18.071 85.103 2.048
v -19.709 85.103 2.048
v -18.551 86.261 2.048
v -19.709 86.741 2.048
v -19.709 85.103 8.192
v -19.709 86.741 2.048
v -18.551 86.261 2.048
v -19.709 85.103 2.048
v -19.709 86.741 2.048
v -20.868 86.261 2.048
v -19.709 85.103 8.192
v -20.868 86.261 2.048
v -19.709 86.741 2.048
v -19.709 85.103 2.048
v -20.868 86.261 2.048
v -21.348 85.103 2.048
v -19.709 85.103 8.192
v -21.348 85.103 2.048
v -20.868 86.261 2.048
v -19.709 85.103 2.048
v -21.348 85.103 2.048
v -20.868 83.944 2.048
v -19.709 85.103 8.192
v -20.868 83.944 2.048
v -21.348 85.103 2.048
v -19.709 85.103 2.048
v -20.868 83.944 2.048
v -19.709 83.464 2.048
v -19.709 85.103 8.192
v -19.709 83.464 2.048
v -20.868 83.944 2.048
v -19.709 85.103 2.048
v -19.709 83.464 2.048
v -18.551 83.944 2.048
v -19.709 85.103 8.192
v -18.551 83.944 2.048
v -19.709 83.464 2.048
v -19.709 85.103 2.048
v -18.551 83.944 2.048
v -18.071 85.103 2.048
v -19.709 85.103 8.192
v -18.071 85.103 2.048
v -18.551 83.944 2.048
v -19.709 85.103 2.048
v -13.998 85.886 0.000
v -14.108 86.077 0.000
v -14.108 86.077 3.077
v -13.998 85.886 3.077
v -14.108 86.077 0.000
v -14.328 86.077 0.000
v -14.328 86.077 3.077
v -14.108 86.077 3.077
v -14.328 86.077 0.000
v -14.438 85.886 0.000
v -14.438 85.886 3.077
v -14.328 86.077 3.077
v -14.438 85.886 0.000
v -14.328 85.696 0.000
v -14.328 85.696 3.077
v -14.438 85.886 3.077
v -14.328 85.696 0.000
v -14.108 85.696 0.000
v -14.108 85.696 3.077
v -14.328 85.696 3.077
v -14.108 85.696 0.000
v -13.998 85.886 0.000
v -13.998 85.886 3.077
v -14.108 85.696 3.077
v -12.460 85.886 2.198
v -12.975 87.129 2.198
v -14.218 85.886 8.790
v -12.975 87.129 2.198
v -12.460 85.886 2.198
v -14.218 85.886 2.198
v -12.975 87.129 2.198
v -14.218 87.644 2.198
v -14.218 85.886 8.790
v -14.218 87.644 2.198
v -12.975 87.129 2.198
v -14.218 85.886 2.198
v -14.218 87.644 2.198
v -15.461 87.129 2.198
v -14.218 85.886 8.790
v -15.461 87.129 2.198
v -14.218 87.644 2.198
v -14.218 85.886 2.198
v -15.461 87.129 2.198
v -15.976 85.886 2.198
v -14.218 85.886 8.790
v -15.976 85.886 2.198
v -15.461 87.129 2.198
v -14.218 85.886 2.198
v -15.976 85.886 2.198
v -15.461 84.643 2.198
v -14.218 85.886 8.790
v -15.461 84.643 2.198
v -15.976 85.886 2.198
v -14.218 85.886 2.198
v -15.461 84.643 2.198
v -14.218 84.128 2.198
v -14.218 85.886 8.790
v -14.218 84.128 2.198
v -15.461 84.643 2.198
v -14.218 85.886 2.198
v -14.218 84.128 2.198
v -12.975 84.643 2.198
v -14.218 85.886 8.790
v -12.975 84.643 2.198
v -14.218 84.128 2.198
v -14.218 85.886 2.198
v -12.975 84.643 2.198
v -12.460 85.886 2.198
v -14.218 85.886 8.790
v -12.460 85.886 2.198
v -12.975 84.643 2.198
v -14.218 85.886 2.198
v -98.461 91.533 0.000
v -98.571 91.723 0.000
v -98.571 91.723 2.667
v -98.461 91.533 2.667
v -98.571 91.723 0.000
v -98.791 91.723 0.000
v -98.791 91.723 2.667
v -98.571 91.723 2.667
v -98.791 91.723 0.000
v -98.901 91.533 0.000
v -98.901 91.533 2.667
v -98.791 91.723 2.667
v -98.901 91.533 0.000
v -98.791 91.342 0.000
v -98.791 91.342 2.667
v -98.901 91.533 2.667
v -98.791 91.342 0.000
v -98.571 91.342 0.000
v -98.571 91.342 2.667
v -98.791 91.342 2.667
v -98.571 91.342 0.000
v -98.461 91.533 0.000
v -98.461 91.533 2.667
v -98.571 91.342 2.667
v -96.797 91.533 4.725
v -97.279 92.935 4.725
v -97.016 91.533 6.509
v -98.681 93.787 4.725
v -98.681 93.160 6.468
v -97.279 92.935 4.725
v -98.681 91.533 6.721
v -97.016 91.533 6.509
v -98.681 93.160 6.468
v -97.279 92.935 4.725
v -98.681 93.160 6.468
v -97.016 91.533 6.509
v -98.681 93.787 4.725
v -99.992 92.843 4.725
v -98.681 93.160 6.468
v -100.626 91.533 4.725
v -100.367 91.533 6.531
v -99.992 92.843 4.725
v -98.681 91.533 6.721
v -98.681 93.160 6.468
v -100.367 91.533 6.531
v -99.992 92.843 4.725
v -100.367 91.533 6.531
v -98.681 93.160 6.468
v -100.626 91.533 4.725
v -100.083 90.131 4.725
v -100.367 91.533 6.531
v -98.681 89.286 4.725
v -98.681 89.848 6.529
v -100.083 90.131 4.725
v -98.681 91.533 6.721
v -100.367 91.533 6.531
v -98.681 89.848 6.529
v -100.083 90.131 4.725
v -98.681 89.848 6.529
v -100.367 91.533 6.531
v -98.681 89.286 4.725
v -97.194 90.046 4.725
v -98.681 89.848 6.529
v -96.797 91.533 4.725
v -97.016 91.533 6.509
v -97.194 90.046 4.725
v -98.681 91.533 6.721
v -98.681 89.848 6.529
v -97.016 91.533 6.509
v -97.194 90.046 4.725
v -97.016 91.533 6.509
v -98.681 89.848 6.529
v -98.681 93.787 4.725
v -97.279 92.935 4.725
v -98.681 93.005 3.147
v -96.797 91.533 4.725
v -97.201 91.533 3.139
v -97.279 92.935 4.725
v -98.681 91.533 2.323
v -98.681 93.005 3.147
v -97.201 91.533 3.139
v -97.279 92.935 4.725
v -97.201 91.533 3.139
v -98.681 93.005 3.147
v -100.626 91.533 4.725
v -99.992 92.843 4.725
v -100.258 91.533 3.035
v -98.681 93.787 4.725
v -98.681 93.005 3.147
v -99.992 92.843 4.725
v -98.681 91.533 2.323
v -100.258 91.533 3.035
v -98.681 93.005 3.147
v -99.992 92.843 4.725
v -98.681 93.005 3.147
v -100.258 91.533 3.035
v -98.681 89.286 4.725
v -100.083 90.131 4.725
v -98.681 89.921 2.998
v -100.626 91.533 4.725
v -100.258 91.533 3.035
v -100.083 90.131 4.725
v -98.681 91.533 2.323
v -98.681 89.921 2.998
v -100.258 91.533 3.035
v -100.083 90.131 4.725
v -100.258 91.533 3.035
v -98.681 89.921 2.998
v -96.797 91.533 4.725
v -97.194 90.046 4.725
v -97.201 91.533 3.139
v -98.681 89.286 4.725
v -98.681 89.921 2.998
v -97.194 90.046 4.725
v -98.681 91.533 2.323
v -97.201 91.533 3.139
v -98.681 89.921 2.998
v -97.194 90.046 4.725
v -98.681 89.921 2.998
v -97.201 91.533 3.139
v -90.260 92.666 0.000
v -90.370 92.856 0.000
v -90.370 92.856 3.057
v -90.260 92.666 3.057
v -90.370 92.856 0.000
v -90.590 92.856 0.000
v -90.590 92.856 3.057
v -90.370 92.856 3.057
v -90.590 92.856 0.000
v -90.700 92.666 0.000
v -90.700 92.666 3.057
v -90.590 92.856 3.057
v -90.700 92.666 0.000
v -90.590 92.475 0.000
v -90.590 92.475 3.057
v -90.700 92.666 3.057
v -90.590 92.475 0.000
v -90.370 92.475 0.000
v -90.370 92.475 3.057
v -90.590 92.475 3.057
v -90.370 92.475 0.000
v -90.260 92.666 0.000
v -90.260 92.666 3.057
v -90.370 92.475 3.057
v -87.865 92.666 5.415
v -88.851 94.295 5.415
v -88.988 92.666 7.014
v -90.480 95.332 5.415
v -90.480 94.162 7.018
v -88.851 94.295 5.415
v -90.480 92.666 7.747
v -88.988 92.666 7.014
v -90.480 94.162 7.018
v -88.851 94.295 5.415
v -90.480 94.162 7.018
v -88.988 92.666 7.014
v -90.480 95.332 5.415
v -92.366 94.551 5.415
v -90.480 94.162 7.018
v -92.826 92.666 5.415
v -92.224 92.666 7.284
v -92.366 94.551 5.415
v -90.480 92.666 7.747
v -90.480 94.162 7.018
v -92.224 92.666 7.284
v -92.366 94.551 5.415
v -92.224 92.666 7.284
v -90.480 94.162 7.018
v -92.826 92.666 5.415
v -92.271 90.875 5.415
v -92.224 92.666 7.284
v -90.480 90.213 5.415
v -90.480 90.844 7.367
v -92.271 90.875 5.415
v -90.480 92.666 7.747
v -92.224 92.666 7.284
v -90.480 90.844 7.367
v -92.271 90.875 5.415
v -90.480 90.844 7.367
v -92.224 92.666 7.284
v -90.480 90.213 5.415
v -88.611 90.796 5.415
v -90.480 90.844 7.367
v -87.865 92.666 5.415
v -88.988 92.666 7.014
v -88.611 90.796 5.415
v -90.480 92.666 7.747
v -90.480 90.844 7.367
v -88.988 92.666 7.014
v -88.611 90.796 5.415
v -88.988 92.666 7.014
v -90.480 90.844 7.367
v -90.480 95.332 5.415
v -88.851 94.295 5.415
v -90.480 94.546 3.401
v -87.865 92.666 5.415
v -88.647 92.666 3.452
v -88.851 94.295 5.415
v -90.480 92.666 2.480
v -90.480 94.546 3.401
v -88.647 92.666 3.452
v -88.851 94.295 5.415
v -88.647 92.666 3.452
v -90.480 94.546 3.401
v -92.826 92.666 5.415
v -92.366 94.551 5.415
v -92.018 92.666 3.768
v -90.480 95.332 5.415
v -90.480 94.546 3.401
v -92.366 94.551 5.415
v -90.480 92.666 2.480
v -92.018 92.666 3.768
v -90.480 94.546 3.401
v -92.366 94.551 5.415
v -90.480 94.546 3.401
v -92.018 92.666 3.768
v -90.480 90.213 5.415
v -92.271 90.875 5.415
v -90.480 91.168 3.811
v -92.826 92.666 5.415
v -92.018 92.666 3.768
v -92.271 90.875 5.415
v -90.480 92.666 2.480
v -90.480 91.168 3.811
v -92.018 92.666 3.768
v -92.271 90.875 5.415
v -92.018 92.666 3.768
v -90.480 91.168 3.811
v -87.865 92.666 5.415
v -88.611 90.796 5.415
v -88.647 92.666 3.452
v -90.480 90.213 5.415
v -90.480 91.168 3.811
v -88.611 90.796 5.415
v -90.480 92.666 2.480
v -88.647 92.666 3.452
v -90.480 91.168 3.811
v -88.611 90.796 5.415
v -90.480 91.168 3.811
v -88.647 92.666 3.452
v -85.198 91.360 0.000
v -85.308 91.550 0.000
v -85.308 91.550 3.337
v -85.198 91.360 3.337
v -85.308 91.550 0.000
v -85.528 91.550 0.000
v -85.528 91.550 3.337
v -85.308 91.550 3.337
v -85.528 91.550 0.000
v -85.638 91.360 0.000
v -85.638 91.360 3.337
v -85.528 91.550 3.337
v -85.638 91.360 0.000
v -85.528 91.169 0.000
v -85.528 91.169 3.337
v -85.638 91.360 3.337
v -85.528 91.169 0.000
v -85.308 91.169 0.000
v -85.308 91.169 3.337
v -85.528 91.169 3.337
v -85.308 91.169 0.000
v -85.198 91.360 0.000
v -85.198 91.360 3.337
v -85.308 91.169 3.337
v -83.511 91.360 2.383
v -84.070 92.708 2.383
v -85.418 91.360 9.534
v -84.070 92.708 2.383
v -83.511 91.360 2.383
v -85.418 91.360 2.383
v -84.070 92.708 2.383
v -85.418 93.266 2.383
v -85.418 91.360 9.534
v -85.418 93.266 2.383
v -84.070 92.708 2.383
v -85.418 91.360 2.383
v -85.418 93.266 2.383
v -86.766 92.708 2.383
v -85.418 91.360 9.534
v -86.766 92.708 2.383
v -85.418 93.266 2.383
v -85.418 91.360 2.383
v -86.766 92.708 2.383
v -87.325 91.360 2.383
v -85.418 91.360 9.534
v -87.325 91.360 2.383
v -86.766 92.708 2.383
v -85.418 91.360 2.383
v -87.325 91.360 2.383
v -86.766 90.011 2.383
v -85.418 91.360 9.534
v -86.766 90.011 2.383
v -87.325 91.360 2.383
v -85.418 91.360 2.383
v -86.766 90.011 2.383
v -85.418 89.453 2.383
v -85.418 91.360 9.534
v -85.418 89.453 2.383
v -86.766 90.011 2.383
v -85.418 91.360 2.383
v -85.418 89.453 2.383
v -84.070 90.011 2.383
v -85.418 91.360 9.534
v -84.070 90.011 2.383
v -85.418 89.453 2.383
v -85.418 91.360 2.383
v -84.070 90.011 2.383
v -83.511 91.360 2.383
v -85.418 91.360 9.534
v -83.511 91.360 2.383
v -84.070 90.011 2.383
v -85.418 91.360 2.383
v -76.172 90.992 0.000
v -76.282 91.183 0.000
v -76.282 91.183 2.989
v -76.172 90.992 2.989
v -76.282 91.183 0.000
v -76.502 91.183 0.000
v -76.502 91.183 2.989
v -76.282 91.183 2.989
v -76.502 91.183 0.000
v -76.612 90.992 0.000
v -76.612 90.992 2.989
v -76.502 91.183 2.989
v -76.612 90.992 0.000
v -76.502 90.802 0.000
v -76.502 90.802 2.989
v -76.612 90.992 2.989
v -76.502 90.802 0.000
v -76.282 90.802 0.000
v -76.282 90.802 2.989
v -76.502 90.802 2.989
v -76.282 90.802 0.000
v -76.172 90.992 0.000
v -76.172 90.992 2.989
v -76.282 90.802 2.989
v -74.346 90.992 5.295
v -74.837 92.547 5.295
v -74.719 90.992 7.087
v -76.392 93.189 5.295
v -76.392 92.707 7.132
v -74.837 92.547 5.295
v -76.392 90.992 7.492
v -74.719 90.992 7.087
v -76.392 92.707 7.132
v -74.837 92.547 5.295
v -76.392 92.707 7.132
v -74.719 90.992 7.087
v -76.392 93.189 5.295
v -77.853 92.452 5.295
v -76.392 92.707 7.132
v -78.551 90.992 5.295
v -78.106 90.992 7.130
v -77.853 92.452 5.295
v -76.392 90.992 7.492
v -76.392 92.707 7.132
v -78.106 90.992 7.130
v -77.853 92.452 5.295
v -78.106 90.992 7.130
v -76.392 92.707 7.132
v -78.551 90.992 5.295
v -78.295 89.089 5.295
v -78.106 90.992 7.130
v -76.392 88.509 5.295
v -76.392 89.342 7.063
v -78.295 89.089 5.295
v -76.392 90.992 7.492
v -78.106 90.992 7.130
v -76.392 89.342 7.063
v -78.295 89.089 5.295
v -76.392 89.342 7.063
v -78.106 90.992 7.130
v -76.392 88.509 5.295
v -74.857 89.457 5.295
v -76.392 89.342 7.063
v -74.346 90.992 5.295
v -74.719 90.992 7.087
v -74.857 89.457 5.295
v -76.392 90.992 7.492
v -76.392 89.342 7.063
v -74.719 90.992 7.087
v -74.857 89.457 5.295
v -74.719 90.992 7.087
v -76.392 89.342 7.063
v -76.392 93.189 5.295
v -74.837 92.547 5.295
v -76.392 92.643 3.526
v -74.346 90.992 5.295
v -74.892 90.992 3.687
v -74.837 92.547 5.295
v -76.392 90.992 2.591
v -76.392 92.643 3.526
v -74.892 90.992 3.687
v -74.837 92.547 5.295
v -74.892 90.992 3.687
v -76.392 92.643 3.526
v -78.551 90.992 5.295
v -77.853 92.452 5.295
v -78.302 90.992 3.249
v -76.392 93.189 5.295
v -76.392 92.643 3.526
v -77.853 92.452 5.295
v -76.392 90.992 2.591
v -78.302 90.992 3.249
v -76.392 92.643 3.526
v -77.853 92.452 5.295
v -76.392 92.643 3.526
v -78.302 90.992 3.249
v -76.392 88.509 5.295
v -78.295 89.089 5.295
v -76.392 89.430 3.621
v -78.551 90.992 5.295
v -78.302 90.992 3.249
v -78.295 89.089 5.295
v -76.392 90.992 2.591
v -76.392 89.430 3.621
v -78.302 90.992 3.249
v -78.295 89.089 5.295
v -78.302 90.992 3.249
v -76.392 89.430 3.621
v -74.346 90.992 5.295
v -74.857 89.457 5.295
v -74.892 90.992 3.687
v -76.392 88.509 5.295
v -76.392 89.430 3.621
v -74.857 89.457 5.295
v -76.392 90.992 2.591
v -74.892 90.992 3.687
v -76.392 89.430 3.621
v -74.857 89.457 5.295
v -76.392 89.430 3.621
v -74.892 90.992 3.687
v -73.483 91.963 0.000
v -73.593 92.154 0.000
v -73.593 92.154 4.057
v -73.483 91.963 4.057
v -73.593 92.154 0.000
v -73.813 92.154 0.000
v -73.813 92.154 4.057
v -73.593 92.154 4.057
v -73.813 92.154 0.000
v -73.923 91.963 0.000
v -73.923 91.963 4.057
v -73.813 92.154 4.057
v -73.923 91.963 0.000
v -73.813 91.773 0.000
v -73.813 91.773 4.057
v -73.923 91.963 4.057
v -73.813 91.773 0.000
v -73.593 91.773 0.000
v -73.593 91.773 4.057
v -73.813 91.773 4.057
v -73.593 91.773 0.000
v -73.483 91.963 0.000
v -73.483 91.963 4.057
v -73.593 91.773 4.057
v -71.385 91.963 2.898
v -72.064 93.602 2.898
v -73.703 91.963 11.590
v -72.064 93.602 2.898
v -71.385 91.963 2.898
v -73.703 91.963 2.898
v -72.064 93.602 2.898
v -73.703 94.281 2.898
v -73.703 91.963 11.590
v -73.703 94.281 2.898
v -72.064 93.602 2.898
v -73.703 91.963 2.898
v -73.703 94.281 2.898
v -75.342 93.602 2.898
v -73.703 91.963 11.590
v -75.342 93.602 2.898
v -73.703 94.281 2.898
v -73.703 91.963 2.898
v -75.342 93.602 2.898
v -76.021 91.963 2.898
v -73.703 91.963 11.590
v -76.021 91.963 2.898
v -75.342 93.602 2.898
v -73.703 91.963 2.898
v -76.021 91.963 2.898
v -75.342 90.324 2.898
v -73.703 91.963 11.590
v -75.342 90.324 2.898
v -76.021 91.963 2.898
v -73.703 91.963 2.898
v -75.342 90.324 2.898
v -73.703 89.645 2.898
v -73.703 91.963 11.590
v -73.703 89.645 2.898
v -75.342 90.324 2.898
v -73.703 91.963 2.898
v -73.703 89.645 2.898
v -72.064 90.324 2.898
v -73.703 91.963 11.590
v -72.064 90.324 2.898
v -73.703 89.645 2.898
v -73.703 91.963 2.898
v -72.064 90.324 2.898
v -71.385 91.963 2.898
v -73.703 91.963 11.590
v -71.385 91.963 2.898
v -72.064 90.324 2.898
v -73.703 91.963 2.898
v -66.042 94.571 0.000
v -66.152 94.761 0.000
v -66.152 94.761 2.655
v -66.042 94.571 2.655
v -66.152 94.761 0.000
v -66.372 94.761 0.000
v -66.372 94.761 2.655
v -66.152 94.761 2.655
v -66.372 94.761 0.000
v -66.482 94.571 0.000
v -66.482 94.571 2.655
v -66.372 94.761 2.655
v -66.482 94.571 0.000
v -66.372 94.380 0.000
v -66.372 94.380 2.655
v -66.482 94.571 2.655
v -66.372 94.380 0.000
v -66.152 94.380 0.000
v -66.152 94.380 2.655
v -66.372 94.380 2.655
v -66.152 94.380 0.000
v -66.042 94.571 0.000
v -66.042 94.571 2.655
v -66.152 94.380 2.655
v -64.257 94.571 4.703
v -64.792 96.041 4.703
v -64.607 94.571 6.477
v -66.262 96.611 4.703
v -66.262 95.984 6.217
v -64.792 96.041 4.703
v -66.262 94.571 6.645
v -64.607 94.571 6.477
v -66.262 95.984 6.217
v -64.792 96.041 4.703
v -66.262 95.984 6.217
v -64.607 94.571 6.477
v -66.262 96.611 4.703
v -67.880 96.189 4.703
v -66.262 95.984 6.217
v -68.136 94.571 4.703
v -67.682 94.571 6.224
v -67.880 96.189 4.703
v -66.262 94.571 6.645
v -66.262 95.984 6.217
v -67.682 94.571 6.224
v -67.880 96.189 4.703
v -67.682 94.571 6.224
v -66.262 95.984 6.217
v -68.136 94.571 4.703
v -67.755 93.078 4.703
v -67.682 94.571 6.224
v -66.262 92.562 4.703
v -66.262 93.064 6.318
v -67.755 93.078 4.703
v -66.262 94.571 6.645
v -67.682 94.571 6.224
v -66.262 93.064 6.318
v -67.755 93.078 4.703
v -66.262 93.064 6.318
v -67.682 94.571 6.224
v -66.262 92.562 4.703
v -64.560 92.868 4.703
v -66.262 93.064 6.318
v -64.257 94.571 4.703
v -64.607 94.571 6.477
v -64.560 92.868 4.703
v -66.262 94.571 6.645
v -66.262 93.064 6.318
v -64.607 94.571 6.477
v -64.560 92.868 4.703
v -64.607 94.571 6.477
v -66.262 93.064 6.318
v -66.262 96.611 4.703
v -64.792 96.041 4.703
v -66.262 96.221 2.935
v -64.257 94.571 4.703
v -64.540 94.571 2.858
v -64.792 96.041 4.703
v -66.262 94.571 2.712
v -66.262 96.221 2.935
v -64.540 94.571 2.858
v -64.792 96.041 4.703
v -64.540 94.571 2.858
v -66.262 96.221 2.935
v -68.136 94.571 4.703
v -67.880 96.189 4.703
v -67.629 94.571 3.239
v -66.262 96.611 4.703
v -66.262 96.221 2.935
v -67.880 96.189 4.703
v -66.262 94.571 2.712
v -67.629 94.571 3.239
v -66.262 96.221 2.935
v -67.880 96.189 4.703
v -66.262 96.221 2.935
v -67.629 94.571 3.239
v -66.262 92.562 4.703
v -67.755 93.078 4.703
v -66.262 93.169 3.201
v -68.136 94.571 4.703
v -67.629 94.571 3.239
v -67.755 93.078 4.703
v -66.262 94.571 2.712
v -66.262 93.169 3.201
v -67.629 94.571 3.239
v -67.755 93.078 4.703
v -67.629 94.571 3.239
v -66.262 93.169 3.201
v -64.257 94.571 4.703
v -64.560 92.868 4.703
v -64.540 94.571 2.858
v -66.262 92.562 4.703
v -66.262 93.169 3.201
v -64.560 92.868 4.703
v -66.262 94.571 2.712
v -64.540 94.571 2.858
v -66.262 93.169 3.201
v -64.560 92.868 4.703
v -66.262 93.169 3.201
v -64.540 94.571 2.858
v -58.026 95.425 0.000
v -58.136 95.615 0.000
v -58.136 95.615 2.378
v -58.026 95.425 2.378
v -58.136 95.615 0.000
v -58.356 95.615 0.000
v -58.356 95.615 2.378
v -58.136 95.615 2.378
v -58.356 95.615 0.000
v -58.466 95.425 0.000
v -58.466 95.425 2.378
v -58.356 95.615 2.378
v -58.466 95.425 0.000
v -58.356 95.234 0.000
v -58.356 95.234 2.378
v -58.466 95.425 2.378
v -58.356 95.234 0.000
v -58.136 95.234 0.000
v -58.136 95.234 2.378
v -58.356 95.234 2.378
v -58.136 95.234 0.000
v -58.026 95.425 0.000
v -58.026 95.425 2.378
v -58.136 95.234 2.378
v -56.887 95.425 1.698
v -57.285 96.385 1.698
v -58.246 95.425 6.794
v -57.285 96.385 1.698
v -56.887 95.425 1.698
v -58.246 95.425 1.698
v -57.285 96.385 1.698
v -58.246 96.783 1.698
v -58.246 95.425 6.794
v -58.246 96.783 1.698
v -57.285 96.385 1.698
v -58.246 95.425 1.698
v -58.246 96.783 1.698
v -59.207 96.385 1.698
v -58.246 95.425 6.794
v -59.207 96.385 1.698
v -58.246 96.783 1.698
v -58.246 95.425 1.698
v -59.207 96.385 1.698
v -59.605 95.425 1.698
v -58.246 95.425 6.794
v -59.605 95.425 1.698
v -59.207 96.385 1.698
v -58.246 95.425 1.698
v -59.605 95.425 1.698
v -59.207 94.464 1.698
v -58.246 95.425 6.794
v -59.207 94.464 1.698
v -59.605 95.425 1.698
v -58.246 95.425 1.698
v -59.207 94.464 1.698
v -58.246 94.066 1.698
v -58.246 95.425 6.794
v -58.246 94.066 1.698
v -59.207 94.464 1.698
v -58.246 95.425 1.698
v -58.246 94.066 1.698
v -57.285 94.464 1.698
v -58.246 95.425 6.794
v -57.285 94.464 1.698
v -58.246 94.066 1.698
v -58.246 95.425 1.698
v -57.285 94.464 1.698
v -56.887 95.425 1.698
v -58.246 95.425 6.794
v -56.887 95.425 1.698
v -57.285 94.464 1.698
v -58.246 95.425 1.698
v -53.450 95.068 0.000
v -53.560 95.259 0.000
v -53.560 95.259 3.862
v -53.450 95.068 3.862
v -53.560 95.259 0.000
v -53.780 95.259 0.000
v -53.780 95.259 3.862
v -53.560 95.259 3.862
v -53.780 95.259 0.000
v -53.890 95.068 0.000
v -53.890 95.068 3.862
v -53.780 95.259 3.862
v -53.890 95.068 0.000
v -53.780 94.877 0.000
v -53.780 94.877 3.862
v -53.890 95.068 3.862
v -53.780 94.877 0.000
v -53.560 94.877 0.000
v -53.560 94.877 3.862
v -53.780 94.877 3.862
v -53.560 94.877 0.000
v -53.450 95.068 0.000
v -53.450 95.068 3.862
v -53.560 94.877 3.862
v -50.139 95.068 6.842
v -51.243 97.495 6.842
v -51.734 95.068 8.916
v -53.670 98.581 6.842
v -53.670 97.304 9.237
v -51.243 97.495 6.842
v -53.670 95.068 9.906
v -51.734 95.068 8.916
v -53.670 97.304 9.237
v -51.243 97.495 6.842
v -53.670 97.304 9.237
v -51.734 95.068 8.916
v -53.670 98.581 6.842
v -56.029 97.428 6.842
v -53.670 97.304 9.237
v -56.944 95.068 6.842
v -56.182 95.068 9.534
v -56.029 97.428 6.842
v -53.670 95.068 9.906
v -53.670 97.304 9.237
v -56.182 95.068 9.534
v -56.029 97.428 6.842
v -56.182 95.068 9.534
v -53.670 97.304 9.237
v -56.944 95.068 6.842
v -55.792 92.945 6.842
v -56.182 95.068 9.534
v -53.670 92.055 6.842
v -53.670 92.958 9.102
v -55.792 92.945 6.842
v -53.670 95.068 9.906
v -56.182 95.068 9.534
v -53.670 92.958 9.102
v -55.792 92.945 6.842
v -53.670 92.958 9.102
v -56.182 95.068 9.534
v -53.670 92.055 6.842
v -51.367 92.765 6.842
v -53.670 92.958 9.102
v -50.139 95.068 6.842
v -51.734 95.068 8.916
v -51.367 92.765 6.842
v -53.670 95.068 9.906
v -53.670 92.958 9.102
v -51.734 95.068 8.916
v -51.367 92.765 6.842
v -51.734 95.068 8.916
v -53.670 92.958 9.102
v -53.670 98.581 6.842
v -51.243 97.495 6.842
v -53.670 97.163 4.598
v -50.139 95.068 6.842
v -51.261 95.068 4.261
v -51.243 97.495 6.842
v -53.670 95.068 3.586
v -53.670 97.163 4.598
v -51.261 95.068 4.261
v -51.243 97.495 6.842
v -51.261 95.068 4.261
v -53.670 97.163 4.598
v -56.944 95.068 6.842
v -56.029 97.428 6.842
v -56.002 95.068 4.343
v -53.670 98.581 6.842
v -53.670 97.163 4.598
v -56.029 97.428 6.842
v -53.670 95.068 3.586
v -56.002 95.068 4.343
v -53.670 97.163 4.598
v -56.029 97.428 6.842
v -53.670 97.163 4.598
v -56.002 95.068 4.343
v -53.670 92.055 6.842
v -55.792 92.945 6.842
v -53.670 92.830 4.444
v -56.944 95.068 6.842
v -56.002 95.068 4.343
v -55.792 92.945 6.842
v -53.670 95.068 3.586
v -53.670 92.830 4.444
v -56.002 95.068 4.343
v -55.792 92.945 6.842
v -56.002 95.068 4.343
v -53.670 92.830 4.444
v -50.139 95.068 6.842
v -51.367 92.765 6.842
v -51.261 95.068 4.261
v -53.670 92.055 6.842
v -53.670 92.830 4.444
v -51.367 92.765 6.842
v -53.670 95.068 3.586
v -51.261 95.068 4.261
v -53.670 92.830 4.444
v -51.367 92.765 6.842
v -53.670 92.830 4.444
v -51.261 95.068 4.261
v -45.639 91.657 0.000
v -45.749 91.848 0.000
v -45.749 91.848 3.904
v -45.639 91.657 3.904
v -45.749 91.848 0.000
v -45.969 91.848 0.000
v -45.969 91.848 3.904
v -45.749 91.848 3.904
v -45.969 91.848 0.000
v -46.079 91.657 0.000
v -46.079 91.657 3.904
v -45.969 91.848 3.904
v -46.079 91.657 0.000
v -45.969 91.467 0.000
v -45.969 91.467 3.904
v -46.079 91.657 3.904
v -45.969 91.467 0.000
v -45.749 91.467 0.000
v -45.749 91.467 3.904
v -45.969 91.467 3.904
v -45.749 91.467 0.000
v -45.639 91.657 0.000
v -45.639 91.657 3.904
v -45.749 91.467 3.904
v -43.628 91.657 2.789
v -44.282 93.235 2.789
v -45.859 91.657 11.155
v -44.282 93.235 2.789
v -43.628 91.657 2.789
v -45.859 91.657 2.789
v -44.282 93.235 2.789
v -45.859 93.888 2.789
v -45.859 91.657 11.155
v -45.859 93.888 2.789
v -44.282 93.235 2.789
v -45.859 91.657 2.789
v -45.859 93.888 2.789
v -47.437 93.235 2.789
v -45.859 91.657 11.155
v -47.437 93.235 2.789
v -45.859 93.888 2.789
v -45.859 91.657 2.789
v -47.437 93.235 2.789
v -48.090 91.657 2.789
v -45.859 91.657 11.155
v -48.090 91.657 2.789
v -47.437 93.235 2.789
v -45.859 91.657 2.789
v -48.090 91.657 2.789
v -47.437 90.080 2.789
v -45.859 91.657 11.155
v -47.437 90.080 2.789
v -48.090 91.657 2.789
v -45.859 91.657 2.789
v -47.437 90.080 2.789
v -45.859 89.426 2.789
v -45.859 91.657 11.155
v -45.859 89.426 2.789
v -47.437 90.080 2.789
v -45.859 91.657 2.789
v -45.859 89.426 2.789
v -44.282 90.080 2.789
v -45.859 91.657 11.155
v -44.282 90.080 2.789
v -45.859 89.426 2.789
v -45.859 91.657 2.789
v -44.282 90.080 2.789
v -43.628 91.657 2.789
v -45.859 91.657 11.155
v -43.628 91.657 2.789
v -44.282 90.080 2.789
v -45.859 91.657 2.789
v -41.495 91.638 0.000
v -41.605 91.828 0.000
v -41.605 91.828 3.272
v -41.495 91.638 3.272
v -41.605 91.828 0.000
v -41.825 91.828 0.000
v -41.825 91.828 3.272
v -41.605 91.828 3.272
v -41.825 91.828 0.000
v -41.935 91.638 0.000
v -41.935 91.638 3.272
v -41.825 91.828 3.272
v -41.935 91.638 0.000
v -41.825 91.447 0.000
v -41.825 91.447 3.272
v -41.935 91.638 3.272
v -41.825 91.447 0.000
v -41.605 91.447 0.000
v -41.605 91.447 3.272
v -41.825 91.447 3.272
v -41.605 91.447 0.000
v -41.495 91.638 0.000
v -41.495 91.638 3.272
v -41.605 91.447 3.272
v -39.846 91.638 2.337
v -40.393 92.960 2.337
v -41.715 91.638 9.348
v -40.393 92.960 2.337
v -39.846 91.638 2.337
v -41.715 91.638 2.337
v -40.393 92.960 2.337
v -41.715 93.507 2.337
v -41.715 91.638 9.348
v -41.715 93.507 2.337
v -40.393 92.960 2.337
v -41.715 91.638 2.337
v -41.715 93.507 2.337
v -43.037 92.960 2.337
v -41.715 91.638 9.348
v -43.037 92.960 2.337
v -41.715 93.507 2.337
v -41.715 91.638 2.337
v -43.037 92.960 2.337
v -43.585 91.638 2.337
v -41.715 91.638 9.348
v -43.585 91.638 2.337
v -43.037 92.960 2.337
v -41.715 91.638 2.337
v -43.585 91.638 2.337
v -43.037 90.316 2.337
v -41.715 91.638 9.348
v -43.037 90.316 2.337
v -43.585 91.638 2.337
v -41.715 91.638 2.337
v -43.037 90.316 2.337
v -41.715 89.768 2.337
v -41.715 91.638 9.348
v -41.715 89.768 2.337
v -43.037 90.316 2.337
v -41.715 91.638 2.337
v -41.715 89.768 2.337
v -40.393 90.316 2.337
v -41.715 91.638 9.348
v -40.393 90.316 2.337
v -41.715 89.768 2.337
v -41.715 91.638 2.337
v -40.393 90.316 2.337
v -39.846 91.638 2.337
v -41.715 91.638 9.348
v -39.846 91.638 2.337
v -40.393 90.316 2.337
v -41.715 91.638 2.337
v -35.528 91.782 0.000
v -35.638 91.973 0.000
v -35.638 91.973 4.002
v -35.528 91.782 4.002
v -35.638 91.973 0.000
v -35.858 91.973 0.000
v -35.858 91.973 4.002
v -35.638 91.973 4.002
v -35.858 91.973 0.000
v -35.968 91.782 0.000
v -35.968 91.782 4.002
v -35.858 91.973 4.002
v -35.968 91.782 0.000
v -35.858 91.592 0.000
v -35.858 91.592 4.002
v -35.968 91.782 4.002
v -35.858 91.592 0.000
v -35.638 91.592 0.000
v -35.638 91.592 4.002
v -35.858 91.592 4.002
v -35.638 91.592 0.000
v -35.528 91.782 0.000
v -35.528 91.782 4.002
v -35.638 91.592 4.002
v -32.223 91.782 7.090
v -33.329 94.201 7.090
v -33.270 91.782 9.745
v -35.748 95.082 7.090
v -35.748 94.368 9.860
v -33.329 94.201 7.090
v -35.748 91.782 10.787
v -33.270 91.782 9.745
v -35.748 94.368 9.860
v -33.329 94.201 7.090
v -35.748 94.368 9.860
v -33.270 91.782 9.745
v -35.748 95.082 7.090
v -38.282 94.316 7.090
v -35.748 94.368 9.860
v -38.808 91.782 7.090
v -37.801 91.782 9.290
v -38.282 94.316 7.090
v -35.748 91.782 10.787
v -35.748 94.368 9.860
v -37.801 91.782 9.290
v -38.282 94.316 7.090
v -37.801 91.782 9.290
v -35.748 94.368 9.860
v -38.808 91.782 7.090
v -37.933 89.597 7.090
v -37.801 91.782 9.290
v -35.748 89.053 7.090
v -35.748 89.496 9.539
v -37.933 89.597 7.090
v -35.748 91.782 10.787
v -37.801 91.782 9.290
v -35.748 89.496 9.539
v -37.933 89.597 7.090
v -35.748 89.496 9.539
v -37.801 91.782 9.290
v -35.748 89.053 7.090
v -33.312 89.346 7.090
v -35.748 89.496 9.539
v -32.223 91.782 7.090
v -33.270 91.782 9.745
v -33.312 89.346 7.090
v -35.748 91.782 10.787
v -35.748 89.496 9.539
v -33.270 91.782 9.745
v -33.312 89.346 7.090
v -33.270 91.782 9.745
v -35.748 89.496 9.539
v -35.748 95.082 7.090
v -33.329 94.201 7.090
v -35.748 94.252 4.444
v -32.223 91.782 7.090
v -33.717 91.782 4.914
v -33.329 94.201 7.090
v -35.748 91.782 3.156
v -35.748 94.252 4.444
v -33.717 91.782 4.914
v -33.329 94.201 7.090
v -33.717 91.782 4.914
v -35.748 94.252 4.444
v -38.808 91.782 7.090
v -38.282 94.316 7.090
v -37.955 91.782 4.725
v -35.748 95.082 7.090
v -35.748 94.252 4.444
v -38.282 94.316 7.090
v -35.748 91.782 3.156
v -37.955 91.782 4.725
v -35.748 94.252 4.444
v -38.282 94.316 7.090
v -35.748 94.252 4.444
v -37.955 91.782 4.725
v -35.748 89.053 7.090
v -37.933 89.597 7.090
v -35.748 89.771 4.935
v -38.808 91.782 7.090
v -37.955 91.782 4.725
v -37.933 89.597 7.090
v -35.748 91.782 3.156
v -35.748 89.771 4.935
v -37.955 91.782 4.725
v -37.933 89.597 7.090
v -37.955 91.782 4.725
v -35.748 89.771 4.935
v -32.223 91.782 7.090
v -33.312 89.346 7.090
v -33.717 91.782 4.914
v -35.748 89.053 7.090
v -35.748 89.771 4.935
v -33.312 89.346 7.090
v -35.748 91.782 3.156
v -33.717 91.782 4.914
v -35.748 89.771 4.935
v -33.312 89.346 7.090
v -35.748 89.771 4.935
v -33.717 91.782 4.914
v -27.749 94.334 0.000
v -27.859 94.525 0.000
v -27.859 94.525 3.889
v -27.749 94.334 3.889
v -27.859 94.525 0.000
v -28.079 94.525 0.000
v -28.079 94.525 3.889
v -27.859 94.525 3.889
v -28.079 94.525 0.000
v -28.189 94.334 0.000
v -28.189 94.334 3.889
v -28.079 94.525 3.889
v -28.189 94.334 0.000
v -28.079 94.144 0.000
v -28.079 94.144 3.889
v -28.189 94.334 3.889
v -28.079 94.144 0.000
v -27.859 94.144 0.000
v -27.859 94.144 3.889
v -28.079 94.144 3.889
v -27.859 94.144 0.000
v -27.749 94.334 0.000
v -27.749 94.334 3.889
v -27.859 94.144 3.889
v -25.747 94.334 2.778
v -26.398 95.905 2.778
v -27.969 94.334 11.110
v -26.398 95.905 2.778
v -25.747 94.334 2.778
v -27.969 94.334 2.778
v -26.398 95.905 2.778
v -27.969 96.556 2.778
v -27.969 94.334 11.110
v -27.969 96.556 2.778
v -26.398 95.905 2.778
v -27.969 94.334 2.778
v -27.969 96.556 2.778
v -29.540 95.905 2.778
v -27.969 94.334 11.110
v -29.540 95.905 2.778
v -27.969 96.556 2.778
v -27.969 94.334 2.778
v -29.540 95.905 2.778
v -30.191 94.334 2.778
v -27.969 94.334 11.110
v -30.191 94.334 2.778
v -29.540 95.905 2.778
v -27.969 94.334 2.778
v -30.191 94.334 2.778
v -29.540 92.763 2.778
v -27.969 94.334 11.110
v -29.540 92.763 2.778
v -30.191 94.334 2.778
v -27.969 94.334 2.778
v -29.540 92.763 2.778
v -27.969 92.112 2.778
v -27.969 94.334 11.110
v -27.969 92.112 2.778
v -29.540 92.763 2.778
v -27.969 94.334 2.778
v -27.969 92.112 2.778
v -26.398 92.763 2.778
v -27.969 94.334 11.110
v -26.398 92.763 2.778
v -27.969 92.112 2.778
v -27.969 94.334 2.778
v -26.398 92.763 2.778
v -25.747 94.334 2.778
v -27.969 94.334 11.110
v -25.747 94.334 2.778
v -26.398 92.763 2.778
v -27.969 94.334 2.778
v -21.828 93.297 0.000
v -21.938 93.488 0.000
v -21.938 93.488 2.864
v -21.828 93.297 2.864
v -21.938 93.488 0.000
v -22.158 93.488 0.000
v -22.158 93.488 2.864
v -21.938 93.488 2.864
v -22.158 93.488 0.000
v -22.268 93.297 0.000
v -22.268 93.297 2.864
v -22.158 93.488 2.864
v -22.268 93.297 0.000
v -22.158 93.107 0.000
v -22.158 93.107 2.864
v -22.268 93.297 2.864
v -22.158 93.107 0.000
v -21.938 93.107 0.000
v -21.938 93.107 2.864
v -22.158 93.107 2.864
v -21.938 93.107 0.000
v -21.828 93.297 0.000
v -21.828 93.297 2.864
v -21.938 93.107 2.864
v -19.696 93.297 5.074
v -20.330 95.015 5.074
v -20.355 93.297 6.888
v -22.048 95.682 5.074
v -22.048 94.707 6.584
v -20.330 95.015 5.074
v -22.048 93.297 7.234
v -20.355 93.297 6.888
v -22.048 94.707 6.584
v -20.330 95.015 5.074
v -22.048 94.707 6.584
v -20.355 93.297 6.888
v -22.048 95.682 5.074
v -23.494 94.743 5.074
v -22.048 94.707 6.584
v -24.273 93.297 5.074
v -23.749 93.297 6.897
v -23.494 94.743 5.074
v -22.048 93.297 7.234
v -22.048 94.707 6.584
v -23.749 93.297 6.897
v -23.494 94.743 5.074
v -23.749 93.297 6.897
v -22.048 94.707 6.584
v -24.273 93.297 5.074
v -23.586 91.759 5.074
v -23.749 93.297 6.897
v -22.048 91.156 5.074
v -22.048 91.490 7.010
v -23.586 91.759 5.074
v -22.048 93.297 7.234
v -23.749 93.297 6.897
v -22.048 91.490 7.010
v -23.586 91.759 5.074
v -22.048 91.490 7.010
v -23.749 93.297 6.897
v -22.048 91.156 5.074
v -20.196 91.446 5.074
v -22.048 91.490 7.010
v -19.696 93.297 5.074
v -20.355 93.297 6.888
v -20.196 91.446 5.074
v -22.048 93.297 7.234
v -22.048 91.490 7.010
v -20.355 93.297 6.888
v -20.196 91.446 5.074
v -20.355 93.297 6.888
v -22.048 91.490 7.010
v -22.048 95.682 5.074
v -20.330 95.015 5.074
v -22.048 94.717 3.553
v -19.696 93.297 5.074
v -20.425 93.297 3.335
v -20.330 95.015 5.074
v -22.048 93.297 2.833
v -22.048 94.717 3.553
v -20.425 93.297 3.335
v -20.330 95.015 5.074
v -20.425 93.297 3.335
v -22.048 94.717 3.553
v -24.273 93.297 5.074
v -23.494 94.743 5.074
v -23.673 93.297 3.333
v -22.048 95.682 5.074
v -22.048 94.717 3.553
v -23.494 94.743 5.074
v -22.048 93.297 2.833
v -23.673 93.297 3.333
v -22.048 94.717 3.553
v -23.494 94.743 5.074
v -22.048 94.717 3.553
v -23.673 93.297 3.333
v -22.048 91.156 5.074
v -23.586 91.759 5.074
v -22.048 91.606 3.263
v -24.273 93.297 5.074
v -23.673 93.297 3.333
v -23.586 91.759 5.074
v -22.048 93.297 2.833
v -22.048 91.606 3.263
v -23.673 93.297 3.333
v -23.586 91.759 5.074
v -23.673 93.297 3.333
v -22.048 91.606 3.263
v -19.696 93.297 5.074
v -20.196 91.446 5.074
v -20.425 93.297 3.335
v -22.048 91.156 5.074
v -22.048 91.606 3.263
v -20.196 91.446 5.074
v -22.048 93.297 2.833
v -20.425 93.297 3.335
v -22.048 91.606 3.263
v -20.196 91.446 5.074
v -22.048 91.606 3.263
v -20.425 93.297 3.335
v -15.572 92.676 0.000
v -15.682 92.866 0.000
v -15.682 92.866 3.135
v -15.572 92.676 3.135
v -15.682 92.866 0.000
v -15.902 92.866 0.000
v -15.902 92.866 3.135
v -15.682 92.866 3.135
v -15.902 92.866 0.000
v -16.012 92.676 0.000
v -16.012 92.676 3.135
v -15.902 92.866 3.135
v -16.012 92.676 0.000
v -15.902 92.485 0.000
v -15.902 92.485 3.135
v -16.012 92.676 3.135
v -15.902 92.485 0.000
v -15.682 92.485 0.000
v -15.682 92.485 3.135
v -15.902 92.485 3.135
v -15.682 92.485 0.000
v -15.572 92.676 0.000
v -15.572 92.676 3.135
v -15.682 92.485 3.135
v -13.037 92.676 5.554
v -13.876 94.591 5.554
v -14.144 92.676 7.319
v -15.792 95.512 5.554
v -15.792 94.711 7.734
v -13.876 94.591 5.554
v -15.792 92.676 8.334
v -14.144 92.676 7.319
v -15.792 94.711 7.734
v -13.876 94.591 5.554
v -15.792 94.711 7.734
v -14.144 92.676 7.319
v -15.792 95.512 5.554
v -17.767 94.650 5.554
v -15.792 94.711 7.734
v -18.280 92.676 5.554
v -17.709 92.676 7.608
v -17.767 94.650 5.554
v -15.792 92.676 8.334
v -15.792 94.711 7.734
v -17.709 92.676 7.608
v -17.767 94.650 5.554
v -17.709 92.676 7.608
v -15.792 94.711 7.734
v -18.280 92.676 5.554
v -17.691 90.777 5.554
v -17.709 92.676 7.608
v -15.792 90.366 5.554
v -15.792 91.014 7.334
v -17.691 90.777 5.554
v -15.792 92.676 8.334
v -17.709 92.676 7.608
v -15.792 91.014 7.334
v -17.691 90.777 5.554
v -15.792 91.014 7.334
v -17.709 92.676 7.608
v -15.792 90.366 5.554
v -13.822 90.705 5.554
v -15.792 91.014 7.334
v -13.037 92.676 5.554
v -14.144 92.676 7.319
v -13.822 90.705 5.554
v -15.792 92.676 8.334
v -15.792 91.014 7.334
v -14.144 92.676 7.319
v -13.822 90.705 5.554
v -14.144 92.676 7.319
v -15.792 91.014 7.334
v -15.792 95.512 5.554
v -13.876 94.591 5.554
v -15.792 94.228 3.891
v -13.037 92.676 5.554
v -14.120 92.676 3.763
v -13.876 94.591 5.554
v -15.792 92.676 2.670
v -15.792 94.228 3.891
v -14.120 92.676 3.763
v -13.876 94.591 5.554
v -14.120 92.676 3.763
v -15.792 94.228 3.891
v -18.280 92.676 5.554
v -17.767 94.650 5.554
v -17.754 92.676 3.451
v -15.792 95.512 5.554
v -15.792 94.228 3.891
v -17.767 94.650 5.554
v -15.792 92.676 2.670
v -17.754 92.676 3.451
v -15.792 94.228 3.891
v -17.767 94.650 5.554
v -15.792 94.228 3.891
v -17.754 92.676 3.451
v -15.792 90.366 5.554
v -17.691 90.777 5.554
v -15.792 90.844 3.592
v -18.280 92.676 5.554
v -17.754 92.676 3.451
v -17.691 90.777 5.554
v -15.792 92.676 2.670
v -15.792 90.844 3.592
v -17.754 92.676 3.451
v -17.691 90.777 5.554
v -17.754 92.676 3.451
v -15.792 90.844 3.592
v -13.037 92.676 5.554
v -13.822 90.705 5.554
v -14.120 92.676 3.763
v -15.792 90.366 5.554
v -15.792 90.844 3.592
v -13.822 90.705 5.554
v -15.792 92.676 2.670
v -14.120 92.676 3.763
v -15.792 90.844 3.592
v -13.822 90.705 5.554
v -15.792 90.844 3.592
v -14.120 92.676 3.763
v -11.992 93.641 0.000
v -12.102 93.832 0.000
v -12.102 93.832 2.728
v -11.992 93.641 2.728
v -12.102 93.832 0.000
v -12.322 93.832 0.000
v -12.322 93.832 2.728
v -12.102 93.832 2.728
v -12.322 93.832 0.000
v -12.432 93.641 0.000
v -12.432 93.641 2.728
v -12.322 93.832 2.728
v -12.432 93.641 0.000
v -12.322 93.451 0.000
v -12.322 93.451 2.728
v -12.432 93.641 2.728
v -12.322 93.451 0.000
v -12.102 93.451 0.000
v -12.102 93.451 2.728
v -12.322 93.451 2.728
v -12.102 93.451 0.000
v -11.992 93.641 0.000
v -11.992 93.641 2.728
v -12.102 93.451 2.728
v -10.653 93.641 1.948
v -11.109 94.744 1.948
v -12.212 93.641 7.794
v -11.109 94.744 1.948
v -10.653 93.641 1.948
v -12.212 93.641 1.948
v -11.109 94.744 1.948
v -12.212 95.200 1.948
v -12.212 93.641 7.794
v -12.212 95.200 1.948
v -11.109 94.744 1.948
v -12.212 93.641 1.948
v -12.212 95.200 1.948
v -13.314 94.744 1.948
v -12.212 93.641 7.794
v -13.314 94.744 1.948
v -12.212 95.200 1.948
v -12.212 93.641 1.948
v -13.314 94.744 1.948
v -13.770 93.641 1.948
v -12.212 93.641 7.794
v -13.770 93.641 1.948
v -13.314 94.744 1.948
v -12.212 93.641 1.948
v -13.770 93.641 1.948
v -13.314 92.539 1.948
v -12.212 93.641 7.794
v -13.314 92.539 1.948
v -13.770 93.641 1.948
v -12.212 93.641 1.948
v -13.314 92.539 1.948
v -12.212 92.083 1.948
v -12.212 93.641 7.794
v -12.212 92.083 1.948
v -13.314 92.539 1.948
v -12.212 93.641 1.948
v -12.212 92.083 1.948
v -11.109 92.539 1.948
v -12.212 93.641 7.794
v -11.109 92.539 1.948
v -12.212 92.083 1.948
v -12.212 93.641 1.948
v -11.109 92.539 1.948
v -10.653 93.641 1.948
v -12.212 93.641 7.794
v -10.653 93.641 1.948
v -11.109 92.539 1.948
v -12.212 93.641 1.948
vt 0.0000 0.0000
vt 1.0000 0.0000
vt 1.0000 2.5985
vt 0.0000 2.5985
vt 0.0000 0.0000
vt 1.0000 0.0000
vt 1.0000 2.5985
vt 0.0000 2.5985
vt 0.0000 0.0000
vt 1.0000 0.0000
vt 1.0000 2.5985
vt 0.0000 2.5985
vt 0.0000 0.0000
vt 1.0000 0.0000
vt 1.0000 2.5985
vt 0.0000 2.5985
vt 0.0000 0.0000
vt 1.0000 0.0000
vt 1.0000 2.5985
vt 0.0000 2.5985
vt 0.0000 0.0000
vt 1.0000 0.0000
vt 1.0000 2.5985
vt 0.0000 2.5985
vt 0.0000 0.0000
vt 1.0000 0.0000
vt 0.5000 1.0000
vt 1.0000 0.0000
vt 0.0000 0.0000
vt 0.5000 0.5000
vt 0.0000 0.0000
vt 1.0000 0.0000
vt 0.5000 1.0000
vt 1.0000 0.0000
vt 0.0000 0.0000
vt 0.5000 0.5000
vt 0.0000 0.0000
vt 1.0000 0.0000
vt 0.5000 1.0000
vt 1.0000 0.0000
vt 0.0000 0.0000
vt 0.5000 0.5000
vt 0.0000 0.0000
vt 1.0000 0.0000
vt 0.5000 1.0000
vt 1.0000 0.0000
vt 0.0000 0.0000
vt 0.5000 0.5000
vt 0.0000 0.0000
vt 1.0000 0.0000
vt 0.5000 1.0000
vt 1.0000 0.0000
vt 0.0000 0.0000
vt 0.5000 0.5000
vt 0.0000 0.0000
vt 1.0000 0.0000
vt 0.5000 1.0000
vt 1.0000 0.0000
vt 0.0000 0.0000
vt 0.5000 0.5000
vt 0.0000 0.0000
vt 1.0000 0.0000
vt 0.5000 1.0000
vt 1.0000 0.0000
vt 0.0000 0.0000
vt 0.5000 0.5000
vt 0.0000 0.0000
vt 1.0000 0.0000
vt 0.5000 1.0000
vt 1.0000 0.0000
vt 0.0000 0.0000
vt 0.5000 0.5000
vt 0.0000 0.0000
vt 1.0000 0.0000
vt 1.0000 2.7517
vt 0.0000 2.7517
vt 0.0000 0.0000
vt 1.0000 0.0000
vt 1.0000 2.7517
vt 0.0000 2.7517
vt 0.0000 0.0000
vt 1.0000 0.0000
vt 1.0000 2.7517
vt 0.0000 2.7517
vt 0.0000 0.0000
vt 1.0000 0.0000
vt 1.0000 2.7517
vt 0.0000 2.7517
vt 0.0000 0.0000
vt 1.0000 0.0000
vt 1.0000 2.7517
vt 0.0000 2.7517
vt 0.0000 0.0000
vt 1.0000 0.0000
vt 1.0000 2.7517
vt 0.0000 2.7517
vt 0.0000 0.0000
vt 1.0000 0.0000
vt 0.5000 1.0000
vt 1.0000 0.0000
vt 0.0000 0.0000
vt 0.5000 0.5000
vt 0.0000 0.0000
vt 1.0000 0.0000
vt 0.5000 1.0000
vt 1.0000 0.0000
vt 0.0000 0.0000
vt 0.5000 0.5000
vt 0.0000 0.0000
vt 1.0000 0.0000
vt 0.5000 1.0000
vt 1.0000 0.0000
vt 0.0000 0.0000
vt 0.5000 0.5000
vt 0.0000 0.0000
vt 1.0000 0.0000
vt 0.5000 1.0000
vt 1.0000 0.0000
vt 0.0000 0.0000
vt 0.5000 0.5000
vt 0.0000 0.0000
vt 1.0000 0.0000
vt 0.5000 1.0000
vt 1.0000 0.0000
vt 0.0000 0.0000
vt 0.5000 0.5000
vt 0.0000 0.0000
vt 1.0000 0.0000
vt 0.5000 1.0000
vt 1.0000 0.0000
vt 0.0000 0.0000
vt 0.5000 0.5000
vt 0.0000 0.0000
vt 1.0000 0.0000
vt 0.5000 1.0000
vt 1.0000 0.0000
vt 0.0000 0.0000
vt 0.5000 0.5000
vt 0.0000 0.0000
vt 1.0000 0.0000
vt 0.5000 1.0000
vt 1.0000 0.0000
vt 0.0000 0.0000
vt 0.5000 0.5000
vt 0.0000 0.0000
vt 1.0000 0.0000
vt 1.0000 3.3327
vt 0.0000 3.3327
vt 0.0000 0.0000
vt 1.0000 0.0000
vt 1.0000 3.3327
vt 0.0000 3.3327
vt 0.0000 0.0000
vt 1.0000 0.0000
vt 1.0000 3.3327
vt 0.0000 3.3327
vt 0.0000 0.0000
vt 1.0000 0.0000
vt 1.0000 3.3327
vt 0.0000 3.3327
vt 0.0000 0.0000
vt 1.0000 0.0000
vt 1.0000 3.3327
vt 0.0000 3.3327
vt 0.0000 0.0000
vt 1.0000 0.0000
vt 1.0000 3.3327
vt 0.0000 3.3327
vt 0.0000 0.0000
vt 1.0000 0.0000
vt 0.5000 1.0000
vt 1.0000 0.0000
vt 0.0000 0.0000
vt 0.5000 0.5000
vt 0.0000 0.0000
vt 1.0000 0.0000
vt 0.5000 1.0000
vt 1.0000 0.0000
vt 0.0000 0.0000
vt 0.5000 0.5000
vt 0.0000 0.0000
vt 1.0000 0.0000
vt 0.5000 1.0000
vt 1.0000 0.0000
vt 0.0000 0.0000
vt 0.5000 0.5000
vt 0.0000 0.0000
vt 1.0000 0.0000
vt 0.5000 1.0000
vt 1.0000 0.0000
vt 0.0000 0.0000
vt 0.5000 0.5000
vt 0.0000 0.0000
vt 1.0000 0.0000
vt 0.5000 1.0000
vt 1.0000 0.0000
vt 0.0000 0.0000
vt 0.5000 0.5000
vt 0.0000 0.0000
vt 1.0000 0.0000
vt 0.5000 1.0000
vt 1.0000 0.0000
vt 0.0000 0.0000
vt 0.5000 0.5000
vt 0.0000 0.0000
vt 1.0000 0.0000
vt 0.5000 1.0000
vt 1.0000 0.0000
vt 0.0000 0.0000
vt 0.5000 0.5000
vt 0.0000 0.0000
vt 1.0000 0.0000
vt 0.5000 1.0000
vt 1.0000 0.0000
vt 0.0000 0.0000
vt 0.5000 0.5000
vt 0.0000 0.0000
vt 1.0000 0.0000
vt 1.0000 3.0744
vt 0.0000 3.0744
vt 0.0000 0.0000
vt 1.0000 0.0000
vt 1.0000 3.0744
vt 0.0000 3.0744
vt 0.0000 0.0000
vt 1.0000 0.0000
vt 1.0000 3.0744
vt 0.0000 3.0744
vt 0.0000 0.0000
vt 1.0000 0.0000
vt 1.0000 3.0744
vt 0.0000 3.0744
vt 0.0000 0.0000
vt 1.0000 0.0000
vt 1.0000 3.0744
vt 0.0000 3.0744
vt 0.0000 0.0000
vt 1.0000 0.0000
vt 1.0000 3.0744
vt 0.0000 3.0744
vt 0.0000 0.0000
vt 1.0000 0.0000
vt 0.5000 1.0000
vt 1.0000 0.0000
vt 0.0000 0.0000
vt 0.5000 0.5000
vt 0.0000 0.0000
vt 1.0000 0.0000
vt 0.5000 1.0000
vt 1.0000 0.0000
vt 0.0000 0.0000
vt 0.5000 0.5000
vt 0.0000 0.0000
vt 1.0000 0.0000
vt 0.5000 1.0000
vt 1.0000 0.0000
vt 0.0000 0.0000
vt 0.5000 0.5000
vt 0.0000 0.0000
vt 1.0000 0.0000
vt 0.5000 1.0000
vt 1.0000 0.0000
vt 0.0000 0.0000
vt 0.5000 0.5000
vt 0.0000 0.0000
vt 1.0000 0.0000
vt 0.5000 1.0000
vt 1.0000 0.0000
vt 0.0000 0.0000
vt 0.5000 0.5000
vt 0.0000 0.0000
vt 1.0000 0.0000
vt 0.5000 1.0000
vt 1.0000 0.0000
vt 0.0000 0.0000
vt 0.5000 0.5000
vt 0.0000 0.0000
vt 1.0000 0.0000
vt 0.5000 1.0000
vt 1.0000 0.0000
vt 0.0000 0.0000
vt 0.5000 0.5000
vt 0.0000 0.0000
vt 1.0000 0.0000
vt 0.5000 1.0000
vt 1.0000 0.0000
vt 0.0000 0.0000
vt 0.5000 0.5000
vt 0.0000 0.0000
vt 1.0000 0.0000
vt 1.0000 2.6142
vt 0.0000 2.6142
vt 0.0000 0.0000
vt 1.0000 0.0000
vt 1.0000 2.6142
vt 0.0000 2.6142
vt 0.0000 0.0000
vt 1.0000 0.0000
vt 1.0000 2.6142
vt 0.0000 2.6142
vt 0.0000 0.0000
vt 1.0000 0.0000
vt 1.0000 2.6142
vt 0.0000 2.6142
vt 0.0000 0.0000
vt 1.0000 0.0000
vt 1.0000 2.6142
vt 0.0000 2.6142
vt 0.0000 0.0000
vt 1.0000 0.0000
vt 1.0000 2.6142
vt 0.0000 2.6142
vt 0.0000 0.0000
vt 1.0000 0.0000
vt 0.5000 1.0000
vt 1.0000 0.0000
vt 0.0000 0.0000
vt 0.5000 0.5000
vt 0.0000 0.0000
vt 1.0000 0.0000
vt 0.5000 1.0000
vt 1.0000 0.0000
vt 0.0000 0.0000
vt 0.5000 0.5000
vt 0.0000 0.0000
vt 1.0000 0.0000
vt 0.5000 1.0000
vt 1.0000 0.0000
vt 0.0000 0.0000
vt 0.5000 0.5000
vt 0.0000 0.0000
vt 1.0000 0.0000
vt 0.5000 1.0000
vt 1.0000 0.0000
vt 0.0000 0.0000
vt 0.5000 0.5000
vt 0.0000 0.0000
vt 1.0000 0.0000
vt 0.5000 1.0000
vt 1.0000 0.0000
vt 0.0000 0.0000
vt 0.5000 0.5000
vt 0.0000 0.0000
vt 1.0000 0.0000
vt 0.5000 1.0000
vt 1.0000 0.0000
vt 0.0000 0.0000
vt 0.5000 0.5000
vt 0.0000 0.0000
vt 1.0000 0.0000
vt 0.5000 1.0000
vt 1.0000 0.0000
vt 0.0000 0.0000
vt 0.5000 0.5000
vt 0.0000 0.0000
vt 1.0000 0.0000
vt 0.5000 1.0000
vt 1.0000 0.0000
vt 0.0000 0.0000
vt 0.5000 0.5000
vt 0.0000 0.0000
vt 1.0000 0.0000
vt 1.0000 2.7808
vt 0.0000 2.7808
vt 0.0000 0.0000
vt 1.0000 0.0000
vt 1.0000 2.7808
vt 0.0000 2.7808
vt 0.0000 0.0000
vt 1.0000 0.0000
vt 1.0000 2.7808
vt 0.0000 2.7808
vt 0.0000 0.0000
vt 1.0000 0.0000
vt 1.0000 2.7808
vt 0.0000 2.7808
vt 0.0000 0.0000
vt 1.0000 0.0000
vt 1.0000 2.7808
vt 0.0000 2.7808
vt 0.0000 0.0000
vt 1.0000 0.0000
vt 1.0000 2.7808
vt 0.0000 2.7808
vt 0.0000 0.0000
vt 1.0000 0.0000
vt 0.5000 1.0000
vt 0.0000 0.0000
vt 1.0000 0.0000
vt 0.5000 1.0000
vt 0.0000 0.0000
vt 1.0000 0.0000
vt 0.5000 1.0000
vt 0.0000 0.0000
vt 1.0000 0.0000
vt 0.5000 1.0000
vt 0.0000 0.0000
vt 1.0000 0.0000
vt 0.5000 1.0000
vt 0.0000 0.0000
vt 1.0000 0.0000
vt 0.5000 1.0000
vt 0.0000 0.0000
vt 1.0000 0.0000
vt 0.5000 1.0000
vt 0.0000 0.0000
vt 1.0000 0.0000
vt 0.5000 1.0000
vt 0.0000 0.0000
vt 1.0000 0.0000
vt 0.5000 1.0000
vt 0.0000 0.0000
vt 1.0000 0.0000
vt 0.5000 1.0000
vt 0.0000 0.0000
vt 1.0000 0.0000
vt 0.5000 1.0000
vt 0.0000 0.0000
vt 1.0000 0.0000
vt 0.5000 1.0000
vt 0.0000 0.0000
vt 1.0000 0.0000
vt 0.5000 1.0000
vt 0.0000 0.0000
vt 1.0000 0.0000
vt 0.5000 1.0000
vt 0.0000 0.0000
vt 1.0000 0.0000
vt 0.5000 1.0000
vt 0.0000 0.0000
vt 1.0000 0.0000
vt 0.5000 1.0000
vt 0.0000 0.0000
vt 1.0000 0.0000
vt 0.5000 1.0000
vt 0.0000 0.0000
vt 1.0000 0.0000
vt 0.5000 1.0000
vt 0.0000 0.0000
vt 1.0000 0.0000
vt 0.5000 1.0000
vt 0.0000 0.0000
vt 1.0000 0.0000
vt 0.5000 1.0000
vt 0.0000 0.0000
vt 1.0000 0.0000
vt 0.5000 1.0000
vt 0.0000 0.0000
vt 1.0000 0.0000
vt 0.5000 1.0000
vt 0.0000 0.0000
vt 1.0000 0.0000
vt 0.5000 1.0000
vt 0.0000 0.0000
vt 1.0000 0.0000
vt 0.5000 1.0000
vt 0.0000 0.0000
vt 1.0000 0.0000
vt 0.5000 1.0000
vt 0.0000 0.0000
vt 1.0000 0.0000
vt 0.5000 1.0000
vt 0.0000 0.0000
vt 1.0000 0.0000
vt 0.5000 1.0000
vt 0.0000 0.0000
vt 1.0000 0.0000
vt 0.5000 1.0000
vt 0.0000 0.0000
vt 1.0000 0.0000
vt 0.5000 1.0000
vt 0.0000 0.0000
vt 1.0000 0.0000
vt 0.5000 1.0000
vt 0.0000 0.0000
vt 1.0000 0.0000
vt 0.5000 1.0000
vt 0.0000 0.0000
vt 1.0000 0.0000
vt 0.5000 1.0000
vt 0.0000 0.0000
vt 1.0000 0.0000
vt 1.0000 4.1097
vt 0.0000 4.1097
vt 0.0000 0.0000
vt 1.0000 0.0000
vt 1.0000 4.1097
vt 0.0000 4.1097
vt 0.0000 0.0000
vt 1.0000 0.0000
vt 1.0000 4.1097
vt 0.0000 4.1097
vt 0.0000 0.0000
vt 1.0000 0.0000
vt 1.0000 4.1097
vt 0.0000 4.1097
vt 0.0000 0.0000
vt 1.0000 0.0000
vt 1.0000 4.1097
vt 0.0000 4.1097
vt 0.0000 0.0000
vt 1.0000 0.0000
vt 1.0000 4.1097
vt 0.0000 4.1097
vt 0.0000 0.0000
vt 1.0000 0.0000
vt 0.5000 1.0000
vt 0.0000 0.0000
vt 1.0000 0.0000
vt 0.5000 1.0000
vt 0.0000 0.0000
vt 1.0000 0.0000
vt 0.5000 1.0000
vt 0.0000 0.0000
vt 1.0000 0.0000
vt 0.5000 1.0000
vt 0.0000 0.0000
vt 1.0000 0.0000
vt 0.5000 1.0000
vt 0.0000 0.0000
vt 1.0000 0.0000
vt 0.5000 1.0000
vt 0.0000 0.0000
vt 1.0000 0.0000
vt 0.5000 1.0000
vt 0.0000 0.0000
vt 1.0000 0.0000
vt 0.5000 1.0000
vt 0.0000 0.0000
vt 1.0000 0.0000
vt 0.5000 1.0000
vt 0.0000 0.0000
vt 1.0000 0.0000
vt 0.5000 1.0000
vt 0.0000 0.0000
vt 1.0000 0.0000
vt 0.5000 1.0000
vt 0.0000 0.0000
vt 1.0000 0.0000
vt 0.5000 1.0000
vt 0.0000 0.0000
vt 1.0000 0.0000
vt 0.5000 1.0000
vt 0.0000 0.0000
vt 1.0000 0.0000
vt 0.5000 1.0000
vt 0.0000 0.0000
vt 1.0000 0.0000
vt 0.5000 1.0000
vt 0.0000 0.0000
vt 1.0000 0.0000
vt 0.5000 1.0000
vt 0.0000 0.0000
vt 1.0000 0.0000
vt 0.5000 1.0000
vt 0.0000 0.0000
vt 1.0000 0.0000
vt 0.5000 1.0000
vt 0.0000 0.0000
vt 1.0000 0.0000
vt 0.5000 1.0000
vt 0.0000 0.0000
vt 1.0000 0.0000
vt 0.5000 1.0000
vt 0.0000 0.0000
vt 1.0000 0.0000
vt 0.5000 1.0000
vt 0.0000 0.0000
vt 1.0000 0.0000
vt 0.5000 1.0000
vt 0.0000 0.0000
vt 1.0000 0.0000
vt 0.5000 1.0000
vt 0.0000 0.0000
vt 1.0000 0.0000
vt 0.5000 1.0000
vt 0.0000 0.0000
vt 1.0000 0.0000
vt 0.5000 1.0000
vt 0.0000 0.0000
vt 1.0000 0.0000
vt 0.5000 1.0000
vt 0.0000 0.0000
vt 1.0000 0.0000
vt 0.5000 1.0000
vt 0.0000 0.0000
vt 1.0000 0.0000
vt 0.5000 1.0000
vt 0.0000 0.0000
vt 1.0000 0.0000
vt 0.5000 1.0000
vt 0.0000 0.0000
vt 1.0000 0.0000
vt 0.5000 1.0000
vt 0.0000 0.0000
vt 1.0000 0.0000
vt 0.5000 1.0000
vt 0.0000 0.0000
vt 1.0000 0.0000
vt 0.5000 1.0000
vt 0.0000 0.0000
vt 1.0000 0.0000
vt 1.0000 2.3789
vt 0.0000 2.3789
vt 0.0000 0.0000
vt 1.0000 0.0000
vt 1.0000 2.3789
vt 0.0000 2.3789
vt 0.0000 0.0000
vt 1.0000 0.0000
vt 1.0000 2.3789
vt 0.0000 2.3789
vt 0.0000 0.0000
vt 1.0000 0.0000
vt 1.0000 2.3789
vt 0.0000 2.3789
vt 0.0000 0.0000
vt 1.0000 0.0000
vt 1.0000 2.3789
vt 0.0000 2.3789
vt 0.0000 0.0000
vt 1.0000 0.0000
vt 1.0000 2.3789
vt 0.0000 2.3789
vt 0.0000 0.0000
vt 1.0000 0.0000
vt 0.5000 1.0000
vt 0.0000 0.0000
vt 1.0000 0.0000
vt 0.5000 1.0000
vt 0.0000 0.0000
vt 1.0000 0.0000
vt 0.5000 1.0000
vt 0.0000 0.0000
vt 1.0000 0.0000
vt 0.5000 1.0000
vt 0.0000 0.0000
vt 1.0000 0.0000
vt 0.5000 1.0000
vt 0.0000 0.0000
vt 1.0000 0.0000
vt 0.5000 1.0000
vt 0.0000 0.0000
vt 1.0000 0.0000
vt 0.5000 1.0000
vt 0.0000 0.0000
vt 1.0000 0.0000
vt 0.5000 1.0000
vt 0.0000 0.0000
vt 1.0000 0.0000
vt 0.5000 1.0000
vt 0.0000 0.0000
vt 1.0000 0.0000
vt 0.5000 1.0000
vt 0.0000 0.0000
vt 1.0000 0.0000
vt 0.5000 1.0000
vt 0.0000 0.0000
vt 1.0000 0.0000
vt 0.5000 1.0000
vt 0.0000 0.0000
vt 1.0000 0.0000
vt 0.5000 1.0000
vt 0.0000 0.0000
vt 1.0000 0.0000
vt 0.5000 1.0000
vt 0.0000 0.0000
vt 1.0000 0.0000
vt 0.5000 1.0000
vt 0.0000 0.0000
vt 1.0000 0.0000
vt 0.5000 1.0000
vt 0.0000 0.0000
vt 1.0000 0.0000
vt 0.5000 1.0000
vt 0.0000 0.0000
vt 1.0000 0.0000
vt 0.5000 1.0000
vt 0.0000 0.0000
vt 1.0000 0.0000
vt 0.5000 1.0000
vt 0.0000 0.0000
vt 1.0000 0.0000
vt 0.5000 1.0000
vt 0.0000 0.0000
vt 1.0000 0.0000
vt 0.5000 1.0000
vt 0.0000 0.0000
vt 1.0000 0.0000
vt 0.5000 1.0000
vt 0.0000 0.0000
vt 1.0000 0.0000
vt 0.5000 1.0000
vt 0.0000 0.0000
vt 1.0000 0.0000
vt 0.5000 1.0000
vt 0.0000 0.0000
vt 1.0000 0.0000
vt 0.5000 1.0000
vt 0.0000 0.0000
vt 1.0000 0.0000
vt 0.5000 1.0000
vt 0.0000 0.0000
vt 1.0000 0.0000
vt 0.5000 1.0000
vt 0.0000 0.0000
vt 1.0000 0.0000
vt 0.5000 1.0000
vt 0.0000 0.0000
vt 1.0000 0.0000
vt 0.5000 1.0000
vt 0.0000 0.0000
vt 1.0000 0.0000
vt 0.5000 1.0000
vt 0.0000 0.0000
vt 1.0000 0.0000
vt 0.5000 1.0000
vt 0.0000 0.0000
vt 1.0000 0.0000
vt 0.5000 1.0000
vt 0.0000 0.0000
vt 1.0000 0.0000
vt 1.0000 3.0303
vt 0.0000 3.0303
vt 0.0000 0.0000
vt 1.0000 0.0000
vt 1.0000 3.0303
vt 0.0000 3.0303
vt 0.0000 0.0000
vt 1.0000 0.0000
vt 1.0000 3.0303
vt 0.0000 3.0303
vt 0.0000 0.0000
vt 1.0000 0.0000
vt 1.0000 3.0303
vt 0.0000 3.0303
vt 0.0000 0.0000
vt 1.0000 0.0000
vt 1.0000 3.0303
vt 0.0000 3.0303
vt 0.0000 0.0000
vt 1.0000 0.0000
vt 1.0000 3.0303
vt 0.0000 3.0303
vt 0.0000 0.0000
vt 1.0000 0.0000
vt 0.5000 1.0000
vt 0.0000 0.0000
vt 1.0000 0.0000
vt 0.5000 1.0000
vt 0.0000 0.0000
vt 1.0000 0.0000
vt 0.5000 1.0000
vt 0.0000 0.0000
vt 1.0000 0.0000
vt 0.5000 1.0000
vt 0.0000 0.0000
vt 1.0000 0.0000
vt 0.5000 1.0000
vt 0.0000 0.0000
vt 1.0000 0.0000
vt 0.5000 1.0000
vt 0.0000 0.0000
vt 1.0000 0.0000
vt 0.5000 1.0000
vt 0.0000 0.0000
vt 1.0000 0.0000
vt 0.5000 1.0000
vt 0.0000 0.0000
vt 1.0000 0.0000
vt 0.5000 1.0000
vt 0.0000 0.0000
vt 1.0000 0.0000
vt 0.5000 1.0000
vt 0.0000 0.0000
vt 1.0000 0.0000
vt 0.5000 1.0000
vt 0.0000 0.0000
vt 1.0000 0.0000
vt 0.5000 1.0000
vt 0.0000 0.0000
vt 1.0000 0.0000
vt 0.5000 1.0000
vt 0.0000 0.0000
vt 1.0000 0.0000
vt 0.5000 1.0000
vt 0.0000 0.0000
vt 1.0000 0.0000
vt 0.5000 1.0000
vt 0.0000 0.0000
vt 1.0000 0.0000
vt 0.5000 1.0000
vt 0.0000 0.0000
vt 1.0000 0.0000
vt 0.5000 1.0000
vt 0.0000 0.0000
vt 1.0000 0.0000
vt 0.5000 1.0000
vt 0.0000 0.0000
vt 1.0000 0.0000
vt 0.5000 1.0000
vt 0.0000 0.0000
vt 1.0000 0.0000
vt 0.5000 1.0000
vt 0.0000 0.0000
vt 1.0000 0.0000
vt 0.5000 1.0000
vt 0.0000 0.0000
vt 1.0000 0.0000
vt 0.5000 1.0000
vt 0.0000 0.0000
vt 1.0000 0.0000
vt 0.5000 1.0000
vt 0.0000 0.0000
vt 1.0000 0.0000
vt 0.5000 1.0000
vt 0.0000 0.0000
vt 1.0000 0.0000
vt 0.5000 1.0000
vt 0.0000 0.0000
vt 1.0000 0.0000
vt 0.5000 1.0000
vt 0.0000 0.0000
vt 1.0000 0.0000
vt 0.5000 1.0000
vt 0.0000 0.0000
vt 1.0000 0.0000
vt 0.5000 1.0000
vt 0.0000 0.0000
vt 1.0000 0.0000
vt 0.5000 1.0000
vt 0.0000 0.0000
vt 1.0000 0.0000
vt 0.5000 1.0000
vt 0.0000 0.0000
vt 1.0000 0.0000
vt 0.5000 1.0000
vt 0.0000 0.0000
vt 1.0000 0.0000
vt 0.5000 1.0000
vt 0.0000 0.0000
vt 1.0000 0.0000
vt 1.0000 2.4046
vt 0.0000 2.4046
vt 0.0000 0.0000
vt 1.0000 0.0000
vt 1.0000 2.4046
vt 0.0000 2.4046
vt 0.0000 0.0000
vt 1.0000 0.0000
vt 1.0000 2.4046
vt 0.0000 2.4046
vt 0.0000 0.0000
vt 1.0000 0.0000
vt 1.0000 2.4046
vt 0.0000 2.4046
vt 0.0000 0.0000
vt 1.0000 0.0000
vt 1.0000 2.4046
vt 0.0000 2.4046
vt 0.0000 0.0000
vt 1.0000 0.0000
vt 1.0000 2.4046
vt 0.0000 2.4046
vt 0.0000 0.0000
vt 1.0000 0.0000
vt 0.5000 1.0000
vt 1.0000 0.0000
vt 0.0000 0.0000
vt 0.5000 0.5000
vt 0.0000 0.0000
vt 1.0000 0.0000
vt 0.5000 1.0000
vt 1.0000 0.0000
vt 0.0000 0.0000
vt 0.5000 0.5000
vt 0.0000 0.0000
vt 1.0000 0.0000
vt 0.5000 1.0000
vt 1.0000 0.0000
vt 0.0000 0.0000
vt 0.5000 0.5000
vt 0.0000 0.0000
vt 1.0000 0.0000
vt 0.5000 1.0000
vt 1.0000 0.0000
vt 0.0000 0.0000
vt 0.5000 0.5000
vt 0.0000 0.0000
vt 1.0000 0.0000
vt 0.5000 1.0000
vt 1.0000 0.0000
vt 0.0000 0.0000
vt 0.5000 0.5000
vt 0.0000 0.0000
vt 1.0000 0.0000
vt 0.5000 1.0000
vt 1.0000 0.0000
vt 0.0000 0.0000
vt 0.5000 0.5000
vt 0.0000 0.0000
vt 1.0000 0.0000
vt 0.5000 1.0000
vt 1.0000 0.0000
vt 0.0000 0.0000
vt 0.5000 0.5000
vt 0.0000 0.0000
vt 1.0000 0.0000
vt 0.5000 1.0000
vt 1.0000 0.0000
vt 0.0000 0.0000
vt 0.5000 0.5000
vt 0.0000 0.0000
vt 1.0000 0.0000
vt 1.0000 2.2754
vt 0.0000 2.2754
vt 0.0000 0.0000
vt 1.0000 0.0000
vt 1.0000 2.2754
vt 0.0000 2.2754
vt 0.0000 0.0000
vt 1.0000 0.0000
vt 1.0000 2.2754
vt 0.0000 2.2754
vt 0.0000 0.0000
vt 1.0000 0.0000
vt 1.0000 2.2754
vt 0.0000 2.2754
vt 0.0000 0.0000
vt 1.0000 0.0000
vt 1.0000 2.2754
vt 0.0000 2.2754
vt 0.0000 0.0000
vt 1.0000 0.0000
vt 1.0000 2.2754
vt 0.0000 2.2754
vt 0.0000 0.0000
vt 1.0000 0.0000
vt 0.5000 1.0000
vt 1.0000 0.0000
vt 0.0000 0.0000
vt 0.5000 0.5000
vt 0.0000 0.0000
vt 1.0000 0.0000
vt 0.5000 1.0000
vt 1.0000 0.0000
vt 0.0000 0.0000
vt 0.5000 0.5000
vt 0.0000 0.0000
vt 1.0000 0.0000
vt 0.5000 1.0000
vt 1.0000 0.0000
vt 0.0000 0.0000
vt 0.5000 0.5000
vt 0.0000 0.0000
vt 1.0000 0.0000
vt 0.5000 1.0000
vt 1.0000 0.0000
vt 0.0000 0.0000
vt 0.5000 0.5000
vt 0.0000 0.0000
vt 1.0000 0.0000
vt 0.5000 1.0000
vt 1.0000 0.0000
vt 0.0000 0.0000
vt 0.5000 0.5000
vt 0.0000 0.0000
vt 1.0000 0.0000
vt 0.5000 1.0000
vt 1.0000 0.0000
vt 0.0000 0.0000
vt 0.5000 0.5000
vt 0.0000 0.0000
vt 1.0000 0.0000
vt 0.5000 1.0000
vt 1.0000 0.0000
vt 0.0000 0.0000
vt 0.5000 0.5000
vt 0.0000 0.0000
vt 1.0000 0.0000
vt 0.5000 1.0000
vt 1.0000 0.0000
vt 0.0000 0.0000
vt 0.5000 0.5000
vt 0.0000 0.0000
vt 1.0000 0.0000
vt 1.0000 3.9581
vt 0.0000 3.9581
vt 0.0000 0.0000
vt 1.0000 0.0000
vt 1.0000 3.9581
vt 0.0000 3.9581
vt 0.0000 0.0000
vt 1.0000 0.0000
vt 1.0000 3.9581
vt 0.0000 3.9581
vt 0.0000 0.0000
vt 1.0000 0.0000
vt 1.0000 3.9581
vt 0.0000 3.9581
vt 0.0000 0.0000
vt 1.0000 0.0000
vt 1.0000 3.9581
vt 0.0000 3.9581
vt 0.0000 0.0000
vt 1.0000 0.0000
vt 1.0000 3.9581
vt 0.0000 3.9581
vt 0.0000 0.0000
vt 1.0000 0.0000
vt 0.5000 1.0000
vt 1.0000 0.0000
vt 0.0000 0.0000
vt 0.5000 0.5000
vt 0.0000 0.0000
vt 1.0000 0.0000
vt 0.5000 1.0000
vt 1.0000 0.0000
vt 0.0000 0.0000
vt 0.5000 0.5000
vt 0.0000 0.0000
vt 1.0000 0.0000
vt 0.5000 1.0000
vt 1.0000 0.0000
vt 0.0000 0.0000
vt 0.5000 0.5000
vt 0.0000 0.0000
vt 1.0000 0.0000
vt 0.5000 1.0000
vt 1.0000 0.0000
vt 0.0000 0.0000
vt 0.5000 0.5000
vt 0.0000 0.0000
vt 1.0000 0.0000
vt 0.5000 1.0000
vt 1.0000 0.0000
vt 0.0000 0.0000
vt 0.5000 0.5000
vt 0.0000 0.0000
vt 1.0000 0.0000
vt 0.5000 1.0000
vt 1.0000 0.0000
vt 0.0000 0.0000
vt 0.5000 0.5000
vt 0.0000 0.0000
vt 1.0000 0.0000
vt 0.5000 1.0000
vt 1.0000 0.0000
vt 0.0000 0.0000
vt 0.5000 0.5000
vt 0.0000 0.0000
vt 1.0000 0.0000
vt 0.5000 1.0000
vt 1.0000 0.0000
vt 0.0000 0.0000
vt 0.5000 0.5000
vt 0.0000 0.0000
vt 1.0000 0.0000
vt 1.0000 2.9760
vt 0.0000 2.9760
vt 0.0000 0.0000
vt 1.0000 0.0000
vt 1.0000 2.9760
vt 0.0000 2.9760
vt 0.0000 0.0000
vt 1.0000 0.0000
vt 1.0000 2.9760
vt 0.0000 2.9760
vt 0.0000 0.0000
vt 1.0000 0.0000
vt 1.0000 2.9760
vt 0.0000 2.9760
vt 0.0000 0.0000
vt 1.0000 0.0000
vt 1.0000 2.9760
vt 0.0000 2.9760
vt 0.0000 0.0000
vt 1.0000 0.0000
vt 1.0000 2.9760
vt 0.0000 2.9760
vt 0.0000 0.0000
vt 1.0000 0.0000
vt 0.5000 1.0000
vt 1.0000 0.0000
vt 0.0000 0.0000
vt 0.5000 0.5000
vt 0.0000 0.0000
vt 1.0000 0.0000
vt 0.5000 1.0000
vt 1.0000 0.0000
vt 0.0000 0.0000
vt 0.5000 0.5000
vt 0.0000 0.0000
vt 1.0000 0.0000
vt 0.5000 1.0000
vt 1.0000 0.0000
vt 0.0000 0.0000
vt 0.5000 0.5000
vt 0.0000 0.0000
vt 1.0000 0.0000
vt 0.5000 1.0000
vt 1.0000 0.0000
vt 0.0000 0.0000
vt 0.5000 0.5000
vt 0.0000 0.0000
vt 1.0000 0.0000
vt 0.5000 1.0000
vt 1.0000 0.0000
vt 0.0000 0.0000
vt 0.5000 0.5000
vt 0.0000 0.0000
vt 1.0000 0.0000
vt 0.5000 1.0000
vt 1.0000 0.0000
vt 0.0000 0.0000
vt 0.5000 0.5000
vt 0.0000 0.0000
vt 1.0000 0.0000
vt 0.5000 1.0000
vt 1.0000 0.0000
vt 0.0000 0.0000
vt 0.5000 0.5000
vt 0.0000 0.0000
vt 1.0000 0.0000
vt 0.5000 1.0000
vt 1.0000 0.0000
vt 0.0000 0.0000
vt 0.5000 0.5000
vt 0.0000 0.0000
vt 1.0000 0.0000
vt 1.0000 3.2064
vt 0.0000 3.2064
vt 0.0000 0.0000
vt 1.0000 0.0000
vt 1.0000 3.2064
vt 0.0000 3.2064
vt 0.0000 0.0000
vt 1.0000 0.0000
vt 1.0000 3.2064
vt 0.0000 3.2064
vt 0.0000 0.0000
vt 1.0000 0.0000
vt 1.0000 3.2064
vt 0.0000 3.2064
vt 0.0000 0.0000
vt 1.0000 0.0000
vt 1.0000 3.2064
vt 0.0000 3.2064
vt 0.0000 0.0000
vt 1.0000 0.0000
vt 1.0000 3.2064
vt 0.0000 3.2064
vt 0.0000 0.0000
vt 1.0000 0.0000
vt 0.5000 1.0000
vt 1.0000 0.0000
vt 0.0000 0.0000
vt 0.5000 0.5000
vt 0.0000 0.0000
vt 1.0000 0.0000
vt 0.5000 1.0000
vt 1.0000 0.0000
vt 0.0000 0.0000
vt 0.5000 0.5000
vt 0.0000 0.0000
vt 1.0000 0.0000
vt 0.5000 1.0000
vt 1.0000 0.0000
vt 0.0000 0.0000
vt 0.5000 0.5000
vt 0.0000 0.0000
vt 1.0000 0.0000
vt 0.5000 1.0000
vt 1.0000 0.0000
vt 0.0000 0.0000
vt 0.5000 0.5000
vt 0.0000 0.0000
vt 1.0000 0.0000
vt 0.5000 1.0000
vt 1.0000 0.0000
vt 0.0000 0.0000
vt 0.5000 0.5000
vt 0.0000 0.0000
vt 1.0000 0.0000
vt 0.5000 1.0000
vt 1.0000 0.0000
vt 0.0000 0.0000
vt 0.5000 0.5000
vt 0.0000 0.0000
vt 1.0000 0.0000
vt 0.5000 1.0000
vt 1.0000 0.0000
vt 0.0000 0.0000
vt 0.5000 0.5000
vt 0.0000 0.0000
vt 1.0000 0.0000
vt 0.5000 1.0000
vt 1.0000 0.0000
vt 0.0000 0.0000
vt 0.5000 0.5000
vt 0.0000 0.0000
vt 1.0000 0.0000
vt 1.0000 3.8705
vt 0.0000 3.8705
vt 0.0000 0.0000
vt 1.0000 0.0000
vt 1.0000 3.8705
vt 0.0000 3.8705
vt 0.0000 0.0000
vt 1.0000 0.0000
vt 1.0000 3.8705
vt 0.0000 3.8705
vt 0.0000 0.0000
vt 1.0000 0.0000
vt 1.0000 3.8705
vt 0.0000 3.8705
vt 0.0000 0.0000
vt 1.0000 0.0000
vt 1.0000 3.8705
vt 0.0000 3.8705
vt 0.0000 0.0000
vt 1.0000 0.0000
vt 1.0000 3.8705
vt 0.0000 3.8705
vt 0.0000 0.0000
vt 1.0000 0.0000
vt 0.5000 1.0000
vt 1.0000 0.0000
vt 0.0000 0.0000
vt 0.5000 0.5000
vt 0.0000 0.0000
vt 1.0000 0.0000
vt 0.5000 1.0000
vt 1.0000 0.0000
vt 0.0000 0.0000
vt 0.5000 0.5000
vt 0.0000 0.0000
vt 1.0000 0.0000
vt 0.5000 1.0000
vt 1.0000 0.0000
vt 0.0000 0.0000
vt 0.5000 0.5000
vt 0.0000 0.0000
vt 1.0000 0.0000
vt 0.5000 1.0000
vt 1.0000 0.0000
vt 0.0000 0.0000
vt 0.5000 0.5000
vt 0.0000 0.0000
vt 1.0000 0.0000
vt 0.5000 1.0000
vt 1.0000 0.0000
vt 0.0000 0.0000
vt 0.5000 0.5000
vt 0.0000 0.0000
vt 1.0000 0.0000
vt 0.5000 1.0000
vt 1.0000 0.0000
vt 0.0000 0.0000
vt 0.5000 0.5000
vt 0.0000 0.0000
vt 1.0000 0.0000
vt 0.5000 1.0000
vt 1.0000 0.0000
vt 0.0000 0.0000
vt 0.5000 0.5000
vt 0.0000 0.0000
vt 1.0000 0.0000
vt 0.5000 1.0000
vt 1.0000 0.0000
vt 0.0000 0.0000
vt 0.5000 0.5000
vt 0.0000 0.0000
vt 1.0000 0.0000
vt 1.0000 3.3206
vt 0.0000 3.3206
vt 0.0000 0.0000
vt 1.0000 0.0000
vt 1.0000 3.3206
vt 0.0000 3.3206
vt 0.0000 0.0000
vt 1.0000 0.0000
vt 1.0000 3.3206
vt 0.0000 3.3206
vt 0.0000 0.0000
vt 1.0000 0.0000
vt 1.0000 3.3206
vt 0.0000 3.3206
vt 0.0000 0.0000
vt 1.0000 0.0000
vt 1.0000 3.3206
vt 0.0000 3.3206
vt 0.0000 0.0000
vt 1.0000 0.0000
vt 1.0000 3.3206
vt 0.0000 3.3206
vt 0.0000 0.0000
vt 1.0000 0.0000
vt 0.5000 1.0000
vt 1.0000 0.0000
vt 0.0000 0.0000
vt 0.5000 0.5000
vt 0.0000 0.0000
vt 1.0000 0.0000
vt 0.5000 1.0000
vt 1.0000 0.0000
vt 0.0000 0.0000
vt 0.5000 0.5000
vt 0.0000 0.0000
vt 1.0000 0.0000
vt 0.5000 1.0000
vt 1.0000 0.0000
vt 0.0000 0.0000
vt 0.5000 0.5000
vt 0.0000 0.0000
vt 1.0000 0.0000
vt 0.5000 1.0000
vt 1.0000 0.0000
vt 0.0000 0.0000
vt 0.5000 0.5000
vt 0.0000 0.0000
vt 1.0000 0.0000
vt 0.5000 1.0000
vt 1.0000 0.0000
vt 0.0000 0.0000
vt 0.5000 0.5000
vt 0.0000 0.0000
vt 1.0000 0.0000
vt 0.5000 1.0000
vt 1.0000 0.0000
vt 0.0000 0.0000
vt 0.5000 0.5000
vt 0.0000 0.0000
vt 1.0000 0.0000
vt 0.5000 1.0000
vt 1.0000 0.0000
vt 0.0000 0.0000
vt 0.5000 0.5000
vt 0.0000 0.0000
vt 1.0000 0.0000
vt 0.5000 1.0000
vt 1.0000 0.0000
vt 0.0000 0.0000
vt 0.5000 0.5000
vt 0.0000 0.0000
vt 1.0000 0.0000
vt 1.0000 3.6152
vt 0.0000 3.6152
vt 0.0000 0.0000
vt 1.0000 0.0000
vt 1.0000 3.6152
vt 0.0000 3.6152
vt 0.0000 0.0000
vt 1.0000 0.0000
vt 1.0000 3.6152
vt 0.0000 3.6152
vt 0.0000 0.0000
vt 1.0000 0.0000
vt 1.0000 3.6152
vt 0.0000 3.6152
vt 0.0000 0.0000
vt 1.0000 0.0000
vt 1.0000 3.6152
vt 0.0000 3.6152
vt 0.0000 0.0000
vt 1.0000 0.0000
vt 1.0000 3.6152
vt 0.0000 3.6152
vt 0.0000 0.0000
vt 1.0000 0.0000
vt 0.5000 1.0000
vt 0.0000 0.0000
vt 1.0000 0.0000
vt 0.5000 1.0000
vt 0.0000 0.0000
vt 1.0000 0.0000
vt 0.5000 1.0000
vt 0.0000 0.0000
vt 1.0000 0.0000
vt 0.5000 1.0000
vt 0.0000 0.0000
vt 1.0000 0.0000
vt 0.5000 1.0000
vt 0.0000 0.0000
vt 1.0000 0.0000
vt 0.5000 1.0000
vt 0.0000 0.0000
vt 1.0000 0.0000
vt 0.5000 1.0000
vt 0.0000 0.0000
vt 1.0000 0.0000
vt 0.5000 1.0000
vt 0.0000 0.0000
vt 1.0000 0.0000
vt 0.5000 1.0000
vt 0.0000 0.0000
vt 1.0000 0.0000
vt 0.5000 1.0000
vt 0.0000 0.0000
vt 1.0000 0.0000
vt 0.5000 1.0000
vt 0.0000 0.0000
vt 1.0000 0.0000
vt 0.5000 1.0000
vt 0.0000 0.0000
vt 1.0000 0.0000
vt 0.5000 1.0000
vt 0.0000 0.0000
vt 1.0000 0.0000
vt 0.5000 1.0000
vt 0.0000 0.0000
vt 1.0000 0.0000
vt 0.5000 1.0000
vt 0.0000 0.0000
vt 1.0000 0.0000
vt 0.5000 1.0000
vt 0.0000 0.0000
vt 1.0000 0.0000
vt 0.5000 1.0000
vt 0.0000 0.0000
vt 1.0000 0.0000
vt 0.5000 1.0000
vt 0.0000 0.0000
vt 1.0000 0.0000
vt 0.5000 1.0000
vt 0.0000 0.0000
vt 1.0000 0.0000
vt 0.5000 1.0000
vt 0.0000 0.0000
vt 1.0000 0.0000
vt 0.5000 1.0000
vt 0.0000 0.0000
vt 1.0000 0.0000
vt 0.5000 1.0000
vt 0.0000 0.0000
vt 1.0000 0.0000
vt 0.5000 1.0000
vt 0.0000 0.0000
vt 1.0000 0.0000
vt 0.5000 1.0000
vt 0.0000 0.0000
vt 1.0000 0.0000
vt 0.5000 1.0000
vt 0.0000 0.0000
vt 1.0000 0.0000
vt 0.5000 1.0000
vt 0.0000 0.0000
vt 1.0000 0.0000
vt 0.5000 1.0000
vt 0.0000 0.0000
vt 1.0000 0.0000
vt 0.5000 1.0000
vt 0.0000 0.0000
vt 1.0000 0.0000
vt 0.5000 1.0000
vt 0.0000 0.0000
vt 1.0000 0.0000
vt 0.5000 1.0000
vt 0.0000 0.0000
vt 1.0000 0.0000
vt 0.5000 1.0000
vt 0.0000 0.0000
vt 1.0000 0.0000
vt 0.5000 1.0000
vt 0.0000 0.0000
vt 1.0000 0.0000
vt 1.0000 3.3002
vt 0.0000 3.3002
vt 0.0000 0.0000
vt 1.0000 0.0000
vt 1.0000 3.3002
vt 0.0000 3.3002
vt 0.0000 0.0000
vt 1.0000 0.0000
vt 1.0000 3.3002
vt 0.0000 3.3002
vt 0.0000 0.0000
vt 1.0000 0.0000
vt 1.0000 3.3002
vt 0.0000 3.3002
vt 0.0000 0.0000
vt 1.0000 0.0000
vt 1.0000 3.3002
vt 0.0000 3.3002
vt 0.0000 0.0000
vt 1.0000 0.0000
vt 1.0000 3.3002
vt 0.0000 3.3002
vt 0.0000 0.0000
vt 1.0000 0.0000
vt 0.5000 1.0000
vt 0.0000 0.0000
vt 1.0000 0.0000
vt 0.5000 1.0000
vt 0.0000 0.0000
vt 1.0000 0.0000
vt 0.5000 1.0000
vt 0.0000 0.0000
vt 1.0000 0.0000
vt 0.5000 1.0000
vt 0.0000 0.0000
vt 1.0000 0.0000
vt 0.5000 1.0000
vt 0.0000 0.0000
vt 1.0000 0.0000
vt 0.5000 1.0000
vt 0.0000 0.0000
vt 1.0000 0.0000
vt 0.5000 1.0000
vt 0.0000 0.0000
vt 1.0000 0.0000
vt 0.5000 1.0000
vt 0.0000 0.0000
vt 1.0000 0.0000
vt 0.5000 1.0000
vt 0.0000 0.0000
vt 1.0000 0.0000
vt 0.5000 1.0000
vt 0.0000 0.0000
vt 1.0000 0.0000
vt 0.5000 1.0000
vt 0.0000 0.0000
vt 1.0000 0.0000
vt 0.5000 1.0000
vt 0.0000 0.0000
vt 1.0000 0.0000
vt 0.5000 1.0000
vt 0.0000 0.0000
vt 1.0000 0.0000
vt 0.5000 1.0000
vt 0.0000 0.0000
vt 1.0000 0.0000
vt 0.5000 1.0000
vt 0.0000 0.0000
vt 1.0000 0.0000
vt 0.5000 1.0000
vt 0.0000 0.0000
vt 1.0000 0.0000
vt 0.5000 1.0000
vt 0.0000 0.0000
vt 1.0000 0.0000
vt 0.5000 1.0000
vt 0.0000 0.0000
vt 1.0000 0.0000
vt 0.5000 1.0000
vt 0.0000 0.0000
vt 1.0000 0.0000
vt 0.5000 1.0000
vt 0.0000 0.0000
vt 1.0000 0.0000
vt 0.5000 1.0000
vt 0.0000 0.0000
vt 1.0000 0.0000
vt 0.5000 1.0000
vt 0.0000 0.0000
vt 1.0000 0.0000
vt 0.5000 1.0000
vt 0.0000 0.0000
vt 1.0000 0.0000
vt 0.5000 1.0000
vt 0.0000 0.0000
vt 1.0000 0.0000
vt 0.5000 1.0000
vt 0.0000 0.0000
vt 1.0000 0.0000
vt 0.5000 1.0000
vt 0.0000 0.0000
vt 1.0000 0.0000
vt 0.5000 1.0000
vt 0.0000 0.0000
vt 1.0000 0.0000
vt 0.5000 1.0000
vt 0.0000 0.0000
vt 1.0000 0.0000
vt 0.5000 1.0000
vt 0.0000 0.0000
vt 1.0000 0.0000
vt 0.5000 1.0000
vt 0.0000 0.0000
vt 1.0000 0.0000
vt 0.5000 1.0000
vt 0.0000 0.0000
vt 1.0000 0.0000
vt 0.5000 1.0000
vt 0.0000 0.0000
vt 1.0000 0.0000
vt 1.0000 3.8503
vt 0.0000 3.8503
vt 0.0000 0.0000
vt 1.0000 0.0000
vt 1.0000 3.8503
vt 0.0000 3.8503
vt 0.0000 0.0000
vt 1.0000 0.0000
vt 1.0000 3.8503
vt 0.0000 3.8503
vt 0.0000 0.0000
vt 1.0000 0.0000
vt 1.0000 3.8503
vt 0.0000 3.8503
vt 0.0000 0.0000
vt 1.0000 0.0000
vt 1.0000 3.8503
vt 0.0000 3.8503
vt 0.0000 0.0000
vt 1.0000 0.0000
vt 1.0000 3.8503
vt 0.0000 3.8503
vt 0.0000 0.0000
vt 1.0000 0.0000
vt 0.5000 1.0000
vt 0.0000 0.0000
vt 1.0000 0.0000
vt 0.5000 1.0000
vt 0.0000 0.0000
vt 1.0000 0.0000
vt 0.5000 1.0000
vt 0.0000 0.0000
vt 1.0000 0.0000
vt 0.5000 1.0000
vt 0.0000 0.0000
vt 1.0000 0.0000
vt 0.5000 1.0000
vt 0.0000 0.0000
vt 1.0000 0.0000
vt 0.5000 1.0000
vt 0.0000 0.0000
vt 1.0000 0.0000
vt 0.5000 1.0000
vt 0.0000 0.0000
vt 1.0000 0.0000
vt 0.5000 1.0000
vt 0.0000 0.0000
vt 1.0000 0.0000
vt 0.5000 1.0000
vt 0.0000 0.0000
vt 1.0000 0.0000
vt 0.5000 1.0000
vt 0.0000 0.0000
vt 1.0000 0.0000
vt 0.5000 1.0000
vt 0.0000 0.0000
vt 1.0000 0.0000
vt 0.5000 1.0000
vt 0.0000 0.0000
vt 1.0000 0.0000
vt 0.5000 1.0000
vt 0.0000 0.0000
vt 1.0000 0.0000
vt 0.5000 1.0000
vt 0.0000 0.0000
vt 1.0000 0.0000
vt 0.5000 1.0000
vt 0.0000 0.0000
vt 1.0000 0.0000
vt 0.5000 1.0000
vt 0.0000 0.0000
vt 1.0000 0.0000
vt 0.5000 1.0000
vt 0.0000 0.0000
vt 1.0000 0.0000
vt 0.5000 1.0000
vt 0.0000 0.0000
vt 1.0000 0.0000
vt 0.5000 1.0000
vt 0.0000 0.0000
vt 1.0000 0.0000
vt 0.5000 1.0000
vt 0.0000 0.0000
vt 1.0000 0.0000
vt 0.5000 1.0000
vt 0.0000 0.0000
vt 1.0000 0.0000
vt 0.5000 1.0000
vt 0.0000 0.0000
vt 1.0000 0.0000
vt 0.5000 1.0000
vt 0.0000 0.0000
vt 1.0000 0.0000
vt 0.5000 1.0000
vt 0.0000 0.0000
vt 1.0000 0.0000
vt 0.5000 1.0000
vt 0.0000 0.0000
vt 1.0000 0.0000
vt 0.5000 1.0000
vt 0.0000 0.0000
vt 1.0000 0.0000
vt 0.5000 1.0000
vt 0.0000 0.0000
vt 1.0000 0.0000
vt 0.5000 1.0000
vt 0.0000 0.0000
vt 1.0000 0.0000
vt 0.5000 1.0000
vt 0.0000 0.0000
vt 1.0000 0.0000
vt 0.5000 1.0000
vt 0.0000 0.0000
vt 1.0000 0.0000
vt 0.5000 1.0000
vt 0.0000 0.0000
vt 1.0000 0.0000
vt 0.5000 1.0000
vt 0.0000 0.0000
vt 1.0000 0.0000
vt 1.0000 2.3308
vt 0.0000 2.3308
vt 0.0000 0.0000
vt 1.0000 0.0000
vt 1.0000 2.3308
vt 0.0000 2.3308
vt 0.0000 0.0000
vt 1.0000 0.0000
vt 1.0000 2.3308
vt 0.0000 2.3308
vt 0.0000 0.0000
vt 1.0000 0.0000
vt 1.0000 2.3308
vt 0.0000 2.3308
vt 0.0000 0.0000
vt 1.0000 0.0000
vt 1.0000 2.3308
vt 0.0000 2.3308
vt 0.0000 0.0000
vt 1.0000 0.0000
vt 1.0000 2.3308
vt 0.0000 2.3308
vt 0.0000 0.0000
vt 1.0000 0.0000
vt 0.5000 1.0000
vt 1.0000 0.0000
vt 0.0000 0.0000
vt 0.5000 0.5000
vt 0.0000 0.0000
vt 1.0000 0.0000
vt 0.5000 1.0000
vt 1.0000 0.0000
vt 0.0000 0.0000
vt 0.5000 0.5000
vt 0.0000 0.0000
vt 1.0000 0.0000
vt 0.5000 1.0000
vt 1.0000 0.0000
vt 0.0000 0.0000
vt 0.5000 0.5000
vt 0.0000 0.0000
vt 1.0000 0.0000
vt 0.5000 1.0000
vt 1.0000 0.0000
vt 0.0000 0.0000
vt 0.5000 0.5000
vt 0.0000 0.0000
vt 1.0000 0.0000
vt 0.5000 1.0000
vt 1.0000 0.0000
vt 0.0000 0.0000
vt 0.5000 0.5000
vt 0.0000 0.0000
vt 1.0000 0.0000
vt 0.5000 1.0000
vt 1.0000 0.0000
vt 0.0000 0.0000
vt 0.5000 0.5000
vt 0.0000 0.0000
vt 1.0000 0.0000
vt 0.5000 1.0000
vt 1.0000 0.0000
vt 0.0000 0.0000
vt 0.5000 0.5000
vt 0.0000 0.0000
vt 1.0000 0.0000
vt 0.5000 1.0000
vt 1.0000 0.0000
vt 0.0000 0.0000
vt 0.5000 0.5000
vt 0.0000 0.0000
vt 1.0000 0.0000
vt 1.0000 4.1163
vt 0.0000 4.1163
vt 0.0000 0.0000
vt 1.0000 0.0000
vt 1.0000 4.1163
vt 0.0000 4.1163
vt 0.0000 0.0000
vt 1.0000 0.0000
vt 1.0000 4.1163
vt 0.0000 4.1163
vt 0.0000 0.0000
vt 1.0000 0.0000
vt 1.0000 4.1163
vt 0.0000 4.1163
vt 0.0000 0.0000
vt 1.0000 0.0000
vt 1.0000 4.1163
vt 0.0000 4.1163
vt 0.0000 0.0000
vt 1.0000 0.0000
vt 1.0000 4.1163
vt 0.0000 4.1163
vt 0.0000 0.0000
vt 1.0000 0.0000
vt 0.5000 1.0000
vt 0.0000 0.0000
vt 1.0000 0.0000
vt 0.5000 1.0000
vt 0.0000 0.0000
vt 1.0000 0.0000
vt 0.5000 1.0000
vt 0.0000 0.0000
vt 1.0000 0.0000
vt 0.5000 1.0000
vt 0.0000 0.0000
vt 1.0000 0.0000
vt 0.5000 1.0000
vt 0.0000 0.0000
vt 1.0000 0.0000
vt 0.5000 1.0000
vt 0.0000 0.0000
vt 1.0000 0.0000
vt 0.5000 1.0000
vt 0.0000 0.0000
vt 1.0000 0.0000
vt 0.5000 1.0000
vt 0.0000 0.0000
vt 1.0000 0.0000
vt 0.5000 1.0000
vt 0.0000 0.0000
vt 1.0000 0.0000
vt 0.5000 1.0000
vt 0.0000 0.0000
vt 1.0000 0.0000
vt 0.5000 1.0000
vt 0.0000 0.0000
vt 1.0000 0.0000
vt 0.5000 1.0000
vt 0.0000 0.0000
vt 1.0000 0.0000
vt 0.5000 1.0000
vt 0.0000 0.0000
vt 1.0000 0.0000
vt 0.5000 1.0000
vt 0.0000 0.0000
vt 1.0000 0.0000
vt 0.5000 1.0000
vt 0.0000 0.0000
vt 1.0000 0.0000
vt 0.5000 1.0000
vt 0.0000 0.0000
vt 1.0000 0.0000
vt 0.5000 1.0000
vt 0.0000 0.0000
vt 1.0000 0.0000
vt 0.5000 1.0000
vt 0.0000 0.0000
vt 1.0000 0.0000
vt 0.5000 1.0000
vt 0.0000 0.0000
vt 1.0000 0.0000
vt 0.5000 1.0000
vt 0.0000 0.0000
vt 1.0000 0.0000
vt 0.5000 1.0000
vt 0.0000 0.0000
vt 1.0000 0.0000
vt 0.5000 1.0000
vt 0.0000 0.0000
vt 1.0000 0.0000
vt 0.5000 1.0000
vt 0.0000 0.0000
vt 1.0000 0.0000
vt 0.5000 1.0000
vt 0.0000 0.0000
vt 1.0000 0.0000
vt 0.5000 1.0000
vt 0.0000 0.0000
vt 1.0000 0.0000
vt 0.5000 1.0000
vt 0.0000 0.0000
vt 1.0000 0.0000
vt 0.5000 1.0000
vt 0.0000 0.0000
vt 1.0000 0.0000
vt 0.5000 1.0000
vt 0.0000 0.0000
vt 1.0000 0.0000
vt 0.5000 1.0000
vt 0.0000 0.0000
vt 1.0000 0.0000
vt 0.5000 1.0000
vt 0.0000 0.0000
vt 1.0000 0.0000
vt 0.5000 1.0000
vt 0.0000 0.0000
vt 1.0000 0.0000
vt 0.5000 1.0000
vt 0.0000 0.0000
vt 1.0000 0.0000
vt 1.0000 2.9769
vt 0.0000 2.9769
vt 0.0000 0.0000
vt 1.0000 0.0000
vt 1.0000 2.9769
vt 0.0000 2.9769
vt 0.0000 0.0000
vt 1.0000 0.0000
vt 1.0000 2.9769
vt 0.0000 2.9769
vt 0.0000 0.0000
vt 1.0000 0.0000
vt 1.0000 2.9769
vt 0.0000 2.9769
vt 0.0000 0.0000
vt 1.0000 0.0000
vt 1.0000 2.9769
vt 0.0000 2.9769
vt 0.0000 0.0000
vt 1.0000 0.0000
vt 1.0000 2.9769
vt 0.0000 2.9769
vt 0.0000 0.0000
vt 1.0000 0.0000
vt 0.5000 1.0000
vt 0.0000 0.0000
vt 1.0000 0.0000
vt 0.5000 1.0000
vt 0.0000 0.0000
vt 1.0000 0.0000
vt 0.5000 1.0000
vt 0.0000 0.0000
vt 1.0000 0.0000
vt 0.5000 1.0000
vt 0.0000 0.0000
vt 1.0000 0.0000
vt 0.5000 1.0000
vt 0.0000 0.0000
vt 1.0000 0.0000
vt 0.5000 1.0000
vt 0.0000 0.0000
vt 1.0000 0.0000
vt 0.5000 1.0000
vt 0.0000 0.0000
vt 1.0000 0.0000
vt 0.5000 1.0000
vt 0.0000 0.0000
vt 1.0000 0.0000
vt 0.5000 1.0000
vt 0.0000 0.0000
vt 1.0000 0.0000
vt 0.5000 1.0000
vt 0.0000 0.0000
vt 1.0000 0.0000
vt 0.5000 1.0000
vt 0.0000 0.0000
vt 1.0000 0.0000
vt 0.5000 1.0000
vt 0.0000 0.0000
vt 1.0000 0.0000
vt 0.5000 1.0000
vt 0.0000 0.0000
vt 1.0000 0.0000
vt 0.5000 1.0000
vt 0.0000 0.0000
vt 1.0000 0.0000
vt 0.5000 1.0000
vt 0.0000 0.0000
vt 1.0000 0.0000
vt 0.5000 1.0000
vt 0.0000 0.0000
vt 1.0000 0.0000
vt 0.5000 1.0000
vt 0.0000 0.0000
vt 1.0000 0.0000
vt 0.5000 1.0000
vt 0.0000 0.0000
vt 1.0000 0.0000
vt 0.5000 1.0000
vt 0.0000 0.0000
vt 1.0000 0.0000
vt 0.5000 1.0000
vt 0.0000 0.0000
vt 1.0000 0.0000
vt 0.5000 1.0000
vt 0.0000 0.0000
vt 1.0000 0.0000
vt 0.5000 1.0000
vt 0.0000 0.0000
vt 1.0000 0.0000
vt 0.5000 1.0000
vt 0.0000 0.0000
vt 1.0000 0.0000
vt 0.5000 1.0000
vt 0.0000 0.0000
vt 1.0000 0.0000
vt 0.5000 1.0000
vt 0.0000 0.0000
vt 1.0000 0.0000
vt 0.5000 1.0000
vt 0.0000 0.0000
vt 1.0000 0.0000
vt 0.5000 1.0000
vt 0.0000 0.0000
vt 1.0000 0.0000
vt 0.5000 1.0000
vt 0.0000 0.0000
vt 1.0000 0.0000
vt 0.5000 1.0000
vt 0.0000 0.0000
vt 1.0000 0.0000
vt 0.5000 1.0000
vt 0.0000 0.0000
vt 1.0000 0.0000
vt 0.5000 1.0000
vt 0.0000 0.0000
vt 1.0000 0.0000
vt 0.5000 1.0000
vt 0.0000 0.0000
vt 1.0000 0.0000
vt 1.0000 3.4763
vt 0.0000 3.4763
vt 0.0000 0.0000
vt 1.0000 0.0000
vt 1.0000 3.4763
vt 0.0000 3.4763
vt 0.0000 0.0000
vt 1.0000 0.0000
vt 1.0000 3.4763
vt 0.0000 3.4763
vt 0.0000 0.0000
vt 1.0000 0.0000
vt 1.0000 3.4763
vt 0.0000 3.4763
vt 0.0000 0.0000
vt 1.0000 0.0000
vt 1.0000 3.4763
vt 0.0000 3.4763
vt 0.0000 0.0000
vt 1.0000 0.0000
vt 1.0000 3.4763
vt 0.0000 3.4763
vt 0.0000 0.0000
vt 1.0000 0.0000
vt 0.5000 1.0000
vt 1.0000 0.0000
vt 0.0000 0.0000
vt 0.5000 0.5000
vt 0.0000 0.0000
vt 1.0000 0.0000
vt 0.5000 1.0000
vt 1.0000 0.0000
vt 0.0000 0.0000
vt 0.5000 0.5000
vt 0.0000 0.0000
vt 1.0000 0.0000
vt 0.5000 1.0000
vt 1.0000 0.0000
vt 0.0000 0.0000
vt 0.5000 0.5000
vt 0.0000 0.0000
vt 1.0000 0.0000
vt 0.5000 1.0000
vt 1.0000 0.0000
vt 0.0000 0.0000
vt 0.5000 0.5000
vt 0.0000 0.0000
vt 1.0000 0.0000
vt 0.5000 1.0000
vt 1.0000 0.0000
vt 0.0000 0.0000
vt 0.5000 0.5000
vt 0.0000 0.0000
vt 1.0000 0.0000
vt 0.5000 1.0000
vt 1.0000 0.0000
vt 0.0000 0.0000
vt 0.5000 0.5000
vt 0.0000 0.0000
vt 1.0000 0.0000
vt 0.5000 1.0000
vt 1.0000 0.0000
vt 0.0000 0.0000
vt 0.5000 0.5000
vt 0.0000 0.0000
vt 1.0000 0.0000
vt 0.5000 1.0000
vt 1.0000 0.0000
vt 0.0000 0.0000
vt 0.5000 0.5000
vt 0.0000 0.0000
vt 1.0000 0.0000
vt 1.0000 3.8143
vt 0.0000 3.8143
vt 0.0000 0.0000
vt 1.0000 0.0000
vt 1.0000 3.8143
vt 0.0000 3.8143
vt 0.0000 0.0000
vt 1.0000 0.0000
vt 1.0000 3.8143
vt 0.0000 3.8143
vt 0.0000 0.0000
vt 1.0000 0.0000
vt 1.0000 3.8143
vt 0.0000 3.8143
vt 0.0000 0.0000
vt 1.0000 0.0000
vt 1.0000 3.8143
vt 0.0000 3.8143
vt 0.0000 0.0000
vt 1.0000 0.0000
vt 1.0000 3.8143
vt 0.0000 3.8143
vt 0.0000 0.0000
vt 1.0000 0.0000
vt 0.5000 1.0000
vt 0.0000 0.0000
vt 1.0000 0.0000
vt 0.5000 1.0000
vt 0.0000 0.0000
vt 1.0000 0.0000
vt 0.5000 1.0000
vt 0.0000 0.0000
vt 1.0000 0.0000
vt 0.5000 1.0000
vt 0.0000 0.0000
vt 1.0000 0.0000
vt 0.5000 1.0000
vt 0.0000 0.0000
vt 1.0000 0.0000
vt 0.5000 1.0000
vt 0.0000 0.0000
vt 1.0000 0.0000
vt 0.5000 1.0000
vt 0.0000 0.0000
vt 1.0000 0.0000
vt 0.5000 1.0000
vt 0.0000 0.0000
vt 1.0000 0.0000
vt 0.5000 1.0000
vt 0.0000 0.0000
vt 1.0000 0.0000
vt 0.5000 1.0000
vt 0.0000 0.0000
vt 1.0000 0.0000
vt 0.5000 1.0000
vt 0.0000 0.0000
vt 1.0000 0.0000
vt 0.5000 1.0000
vt 0.0000 0.0000
vt 1.0000 0.0000
vt 0.5000 1.0000
vt 0.0000 0.0000
vt 1.0000 0.0000
vt 0.5000 1.0000
vt 0.0000 0.0000
vt 1.0000 0.0000
vt 0.5000 1.0000
vt 0.0000 0.0000
vt 1.0000 0.0000
vt 0.5000 1.0000
vt 0.0000 0.0000
vt 1.0000 0.0000
vt 0.5000 1.0000
vt 0.0000 0.0000
vt 1.0000 0.0000
vt 0.5000 1.0000
vt 0.0000 0.0000
vt 1.0000 0.0000
vt 0.5000 1.0000
vt 0.0000 0.0000
vt 1.0000 0.0000
vt 0.5000 1.0000
vt 0.0000 0.0000
vt 1.0000 0.0000
vt 0.5000 1.0000
vt 0.0000 0.0000
vt 1.0000 0.0000
vt 0.5000 1.0000
vt 0.0000 0.0000
vt 1.0000 0.0000
vt 0.5000 1.0000
vt 0.0000 0.0000
vt 1.0000 0.0000
vt 0.5000 1.0000
vt 0.0000 0.0000
vt 1.0000 0.0000
vt 0.5000 1.0000
vt 0.0000 0.0000
vt 1.0000 0.0000
vt 0.5000 1.0000
vt 0.0000 0.0000
vt 1.0000 0.0000
vt 0.5000 1.0000
vt 0.0000 0.0000
vt 1.0000 0.0000
vt 0.5000 1.0000
vt 0.0000 0.0000
vt 1.0000 0.0000
vt 0.5000 1.0000
vt 0.0000 0.0000
vt 1.0000 0.0000
vt 0.5000 1.0000
vt 0.0000 0.0000
vt 1.0000 0.0000
vt 0.5000 1.0000
vt 0.0000 0.0000
vt 1.0000 0.0000
vt 0.5000 1.0000
vt 0.0000 0.0000
vt 1.0000 0.0000
vt 1.0000 3.7190
vt 0.0000 3.7190
vt 0.0000 0.0000
vt 1.0000 0.0000
vt 1.0000 3.7190
vt 0.0000 3.7190
vt 0.0000 0.0000
vt 1.0000 0.0000
vt 1.0000 3.7190
vt 0.0000 3.7190
vt 0.0000 0.0000
vt 1.0000 0.0000
vt 1.0000 3.7190
vt 0.0000 3.7190
vt 0.0000 0.0000
vt 1.0000 0.0000
vt 1.0000 3.7190
vt 0.0000 3.7190
vt 0.0000 0.0000
vt 1.0000 0.0000
vt 1.0000 3.7190
vt 0.0000 3.7190
vt 0.0000 0.0000
vt 1.0000 0.0000
vt 0.5000 1.0000
vt 0.0000 0.0000
vt 1.0000 0.0000
vt 0.5000 1.0000
vt 0.0000 0.0000
vt 1.0000 0.0000
vt 0.5000 1.0000
vt 0.0000 0.0000
vt 1.0000 0.0000
vt 0.5000 1.0000
vt 0.0000 0.0000
vt 1.0000 0.0000
vt 0.5000 1.0000
vt 0.0000 0.0000
vt 1.0000 0.0000
vt 0.5000 1.0000
vt 0.0000 0.0000
vt 1.0000 0.0000
vt 0.5000 1.0000
vt 0.0000 0.0000
vt 1.0000 0.0000
vt 0.5000 1.0000
vt 0.0000 0.0000
vt 1.0000 0.0000
vt 0.5000 1.0000
vt 0.0000 0.0000
vt 1.0000 0.0000
vt 0.5000 1.0000
vt 0.0000 0.0000
vt 1.0000 0.0000
vt 0.5000 1.0000
vt 0.0000 0.0000
vt 1.0000 0.0000
vt 0.5000 1.0000
vt 0.0000 0.0000
vt 1.0000 0.0000
vt 0.5000 1.0000
vt 0.0000 0.0000
vt 1.0000 0.0000
vt 0.5000 1.0000
vt 0.0000 0.0000
vt 1.0000 0.0000
vt 0.5000 1.0000
vt 0.0000 0.0000
vt 1.0000 0.0000
vt 0.5000 1.0000
vt 0.0000 0.0000
vt 1.0000 0.0000
vt 0.5000 1.0000
vt 0.0000 0.0000
vt 1.0000 0.0000
vt 0.5000 1.0000
vt 0.0000 0.0000
vt 1.0000 0.0000
vt 0.5000 1.0000
vt 0.0000 0.0000
vt 1.0000 0.0000
vt 0.5000 1.0000
vt 0.0000 0.0000
vt 1.0000 0.0000
vt 0.5000 1.0000
vt 0.0000 0.0000
vt 1.0000 0.0000
vt 0.5000 1.0000
vt 0.0000 0.0000
vt 1.0000 0.0000
vt 0.5000 1.0000
vt 0.0000 0.0000
vt 1.0000 0.0000
vt 0.5000 1.0000
vt 0.0000 0.0000
vt 1.0000 0.0000
vt 0.5000 1.0000
vt 0.0000 0.0000
vt 1.0000 0.0000
vt 0.5000 1.0000
vt 0.0000 0.0000
vt 1.0000 0.0000
vt 0.5000 1.0000
vt 0.0000 0.0000
vt 1.0000 0.0000
vt 0.5000 1.0000
vt 0.0000 0.0000
vt 1.0000 0.0000
vt 0.5000 1.0000
vt 0.0000 0.0000
vt 1.0000 0.0000
vt 0.5000 1.0000
vt 0.0000 0.0000
vt 1.0000 0.0000
vt 0.5000 1.0000
vt 0.0000 0.0000
vt 1.0000 0.0000
vt 0.5000 1.0000
vt 0.0000 0.0000
vt 1.0000 0.0000
vt 1.0000 3.8166
vt 0.0000 3.8166
vt 0.0000 0.0000
vt 1.0000 0.0000
vt 1.0000 3.8166
vt 0.0000 3.8166
vt 0.0000 0.0000
vt 1.0000 0.0000
vt 1.0000 3.8166
vt 0.0000 3.8166
vt 0.0000 0.0000
vt 1.0000 0.0000
vt 1.0000 3.8166
vt 0.0000 3.8166
vt 0.0000 0.0000
vt 1.0000 0.0000
vt 1.0000 3.8166
vt 0.0000 3.8166
vt 0.0000 0.0000
vt 1.0000 0.0000
vt 1.0000 3.8166
vt 0.0000 3.8166
vt 0.0000 0.0000
vt 1.0000 0.0000
vt 0.5000 1.0000
vt 1.0000 0.0000
vt 0.0000 0.0000
vt 0.5000 0.5000
vt 0.0000 0.0000
vt 1.0000 0.0000
vt 0.5000 1.0000
vt 1.0000 0.0000
vt 0.0000 0.0000
vt 0.5000 0.5000
vt 0.0000 0.0000
vt 1.0000 0.0000
vt 0.5000 1.0000
vt 1.0000 0.0000
vt 0.0000 0.0000
vt 0.5000 0.5000
vt 0.0000 0.0000
vt 1.0000 0.0000
vt 0.5000 1.0000
vt 1.0000 0.0000
vt 0.0000 0.0000
vt 0.5000 0.5000
vt 0.0000 0.0000
vt 1.0000 0.0000
vt 0.5000 1.0000
vt 1.0000 0.0000
vt 0.0000 0.0000
vt 0.5000 0.5000
vt 0.0000 0.0000
vt 1.0000 0.0000
vt 0.5000 1.0000
vt 1.0000 0.0000
vt 0.0000 0.0000
vt 0.5000 0.5000
vt 0.0000 0.0000
vt 1.0000 0.0000
vt 0.5000 1.0000
vt 1.0000 0.0000
vt 0.0000 0.0000
vt 0.5000 0.5000
vt 0.0000 0.0000
vt 1.0000 0.0000
vt 0.5000 1.0000
vt 1.0000 0.0000
vt 0.0000 0.0000
vt 0.5000 0.5000
vt 0.0000 0.0000
vt 1.0000 0.0000
vt 1.0000 3.6702
vt 0.0000 3.6702
vt 0.0000 0.0000
vt 1.0000 0.0000
vt 1.0000 3.6702
vt 0.0000 3.6702
vt 0.0000 0.0000
vt 1.0000 0.0000
vt 1.0000 3.6702
vt 0.0000 3.6702
vt 0.0000 0.0000
vt 1.0000 0.0000
vt 1.0000 3.6702
vt 0.0000 3.6702
vt 0.0000 0.0000
vt 1.0000 0.0000
vt 1.0000 3.6702
vt 0.0000 3.6702
vt 0.0000 0.0000
vt 1.0000 0.0000
vt 1.0000 3.6702
vt 0.0000 3.6702
vt 0.0000 0.0000
vt 1.0000 0.0000
vt 0.5000 1.0000
vt 0.0000 0.0000
vt 1.0000 0.0000
vt 0.5000 1.0000
vt 0.0000 0.0000
vt 1.0000 0.0000
vt 0.5000 1.0000
vt 0.0000 0.0000
vt 1.0000 0.0000
vt 0.5000 1.0000
vt 0.0000 0.0000
vt 1.0000 0.0000
vt 0.5000 1.0000
vt 0.0000 0.0000
vt 1.0000 0.0000
vt 0.5000 1.0000
vt 0.0000 0.0000
vt 1.0000 0.0000
vt 0.5000 1.0000
vt 0.0000 0.0000
vt 1.0000 0.0000
vt 0.5000 1.0000
vt 0.0000 0.0000
vt 1.0000 0.0000
vt 0.5000 1.0000
vt 0.0000 0.0000
vt 1.0000 0.0000
vt 0.5000 1.0000
vt 0.0000 0.0000
vt 1.0000 0.0000
vt 0.5000 1.0000
vt 0.0000 0.0000
vt 1.0000 0.0000
vt 0.5000 1.0000
vt 0.0000 0.0000
vt 1.0000 0.0000
vt 0.5000 1.0000
vt 0.0000 0.0000
vt 1.0000 0.0000
vt 0.5000 1.0000
vt 0.0000 0.0000
vt 1.0000 0.0000
vt 0.5000 1.0000
vt 0.0000 0.0000
vt 1.0000 0.0000
vt 0.5000 1.0000
vt 0.0000 0.0000
vt 1.0000 0.0000
vt 0.5000 1.0000
vt 0.0000 0.0000
vt 1.0000 0.0000
vt 0.5000 1.0000
vt 0.0000 0.0000
vt 1.0000 0.0000
vt 0.5000 1.0000
vt 0.0000 0.0000
vt 1.0000 0.0000
vt 0.5000 1.0000
vt 0.0000 0.0000
vt 1.0000 0.0000
vt 0.5000 1.0000
vt 0.0000 0.0000
vt 1.0000 0.0000
vt 0.5000 1.0000
vt 0.0000 0.0000
vt 1.0000 0.0000
vt 0.5000 1.0000
vt 0.0000 0.0000
vt 1.0000 0.0000
vt 0.5000 1.0000
vt 0.0000 0.0000
vt 1.0000 0.0000
vt 0.5000 1.0000
vt 0.0000 0.0000
vt 1.0000 0.0000
vt 0.5000 1.0000
vt 0.0000 0.0000
vt 1.0000 0.0000
vt 0.5000 1.0000
vt 0.0000 0.0000
vt 1.0000 0.0000
vt 0.5000 1.0000
vt 0.0000 0.0000
vt 1.0000 0.0000
vt 0.5000 1.0000
vt 0.0000 0.0000
vt 1.0000 0.0000
vt 0.5000 1.0000
vt 0.0000 0.0000
vt 1.0000 0.0000
vt 0.5000 1.0000
vt 0.0000 0.0000
vt 1.0000 0.0000
vt 0.5000 1.0000
vt 0.0000 0.0000
vt 1.0000 0.0000
vt 1.0000 3.8275
vt 0.0000 3.8275
vt 0.0000 0.0000
vt 1.0000 0.0000
vt 1.0000 3.8275
vt 0.0000 3.8275
vt 0.0000 0.0000
vt 1.0000 0.0000
vt 1.0000 3.8275
vt 0.0000 3.8275
vt 0.0000 0.0000
vt 1.0000 0.0000
vt 1.0000 3.8275
vt 0.0000 3.8275
vt 0.0000 0.0000
vt 1.0000 0.0000
vt 1.0000 3.8275
vt 0.0000 3.8275
vt 0.0000 0.0000
vt 1.0000 0.0000
vt 1.0000 3.8275
vt 0.0000 3.8275
vt 0.0000 0.0000
vt 1.0000 0.0000
vt 0.5000 1.0000
vt 0.0000 0.0000
vt 1.0000 0.0000
vt 0.5000 1.0000
vt 0.0000 0.0000
vt 1.0000 0.0000
vt 0.5000 1.0000
vt 0.0000 0.0000
vt 1.0000 0.0000
vt 0.5000 1.0000
vt 0.0000 0.0000
vt 1.0000 0.0000
vt 0.5000 1.0000
vt 0.0000 0.0000
vt 1.0000 0.0000
vt 0.5000 1.0000
vt 0.0000 0.0000
vt 1.0000 0.0000
vt 0.5000 1.0000
vt 0.0000 0.0000
vt 1.0000 0.0000
vt 0.5000 1.0000
vt 0.0000 0.0000
vt 1.0000 0.0000
vt 0.5000 1.0000
vt 0.0000 0.0000
vt 1.0000 0.0000
vt 0.5000 1.0000
vt 0.0000 0.0000
vt 1.0000 0.0000
vt 0.5000 1.0000
vt 0.0000 0.0000
vt 1.0000 0.0000
vt 0.5000 1.0000
vt 0.0000 0.0000
vt 1.0000 0.0000
vt 0.5000 1.0000
vt 0.0000 0.0000
vt 1.0000 0.0000
vt 0.5000 1.0000
vt 0.0000 0.0000
vt 1.0000 0.0000
vt 0.5000 1.0000
vt 0.0000 0.0000
vt 1.0000 0.0000
vt 0.5000 1.0000
vt 0.0000 0.0000
vt 1.0000 0.0000
vt 0.5000 1.0000
vt 0.0000 0.0000
vt 1.0000 0.0000
vt 0.5000 1.0000
vt 0.0000 0.0000
vt 1.0000 0.0000
vt 0.5000 1.0000
vt 0.0000 0.0000
vt 1.0000 0.0000
vt 0.5000 1.0000
vt 0.0000 0.0000
vt 1.0000 0.0000
vt 0.5000 1.0000
vt 0.0000 0.0000
vt 1.0000 0.0000
vt 0.5000 1.0000
vt 0.0000 0.0000
vt 1.0000 0.0000
vt 0.5000 1.0000
vt 0.0000 0.0000
vt 1.0000 0.0000
vt 0.5000 1.0000
vt 0.0000 0.0000
vt 1.0000 0.0000
vt 0.5000 1.0000
vt 0.0000 0.0000
vt 1.0000 0.0000
vt 0.5000 1.0000
vt 0.0000 0.0000
vt 1.0000 0.0000
vt 0.5000 1.0000
vt 0.0000 0.0000
vt 1.0000 0.0000
vt 0.5000 1.0000
vt 0.0000 0.0000
vt 1.0000 0.0000
vt 0.5000 1.0000
vt 0.0000 0.0000
vt 1.0000 0.0000
vt 0.5000 1.0000
vt 0.0000 0.0000
vt 1.0000 0.0000
vt 0.5000 1.0000
vt 0.0000 0.0000
vt 1.0000 0.0000
vt 0.5000 1.0000
vt 0.0000 0.0000
vt 1.0000 0.0000
vt 1.0000 4.1440
vt 0.0000 4.1440
vt 0.0000 0.0000
vt 1.0000 0.0000
vt 1.0000 4.1440
vt 0.0000 4.1440
vt 0.0000 0.0000
vt 1.0000 0.0000
vt 1.0000 4.1440
vt 0.0000 4.1440
vt 0.0000 0.0000
vt 1.0000 0.0000
vt 1.0000 4.1440
vt 0.0000 4.1440
vt 0.0000 0.0000
vt 1.0000 0.0000
vt 1.0000 4.1440
vt 0.0000 4.1440
vt 0.0000 0.0000
vt 1.0000 0.0000
vt 1.0000 4.1440
vt 0.0000 4.1440
vt 0.0000 0.0000
vt 1.0000 0.0000
vt 0.5000 1.0000
vt 1.0000 0.0000
vt 0.0000 0.0000
vt 0.5000 0.5000
vt 0.0000 0.0000
vt 1.0000 0.0000
vt 0.5000 1.0000
vt 1.0000 0.0000
vt 0.0000 0.0000
vt 0.5000 0.5000
vt 0.0000 0.0000
vt 1.0000 0.0000
vt 0.5000 1.0000
vt 1.0000 0.0000
vt 0.0000 0.0000
vt 0.5000 0.5000
vt 0.0000 0.0000
vt 1.0000 0.0000
vt 0.5000 1.0000
vt 1.0000 0.0000
vt 0.0000 0.0000
vt 0.5000 0.5000
vt 0.0000 0.0000
vt 1.0000 0.0000
vt 0.5000 1.0000
vt 1.0000 0.0000
vt 0.0000 0.0000
vt 0.5000 0.5000
vt 0.0000 0.0000
vt 1.0000 0.0000
vt 0.5000 1.0000
vt 1.0000 0.0000
vt 0.0000 0.0000
vt 0.5000 0.5000
vt 0.0000 0.0000
vt 1.0000 0.0000
vt 0.5000 1.0000
vt 1.0000 0.0000
vt 0.0000 0.0000
vt 0.5000 0.5000
vt 0.0000 0.0000
vt 1.0000 0.0000
vt 0.5000 1.0000
vt 1.0000 0.0000
vt 0.0000 0.0000
vt 0.5000 0.5000
vt 0.0000 0.0000
vt 1.0000 0.0000
vt 1.0000 3.9531
vt 0.0000 3.9531
vt 0.0000 0.0000
vt 1.0000 0.0000
vt 1.0000 3.9531
vt 0.0000 3.9531
vt 0.0000 0.0000
vt 1.0000 0.0000
vt 1.0000 3.9531
vt 0.0000 3.9531
vt 0.0000 0.0000
vt 1.0000 0.0000
vt 1.0000 3.9531
vt 0.0000 3.9531
vt 0.0000 0.0000
vt 1.0000 0.0000
vt 1.0000 3.9531
vt 0.0000 3.9531
vt 0.0000 0.0000
vt 1.0000 0.0000
vt 1.0000 3.9531
vt 0.0000 3.9531
vt 0.0000 0.0000
vt 1.0000 0.0000
vt 0.5000 1.0000
vt 1.0000 0.0000
vt 0.0000 0.0000
vt 0.5000 0.5000
vt 0.0000 0.0000
vt 1.0000 0.0000
vt 0.5000 1.0000
vt 1.0000 0.0000
vt 0.0000 0.0000
vt 0.5000 0.5000
vt 0.0000 0.0000
vt 1.0000 0.0000
vt 0.5000 1.0000
vt 1.0000 0.0000
vt 0.0000 0.0000
vt 0.5000 0.5000
vt 0.0000 0.0000
vt 1.0000 0.0000
vt 0.5000 1.0000
vt 1.0000 0.0000
vt 0.0000 0.0000
vt 0.5000 0.5000
vt 0.0000 0.0000
vt 1.0000 0.0000
vt 0.5000 1.0000
vt 1.0000 0.0000
vt 0.0000 0.0000
vt 0.5000 0.5000
vt 0.0000 0.0000
vt 1.0000 0.0000
vt 0.5000 1.0000
vt 1.0000 0.0000
vt 0.0000 0.0000
vt 0.5000 0.5000
vt 0.0000 0.0000
vt 1.0000 0.0000
vt 0.5000 1.0000
vt 1.0000 0.0000
vt 0.0000 0.0000
vt 0.5000 0.5000
vt 0.0000 0.0000
vt 1.0000 0.0000
vt 0.5000 1.0000
vt 1.0000 0.0000
vt 0.0000 0.0000
vt 0.5000 0.5000
vt 0.0000 0.0000
vt 1.0000 0.0000
vt 1.0000 4.0158
vt 0.0000 4.0158
vt 0.0000 0.0000
vt 1.0000 0.0000
vt 1.0000 4.0158
vt 0.0000 4.0158
vt 0.0000 0.0000
vt 1.0000 0.0000
vt 1.0000 4.0158
vt 0.0000 4.0158
vt 0.0000 0.0000
vt 1.0000 0.0000
vt 1.0000 4.0158
vt 0.0000 4.0158
vt 0.0000 0.0000
vt 1.0000 0.0000
vt 1.0000 4.0158
vt 0.0000 4.0158
vt 0.0000 0.0000
vt 1.0000 0.0000
vt 1.0000 4.0158
vt 0.0000 4.0158
vt 0.0000 0.0000
vt 1.0000 0.0000
vt 0.5000 1.0000
vt 0.0000 0.0000
vt 1.0000 0.0000
vt 0.5000 1.0000
vt 0.0000 0.0000
vt 1.0000 0.0000
vt 0.5000 1.0000
vt 0.0000 0.0000
vt 1.0000 0.0000
vt 0.5000 1.0000
vt 0.0000 0.0000
vt 1.0000 0.0000
vt 0.5000 1.0000
vt 0.0000 0.0000
vt 1.0000 0.0000
vt 0.5000 1.0000
vt 0.0000 0.0000
vt 1.0000 0.0000
vt 0.5000 1.0000
vt 0.0000 0.0000
vt 1.0000 0.0000
vt 0.5000 1.0000
vt 0.0000 0.0000
vt 1.0000 0.0000
vt 0.5000 1.0000
vt 0.0000 0.0000
vt 1.0000 0.0000
vt 0.5000 1.0000
vt 0.0000 0.0000
vt 1.0000 0.0000
vt 0.5000 1.0000
vt 0.0000 0.0000
vt 1.0000 0.0000
vt 0.5000 1.0000
vt 0.0000 0.0000
vt 1.0000 0.0000
vt 0.5000 1.0000
vt 0.0000 0.0000
vt 1.0000 0.0000
vt 0.5000 1.0000
vt 0.0000 0.0000
vt 1.0000 0.0000
vt 0.5000 1.0000
vt 0.0000 0.0000
vt 1.0000 0.0000
vt 0.5000 1.0000
vt 0.0000 0.0000
vt 1.0000 0.0000
vt 0.5000 1.0000
vt 0.0000 0.0000
vt 1.0000 0.0000
vt 0.5000 1.0000
vt 0.0000 0.0000
vt 1.0000 0.0000
vt 0.5000 1.0000
vt 0.0000 0.0000
vt 1.0000 0.0000
vt 0.5000 1.0000
vt 0.0000 0.0000
vt 1.0000 0.0000
vt 0.5000 1.0000
vt 0.0000 0.0000
vt 1.0000 0.0000
vt 0.5000 1.0000
vt 0.0000 0.0000
vt 1.0000 0.0000
vt 0.5000 1.0000
vt 0.0000 0.0000
vt 1.0000 0.0000
vt 0.5000 1.0000
vt 0.0000 0.0000
vt 1.0000 0.0000
vt 0.5000 1.0000
vt 0.0000 0.0000
vt 1.0000 0.0000
vt 0.5000 1.0000
vt 0.0000 0.0000
vt 1.0000 0.0000
vt 0.5000 1.0000
vt 0.0000 0.0000
vt 1.0000 0.0000
vt 0.5000 1.0000
vt 0.0000 0.0000
vt 1.0000 0.0000
vt 0.5000 1.0000
vt 0.0000 0.0000
vt 1.0000 0.0000
vt 0.5000 1.0000
vt 0.0000 0.0000
vt 1.0000 0.0000
vt 0.5000 1.0000
vt 0.0000 0.0000
vt 1.0000 0.0000
vt 0.5000 1.0000
vt 0.0000 0.0000
vt 1.0000 0.0000
vt 1.0000 3.2828
vt 0.0000 3.2828
vt 0.0000 0.0000
vt 1.0000 0.0000
vt 1.0000 3.2828
vt 0.0000 3.2828
vt 0.0000 0.0000
vt 1.0000 0.0000
vt 1.0000 3.2828
vt 0.0000 3.2828
vt 0.0000 0.0000
vt 1.0000 0.0000
vt 1.0000 3.2828
vt 0.0000 3.2828
vt 0.0000 0.0000
vt 1.0000 0.0000
vt 1.0000 3.2828
vt 0.0000 3.2828
vt 0.0000 0.0000
vt 1.0000 0.0000
vt 1.0000 3.2828
vt 0.0000 3.2828
vt 0.0000 0.0000
vt 1.0000 0.0000
vt 0.5000 1.0000
vt 1.0000 0.0000
vt 0.0000 0.0000
vt 0.5000 0.5000
vt 0.0000 0.0000
vt 1.0000 0.0000
vt 0.5000 1.0000
vt 1.0000 0.0000
vt 0.0000 0.0000
vt 0.5000 0.5000
vt 0.0000 0.0000
vt 1.0000 0.0000
vt 0.5000 1.0000
vt 1.0000 0.0000
vt 0.0000 0.0000
vt 0.5000 0.5000
vt 0.0000 0.0000
vt 1.0000 0.0000
vt 0.5000 1.0000
vt 1.0000 0.0000
vt 0.0000 0.0000
vt 0.5000 0.5000
vt 0.0000 0.0000
vt 1.0000 0.0000
vt 0.5000 1.0000
vt 1.0000 0.0000
vt 0.0000 0.0000
vt 0.5000 0.5000
vt 0.0000 0.0000
vt 1.0000 0.0000
vt 0.5000 1.0000
vt 1.0000 0.0000
vt 0.0000 0.0000
vt 0.5000 0.5000
vt 0.0000 0.0000
vt 1.0000 0.0000
vt 0.5000 1.0000
vt 1.0000 0.0000
vt 0.0000 0.0000
vt 0.5000 0.5000
vt 0.0000 0.0000
vt 1.0000 0.0000
vt 0.5000 1.0000
vt 1.0000 0.0000
vt 0.0000 0.0000
vt 0.5000 0.5000
vt 0.0000 0.0000
vt 1.0000 0.0000
vt 1.0000 3.8134
vt 0.0000 3.8134
vt 0.0000 0.0000
vt 1.0000 0.0000
vt 1.0000 3.8134
vt 0.0000 3.8134
vt 0.0000 0.0000
vt 1.0000 0.0000
vt 1.0000 3.8134
vt 0.0000 3.8134
vt 0.0000 0.0000
vt 1.0000 0.0000
vt 1.0000 3.8134
vt 0.0000 3.8134
vt 0.0000 0.0000
vt 1.0000 0.0000
vt 1.0000 3.8134
vt 0.0000 3.8134
vt 0.0000 0.0000
vt 1.0000 0.0000
vt 1.0000 3.8134
vt 0.0000 3.8134
vt 0.0000 0.0000
vt 1.0000 0.0000
vt 0.5000 1.0000
vt 1.0000 0.0000
vt 0.0000 0.0000
vt 0.5000 0.5000
vt 0.0000 0.0000
vt 1.0000 0.0000
vt 0.5000 1.0000
vt 1.0000 0.0000
vt 0.0000 0.0000
vt 0.5000 0.5000
vt 0.0000 0.0000
vt 1.0000 0.0000
vt 0.5000 1.0000
vt 1.0000 0.0000
vt 0.0000 0.0000
vt 0.5000 0.5000
vt 0.0000 0.0000
vt 1.0000 0.0000
vt 0.5000 1.0000
vt 1.0000 0.0000
vt 0.0000 0.0000
vt 0.5000 0.5000
vt 0.0000 0.0000
vt 1.0000 0.0000
vt 0.5000 1.0000
vt 1.0000 0.0000
vt 0.0000 0.0000
vt 0.5000 0.5000
vt 0.0000 0.0000
vt 1.0000 0.0000
vt 0.5000 1.0000
vt 1.0000 0.0000
vt 0.0000 0.0000
vt 0.5000 0.5000
vt 0.0000 0.0000
vt 1.0000 0.0000
vt 0.5000 1.0000
vt 1.0000 0.0000
vt 0.0000 0.0000
vt 0.5000 0.5000
vt 0.0000 0.0000
vt 1.0000 0.0000
vt 0.5000 1.0000
vt 1.0000 0.0000
vt 0.0000 0.0000
vt 0.5000 0.5000
vt 0.0000 0.0000
vt 1.0000 0.0000
vt 1.0000 2.9025
vt 0.0000 2.9025
vt 0.0000 0.0000
vt 1.0000 0.0000
vt 1.0000 2.9025
vt 0.0000 2.9025
vt 0.0000 0.0000
vt 1.0000 0.0000
vt 1.0000 2.9025
vt 0.0000 2.9025
vt 0.0000 0.0000
vt 1.0000 0.0000
vt 1.0000 2.9025
vt 0.0000 2.9025
vt 0.0000 0.0000
vt 1.0000 0.0000
vt 1.0000 2.9025
vt 0.0000 2.9025
vt 0.0000 0.0000
vt 1.0000 0.0000
vt 1.0000 2.9025
vt 0.0000 2.9025
vt 0.0000 0.0000
vt 1.0000 0.0000
vt 0.5000 1.0000
vt 0.0000 0.0000
vt 1.0000 0.0000
vt 0.5000 1.0000
vt 0.0000 0.0000
vt 1.0000 0.0000
vt 0.5000 1.0000
vt 0.0000 0.0000
vt 1.0000 0.0000
vt 0.5000 1.0000
vt 0.0000 0.0000
vt 1.0000 0.0000
vt 0.5000 1.0000
vt 0.0000 0.0000
vt 1.0000 0.0000
vt 0.5000 1.0000
vt 0.0000 0.0000
vt 1.0000 0.0000
vt 0.5000 1.0000
vt 0.0000 0.0000
vt 1.0000 0.0000
vt 0.5000 1.0000
vt 0.0000 0.0000
vt 1.0000 0.0000
vt 0.5000 1.0000
vt 0.0000 0.0000
vt 1.0000 0.0000
vt 0.5000 1.0000
vt 0.0000 0.0000
vt 1.0000 0.0000
vt 0.5000 1.0000
vt 0.0000 0.0000
vt 1.0000 0.0000
vt 0.5000 1.0000
vt 0.0000 0.0000
vt 1.0000 0.0000
vt 0.5000 1.0000
vt 0.0000 0.0000
vt 1.0000 0.0000
vt 0.5000 1.0000
vt 0.0000 0.0000
vt 1.0000 0.0000
vt 0.5000 1.0000
vt 0.0000 0.0000
vt 1.0000 0.0000
vt 0.5000 1.0000
vt 0.0000 0.0000
vt 1.0000 0.0000
vt 0.5000 1.0000
vt 0.0000 0.0000
vt 1.0000 0.0000
vt 0.5000 1.0000
vt 0.0000 0.0000
vt 1.0000 0.0000
vt 0.5000 1.0000
vt 0.0000 0.0000
vt 1.0000 0.0000
vt 0.5000 1.0000
vt 0.0000 0.0000
vt 1.0000 0.0000
vt 0.5000 1.0000
vt 0.0000 0.0000
vt 1.0000 0.0000
vt 0.5000 1.0000
vt 0.0000 0.0000
vt 1.0000 0.0000
vt 0.5000 1.0000
vt 0.0000 0.0000
vt 1.0000 0.0000
vt 0.5000 1.0000
vt 0.0000 0.0000
vt 1.0000 0.0000
vt 0.5000 1.0000
vt 0.0000 0.0000
vt 1.0000 0.0000
vt 0.5000 1.0000
vt 0.0000 0.0000
vt 1.0000 0.0000
vt 0.5000 1.0000
vt 0.0000 0.0000
vt 1.0000 0.0000
vt 0.5000 1.0000
vt 0.0000 0.0000
vt 1.0000 0.0000
vt 0.5000 1.0000
vt 0.0000 0.0000
vt 1.0000 0.0000
vt 0.5000 1.0000
vt 0.0000 0.0000
vt 1.0000 0.0000
vt 0.5000 1.0000
vt 0.0000 0.0000
vt 1.0000 0.0000
vt 0.5000 1.0000
vt 0.0000 0.0000
vt 1.0000 0.0000
vt 1.0000 3.3536
vt 0.0000 3.3536
vt 0.0000 0.0000
vt 1.0000 0.0000
vt 1.0000 3.3536
vt 0.0000 3.3536
vt 0.0000 0.0000
vt 1.0000 0.0000
vt 1.0000 3.3536
vt 0.0000 3.3536
vt 0.0000 0.0000
vt 1.0000 0.0000
vt 1.0000 3.3536
vt 0.0000 3.3536
vt 0.0000 0.0000
vt 1.0000 0.0000
vt 1.0000 3.3536
vt 0.0000 3.3536
vt 0.0000 0.0000
vt 1.0000 0.0000
vt 1.0000 3.3536
vt 0.0000 3.3536
vt 0.0000 0.0000
vt 1.0000 0.0000
vt 0.5000 1.0000
vt 1.0000 0.0000
vt 0.0000 0.0000
vt 0.5000 0.5000
vt 0.0000 0.0000
vt 1.0000 0.0000
vt 0.5000 1.0000
vt 1.0000 0.0000
vt 0.0000 0.0000
vt 0.5000 0.5000
vt 0.0000 0.0000
vt 1.0000 0.0000
vt 0.5000 1.0000
vt 1.0000 0.0000
vt 0.0000 0.0000
vt 0.5000 0.5000
vt 0.0000 0.0000
vt 1.0000 0.0000
vt 0.5000 1.0000
vt 1.0000 0.0000
vt 0.0000 0.0000
vt 0.5000 0.5000
vt 0.0000 0.0000
vt 1.0000 0.0000
vt 0.5000 1.0000
vt 1.0000 0.0000
vt 0.0000 0.0000
vt 0.5000 0.5000
vt 0.0000 0.0000
vt 1.0000 0.0000
vt 0.5000 1.0000
vt 1.0000 0.0000
vt 0.0000 0.0000
vt 0.5000 0.5000
vt 0.0000 0.0000
vt 1.0000 0.0000
vt 0.5000 1.0000
vt 1.0000 0.0000
vt 0.0000 0.0000
vt 0.5000 0.5000
vt 0.0000 0.0000
vt 1.0000 0.0000
vt 0.5000 1.0000
vt 1.0000 0.0000
vt 0.0000 0.0000
vt 0.5000 0.5000
vt 0.0000 0.0000
vt 1.0000 0.0000
vt 1.0000 3.3563
vt 0.0000 3.3563
vt 0.0000 0.0000
vt 1.0000 0.0000
vt 1.0000 3.3563
vt 0.0000 3.3563
vt 0.0000 0.0000
vt 1.0000 0.0000
vt 1.0000 3.3563
vt 0.0000 3.3563
vt 0.0000 0.0000
vt 1.0000 0.0000
vt 1.0000 3.3563
vt 0.0000 3.3563
vt 0.0000 0.0000
vt 1.0000 0.0000
vt 1.0000 3.3563
vt 0.0000 3.3563
vt 0.0000 0.0000
vt 1.0000 0.0000
vt 1.0000 3.3563
vt 0.0000 3.3563
vt 0.0000 0.0000
vt 1.0000 0.0000
vt 0.5000 1.0000
vt 1.0000 0.0000
vt 0.0000 0.0000
vt 0.5000 0.5000
vt 0.0000 0.0000
vt 1.0000 0.0000
vt 0.5000 1.0000
vt 1.0000 0.0000
vt 0.0000 0.0000
vt 0.5000 0.5000
vt 0.0000 0.0000
vt 1.0000 0.0000
vt 0.5000 1.0000
vt 1.0000 0.0000
vt 0.0000 0.0000
vt 0.5000 0.5000
vt 0.0000 0.0000
vt 1.0000 0.0000
vt 0.5000 1.0000
vt 1.0000 0.0000
vt 0.0000 0.0000
vt 0.5000 0.5000
vt 0.0000 0.0000
vt 1.0000 0.0000
vt 0.5000 1.0000
vt 1.0000 0.0000
vt 0.0000 0.0000
vt 0.5000 0.5000
vt 0.0000 0.0000
vt 1.0000 0.0000
vt 0.5000 1.0000
vt 1.0000 0.0000
vt 0.0000 0.0000
vt 0.5000 0.5000
vt 0.0000 0.0000
vt 1.0000 0.0000
vt 0.5000 1.0000
vt 1.0000 0.0000
vt 0.0000 0.0000
vt 0.5000 0.5000
vt 0.0000 0.0000
vt 1.0000 0.0000
vt 0.5000 1.0000
vt 1.0000 0.0000
vt 0.0000 0.0000
vt 0.5000 0.5000
vt 0.0000 0.0000
vt 1.0000 0.0000
vt 1.0000 3.2482
vt 0.0000 3.2482
vt 0.0000 0.0000
vt 1.0000 0.0000
vt 1.0000 3.2482
vt 0.0000 3.2482
vt 0.0000 0.0000
vt 1.0000 0.0000
vt 1.0000 3.2482
vt 0.0000 3.2482
vt 0.0000 0.0000
vt 1.0000 0.0000
vt 1.0000 3.2482
vt 0.0000 3.2482
vt 0.0000 0.0000
vt 1.0000 0.0000
vt 1.0000 3.2482
vt 0.0000 3.2482
vt 0.0000 0.0000
vt 1.0000 0.0000
vt 1.0000 3.2482
vt 0.0000 3.2482
vt 0.0000 0.0000
vt 1.0000 0.0000
vt 0.5000 1.0000
vt 0.0000 0.0000
vt 1.0000 0.0000
vt 0.5000 1.0000
vt 0.0000 0.0000
vt 1.0000 0.0000
vt 0.5000 1.0000
vt 0.0000 0.0000
vt 1.0000 0.0000
vt 0.5000 1.0000
vt 0.0000 0.0000
vt 1.0000 0.0000
vt 0.5000 1.0000
vt 0.0000 0.0000
vt 1.0000 0.0000
vt 0.5000 1.0000
vt 0.0000 0.0000
vt 1.0000 0.0000
vt 0.5000 1.0000
vt 0.0000 0.0000
vt 1.0000 0.0000
vt 0.5000 1.0000
vt 0.0000 0.0000
vt 1.0000 0.0000
vt 0.5000 1.0000
vt 0.0000 0.0000
vt 1.0000 0.0000
vt 0.5000 1.0000
vt 0.0000 0.0000
vt 1.0000 0.0000
vt 0.5000 1.0000
vt 0.0000 0.0000
vt 1.0000 0.0000
vt 0.5000 1.0000
vt 0.0000 0.0000
vt 1.0000 0.0000
vt 0.5000 1.0000
vt 0.0000 0.0000
vt 1.0000 0.0000
vt 0.5000 1.0000
vt 0.0000 0.0000
vt 1.0000 0.0000
vt 0.5000 1.0000
vt 0.0000 0.0000
vt 1.0000 0.0000
vt 0.5000 1.0000
vt 0.0000 0.0000
vt 1.0000 0.0000
vt 0.5000 1.0000
vt 0.0000 0.0000
vt 1.0000 0.0000
vt 0.5000 1.0000
vt 0.0000 0.0000
vt 1.0000 0.0000
vt 0.5000 1.0000
vt 0.0000 0.0000
vt 1.0000 0.0000
vt 0.5000 1.0000
vt 0.0000 0.0000
vt 1.0000 0.0000
vt 0.5000 1.0000
vt 0.0000 0.0000
vt 1.0000 0.0000
vt 0.5000 1.0000
vt 0.0000 0.0000
vt 1.0000 0.0000
vt 0.5000 1.0000
vt 0.0000 0.0000
vt 1.0000 0.0000
vt 0.5000 1.0000
vt 0.0000 0.0000
vt 1.0000 0.0000
vt 0.5000 1.0000
vt 0.0000 0.0000
vt 1.0000 0.0000
vt 0.5000 1.0000
vt 0.0000 0.0000
vt 1.0000 0.0000
vt 0.5000 1.0000
vt 0.0000 0.0000
vt 1.0000 0.0000
vt 0.5000 1.0000
vt 0.0000 0.0000
vt 1.0000 0.0000
vt 0.5000 1.0000
vt 0.0000 0.0000
vt 1.0000 0.0000
vt 0.5000 1.0000
vt 0.0000 0.0000
vt 1.0000 0.0000
vt 0.5000 1.0000
vt 0.0000 0.0000
vt 1.0000 0.0000
vt 0.5000 1.0000
vt 0.0000 0.0000
vt 1.0000 0.0000
vt 1.0000 3.1952
vt 0.0000 3.1952
vt 0.0000 0.0000
vt 1.0000 0.0000
vt 1.0000 3.1952
vt 0.0000 3.1952
vt 0.0000 0.0000
vt 1.0000 0.0000
vt 1.0000 3.1952
vt 0.0000 3.1952
vt 0.0000 0.0000
vt 1.0000 0.0000
vt 1.0000 3.1952
vt 0.0000 3.1952
vt 0.0000 0.0000
vt 1.0000 0.0000
vt 1.0000 3.1952
vt 0.0000 3.1952
vt 0.0000 0.0000
vt 1.0000 0.0000
vt 1.0000 3.1952
vt 0.0000 3.1952
vt 0.0000 0.0000
vt 1.0000 0.0000
vt 0.5000 1.0000
vt 1.0000 0.0000
vt 0.0000 0.0000
vt 0.5000 0.5000
vt 0.0000 0.0000
vt 1.0000 0.0000
vt 0.5000 1.0000
vt 1.0000 0.0000
vt 0.0000 0.0000
vt 0.5000 0.5000
vt 0.0000 0.0000
vt 1.0000 0.0000
vt 0.5000 1.0000
vt 1.0000 0.0000
vt 0.0000 0.0000
vt 0.5000 0.5000
vt 0.0000 0.0000
vt 1.0000 0.0000
vt 0.5000 1.0000
vt 1.0000 0.0000
vt 0.0000 0.0000
vt 0.5000 0.5000
vt 0.0000 0.0000
vt 1.0000 0.0000
vt 0.5000 1.0000
vt 1.0000 0.0000
vt 0.0000 0.0000
vt 0.5000 0.5000
vt 0.0000 0.0000
vt 1.0000 0.0000
vt 0.5000 1.0000
vt 1.0000 0.0000
vt 0.0000 0.0000
vt 0.5000 0.5000
vt 0.0000 0.0000
vt 1.0000 0.0000
vt 0.5000 1.0000
vt 1.0000 0.0000
vt 0.0000 0.0000
vt 0.5000 0.5000
vt 0.0000 0.0000
vt 1.0000 0.0000
vt 0.5000 1.0000
vt 1.0000 0.0000
vt 0.0000 0.0000
vt 0.5000 0.5000
vt 0.0000 0.0000
vt 1.0000 0.0000
vt 1.0000 2.7747
vt 0.0000 2.7747
vt 0.0000 0.0000
vt 1.0000 0.0000
vt 1.0000 2.7747
vt 0.0000 2.7747
vt 0.0000 0.0000
vt 1.0000 0.0000
vt 1.0000 2.7747
vt 0.0000 2.7747
vt 0.0000 0.0000
vt 1.0000 0.0000
vt 1.0000 2.7747
vt 0.0000 2.7747
vt 0.0000 0.0000
vt 1.0000 0.0000
vt 1.0000 2.7747
vt 0.0000 2.7747
vt 0.0000 0.0000
vt 1.0000 0.0000
vt 1.0000 2.7747
vt 0.0000 2.7747
vt 0.0000 0.0000
vt 1.0000 0.0000
vt 0.5000 1.0000
vt 0.0000 0.0000
vt 1.0000 0.0000
vt 0.5000 1.0000
vt 0.0000 0.0000
vt 1.0000 0.0000
vt 0.5000 1.0000
vt 0.0000 0.0000
vt 1.0000 0.0000
vt 0.5000 1.0000
vt 0.0000 0.0000
vt 1.0000 0.0000
vt 0.5000 1.0000
vt 0.0000 0.0000
vt 1.0000 0.0000
vt 0.5000 1.0000
vt 0.0000 0.0000
vt 1.0000 0.0000
vt 0.5000 1.0000
vt 0.0000 0.0000
vt 1.0000 0.0000
vt 0.5000 1.0000
vt 0.0000 0.0000
vt 1.0000 0.0000
vt 0.5000 1.0000
vt 0.0000 0.0000
vt 1.0000 0.0000
vt 0.5000 1.0000
vt 0.0000 0.0000
vt 1.0000 0.0000
vt 0.5000 1.0000
vt 0.0000 0.0000
vt 1.0000 0.0000
vt 0.5000 1.0000
vt 0.0000 0.0000
vt 1.0000 0.0000
vt 0.5000 1.0000
vt 0.0000 0.0000
vt 1.0000 0.0000
vt 0.5000 1.0000
vt 0.0000 0.0000
vt 1.0000 0.0000
vt 0.5000 1.0000
vt 0.0000 0.0000
vt 1.0000 0.0000
vt 0.5000 1.0000
vt 0.0000 0.0000
vt 1.0000 0.0000
vt 0.5000 1.0000
vt 0.0000 0.0000
vt 1.0000 0.0000
vt 0.5000 1.0000
vt 0.0000 0.0000
vt 1.0000 0.0000
vt 0.5000 1.0000
vt 0.0000 0.0000
vt 1.0000 0.0000
vt 0.5000 1.0000
vt 0.0000 0.0000
vt 1.0000 0.0000
vt 0.5000 1.0000
vt 0.0000 0.0000
vt 1.0000 0.0000
vt 0.5000 1.0000
vt 0.0000 0.0000
vt 1.0000 0.0000
vt 0.5000 1.0000
vt 0.0000 0.0000
vt 1.0000 0.0000
vt 0.5000 1.0000
vt 0.0000 0.0000
vt 1.0000 0.0000
vt 0.5000 1.0000
vt 0.0000 0.0000
vt 1.0000 0.0000
vt 0.5000 1.0000
vt 0.0000 0.0000
vt 1.0000 0.0000
vt 0.5000 1.0000
vt 0.0000 0.0000
vt 1.0000 0.0000
vt 0.5000 1.0000
vt 0.0000 0.0000
vt 1.0000 0.0000
vt 0.5000 1.0000
vt 0.0000 0.0000
vt 1.0000 0.0000
vt 0.5000 1.0000
vt 0.0000 0.0000
vt 1.0000 0.0000
vt 0.5000 1.0000
vt 0.0000 0.0000
vt 1.0000 0.0000
vt 0.5000 1.0000
vt 0.0000 0.0000
vt 1.0000 0.0000
vt 1.0000 3.1261
vt 0.0000 3.1261
vt 0.0000 0.0000
vt 1.0000 0.0000
vt 1.0000 3.1261
vt 0.0000 3.1261
vt 0.0000 0.0000
vt 1.0000 0.0000
vt 1.0000 3.1261
vt 0.0000 3.1261
vt 0.0000 0.0000
vt 1.0000 0.0000
vt 1.0000 3.1261
vt 0.0000 3.1261
vt 0.0000 0.0000
vt 1.0000 0.0000
vt 1.0000 3.1261
vt 0.0000 3.1261
vt 0.0000 0.0000
vt 1.0000 0.0000
vt 1.0000 3.1261
vt 0.0000 3.1261
vt 0.0000 0.0000
vt 1.0000 0.0000
vt 0.5000 1.0000
vt 1.0000 0.0000
vt 0.0000 0.0000
vt 0.5000 0.5000
vt 0.0000 0.0000
vt 1.0000 0.0000
vt 0.5000 1.0000
vt 1.0000 0.0000
vt 0.0000 0.0000
vt 0.5000 0.5000
vt 0.0000 0.0000
vt 1.0000 0.0000
vt 0.5000 1.0000
vt 1.0000 0.0000
vt 0.0000 0.0000
vt 0.5000 0.5000
vt 0.0000 0.0000
vt 1.0000 0.0000
vt 0.5000 1.0000
vt 1.0000 0.0000
vt 0.0000 0.0000
vt 0.5000 0.5000
vt 0.0000 0.0000
vt 1.0000 0.0000
vt 0.5000 1.0000
vt 1.0000 0.0000
vt 0.0000 0.0000
vt 0.5000 0.5000
vt 0.0000 0.0000
vt 1.0000 0.0000
vt 0.5000 1.0000
vt 1.0000 0.0000
vt 0.0000 0.0000
vt 0.5000 0.5000
vt 0.0000 0.0000
vt 1.0000 0.0000
vt 0.5000 1.0000
vt 1.0000 0.0000
vt 0.0000 0.0000
vt 0.5000 0.5000
vt 0.0000 0.0000
vt 1.0000 0.0000
vt 0.5000 1.0000
vt 1.0000 0.0000
vt 0.0000 0.0000
vt 0.5000 0.5000
vt 0.0000 0.0000
vt 1.0000 0.0000
vt 1.0000 3.7841
vt 0.0000 3.7841
vt 0.0000 0.0000
vt 1.0000 0.0000
vt 1.0000 3.7841
vt 0.0000 3.7841
vt 0.0000 0.0000
vt 1.0000 0.0000
vt 1.0000 3.7841
vt 0.0000 3.7841
vt 0.0000 0.0000
vt 1.0000 0.0000
vt 1.0000 3.7841
vt 0.0000 3.7841
vt 0.0000 0.0000
vt 1.0000 0.0000
vt 1.0000 3.7841
vt 0.0000 3.7841
vt 0.0000 0.0000
vt 1.0000 0.0000
vt 1.0000 3.7841
vt 0.0000 3.7841
vt 0.0000 0.0000
vt 1.0000 0.0000
vt 0.5000 1.0000
vt 0.0000 0.0000
vt 1.0000 0.0000
vt 0.5000 1.0000
vt 0.0000 0.0000
vt 1.0000 0.0000
vt 0.5000 1.0000
vt 0.0000 0.0000
vt 1.0000 0.0000
vt 0.5000 1.0000
vt 0.0000 0.0000
vt 1.0000 0.0000
vt 0.5000 1.0000
vt 0.0000 0.0000
vt 1.0000 0.0000
vt 0.5000 1.0000
vt 0.0000 0.0000
vt 1.0000 0.0000
vt 0.5000 1.0000
vt 0.0000 0.0000
vt 1.0000 0.0000
vt 0.5000 1.0000
vt 0.0000 0.0000
vt 1.0000 0.0000
vt 0.5000 1.0000
vt 0.0000 0.0000
vt 1.0000 0.0000
vt 0.5000 1.0000
vt 0.0000 0.0000
vt 1.0000 0.0000
vt 0.5000 1.0000
vt 0.0000 0.0000
vt 1.0000 0.0000
vt 0.5000 1.0000
vt 0.0000 0.0000
vt 1.0000 0.0000
vt 0.5000 1.0000
vt 0.0000 0.0000
vt 1.0000 0.0000
vt 0.5000 1.0000
vt 0.0000 0.0000
vt 1.0000 0.0000
vt 0.5000 1.0000
vt 0.0000 0.0000
vt 1.0000 0.0000
vt 0.5000 1.0000
vt 0.0000 0.0000
vt 1.0000 0.0000
vt 0.5000 1.0000
vt 0.0000 0.0000
vt 1.0000 0.0000
vt 0.5000 1.0000
vt 0.0000 0.0000
vt 1.0000 0.0000
vt 0.5000 1.0000
vt 0.0000 0.0000
vt 1.0000 0.0000
vt 0.5000 1.0000
vt 0.0000 0.0000
vt 1.0000 0.0000
vt 0.5000 1.0000
vt 0.0000 0.0000
vt 1.0000 0.0000
vt 0.5000 1.0000
vt 0.0000 0.0000
vt 1.0000 0.0000
vt 0.5000 1.0000
vt 0.0000 0.0000
vt 1.0000 0.0000
vt 0.5000 1.0000
vt 0.0000 0.0000
vt 1.0000 0.0000
vt 0.5000 1.0000
vt 0.0000 0.0000
vt 1.0000 0.0000
vt 0.5000 1.0000
vt 0.0000 0.0000
vt 1.0000 0.0000
vt 0.5000 1.0000
vt 0.0000 0.0000
vt 1.0000 0.0000
vt 0.5000 1.0000
vt 0.0000 0.0000
vt 1.0000 0.0000
vt 0.5000 1.0000
vt 0.0000 0.0000
vt 1.0000 0.0000
vt 0.5000 1.0000
vt 0.0000 0.0000
vt 1.0000 0.0000
vt 0.5000 1.0000
vt 0.0000 0.0000
vt 1.0000 0.0000
vt 0.5000 1.0000
vt 0.0000 0.0000
vt 1.0000 0.0000
vt 1.0000 2.5502
vt 0.0000 2.5502
vt 0.0000 0.0000
vt 1.0000 0.0000
vt 1.0000 2.5502
vt 0.0000 2.5502
vt 0.0000 0.0000
vt 1.0000 0.0000
vt 1.0000 2.5502
vt 0.0000 2.5502
vt 0.0000 0.0000
vt 1.0000 0.0000
vt 1.0000 2.5502
vt 0.0000 2.5502
vt 0.0000 0.0000
vt 1.0000 0.0000
vt 1.0000 2.5502
vt 0.0000 2.5502
vt 0.0000 0.0000
vt 1.0000 0.0000
vt 1.0000 2.5502
vt 0.0000 2.5502
vt 0.0000 0.0000
vt 1.0000 0.0000
vt 0.5000 1.0000
vt 0.0000 0.0000
vt 1.0000 0.0000
vt 0.5000 1.0000
vt 0.0000 0.0000
vt 1.0000 0.0000
vt 0.5000 1.0000
vt 0.0000 0.0000
vt 1.0000 0.0000
vt 0.5000 1.0000
vt 0.0000 0.0000
vt 1.0000 0.0000
vt 0.5000 1.0000
vt 0.0000 0.0000
vt 1.0000 0.0000
vt 0.5000 1.0000
vt 0.0000 0.0000
vt 1.0000 0.0000
vt 0.5000 1.0000
vt 0.0000 0.0000
vt 1.0000 0.0000
vt 0.5000 1.0000
vt 0.0000 0.0000
vt 1.0000 0.0000
vt 0.5000 1.0000
vt 0.0000 0.0000
vt 1.0000 0.0000
vt 0.5000 1.0000
vt 0.0000 0.0000
vt 1.0000 0.0000
vt 0.5000 1.0000
vt 0.0000 0.0000
vt 1.0000 0.0000
vt 0.5000 1.0000
vt 0.0000 0.0000
vt 1.0000 0.0000
vt 0.5000 1.0000
vt 0.0000 0.0000
vt 1.0000 0.0000
vt 0.5000 1.0000
vt 0.0000 0.0000
vt 1.0000 0.0000
vt 0.5000 1.0000
vt 0.0000 0.0000
vt 1.0000 0.0000
vt 0.5000 1.0000
vt 0.0000 0.0000
vt 1.0000 0.0000
vt 0.5000 1.0000
vt 0.0000 0.0000
vt 1.0000 0.0000
vt 0.5000 1.0000
vt 0.0000 0.0000
vt 1.0000 0.0000
vt 0.5000 1.0000
vt 0.0000 0.0000
vt 1.0000 0.0000
vt 0.5000 1.0000
vt 0.0000 0.0000
vt 1.0000 0.0000
vt 0.5000 1.0000
vt 0.0000 0.0000
vt 1.0000 0.0000
vt 0.5000 1.0000
vt 0.0000 0.0000
vt 1.0000 0.0000
vt 0.5000 1.0000
vt 0.0000 0.0000
vt 1.0000 0.0000
vt 0.5000 1.0000
vt 0.0000 0.0000
vt 1.0000 0.0000
vt 0.5000 1.0000
vt 0.0000 0.0000
vt 1.0000 0.0000
vt 0.5000 1.0000
vt 0.0000 0.0000
vt 1.0000 0.0000
vt 0.5000 1.0000
vt 0.0000 0.0000
vt 1.0000 0.0000
vt 0.5000 1.0000
vt 0.0000 0.0000
vt 1.0000 0.0000
vt 0.5000 1.0000
vt 0.0000 0.0000
vt 1.0000 0.0000
vt 0.5000 1.0000
vt 0.0000 0.0000
vt 1.0000 0.0000
vt 0.5000 1.0000
vt 0.0000 0.0000
vt 1.0000 0.0000
vt 0.5000 1.0000
vt 0.0000 0.0000
vt 1.0000 0.0000
vt 1.0000 3.8775
vt 0.0000 3.8775
vt 0.0000 0.0000
vt 1.0000 0.0000
vt 1.0000 3.8775
vt 0.0000 3.8775
vt 0.0000 0.0000
vt 1.0000 0.0000
vt 1.0000 3.8775
vt 0.0000 3.8775
vt 0.0000 0.0000
vt 1.0000 0.0000
vt 1.0000 3.8775
vt 0.0000 3.8775
vt 0.0000 0.0000
vt 1.0000 0.0000
vt 1.0000 3.8775
vt 0.0000 3.8775
vt 0.0000 0.0000
vt 1.0000 0.0000
vt 1.0000 3.8775
vt 0.0000 3.8775
vt 0.0000 0.0000
vt 1.0000 0.0000
vt 0.5000 1.0000
vt 0.0000 0.0000
vt 1.0000 0.0000
vt 0.5000 1.0000
vt 0.0000 0.0000
vt 1.0000 0.0000
vt 0.5000 1.0000
vt 0.0000 0.0000
vt 1.0000 0.0000
vt 0.5000 1.0000
vt 0.0000 0.0000
vt 1.0000 0.0000
vt 0.5000 1.0000
vt 0.0000 0.0000
vt 1.0000 0.0000
vt 0.5000 1.0000
vt 0.0000 0.0000
vt 1.0000 0.0000
vt 0.5000 1.0000
vt 0.0000 0.0000
vt 1.0000 0.0000
vt 0.5000 1.0000
vt 0.0000 0.0000
vt 1.0000 0.0000
vt 0.5000 1.0000
vt 0.0000 0.0000
vt 1.0000 0.0000
vt 0.5000 1.0000
vt 0.0000 0.0000
vt 1.0000 0.0000
vt 0.5000 1.0000
vt 0.0000 0.0000
vt 1.0000 0.0000
vt 0.5000 1.0000
vt 0.0000 0.0000
vt 1.0000 0.0000
vt 0.5000 1.0000
vt 0.0000 0.0000
vt 1.0000 0.0000
vt 0.5000 1.0000
vt 0.0000 0.0000
vt 1.0000 0.0000
vt 0.5000 1.0000
vt 0.0000 0.0000
vt 1.0000 0.0000
vt 0.5000 1.0000
vt 0.0000 0.0000
vt 1.0000 0.0000
vt 0.5000 1.0000
vt 0.0000 0.0000
vt 1.0000 0.0000
vt 0.5000 1.0000
vt 0.0000 0.0000
vt 1.0000 0.0000
vt 0.5000 1.0000
vt 0.0000 0.0000
vt 1.0000 0.0000
vt 0.5000 1.0000
vt 0.0000 0.0000
vt 1.0000 0.0000
vt 0.5000 1.0000
vt 0.0000 0.0000
vt 1.0000 0.0000
vt 0.5000 1.0000
vt 0.0000 0.0000
vt 1.0000 0.0000
vt 0.5000 1.0000
vt 0.0000 0.0000
vt 1.0000 0.0000
vt 0.5000 1.0000
vt 0.0000 0.0000
vt 1.0000 0.0000
vt 0.5000 1.0000
vt 0.0000 0.0000
vt 1.0000 0.0000
vt 0.5000 1.0000
vt 0.0000 0.0000
vt 1.0000 0.0000
vt 0.5000 1.0000
vt 0.0000 0.0000
vt 1.0000 0.0000
vt 0.5000 1.0000
vt 0.0000 0.0000
vt 1.0000 0.0000
vt 0.5000 1.0000
vt 0.0000 0.0000
vt 1.0000 0.0000
vt 0.5000 1.0000
vt 0.0000 0.0000
vt 1.0000 0.0000
vt 0.5000 1.0000
vt 0.0000 0.0000
vt 1.0000 0.0000
vt 0.5000 1.0000
vt 0.0000 0.0000
vt 1.0000 0.0000
vt 1.0000 2.6518
vt 0.0000 2.6518
vt 0.0000 0.0000
vt 1.0000 0.0000
vt 1.0000 2.6518
vt 0.0000 2.6518
vt 0.0000 0.0000
vt 1.0000 0.0000
vt 1.0000 2.6518
vt 0.0000 2.6518
vt 0.0000 0.0000
vt 1.0000 0.0000
vt 1.0000 2.6518
vt 0.0000 2.6518
vt 0.0000 0.0000
vt 1.0000 0.0000
vt 1.0000 2.6518
vt 0.0000 2.6518
vt 0.0000 0.0000
vt 1.0000 0.0000
vt 1.0000 2.6518
vt 0.0000 2.6518
vt 0.0000 0.0000
vt 1.0000 0.0000
vt 0.5000 1.0000
vt 1.0000 0.0000
vt 0.0000 0.0000
vt 0.5000 0.5000
vt 0.0000 0.0000
vt 1.0000 0.0000
vt 0.5000 1.0000
vt 1.0000 0.0000
vt 0.0000 0.0000
vt 0.5000 0.5000
vt 0.0000 0.0000
vt 1.0000 0.0000
vt 0.5000 1.0000
vt 1.0000 0.0000
vt 0.0000 0.0000
vt 0.5000 0.5000
vt 0.0000 0.0000
vt 1.0000 0.0000
vt 0.5000 1.0000
vt 1.0000 0.0000
vt 0.0000 0.0000
vt 0.5000 0.5000
vt 0.0000 0.0000
vt 1.0000 0.0000
vt 0.5000 1.0000
vt 1.0000 0.0000
vt 0.0000 0.0000
vt 0.5000 0.5000
vt 0.0000 0.0000
vt 1.0000 0.0000
vt 0.5000 1.0000
vt 1.0000 0.0000
vt 0.0000 0.0000
vt 0.5000 0.5000
vt 0.0000 0.0000
vt 1.0000 0.0000
vt 0.5000 1.0000
vt 1.0000 0.0000
vt 0.0000 0.0000
vt 0.5000 0.5000
vt 0.0000 0.0000
vt 1.0000 0.0000
vt 0.5000 1.0000
vt 1.0000 0.0000
vt 0.0000 0.0000
vt 0.5000 0.5000
vt 0.0000 0.0000
vt 1.0000 0.0000
vt 1.0000 3.1229
vt 0.0000 3.1229
vt 0.0000 0.0000
vt 1.0000 0.0000
vt 1.0000 3.1229
vt 0.0000 3.1229
vt 0.0000 0.0000
vt 1.0000 0.0000
vt 1.0000 3.1229
vt 0.0000 3.1229
vt 0.0000 0.0000
vt 1.0000 0.0000
vt 1.0000 3.1229
vt 0.0000 3.1229
vt 0.0000 0.0000
vt 1.0000 0.0000
vt 1.0000 3.1229
vt 0.0000 3.1229
vt 0.0000 0.0000
vt 1.0000 0.0000
vt 1.0000 3.1229
vt 0.0000 3.1229
vt 0.0000 0.0000
vt 1.0000 0.0000
vt 0.5000 1.0000
vt 0.0000 0.0000
vt 1.0000 0.0000
vt 0.5000 1.0000
vt 0.0000 0.0000
vt 1.0000 0.0000
vt 0.5000 1.0000
vt 0.0000 0.0000
vt 1.0000 0.0000
vt 0.5000 1.0000
vt 0.0000 0.0000
vt 1.0000 0.0000
vt 0.5000 1.0000
vt 0.0000 0.0000
vt 1.0000 0.0000
vt 0.5000 1.0000
vt 0.0000 0.0000
vt 1.0000 0.0000
vt 0.5000 1.0000
vt 0.0000 0.0000
vt 1.0000 0.0000
vt 0.5000 1.0000
vt 0.0000 0.0000
vt 1.0000 0.0000
vt 0.5000 1.0000
vt 0.0000 0.0000
vt 1.0000 0.0000
vt 0.5000 1.0000
vt 0.0000 0.0000
vt 1.0000 0.0000
vt 0.5000 1.0000
vt 0.0000 0.0000
vt 1.0000 0.0000
vt 0.5000 1.0000
vt 0.0000 0.0000
vt 1.0000 0.0000
vt 0.5000 1.0000
vt 0.0000 0.0000
vt 1.0000 0.0000
vt 0.5000 1.0000
vt 0.0000 0.0000
vt 1.0000 0.0000
vt 0.5000 1.0000
vt 0.0000 0.0000
vt 1.0000 0.0000
vt 0.5000 1.0000
vt 0.0000 0.0000
vt 1.0000 0.0000
vt 0.5000 1.0000
vt 0.0000 0.0000
vt 1.0000 0.0000
vt 0.5000 1.0000
vt 0.0000 0.0000
vt 1.0000 0.0000
vt 0.5000 1.0000
vt 0.0000 0.0000
vt 1.0000 0.0000
vt 0.5000 1.0000
vt 0.0000 0.0000
vt 1.0000 0.0000
vt 0.5000 1.0000
vt 0.0000 0.0000
vt 1.0000 0.0000
vt 0.5000 1.0000
vt 0.0000 0.0000
vt 1.0000 0.0000
vt 0.5000 1.0000
vt 0.0000 0.0000
vt 1.0000 0.0000
vt 0.5000 1.0000
vt 0.0000 0.0000
vt 1.0000 0.0000
vt 0.5000 1.0000
vt 0.0000 0.0000
vt 1.0000 0.0000
vt 0.5000 1.0000
vt 0.0000 0.0000
vt 1.0000 0.0000
vt 0.5000 1.0000
vt 0.0000 0.0000
vt 1.0000 0.0000
vt 0.5000 1.0000
vt 0.0000 0.0000
vt 1.0000 0.0000
vt 0.5000 1.0000
vt 0.0000 0.0000
vt 1.0000 0.0000
vt 0.5000 1.0000
vt 0.0000 0.0000
vt 1.0000 0.0000
vt 0.5000 1.0000
vt 0.0000 0.0000
vt 1.0000 0.0000
vt 0.5000 1.0000
vt 0.0000 0.0000
vt 1.0000 0.0000
vt 1.0000 2.3988
vt 0.0000 2.3988
vt 0.0000 0.0000
vt 1.0000 0.0000
vt 1.0000 2.3988
vt 0.0000 2.3988
vt 0.0000 0.0000
vt 1.0000 0.0000
vt 1.0000 2.3988
vt 0.0000 2.3988
vt 0.0000 0.0000
vt 1.0000 0.0000
vt 1.0000 2.3988
vt 0.0000 2.3988
vt 0.0000 0.0000
vt 1.0000 0.0000
vt 1.0000 2.3988
vt 0.0000 2.3988
vt 0.0000 0.0000
vt 1.0000 0.0000
vt 1.0000 2.3988
vt 0.0000 2.3988
vt 0.0000 0.0000
vt 1.0000 0.0000
vt 0.5000 1.0000
vt 1.0000 0.0000
vt 0.0000 0.0000
vt 0.5000 0.5000
vt 0.0000 0.0000
vt 1.0000 0.0000
vt 0.5000 1.0000
vt 1.0000 0.0000
vt 0.0000 0.0000
vt 0.5000 0.5000
vt 0.0000 0.0000
vt 1.0000 0.0000
vt 0.5000 1.0000
vt 1.0000 0.0000
vt 0.0000 0.0000
vt 0.5000 0.5000
vt 0.0000 0.0000
vt 1.0000 0.0000
vt 0.5000 1.0000
vt 1.0000 0.0000
vt 0.0000 0.0000
vt 0.5000 0.5000
vt 0.0000 0.0000
vt 1.0000 0.0000
vt 0.5000 1.0000
vt 1.0000 0.0000
vt 0.0000 0.0000
vt 0.5000 0.5000
vt 0.0000 0.0000
vt 1.0000 0.0000
vt 0.5000 1.0000
vt 1.0000 0.0000
vt 0.0000 0.0000
vt 0.5000 0.5000
vt 0.0000 0.0000
vt 1.0000 0.0000
vt 0.5000 1.0000
vt 1.0000 0.0000
vt 0.0000 0.0000
vt 0.5000 0.5000
vt 0.0000 0.0000
vt 1.0000 0.0000
vt 0.5000 1.0000
vt 1.0000 0.0000
vt 0.0000 0.0000
vt 0.5000 0.5000
vt 0.0000 0.0000
vt 1.0000 0.0000
vt 1.0000 2.7862
vt 0.0000 2.7862
vt 0.0000 0.0000
vt 1.0000 0.0000
vt 1.0000 2.7862
vt 0.0000 2.7862
vt 0.0000 0.0000
vt 1.0000 0.0000
vt 1.0000 2.7862
vt 0.0000 2.7862
vt 0.0000 0.0000
vt 1.0000 0.0000
vt 1.0000 2.7862
vt 0.0000 2.7862
vt 0.0000 0.0000
vt 1.0000 0.0000
vt 1.0000 2.7862
vt 0.0000 2.7862
vt 0.0000 0.0000
vt 1.0000 0.0000
vt 1.0000 2.7862
vt 0.0000 2.7862
vt 0.0000 0.0000
vt 1.0000 0.0000
vt 0.5000 1.0000
vt 1.0000 0.0000
vt 0.0000 0.0000
vt 0.5000 0.5000
vt 0.0000 0.0000
vt 1.0000 0.0000
vt 0.5000 1.0000
vt 1.0000 0.0000
vt 0.0000 0.0000
vt 0.5000 0.5000
vt 0.0000 0.0000
vt 1.0000 0.0000
vt 0.5000 1.0000
vt 1.0000 0.0000
vt 0.0000 0.0000
vt 0.5000 0.5000
vt 0.0000 0.0000
vt 1.0000 0.0000
vt 0.5000 1.0000
vt 1.0000 0.0000
vt 0.0000 0.0000
vt 0.5000 0.5000
vt 0.0000 0.0000
vt 1.0000 0.0000
vt 0.5000 1.0000
vt 1.0000 0.0000
vt 0.0000 0.0000
vt 0.5000 0.5000
vt 0.0000 0.0000
vt 1.0000 0.0000
vt 0.5000 1.0000
vt 1.0000 0.0000
vt 0.0000 0.0000
vt 0.5000 0.5000
vt 0.0000 0.0000
vt 1.0000 0.0000
vt 0.5000 1.0000
vt 1.0000 0.0000
vt 0.0000 0.0000
vt 0.5000 0.5000
vt 0.0000 0.0000
vt 1.0000 0.0000
vt 0.5000 1.0000
vt 1.0000 0.0000
vt 0.0000 0.0000
vt 0.5000 0.5000
vt 0.0000 0.0000
vt 1.0000 0.0000
vt 1.0000 3.0878
vt 0.0000 3.0878
vt 0.0000 0.0000
vt 1.0000 0.0000
vt 1.0000 3.0878
vt 0.0000 3.0878
vt 0.0000 0.0000
vt 1.0000 0.0000
vt 1.0000 3.0878
vt 0.0000 3.0878
vt 0.0000 0.0000
vt 1.0000 0.0000
vt 1.0000 3.0878
vt 0.0000 3.0878
vt 0.0000 0.0000
vt 1.0000 0.0000
vt 1.0000 3.0878
vt 0.0000 3.0878
vt 0.0000 0.0000
vt 1.0000 0.0000
vt 1.0000 3.0878
vt 0.0000 3.0878
vt 0.0000 0.0000
vt 1.0000 0.0000
vt 0.5000 1.0000
vt 1.0000 0.0000
vt 0.0000 0.0000
vt 0.5000 0.5000
vt 0.0000 0.0000
vt 1.0000 0.0000
vt 0.5000 1.0000
vt 1.0000 0.0000
vt 0.0000 0.0000
vt 0.5000 0.5000
vt 0.0000 0.0000
vt 1.0000 0.0000
vt 0.5000 1.0000
vt 1.0000 0.0000
vt 0.0000 0.0000
vt 0.5000 0.5000
vt 0.0000 0.0000
vt 1.0000 0.0000
vt 0.5000 1.0000
vt 1.0000 0.0000
vt 0.0000 0.0000
vt 0.5000 0.5000
vt 0.0000 0.0000
vt 1.0000 0.0000
vt 0.5000 1.0000
vt 1.0000 0.0000
vt 0.0000 0.0000
vt 0.5000 0.5000
vt 0.0000 0.0000
vt 1.0000 0.0000
vt 0.5000 1.0000
vt 1.0000 0.0000
vt 0.0000 0.0000
vt 0.5000 0.5000
vt 0.0000 0.0000
vt 1.0000 0.0000
vt 0.5000 1.0000
vt 1.0000 0.0000
vt 0.0000 0.0000
vt 0.5000 0.5000
vt 0.0000 0.0000
vt 1.0000 0.0000
vt 0.5000 1.0000
vt 1.0000 0.0000
vt 0.0000 0.0000
vt 0.5000 0.5000
vt 0.0000 0.0000
vt 1.0000 0.0000
vt 1.0000 4.0444
vt 0.0000 4.0444
vt 0.0000 0.0000
vt 1.0000 0.0000
vt 1.0000 4.0444
vt 0.0000 4.0444
vt 0.0000 0.0000
vt 1.0000 0.0000
vt 1.0000 4.0444
vt 0.0000 4.0444
vt 0.0000 0.0000
vt 1.0000 0.0000
vt 1.0000 4.0444
vt 0.0000 4.0444
vt 0.0000 0.0000
vt 1.0000 0.0000
vt 1.0000 4.0444
vt 0.0000 4.0444
vt 0.0000 0.0000
vt 1.0000 0.0000
vt 1.0000 4.0444
vt 0.0000 4.0444
vt 0.0000 0.0000
vt 1.0000 0.0000
vt 0.5000 1.0000
vt 1.0000 0.0000
vt 0.0000 0.0000
vt 0.5000 0.5000
vt 0.0000 0.0000
vt 1.0000 0.0000
vt 0.5000 1.0000
vt 1.0000 0.0000
vt 0.0000 0.0000
vt 0.5000 0.5000
vt 0.0000 0.0000
vt 1.0000 0.0000
vt 0.5000 1.0000
vt 1.0000 0.0000
vt 0.0000 0.0000
vt 0.5000 0.5000
vt 0.0000 0.0000
vt 1.0000 0.0000
vt 0.5000 1.0000
vt 1.0000 0.0000
vt 0.0000 0.0000
vt 0.5000 0.5000
vt 0.0000 0.0000
vt 1.0000 0.0000
vt 0.5000 1.0000
vt 1.0000 0.0000
vt 0.0000 0.0000
vt 0.5000 0.5000
vt 0.0000 0.0000
vt 1.0000 0.0000
vt 0.5000 1.0000
vt 1.0000 0.0000
vt 0.0000 0.0000
vt 0.5000 0.5000
vt 0.0000 0.0000
vt 1.0000 0.0000
vt 0.5000 1.0000
vt 1.0000 0.0000
vt 0.0000 0.0000
vt 0.5000 0.5000
vt 0.0000 0.0000
vt 1.0000 0.0000
vt 0.5000 1.0000
vt 1.0000 0.0000
vt 0.0000 0.0000
vt 0.5000 0.5000
vt 0.0000 0.0000
vt 1.0000 0.0000
vt 1.0000 3.5998
vt 0.0000 3.5998
vt 0.0000 0.0000
vt 1.0000 0.0000
vt 1.0000 3.5998
vt 0.0000 3.5998
vt 0.0000 0.0000
vt 1.0000 0.0000
vt 1.0000 3.5998
vt 0.0000 3.5998
vt 0.0000 0.0000
vt 1.0000 0.0000
vt 1.0000 3.5998
vt 0.0000 3.5998
vt 0.0000 0.0000
vt 1.0000 0.0000
vt 1.0000 3.5998
vt 0.0000 3.5998
vt 0.0000 0.0000
vt 1.0000 0.0000
vt 1.0000 3.5998
vt 0.0000 3.5998
vt 0.0000 0.0000
vt 1.0000 0.0000
vt 0.5000 1.0000
vt 1.0000 0.0000
vt 0.0000 0.0000
vt 0.5000 0.5000
vt 0.0000 0.0000
vt 1.0000 0.0000
vt 0.5000 1.0000
vt 1.0000 0.0000
vt 0.0000 0.0000
vt 0.5000 0.5000
vt 0.0000 0.0000
vt 1.0000 0.0000
vt 0.5000 1.0000
vt 1.0000 0.0000
vt 0.0000 0.0000
vt 0.5000 0.5000
vt 0.0000 0.0000
vt 1.0000 0.0000
vt 0.5000 1.0000
vt 1.0000 0.0000
vt 0.0000 0.0000
vt 0.5000 0.5000
vt 0.0000 0.0000
vt 1.0000 0.0000
vt 0.5000 1.0000
vt 1.0000 0.0000
vt 0.0000 0.0000
vt 0.5000 0.5000
vt 0.0000 0.0000
vt 1.0000 0.0000
vt 0.5000 1.0000
vt 1.0000 0.0000
vt 0.0000 0.0000
vt 0.5000 0.5000
vt 0.0000 0.0000
vt 1.0000 0.0000
vt 0.5000 1.0000
vt 1.0000 0.0000
vt 0.0000 0.0000
vt 0.5000 0.5000
vt 0.0000 0.0000
vt 1.0000 0.0000
vt 0.5000 1.0000
vt 1.0000 0.0000
vt 0.0000 0.0000
vt 0.5000 0.5000
vt 0.0000 0.0000
vt 1.0000 0.0000
vt 1.0000 3.8181
vt 0.0000 3.8181
vt 0.0000 0.0000
vt 1.0000 0.0000
vt 1.0000 3.8181
vt 0.0000 3.8181
vt 0.0000 0.0000
vt 1.0000 0.0000
vt 1.0000 3.8181
vt 0.0000 3.8181
vt 0.0000 0.0000
vt 1.0000 0.0000
vt 1.0000 3.8181
vt 0.0000 3.8181
vt 0.0000 0.0000
vt 1.0000 0.0000
vt 1.0000 3.8181
vt 0.0000 3.8181
vt 0.0000 0.0000
vt 1.0000 0.0000
vt 1.0000 3.8181
vt 0.0000 3.8181
vt 0.0000 0.0000
vt 1.0000 0.0000
vt 0.5000 1.0000
vt 0.0000 0.0000
vt 1.0000 0.0000
vt 0.5000 1.0000
vt 0.0000 0.0000
vt 1.0000 0.0000
vt 0.5000 1.0000
vt 0.0000 0.0000
vt 1.0000 0.0000
vt 0.5000 1.0000
vt 0.0000 0.0000
vt 1.0000 0.0000
vt 0.5000 1.0000
vt 0.0000 0.0000
vt 1.0000 0.0000
vt 0.5000 1.0000
vt 0.0000 0.0000
vt 1.0000 0.0000
vt 0.5000 1.0000
vt 0.0000 0.0000
vt 1.0000 0.0000
vt 0.5000 1.0000
vt 0.0000 0.0000
vt 1.0000 0.0000
vt 0.5000 1.0000
vt 0.0000 0.0000
vt 1.0000 0.0000
vt 0.5000 1.0000
vt 0.0000 0.0000
vt 1.0000 0.0000
vt 0.5000 1.0000
vt 0.0000 0.0000
vt 1.0000 0.0000
vt 0.5000 1.0000
vt 0.0000 0.0000
vt 1.0000 0.0000
vt 0.5000 1.0000
vt 0.0000 0.0000
vt 1.0000 0.0000
vt 0.5000 1.0000
vt 0.0000 0.0000
vt 1.0000 0.0000
vt 0.5000 1.0000
vt 0.0000 0.0000
vt 1.0000 0.0000
vt 0.5000 1.0000
vt 0.0000 0.0000
vt 1.0000 0.0000
vt 0.5000 1.0000
vt 0.0000 0.0000
vt 1.0000 0.0000
vt 0.5000 1.0000
vt 0.0000 0.0000
vt 1.0000 0.0000
vt 0.5000 1.0000
vt 0.0000 0.0000
vt 1.0000 0.0000
vt 0.5000 1.0000
vt 0.0000 0.0000
vt 1.0000 0.0000
vt 0.5000 1.0000
vt 0.0000 0.0000
vt 1.0000 0.0000
vt 0.5000 1.0000
vt 0.0000 0.0000
vt 1.0000 0.0000
vt 0.5000 1.0000
vt 0.0000 0.0000
vt 1.0000 0.0000
vt 0.5000 1.0000
vt 0.0000 0.0000
vt 1.0000 0.0000
vt 0.5000 1.0000
vt 0.0000 0.0000
vt 1.0000 0.0000
vt 0.5000 1.0000
vt 0.0000 0.0000
vt 1.0000 0.0000
vt 0.5000 1.0000
vt 0.0000 0.0000
vt 1.0000 0.0000
vt 0.5000 1.0000
vt 0.0000 0.0000
vt 1.0000 0.0000
vt 0.5000 1.0000
vt 0.0000 0.0000
vt 1.0000 0.0000
vt 0.5000 1.0000
vt 0.0000 0.0000
vt 1.0000 0.0000
vt 0.5000 1.0000
vt 0.0000 0.0000
vt 1.0000 0.0000
vt 0.5000 1.0000
vt 0.0000 0.0000
vt 1.0000 0.0000
vt 1.0000 3.1485
vt 0.0000 3.1485
vt 0.0000 0.0000
vt 1.0000 0.0000
vt 1.0000 3.1485
vt 0.0000 3.1485
vt 0.0000 0.0000
vt 1.0000 0.0000
vt 1.0000 3.1485
vt 0.0000 3.1485
vt 0.0000 0.0000
vt 1.0000 0.0000
vt 1.0000 3.1485
vt 0.0000 3.1485
vt 0.0000 0.0000
vt 1.0000 0.0000
vt 1.0000 3.1485
vt 0.0000 3.1485
vt 0.0000 0.0000
vt 1.0000 0.0000
vt 1.0000 3.1485
vt 0.0000 3.1485
vt 0.0000 0.0000
vt 1.0000 0.0000
vt 0.5000 1.0000
vt 0.0000 0.0000
vt 1.0000 0.0000
vt 0.5000 1.0000
vt 0.0000 0.0000
vt 1.0000 0.0000
vt 0.5000 1.0000
vt 0.0000 0.0000
vt 1.0000 0.0000
vt 0.5000 1.0000
vt 0.0000 0.0000
vt 1.0000 0.0000
vt 0.5000 1.0000
vt 0.0000 0.0000
vt 1.0000 0.0000
vt 0.5000 1.0000
vt 0.0000 0.0000
vt 1.0000 0.0000
vt 0.5000 1.0000
vt 0.0000 0.0000
vt 1.0000 0.0000
vt 0.5000 1.0000
vt 0.0000 0.0000
vt 1.0000 0.0000
vt 0.5000 1.0000
vt 0.0000 0.0000
vt 1.0000 0.0000
vt 0.5000 1.0000
vt 0.0000 0.0000
vt 1.0000 0.0000
vt 0.5000 1.0000
vt 0.0000 0.0000
vt 1.0000 0.0000
vt 0.5000 1.0000
vt 0.0000 0.0000
vt 1.0000 0.0000
vt 0.5000 1.0000
vt 0.0000 0.0000
vt 1.0000 0.0000
vt 0.5000 1.0000
vt 0.0000 0.0000
vt 1.0000 0.0000
vt 0.5000 1.0000
vt 0.0000 0.0000
vt 1.0000 0.0000
vt 0.5000 1.0000
vt 0.0000 0.0000
vt 1.0000 0.0000
vt 0.5000 1.0000
vt 0.0000 0.0000
vt 1.0000 0.0000
vt 0.5000 1.0000
vt 0.0000 0.0000
vt 1.0000 0.0000
vt 0.5000 1.0000
vt 0.0000 0.0000
vt 1.0000 0.0000
vt 0.5000 1.0000
vt 0.0000 0.0000
vt 1.0000 0.0000
vt 0.5000 1.0000
vt 0.0000 0.0000
vt 1.0000 0.0000
vt 0.5000 1.0000
vt 0.0000 0.0000
vt 1.0000 0.0000
vt 0.5000 1.0000
vt 0.0000 0.0000
vt 1.0000 0.0000
vt 0.5000 1.0000
vt 0.0000 0.0000
vt 1.0000 0.0000
vt 0.5000 1.0000
vt 0.0000 0.0000
vt 1.0000 0.0000
vt 0.5000 1.0000
vt 0.0000 0.0000
vt 1.0000 0.0000
vt 0.5000 1.0000
vt 0.0000 0.0000
vt 1.0000 0.0000
vt 0.5000 1.0000
vt 0.0000 0.0000
vt 1.0000 0.0000
vt 0.5000 1.0000
vt 0.0000 0.0000
vt 1.0000 0.0000
vt 0.5000 1.0000
vt 0.0000 0.0000
vt 1.0000 0.0000
vt 0.5000 1.0000
vt 0.0000 0.0000
vt 1.0000 0.0000
vt 0.5000 1.0000
vt 0.0000 0.0000
vt 1.0000 0.0000
vt 1.0000 3.2893
vt 0.0000 3.2893
vt 0.0000 0.0000
vt 1.0000 0.0000
vt 1.0000 3.2893
vt 0.0000 3.2893
vt 0.0000 0.0000
vt 1.0000 0.0000
vt 1.0000 3.2893
vt 0.0000 3.2893
vt 0.0000 0.0000
vt 1.0000 0.0000
vt 1.0000 3.2893
vt 0.0000 3.2893
vt 0.0000 0.0000
vt 1.0000 0.0000
vt 1.0000 3.2893
vt 0.0000 3.2893
vt 0.0000 0.0000
vt 1.0000 0.0000
vt 1.0000 3.2893
vt 0.0000 3.2893
vt 0.0000 0.0000
vt 1.0000 0.0000
vt 0.5000 1.0000
vt 1.0000 0.0000
vt 0.0000 0.0000
vt 0.5000 0.5000
vt 0.0000 0.0000
vt 1.0000 0.0000
vt 0.5000 1.0000
vt 1.0000 0.0000
vt 0.0000 0.0000
vt 0.5000 0.5000
vt 0.0000 0.0000
vt 1.0000 0.0000
vt 0.5000 1.0000
vt 1.0000 0.0000
vt 0.0000 0.0000
vt 0.5000 0.5000
vt 0.0000 0.0000
vt 1.0000 0.0000
vt 0.5000 1.0000
vt 1.0000 0.0000
vt 0.0000 0.0000
vt 0.5000 0.5000
vt 0.0000 0.0000
vt 1.0000 0.0000
vt 0.5000 1.0000
vt 1.0000 0.0000
vt 0.0000 0.0000
vt 0.5000 0.5000
vt 0.0000 0.0000
vt 1.0000 0.0000
vt 0.5000 1.0000
vt 1.0000 0.0000
vt 0.0000 0.0000
vt 0.5000 0.5000
vt 0.0000 0.0000
vt 1.0000 0.0000
vt 0.5000 1.0000
vt 1.0000 0.0000
vt 0.0000 0.0000
vt 0.5000 0.5000
vt 0.0000 0.0000
vt 1.0000 0.0000
vt 0.5000 1.0000
vt 1.0000 0.0000
vt 0.0000 0.0000
vt 0.5000 0.5000
vt 0.0000 0.0000
vt 1.0000 0.0000
vt 1.0000 2.6634
vt 0.0000 2.6634
vt 0.0000 0.0000
vt 1.0000 0.0000
vt 1.0000 2.6634
vt 0.0000 2.6634
vt 0.0000 0.0000
vt 1.0000 0.0000
vt 1.0000 2.6634
vt 0.0000 2.6634
vt 0.0000 0.0000
vt 1.0000 0.0000
vt 1.0000 2.6634
vt 0.0000 2.6634
vt 0.0000 0.0000
vt 1.0000 0.0000
vt 1.0000 2.6634
vt 0.0000 2.6634
vt 0.0000 0.0000
vt 1.0000 0.0000
vt 1.0000 2.6634
vt 0.0000 2.6634
vt 0.0000 0.0000
vt 1.0000 0.0000
vt 0.5000 1.0000
vt 1.0000 0.0000
vt 0.0000 0.0000
vt 0.5000 0.5000
vt 0.0000 0.0000
vt 1.0000 0.0000
vt 0.5000 1.0000
vt 1.0000 0.0000
vt 0.0000 0.0000
vt 0.5000 0.5000
vt 0.0000 0.0000
vt 1.0000 0.0000
vt 0.5000 1.0000
vt 1.0000 0.0000
vt 0.0000 0.0000
vt 0.5000 0.5000
vt 0.0000 0.0000
vt 1.0000 0.0000
vt 0.5000 1.0000
vt 1.0000 0.0000
vt 0.0000 0.0000
vt 0.5000 0.5000
vt 0.0000 0.0000
vt 1.0000 0.0000
vt 0.5000 1.0000
vt 1.0000 0.0000
vt 0.0000 0.0000
vt 0.5000 0.5000
vt 0.0000 0.0000
vt 1.0000 0.0000
vt 0.5000 1.0000
vt 1.0000 0.0000
vt 0.0000 0.0000
vt 0.5000 0.5000
vt 0.0000 0.0000
vt 1.0000 0.0000
vt 0.5000 1.0000
vt 1.0000 0.0000
vt 0.0000 0.0000
vt 0.5000 0.5000
vt 0.0000 0.0000
vt 1.0000 0.0000
vt 0.5000 1.0000
vt 1.0000 0.0000
vt 0.0000 0.0000
vt 0.5000 0.5000
vt 0.0000 0.0000
vt 1.0000 0.0000
vt 1.0000 3.2377
vt 0.0000 3.2377
vt 0.0000 0.0000
vt 1.0000 0.0000
vt 1.0000 3.2377
vt 0.0000 3.2377
vt 0.0000 0.0000
vt 1.0000 0.0000
vt 1.0000 3.2377
vt 0.0000 3.2377
vt 0.0000 0.0000
vt 1.0000 0.0000
vt 1.0000 3.2377
vt 0.0000 3.2377
vt 0.0000 0.0000
vt 1.0000 0.0000
vt 1.0000 3.2377
vt 0.0000 3.2377
vt 0.0000 0.0000
vt 1.0000 0.0000
vt 1.0000 3.2377
vt 0.0000 3.2377
vt 0.0000 0.0000
vt 1.0000 0.0000
vt 0.5000 1.0000
vt 1.0000 0.0000
vt 0.0000 0.0000
vt 0.5000 0.5000
vt 0.0000 0.0000
vt 1.0000 0.0000
vt 0.5000 1.0000
vt 1.0000 0.0000
vt 0.0000 0.0000
vt 0.5000 0.5000
vt 0.0000 0.0000
vt 1.0000 0.0000
vt 0.5000 1.0000
vt 1.0000 0.0000
vt 0.0000 0.0000
vt 0.5000 0.5000
vt 0.0000 0.0000
vt 1.0000 0.0000
vt 0.5000 1.0000
vt 1.0000 0.0000
vt 0.0000 0.0000
vt 0.5000 0.5000
vt 0.0000 0.0000
vt 1.0000 0.0000
vt 0.5000 1.0000
vt 1.0000 0.0000
vt 0.0000 0.0000
vt 0.5000 0.5000
vt 0.0000 0.0000
vt 1.0000 0.0000
vt 0.5000 1.0000
vt 1.0000 0.0000
vt 0.0000 0.0000
vt 0.5000 0.5000
vt 0.0000 0.0000
vt 1.0000 0.0000
vt 0.5000 1.0000
vt 1.0000 0.0000
vt 0.0000 0.0000
vt 0.5000 0.5000
vt 0.0000 0.0000
vt 1.0000 0.0000
vt 0.5000 1.0000
vt 1.0000 0.0000
vt 0.0000 0.0000
vt 0.5000 0.5000
vt 0.0000 0.0000
vt 1.0000 0.0000
vt 1.0000 2.3045
vt 0.0000 2.3045
vt 0.0000 0.0000
vt 1.0000 0.0000
vt 1.0000 2.3045
vt 0.0000 2.3045
vt 0.0000 0.0000
vt 1.0000 0.0000
vt 1.0000 2.3045
vt 0.0000 2.3045
vt 0.0000 0.0000
vt 1.0000 0.0000
vt 1.0000 2.3045
vt 0.0000 2.3045
vt 0.0000 0.0000
vt 1.0000 0.0000
vt 1.0000 2.3045
vt 0.0000 2.3045
vt 0.0000 0.0000
vt 1.0000 0.0000
vt 1.0000 2.3045
vt 0.0000 2.3045
vt 0.0000 0.0000
vt 1.0000 0.0000
vt 0.5000 1.0000
vt 1.0000 0.0000
vt 0.0000 0.0000
vt 0.5000 0.5000
vt 0.0000 0.0000
vt 1.0000 0.0000
vt 0.5000 1.0000
vt 1.0000 0.0000
vt 0.0000 0.0000
vt 0.5000 0.5000
vt 0.0000 0.0000
vt 1.0000 0.0000
vt 0.5000 1.0000
vt 1.0000 0.0000
vt 0.0000 0.0000
vt 0.5000 0.5000
vt 0.0000 0.0000
vt 1.0000 0.0000
vt 0.5000 1.0000
vt 1.0000 0.0000
vt 0.0000 0.0000
vt 0.5000 0.5000
vt 0.0000 0.0000
vt 1.0000 0.0000
vt 0.5000 1.0000
vt 1.0000 0.0000
vt 0.0000 0.0000
vt 0.5000 0.5000
vt 0.0000 0.0000
vt 1.0000 0.0000
vt 0.5000 1.0000
vt 1.0000 0.0000
vt 0.0000 0.0000
vt 0.5000 0.5000
vt 0.0000 0.0000
vt 1.0000 0.0000
vt 0.5000 1.0000
vt 1.0000 0.0000
vt 0.0000 0.0000
vt 0.5000 0.5000
vt 0.0000 0.0000
vt 1.0000 0.0000
vt 0.5000 1.0000
vt 1.0000 0.0000
vt 0.0000 0.0000
vt 0.5000 0.5000
vt 0.0000 0.0000
vt 1.0000 0.0000
vt 1.0000 4.0742
vt 0.0000 4.0742
vt 0.0000 0.0000
vt 1.0000 0.0000
vt 1.0000 4.0742
vt 0.0000 4.0742
vt 0.0000 0.0000
vt 1.0000 0.0000
vt 1.0000 4.0742
vt 0.0000 4.0742
vt 0.0000 0.0000
vt 1.0000 0.0000
vt 1.0000 4.0742
vt 0.0000 4.0742
vt 0.0000 0.0000
vt 1.0000 0.0000
vt 1.0000 4.0742
vt 0.0000 4.0742
vt 0.0000 0.0000
vt 1.0000 0.0000
vt 1.0000 4.0742
vt 0.0000 4.0742
vt 0.0000 0.0000
vt 1.0000 0.0000
vt 0.5000 1.0000
vt 1.0000 0.0000
vt 0.0000 0.0000
vt 0.5000 0.5000
vt 0.0000 0.0000
vt 1.0000 0.0000
vt 0.5000 1.0000
vt 1.0000 0.0000
vt 0.0000 0.0000
vt 0.5000 0.5000
vt 0.0000 0.0000
vt 1.0000 0.0000
vt 0.5000 1.0000
vt 1.0000 0.0000
vt 0.0000 0.0000
vt 0.5000 0.5000
vt 0.0000 0.0000
vt 1.0000 0.0000
vt 0.5000 1.0000
vt 1.0000 0.0000
vt 0.0000 0.0000
vt 0.5000 0.5000
vt 0.0000 0.0000
vt 1.0000 0.0000
vt 0.5000 1.0000
vt 1.0000 0.0000
vt 0.0000 0.0000
vt 0.5000 0.5000
vt 0.0000 0.0000
vt 1.0000 0.0000
vt 0.5000 1.0000
vt 1.0000 0.0000
vt 0.0000 0.0000
vt 0.5000 0.5000
vt 0.0000 0.0000
vt 1.0000 0.0000
vt 0.5000 1.0000
vt 1.0000 0.0000
vt 0.0000 0.0000
vt 0.5000 0.5000
vt 0.0000 0.0000
vt 1.0000 0.0000
vt 0.5000 1.0000
vt 1.0000 0.0000
vt 0.0000 0.0000
vt 0.5000 0.5000
vt 0.0000 0.0000
vt 1.0000 0.0000
vt 1.0000 3.8816
vt 0.0000 3.8816
vt 0.0000 0.0000
vt 1.0000 0.0000
vt 1.0000 3.8816
vt 0.0000 3.8816
vt 0.0000 0.0000
vt 1.0000 0.0000
vt 1.0000 3.8816
vt 0.0000 3.8816
vt 0.0000 0.0000
vt 1.0000 0.0000
vt 1.0000 3.8816
vt 0.0000 3.8816
vt 0.0000 0.0000
vt 1.0000 0.0000
vt 1.0000 3.8816
vt 0.0000 3.8816
vt 0.0000 0.0000
vt 1.0000 0.0000
vt 1.0000 3.8816
vt 0.0000 3.8816
vt 0.0000 0.0000
vt 1.0000 0.0000
vt 0.5000 1.0000
vt 1.0000 0.0000
vt 0.0000 0.0000
vt 0.5000 0.5000
vt 0.0000 0.0000
vt 1.0000 0.0000
vt 0.5000 1.0000
vt 1.0000 0.0000
vt 0.0000 0.0000
vt 0.5000 0.5000
vt 0.0000 0.0000
vt 1.0000 0.0000
vt 0.5000 1.0000
vt 1.0000 0.0000
vt 0.0000 0.0000
vt 0.5000 0.5000
vt 0.0000 0.0000
vt 1.0000 0.0000
vt 0.5000 1.0000
vt 1.0000 0.0000
vt 0.0000 0.0000
vt 0.5000 0.5000
vt 0.0000 0.0000
vt 1.0000 0.0000
vt 0.5000 1.0000
vt 1.0000 0.0000
vt 0.0000 0.0000
vt 0.5000 0.5000
vt 0.0000 0.0000
vt 1.0000 0.0000
vt 0.5000 1.0000
vt 1.0000 0.0000
vt 0.0000 0.0000
vt 0.5000 0.5000
vt 0.0000 0.0000
vt 1.0000 0.0000
vt 0.5000 1.0000
vt 1.0000 0.0000
vt 0.0000 0.0000
vt 0.5000 0.5000
vt 0.0000 0.0000
vt 1.0000 0.0000
vt 0.5000 1.0000
vt 1.0000 0.0000
vt 0.0000 0.0000
vt 0.5000 0.5000
vt 0.0000 0.0000
vt 1.0000 0.0000
vt 1.0000 2.9347
vt 0.0000 2.9347
vt 0.0000 0.0000
vt 1.0000 0.0000
vt 1.0000 2.9347
vt 0.0000 2.9347
vt 0.0000 0.0000
vt 1.0000 0.0000
vt 1.0000 2.9347
vt 0.0000 2.9347
vt 0.0000 0.0000
vt 1.0000 0.0000
vt 1.0000 2.9347
vt 0.0000 2.9347
vt 0.0000 0.0000
vt 1.0000 0.0000
vt 1.0000 2.9347
vt 0.0000 2.9347
vt 0.0000 0.0000
vt 1.0000 0.0000
vt 1.0000 2.9347
vt 0.0000 2.9347
vt 0.0000 0.0000
vt 1.0000 0.0000
vt 0.5000 1.0000
vt 0.0000 0.0000
vt 1.0000 0.0000
vt 0.5000 1.0000
vt 0.0000 0.0000
vt 1.0000 0.0000
vt 0.5000 1.0000
vt 0.0000 0.0000
vt 1.0000 0.0000
vt 0.5000 1.0000
vt 0.0000 0.0000
vt 1.0000 0.0000
vt 0.5000 1.0000
vt 0.0000 0.0000
vt 1.0000 0.0000
vt 0.5000 1.0000
vt 0.0000 0.0000
vt 1.0000 0.0000
vt 0.5000 1.0000
vt 0.0000 0.0000
vt 1.0000 0.0000
vt 0.5000 1.0000
vt 0.0000 0.0000
vt 1.0000 0.0000
vt 0.5000 1.0000
vt 0.0000 0.0000
vt 1.0000 0.0000
vt 0.5000 1.0000
vt 0.0000 0.0000
vt 1.0000 0.0000
vt 0.5000 1.0000
vt 0.0000 0.0000
vt 1.0000 0.0000
vt 0.5000 1.0000
vt 0.0000 0.0000
vt 1.0000 0.0000
vt 0.5000 1.0000
vt 0.0000 0.0000
vt 1.0000 0.0000
vt 0.5000 1.0000
vt 0.0000 0.0000
vt 1.0000 0.0000
vt 0.5000 1.0000
vt 0.0000 0.0000
vt 1.0000 0.0000
vt 0.5000 1.0000
vt 0.0000 0.0000
vt 1.0000 0.0000
vt 0.5000 1.0000
vt 0.0000 0.0000
vt 1.0000 0.0000
vt 0.5000 1.0000
vt 0.0000 0.0000
vt 1.0000 0.0000
vt 0.5000 1.0000
vt 0.0000 0.0000
vt 1.0000 0.0000
vt 0.5000 1.0000
vt 0.0000 0.0000
vt 1.0000 0.0000
vt 0.5000 1.0000
vt 0.0000 0.0000
vt 1.0000 0.0000
vt 0.5000 1.0000
vt 0.0000 0.0000
vt 1.0000 0.0000
vt 0.5000 1.0000
vt 0.0000 0.0000
vt 1.0000 0.0000
vt 0.5000 1.0000
vt 0.0000 0.0000
vt 1.0000 0.0000
vt 0.5000 1.0000
vt 0.0000 0.0000
vt 1.0000 0.0000
vt 0.5000 1.0000
vt 0.0000 0.0000
vt 1.0000 0.0000
vt 0.5000 1.0000
vt 0.0000 0.0000
vt 1.0000 0.0000
vt 0.5000 1.0000
vt 0.0000 0.0000
vt 1.0000 0.0000
vt 0.5000 1.0000
vt 0.0000 0.0000
vt 1.0000 0.0000
vt 0.5000 1.0000
vt 0.0000 0.0000
vt 1.0000 0.0000
vt 0.5000 1.0000
vt 0.0000 0.0000
vt 1.0000 0.0000
vt 0.5000 1.0000
vt 0.0000 0.0000
vt 1.0000 0.0000
vt 1.0000 2.9440
vt 0.0000 2.9440
vt 0.0000 0.0000
vt 1.0000 0.0000
vt 1.0000 2.9440
vt 0.0000 2.9440
vt 0.0000 0.0000
vt 1.0000 0.0000
vt 1.0000 2.9440
vt 0.0000 2.9440
vt 0.0000 0.0000
vt 1.0000 0.0000
vt 1.0000 2.9440
vt 0.0000 2.9440
vt 0.0000 0.0000
vt 1.0000 0.0000
vt 1.0000 2.9440
vt 0.0000 2.9440
vt 0.0000 0.0000
vt 1.0000 0.0000
vt 1.0000 2.9440
vt 0.0000 2.9440
vt 0.0000 0.0000
vt 1.0000 0.0000
vt 0.5000 1.0000
vt 1.0000 0.0000
vt 0.0000 0.0000
vt 0.5000 0.5000
vt 0.0000 0.0000
vt 1.0000 0.0000
vt 0.5000 1.0000
vt 1.0000 0.0000
vt 0.0000 0.0000
vt 0.5000 0.5000
vt 0.0000 0.0000
vt 1.0000 0.0000
vt 0.5000 1.0000
vt 1.0000 0.0000
vt 0.0000 0.0000
vt 0.5000 0.5000
vt 0.0000 0.0000
vt 1.0000 0.0000
vt 0.5000 1.0000
vt 1.0000 0.0000
vt 0.0000 0.0000
vt 0.5000 0.5000
vt 0.0000 0.0000
vt 1.0000 0.0000
vt 0.5000 1.0000
vt 1.0000 0.0000
vt 0.0000 0.0000
vt 0.5000 0.5000
vt 0.0000 0.0000
vt 1.0000 0.0000
vt 0.5000 1.0000
vt 1.0000 0.0000
vt 0.0000 0.0000
vt 0.5000 0.5000
vt 0.0000 0.0000
vt 1.0000 0.0000
vt 0.5000 1.0000
vt 1.0000 0.0000
vt 0.0000 0.0000
vt 0.5000 0.5000
vt 0.0000 0.0000
vt 1.0000 0.0000
vt 0.5000 1.0000
vt 1.0000 0.0000
vt 0.0000 0.0000
vt 0.5000 0.5000
vt 0.0000 0.0000
vt 1.0000 0.0000
vt 1.0000 2.7670
vt 0.0000 2.7670
vt 0.0000 0.0000
vt 1.0000 0.0000
vt 1.0000 2.7670
vt 0.0000 2.7670
vt 0.0000 0.0000
vt 1.0000 0.0000
vt 1.0000 2.7670
vt 0.0000 2.7670
vt 0.0000 0.0000
vt 1.0000 0.0000
vt 1.0000 2.7670
vt 0.0000 2.7670
vt 0.0000 0.0000
vt 1.0000 0.0000
vt 1.0000 2.7670
vt 0.0000 2.7670
vt 0.0000 0.0000
vt 1.0000 0.0000
vt 1.0000 2.7670
vt 0.0000 2.7670
vt 0.0000 0.0000
vt 1.0000 0.0000
vt 0.5000 1.0000
vt 0.0000 0.0000
vt 1.0000 0.0000
vt 0.5000 1.0000
vt 0.0000 0.0000
vt 1.0000 0.0000
vt 0.5000 1.0000
vt 0.0000 0.0000
vt 1.0000 0.0000
vt 0.5000 1.0000
vt 0.0000 0.0000
vt 1.0000 0.0000
vt 0.5000 1.0000
vt 0.0000 0.0000
vt 1.0000 0.0000
vt 0.5000 1.0000
vt 0.0000 0.0000
vt 1.0000 0.0000
vt 0.5000 1.0000
vt 0.0000 0.0000
vt 1.0000 0.0000
vt 0.5000 1.0000
vt 0.0000 0.0000
vt 1.0000 0.0000
vt 0.5000 1.0000
vt 0.0000 0.0000
vt 1.0000 0.0000
vt 0.5000 1.0000
vt 0.0000 0.0000
vt 1.0000 0.0000
vt 0.5000 1.0000
vt 0.0000 0.0000
vt 1.0000 0.0000
vt 0.5000 1.0000
vt 0.0000 0.0000
vt 1.0000 0.0000
vt 0.5000 1.0000
vt 0.0000 0.0000
vt 1.0000 0.0000
vt 0.5000 1.0000
vt 0.0000 0.0000
vt 1.0000 0.0000
vt 0.5000 1.0000
vt 0.0000 0.0000
vt 1.0000 0.0000
vt 0.5000 1.0000
vt 0.0000 0.0000
vt 1.0000 0.0000
vt 0.5000 1.0000
vt 0.0000 0.0000
vt 1.0000 0.0000
vt 0.5000 1.0000
vt 0.0000 0.0000
vt 1.0000 0.0000
vt 0.5000 1.0000
vt 0.0000 0.0000
vt 1.0000 0.0000
vt 0.5000 1.0000
vt 0.0000 0.0000
vt 1.0000 0.0000
vt 0.5000 1.0000
vt 0.0000 0.0000
vt 1.0000 0.0000
vt 0.5000 1.0000
vt 0.0000 0.0000
vt 1.0000 0.0000
vt 0.5000 1.0000
vt 0.0000 0.0000
vt 1.0000 0.0000
vt 0.5000 1.0000
vt 0.0000 0.0000
vt 1.0000 0.0000
vt 0.5000 1.0000
vt 0.0000 0.0000
vt 1.0000 0.0000
vt 0.5000 1.0000
vt 0.0000 0.0000
vt 1.0000 0.0000
vt 0.5000 1.0000
vt 0.0000 0.0000
vt 1.0000 0.0000
vt 0.5000 1.0000
vt 0.0000 0.0000
vt 1.0000 0.0000
vt 0.5000 1.0000
vt 0.0000 0.0000
vt 1.0000 0.0000
vt 0.5000 1.0000
vt 0.0000 0.0000
vt 1.0000 0.0000
vt 0.5000 1.0000
vt 0.0000 0.0000
vt 1.0000 0.0000
vt 0.5000 1.0000
vt 0.0000 0.0000
vt 1.0000 0.0000
vt 1.0000 3.5658
vt 0.0000 3.5658
vt 0.0000 0.0000
vt 1.0000 0.0000
vt 1.0000 3.5658
vt 0.0000 3.5658
vt 0.0000 0.0000
vt 1.0000 0.0000
vt 1.0000 3.5658
vt 0.0000 3.5658
vt 0.0000 0.0000
vt 1.0000 0.0000
vt 1.0000 3.5658
vt 0.0000 3.5658
vt 0.0000 0.0000
vt 1.0000 0.0000
vt 1.0000 3.5658
vt 0.0000 3.5658
vt 0.0000 0.0000
vt 1.0000 0.0000
vt 1.0000 3.5658
vt 0.0000 3.5658
vt 0.0000 0.0000
vt 1.0000 0.0000
vt 0.5000 1.0000
vt 0.0000 0.0000
vt 1.0000 0.0000
vt 0.5000 1.0000
vt 0.0000 0.0000
vt 1.0000 0.0000
vt 0.5000 1.0000
vt 0.0000 0.0000
vt 1.0000 0.0000
vt 0.5000 1.0000
vt 0.0000 0.0000
vt 1.0000 0.0000
vt 0.5000 1.0000
vt 0.0000 0.0000
vt 1.0000 0.0000
vt 0.5000 1.0000
vt 0.0000 0.0000
vt 1.0000 0.0000
vt 0.5000 1.0000
vt 0.0000 0.0000
vt 1.0000 0.0000
vt 0.5000 1.0000
vt 0.0000 0.0000
vt 1.0000 0.0000
vt 0.5000 1.0000
vt 0.0000 0.0000
vt 1.0000 0.0000
vt 0.5000 1.0000
vt 0.0000 0.0000
vt 1.0000 0.0000
vt 0.5000 1.0000
vt 0.0000 0.0000
vt 1.0000 0.0000
vt 0.5000 1.0000
vt 0.0000 0.0000
vt 1.0000 0.0000
vt 0.5000 1.0000
vt 0.0000 0.0000
vt 1.0000 0.0000
vt 0.5000 1.0000
vt 0.0000 0.0000
vt 1.0000 0.0000
vt 0.5000 1.0000
vt 0.0000 0.0000
vt 1.0000 0.0000
vt 0.5000 1.0000
vt 0.0000 0.0000
vt 1.0000 0.0000
vt 0.5000 1.0000
vt 0.0000 0.0000
vt 1.0000 0.0000
vt 0.5000 1.0000
vt 0.0000 0.0000
vt 1.0000 0.0000
vt 0.5000 1.0000
vt 0.0000 0.0000
vt 1.0000 0.0000
vt 0.5000 1.0000
vt 0.0000 0.0000
vt 1.0000 0.0000
vt 0.5000 1.0000
vt 0.0000 0.0000
vt 1.0000 0.0000
vt 0.5000 1.0000
vt 0.0000 0.0000
vt 1.0000 0.0000
vt 0.5000 1.0000
vt 0.0000 0.0000
vt 1.0000 0.0000
vt 0.5000 1.0000
vt 0.0000 0.0000
vt 1.0000 0.0000
vt 0.5000 1.0000
vt 0.0000 0.0000
vt 1.0000 0.0000
vt 0.5000 1.0000
vt 0.0000 0.0000
vt 1.0000 0.0000
vt 0.5000 1.0000
vt 0.0000 0.0000
vt 1.0000 0.0000
vt 0.5000 1.0000
vt 0.0000 0.0000
vt 1.0000 0.0000
vt 0.5000 1.0000
vt 0.0000 0.0000
vt 1.0000 0.0000
vt 0.5000 1.0000
vt 0.0000 0.0000
vt 1.0000 0.0000
vt 0.5000 1.0000
vt 0.0000 0.0000
vt 1.0000 0.0000
vt 0.5000 1.0000
vt 0.0000 0.0000
vt 1.0000 0.0000
vt 1.0000 2.5783
vt 0.0000 2.5783
vt 0.0000 0.0000
vt 1.0000 0.0000
vt 1.0000 2.5783
vt 0.0000 2.5783
vt 0.0000 0.0000
vt 1.0000 0.0000
vt 1.0000 2.5783
vt 0.0000 2.5783
vt 0.0000 0.0000
vt 1.0000 0.0000
vt 1.0000 2.5783
vt 0.0000 2.5783
vt 0.0000 0.0000
vt 1.0000 0.0000
vt 1.0000 2.5783
vt 0.0000 2.5783
vt 0.0000 0.0000
vt 1.0000 0.0000
vt 1.0000 2.5783
vt 0.0000 2.5783
vt 0.0000 0.0000
vt 1.0000 0.0000
vt 0.5000 1.0000
vt 1.0000 0.0000
vt 0.0000 0.0000
vt 0.5000 0.5000
vt 0.0000 0.0000
vt 1.0000 0.0000
vt 0.5000 1.0000
vt 1.0000 0.0000
vt 0.0000 0.0000
vt 0.5000 0.5000
vt 0.0000 0.0000
vt 1.0000 0.0000
vt 0.5000 1.0000
vt 1.0000 0.0000
vt 0.0000 0.0000
vt 0.5000 0.5000
vt 0.0000 0.0000
vt 1.0000 0.0000
vt 0.5000 1.0000
vt 1.0000 0.0000
vt 0.0000 0.0000
vt 0.5000 0.5000
vt 0.0000 0.0000
vt 1.0000 0.0000
vt 0.5000 1.0000
vt 1.0000 0.0000
vt 0.0000 0.0000
vt 0.5000 0.5000
vt 0.0000 0.0000
vt 1.0000 0.0000
vt 0.5000 1.0000
vt 1.0000 0.0000
vt 0.0000 0.0000
vt 0.5000 0.5000
vt 0.0000 0.0000
vt 1.0000 0.0000
vt 0.5000 1.0000
vt 1.0000 0.0000
vt 0.0000 0.0000
vt 0.5000 0.5000
vt 0.0000 0.0000
vt 1.0000 0.0000
vt 0.5000 1.0000
vt 1.0000 0.0000
vt 0.0000 0.0000
vt 0.5000 0.5000
vt 0.0000 0.0000
vt 1.0000 0.0000
vt 1.0000 3.3281
vt 0.0000 3.3281
vt 0.0000 0.0000
vt 1.0000 0.0000
vt 1.0000 3.3281
vt 0.0000 3.3281
vt 0.0000 0.0000
vt 1.0000 0.0000
vt 1.0000 3.3281
vt 0.0000 3.3281
vt 0.0000 0.0000
vt 1.0000 0.0000
vt 1.0000 3.3281
vt 0.0000 3.3281
vt 0.0000 0.0000
vt 1.0000 0.0000
vt 1.0000 3.3281
vt 0.0000 3.3281
vt 0.0000 0.0000
vt 1.0000 0.0000
vt 1.0000 3.3281
vt 0.0000 3.3281
vt 0.0000 0.0000
vt 1.0000 0.0000
vt 0.5000 1.0000
vt 0.0000 0.0000
vt 1.0000 0.0000
vt 0.5000 1.0000
vt 0.0000 0.0000
vt 1.0000 0.0000
vt 0.5000 1.0000
vt 0.0000 0.0000
vt 1.0000 0.0000
vt 0.5000 1.0000
vt 0.0000 0.0000
vt 1.0000 0.0000
vt 0.5000 1.0000
vt 0.0000 0.0000
vt 1.0000 0.0000
vt 0.5000 1.0000
vt 0.0000 0.0000
vt 1.0000 0.0000
vt 0.5000 1.0000
vt 0.0000 0.0000
vt 1.0000 0.0000
vt 0.5000 1.0000
vt 0.0000 0.0000
vt 1.0000 0.0000
vt 0.5000 1.0000
vt 0.0000 0.0000
vt 1.0000 0.0000
vt 0.5000 1.0000
vt 0.0000 0.0000
vt 1.0000 0.0000
vt 0.5000 1.0000
vt 0.0000 0.0000
vt 1.0000 0.0000
vt 0.5000 1.0000
vt 0.0000 0.0000
vt 1.0000 0.0000
vt 0.5000 1.0000
vt 0.0000 0.0000
vt 1.0000 0.0000
vt 0.5000 1.0000
vt 0.0000 0.0000
vt 1.0000 0.0000
vt 0.5000 1.0000
vt 0.0000 0.0000
vt 1.0000 0.0000
vt 0.5000 1.0000
vt 0.0000 0.0000
vt 1.0000 0.0000
vt 0.5000 1.0000
vt 0.0000 0.0000
vt 1.0000 0.0000
vt 0.5000 1.0000
vt 0.0000 0.0000
vt 1.0000 0.0000
vt 0.5000 1.0000
vt 0.0000 0.0000
vt 1.0000 0.0000
vt 0.5000 1.0000
vt 0.0000 0.0000
vt 1.0000 0.0000
vt 0.5000 1.0000
vt 0.0000 0.0000
vt 1.0000 0.0000
vt 0.5000 1.0000
vt 0.0000 0.0000
vt 1.0000 0.0000
vt 0.5000 1.0000
vt 0.0000 0.0000
vt 1.0000 0.0000
vt 0.5000 1.0000
vt 0.0000 0.0000
vt 1.0000 0.0000
vt 0.5000 1.0000
vt 0.0000 0.0000
vt 1.0000 0.0000
vt 0.5000 1.0000
vt 0.0000 0.0000
vt 1.0000 0.0000
vt 0.5000 1.0000
vt 0.0000 0.0000
vt 1.0000 0.0000
vt 0.5000 1.0000
vt 0.0000 0.0000
vt 1.0000 0.0000
vt 0.5000 1.0000
vt 0.0000 0.0000
vt 1.0000 0.0000
vt 0.5000 1.0000
vt 0.0000 0.0000
vt 1.0000 0.0000
vt 0.5000 1.0000
vt 0.0000 0.0000
vt 1.0000 0.0000
vt 0.5000 1.0000
vt 0.0000 0.0000
vt 1.0000 0.0000
vt 1.0000 2.2771
vt 0.0000 2.2771
vt 0.0000 0.0000
vt 1.0000 0.0000
vt 1.0000 2.2771
vt 0.0000 2.2771
vt 0.0000 0.0000
vt 1.0000 0.0000
vt 1.0000 2.2771
vt 0.0000 2.2771
vt 0.0000 0.0000
vt 1.0000 0.0000
vt 1.0000 2.2771
vt 0.0000 2.2771
vt 0.0000 0.0000
vt 1.0000 0.0000
vt 1.0000 2.2771
vt 0.0000 2.2771
vt 0.0000 0.0000
vt 1.0000 0.0000
vt 1.0000 2.2771
vt 0.0000 2.2771
vt 0.0000 0.0000
vt 1.0000 0.0000
vt 0.5000 1.0000
vt 1.0000 0.0000
vt 0.0000 0.0000
vt 0.5000 0.5000
vt 0.0000 0.0000
vt 1.0000 0.0000
vt 0.5000 1.0000
vt 1.0000 0.0000
vt 0.0000 0.0000
vt 0.5000 0.5000
vt 0.0000 0.0000
vt 1.0000 0.0000
vt 0.5000 1.0000
vt 1.0000 0.0000
vt 0.0000 0.0000
vt 0.5000 0.5000
vt 0.0000 0.0000
vt 1.0000 0.0000
vt 0.5000 1.0000
vt 1.0000 0.0000
vt 0.0000 0.0000
vt 0.5000 0.5000
vt 0.0000 0.0000
vt 1.0000 0.0000
vt 0.5000 1.0000
vt 1.0000 0.0000
vt 0.0000 0.0000
vt 0.5000 0.5000
vt 0.0000 0.0000
vt 1.0000 0.0000
vt 0.5000 1.0000
vt 1.0000 0.0000
vt 0.0000 0.0000
vt 0.5000 0.5000
vt 0.0000 0.0000
vt 1.0000 0.0000
vt 0.5000 1.0000
vt 1.0000 0.0000
vt 0.0000 0.0000
vt 0.5000 0.5000
vt 0.0000 0.0000
vt 1.0000 0.0000
vt 0.5000 1.0000
vt 1.0000 0.0000
vt 0.0000 0.0000
vt 0.5000 0.5000
vt 0.0000 0.0000
vt 1.0000 0.0000
vt 1.0000 3.2466
vt 0.0000 3.2466
vt 0.0000 0.0000
vt 1.0000 0.0000
vt 1.0000 3.2466
vt 0.0000 3.2466
vt 0.0000 0.0000
vt 1.0000 0.0000
vt 1.0000 3.2466
vt 0.0000 3.2466
vt 0.0000 0.0000
vt 1.0000 0.0000
vt 1.0000 3.2466
vt 0.0000 3.2466
vt 0.0000 0.0000
vt 1.0000 0.0000
vt 1.0000 3.2466
vt 0.0000 3.2466
vt 0.0000 0.0000
vt 1.0000 0.0000
vt 1.0000 3.2466
vt 0.0000 3.2466
vt 0.0000 0.0000
vt 1.0000 0.0000
vt 0.5000 1.0000
vt 1.0000 0.0000
vt 0.0000 0.0000
vt 0.5000 0.5000
vt 0.0000 0.0000
vt 1.0000 0.0000
vt 0.5000 1.0000
vt 1.0000 0.0000
vt 0.0000 0.0000
vt 0.5000 0.5000
vt 0.0000 0.0000
vt 1.0000 0.0000
vt 0.5000 1.0000
vt 1.0000 0.0000
vt 0.0000 0.0000
vt 0.5000 0.5000
vt 0.0000 0.0000
vt 1.0000 0.0000
vt 0.5000 1.0000
vt 1.0000 0.0000
vt 0.0000 0.0000
vt 0.5000 0.5000
vt 0.0000 0.0000
vt 1.0000 0.0000
vt 0.5000 1.0000
vt 1.0000 0.0000
vt 0.0000 0.0000
vt 0.5000 0.5000
vt 0.0000 0.0000
vt 1.0000 0.0000
vt 0.5000 1.0000
vt 1.0000 0.0000
vt 0.0000 0.0000
vt 0.5000 0.5000
vt 0.0000 0.0000
vt 1.0000 0.0000
vt 0.5000 1.0000
vt 1.0000 0.0000
vt 0.0000 0.0000
vt 0.5000 0.5000
vt 0.0000 0.0000
vt 1.0000 0.0000
vt 0.5000 1.0000
vt 1.0000 0.0000
vt 0.0000 0.0000
vt 0.5000 0.5000
vt 0.0000 0.0000
vt 1.0000 0.0000
vt 1.0000 2.3552
vt 0.0000 2.3552
vt 0.0000 0.0000
vt 1.0000 0.0000
vt 1.0000 2.3552
vt 0.0000 2.3552
vt 0.0000 0.0000
vt 1.0000 0.0000
vt 1.0000 2.3552
vt 0.0000 2.3552
vt 0.0000 0.0000
vt 1.0000 0.0000
vt 1.0000 2.3552
vt 0.0000 2.3552
vt 0.0000 0.0000
vt 1.0000 0.0000
vt 1.0000 2.3552
vt 0.0000 2.3552
vt 0.0000 0.0000
vt 1.0000 0.0000
vt 1.0000 2.3552
vt 0.0000 2.3552
vt 0.0000 0.0000
vt 1.0000 0.0000
vt 0.5000 1.0000
vt 1.0000 0.0000
vt 0.0000 0.0000
vt 0.5000 0.5000
vt 0.0000 0.0000
vt 1.0000 0.0000
vt 0.5000 1.0000
vt 1.0000 0.0000
vt 0.0000 0.0000
vt 0.5000 0.5000
vt 0.0000 0.0000
vt 1.0000 0.0000
vt 0.5000 1.0000
vt 1.0000 0.0000
vt 0.0000 0.0000
vt 0.5000 0.5000
vt 0.0000 0.0000
vt 1.0000 0.0000
vt 0.5000 1.0000
vt 1.0000 0.0000
vt 0.0000 0.0000
vt 0.5000 0.5000
vt 0.0000 0.0000
vt 1.0000 0.0000
vt 0.5000 1.0000
vt 1.0000 0.0000
vt 0.0000 0.0000
vt 0.5000 0.5000
vt 0.0000 0.0000
vt 1.0000 0.0000
vt 0.5000 1.0000
vt 1.0000 0.0000
vt 0.0000 0.0000
vt 0.5000 0.5000
vt 0.0000 0.0000
vt 1.0000 0.0000
vt 0.5000 1.0000
vt 1.0000 0.0000
vt 0.0000 0.0000
vt 0.5000 0.5000
vt 0.0000 0.0000
vt 1.0000 0.0000
vt 0.5000 1.0000
vt 1.0000 0.0000
vt 0.0000 0.0000
vt 0.5000 0.5000
vt 0.0000 0.0000
vt 1.0000 0.0000
vt 1.0000 3.7198
vt 0.0000 3.7198
vt 0.0000 0.0000
vt 1.0000 0.0000
vt 1.0000 3.7198
vt 0.0000 3.7198
vt 0.0000 0.0000
vt 1.0000 0.0000
vt 1.0000 3.7198
vt 0.0000 3.7198
vt 0.0000 0.0000
vt 1.0000 0.0000
vt 1.0000 3.7198
vt 0.0000 3.7198
vt 0.0000 0.0000
vt 1.0000 0.0000
vt 1.0000 3.7198
vt 0.0000 3.7198
vt 0.0000 0.0000
vt 1.0000 0.0000
vt 1.0000 3.7198
vt 0.0000 3.7198
vt 0.0000 0.0000
vt 1.0000 0.0000
vt 0.5000 1.0000
vt 1.0000 0.0000
vt 0.0000 0.0000
vt 0.5000 0.5000
vt 0.0000 0.0000
vt 1.0000 0.0000
vt 0.5000 1.0000
vt 1.0000 0.0000
vt 0.0000 0.0000
vt 0.5000 0.5000
vt 0.0000 0.0000
vt 1.0000 0.0000
vt 0.5000 1.0000
vt 1.0000 0.0000
vt 0.0000 0.0000
vt 0.5000 0.5000
vt 0.0000 0.0000
vt 1.0000 0.0000
vt 0.5000 1.0000
vt 1.0000 0.0000
vt 0.0000 0.0000
vt 0.5000 0.5000
vt 0.0000 0.0000
vt 1.0000 0.0000
vt 0.5000 1.0000
vt 1.0000 0.0000
vt 0.0000 0.0000
vt 0.5000 0.5000
vt 0.0000 0.0000
vt 1.0000 0.0000
vt 0.5000 1.0000
vt 1.0000 0.0000
vt 0.0000 0.0000
vt 0.5000 0.5000
vt 0.0000 0.0000
vt 1.0000 0.0000
vt 0.5000 1.0000
vt 1.0000 0.0000
vt 0.0000 0.0000
vt 0.5000 0.5000
vt 0.0000 0.0000
vt 1.0000 0.0000
vt 0.5000 1.0000
vt 1.0000 0.0000
vt 0.0000 0.0000
vt 0.5000 0.5000
vt 0.0000 0.0000
vt 1.0000 0.0000
vt 1.0000 2.9028
vt 0.0000 2.9028
vt 0.0000 0.0000
vt 1.0000 0.0000
vt 1.0000 2.9028
vt 0.0000 2.9028
vt 0.0000 0.0000
vt 1.0000 0.0000
vt 1.0000 2.9028
vt 0.0000 2.9028
vt 0.0000 0.0000
vt 1.0000 0.0000
vt 1.0000 2.9028
vt 0.0000 2.9028
vt 0.0000 0.0000
vt 1.0000 0.0000
vt 1.0000 2.9028
vt 0.0000 2.9028
vt 0.0000 0.0000
vt 1.0000 0.0000
vt 1.0000 2.9028
vt 0.0000 2.9028
vt 0.0000 0.0000
vt 1.0000 0.0000
vt 0.5000 1.0000
vt 1.0000 0.0000
vt 0.0000 0.0000
vt 0.5000 0.5000
vt 0.0000 0.0000
vt 1.0000 0.0000
vt 0.5000 1.0000
vt 1.0000 0.0000
vt 0.0000 0.0000
vt 0.5000 0.5000
vt 0.0000 0.0000
vt 1.0000 0.0000
vt 0.5000 1.0000
vt 1.0000 0.0000
vt 0.0000 0.0000
vt 0.5000 0.5000
vt 0.0000 0.0000
vt 1.0000 0.0000
vt 0.5000 1.0000
vt 1.0000 0.0000
vt 0.0000 0.0000
vt 0.5000 0.5000
vt 0.0000 0.0000
vt 1.0000 0.0000
vt 0.5000 1.0000
vt 1.0000 0.0000
vt 0.0000 0.0000
vt 0.5000 0.5000
vt 0.0000 0.0000
vt 1.0000 0.0000
vt 0.5000 1.0000
vt 1.0000 0.0000
vt 0.0000 0.0000
vt 0.5000 0.5000
vt 0.0000 0.0000
vt 1.0000 0.0000
vt 0.5000 1.0000
vt 1.0000 0.0000
vt 0.0000 0.0000
vt 0.5000 0.5000
vt 0.0000 0.0000
vt 1.0000 0.0000
vt 0.5000 1.0000
vt 1.0000 0.0000
vt 0.0000 0.0000
vt 0.5000 0.5000
vt 0.0000 0.0000
vt 1.0000 0.0000
vt 1.0000 2.3593
vt 0.0000 2.3593
vt 0.0000 0.0000
vt 1.0000 0.0000
vt 1.0000 2.3593
vt 0.0000 2.3593
vt 0.0000 0.0000
vt 1.0000 0.0000
vt 1.0000 2.3593
vt 0.0000 2.3593
vt 0.0000 0.0000
vt 1.0000 0.0000
vt 1.0000 2.3593
vt 0.0000 2.3593
vt 0.0000 0.0000
vt 1.0000 0.0000
vt 1.0000 2.3593
vt 0.0000 2.3593
vt 0.0000 0.0000
vt 1.0000 0.0000
vt 1.0000 2.3593
vt 0.0000 2.3593
vt 0.0000 0.0000
vt 1.0000 0.0000
vt 0.5000 1.0000
vt 0.0000 0.0000
vt 1.0000 0.0000
vt 0.5000 1.0000
vt 0.0000 0.0000
vt 1.0000 0.0000
vt 0.5000 1.0000
vt 0.0000 0.0000
vt 1.0000 0.0000
vt 0.5000 1.0000
vt 0.0000 0.0000
vt 1.0000 0.0000
vt 0.5000 1.0000
vt 0.0000 0.0000
vt 1.0000 0.0000
vt 0.5000 1.0000
vt 0.0000 0.0000
vt 1.0000 0.0000
vt 0.5000 1.0000
vt 0.0000 0.0000
vt 1.0000 0.0000
vt 0.5000 1.0000
vt 0.0000 0.0000
vt 1.0000 0.0000
vt 0.5000 1.0000
vt 0.0000 0.0000
vt 1.0000 0.0000
vt 0.5000 1.0000
vt 0.0000 0.0000
vt 1.0000 0.0000
vt 0.5000 1.0000
vt 0.0000 0.0000
vt 1.0000 0.0000
vt 0.5000 1.0000
vt 0.0000 0.0000
vt 1.0000 0.0000
vt 0.5000 1.0000
vt 0.0000 0.0000
vt 1.0000 0.0000
vt 0.5000 1.0000
vt 0.0000 0.0000
vt 1.0000 0.0000
vt 0.5000 1.0000
vt 0.0000 0.0000
vt 1.0000 0.0000
vt 0.5000 1.0000
vt 0.0000 0.0000
vt 1.0000 0.0000
vt 0.5000 1.0000
vt 0.0000 0.0000
vt 1.0000 0.0000
vt 0.5000 1.0000
vt 0.0000 0.0000
vt 1.0000 0.0000
vt 0.5000 1.0000
vt 0.0000 0.0000
vt 1.0000 0.0000
vt 0.5000 1.0000
vt 0.0000 0.0000
vt 1.0000 0.0000
vt 0.5000 1.0000
vt 0.0000 0.0000
vt 1.0000 0.0000
vt 0.5000 1.0000
vt 0.0000 0.0000
vt 1.0000 0.0000
vt 0.5000 1.0000
vt 0.0000 0.0000
vt 1.0000 0.0000
vt 0.5000 1.0000
vt 0.0000 0.0000
vt 1.0000 0.0000
vt 0.5000 1.0000
vt 0.0000 0.0000
vt 1.0000 0.0000
vt 0.5000 1.0000
vt 0.0000 0.0000
vt 1.0000 0.0000
vt 0.5000 1.0000
vt 0.0000 0.0000
vt 1.0000 0.0000
vt 0.5000 1.0000
vt 0.0000 0.0000
vt 1.0000 0.0000
vt 0.5000 1.0000
vt 0.0000 0.0000
vt 1.0000 0.0000
vt 0.5000 1.0000
vt 0.0000 0.0000
vt 1.0000 0.0000
vt 0.5000 1.0000
vt 0.0000 0.0000
vt 1.0000 0.0000
vt 0.5000 1.0000
vt 0.0000 0.0000
vt 1.0000 0.0000
vt 1.0000 3.8385
vt 0.0000 3.8385
vt 0.0000 0.0000
vt 1.0000 0.0000
vt 1.0000 3.8385
vt 0.0000 3.8385
vt 0.0000 0.0000
vt 1.0000 0.0000
vt 1.0000 3.8385
vt 0.0000 3.8385
vt 0.0000 0.0000
vt 1.0000 0.0000
vt 1.0000 3.8385
vt 0.0000 3.8385
vt 0.0000 0.0000
vt 1.0000 0.0000
vt 1.0000 3.8385
vt 0.0000 3.8385
vt 0.0000 0.0000
vt 1.0000 0.0000
vt 1.0000 3.8385
vt 0.0000 3.8385
vt 0.0000 0.0000
vt 1.0000 0.0000
vt 0.5000 1.0000
vt 0.0000 0.0000
vt 1.0000 0.0000
vt 0.5000 1.0000
vt 0.0000 0.0000
vt 1.0000 0.0000
vt 0.5000 1.0000
vt 0.0000 0.0000
vt 1.0000 0.0000
vt 0.5000 1.0000
vt 0.0000 0.0000
vt 1.0000 0.0000
vt 0.5000 1.0000
vt 0.0000 0.0000
vt 1.0000 0.0000
vt 0.5000 1.0000
vt 0.0000 0.0000
vt 1.0000 0.0000
vt 0.5000 1.0000
vt 0.0000 0.0000
vt 1.0000 0.0000
vt 0.5000 1.0000
vt 0.0000 0.0000
vt 1.0000 0.0000
vt 0.5000 1.0000
vt 0.0000 0.0000
vt 1.0000 0.0000
vt 0.5000 1.0000
vt 0.0000 0.0000
vt 1.0000 0.0000
vt 0.5000 1.0000
vt 0.0000 0.0000
vt 1.0000 0.0000
vt 0.5000 1.0000
vt 0.0000 0.0000
vt 1.0000 0.0000
vt 0.5000 1.0000
vt 0.0000 0.0000
vt 1.0000 0.0000
vt 0.5000 1.0000
vt 0.0000 0.0000
vt 1.0000 0.0000
vt 0.5000 1.0000
vt 0.0000 0.0000
vt 1.0000 0.0000
vt 0.5000 1.0000
vt 0.0000 0.0000
vt 1.0000 0.0000
vt 0.5000 1.0000
vt 0.0000 0.0000
vt 1.0000 0.0000
vt 0.5000 1.0000
vt 0.0000 0.0000
vt 1.0000 0.0000
vt 0.5000 1.0000
vt 0.0000 0.0000
vt 1.0000 0.0000
vt 0.5000 1.0000
vt 0.0000 0.0000
vt 1.0000 0.0000
vt 0.5000 1.0000
vt 0.0000 0.0000
vt 1.0000 0.0000
vt 0.5000 1.0000
vt 0.0000 0.0000
vt 1.0000 0.0000
vt 0.5000 1.0000
vt 0.0000 0.0000
vt 1.0000 0.0000
vt 0.5000 1.0000
vt 0.0000 0.0000
vt 1.0000 0.0000
vt 0.5000 1.0000
vt 0.0000 0.0000
vt 1.0000 0.0000
vt 0.5000 1.0000
vt 0.0000 0.0000
vt 1.0000 0.0000
vt 0.5000 1.0000
vt 0.0000 0.0000
vt 1.0000 0.0000
vt 0.5000 1.0000
vt 0.0000 0.0000
vt 1.0000 0.0000
vt 0.5000 1.0000
vt 0.0000 0.0000
vt 1.0000 0.0000
vt 0.5000 1.0000
vt 0.0000 0.0000
vt 1.0000 0.0000
vt 0.5000 1.0000
vt 0.0000 0.0000
vt 1.0000 0.0000
vt 0.5000 1.0000
vt 0.0000 0.0000
vt 1.0000 0.0000
vt 1.0000 3.8240
vt 0.0000 3.8240
vt 0.0000 0.0000
vt 1.0000 0.0000
vt 1.0000 3.8240
vt 0.0000 3.8240
vt 0.0000 0.0000
vt 1.0000 0.0000
vt 1.0000 3.8240
vt 0.0000 3.8240
vt 0.0000 0.0000
vt 1.0000 0.0000
vt 1.0000 3.8240
vt 0.0000 3.8240
vt 0.0000 0.0000
vt 1.0000 0.0000
vt 1.0000 3.8240
vt 0.0000 3.8240
vt 0.0000 0.0000
vt 1.0000 0.0000
vt 1.0000 3.8240
vt 0.0000 3.8240
vt 0.0000 0.0000
vt 1.0000 0.0000
vt 0.5000 1.0000
vt 0.0000 0.0000
vt 1.0000 0.0000
vt 0.5000 1.0000
vt 0.0000 0.0000
vt 1.0000 0.0000
vt 0.5000 1.0000
vt 0.0000 0.0000
vt 1.0000 0.0000
vt 0.5000 1.0000
vt 0.0000 0.0000
vt 1.0000 0.0000
vt 0.5000 1.0000
vt 0.0000 0.0000
vt 1.0000 0.0000
vt 0.5000 1.0000
vt 0.0000 0.0000
vt 1.0000 0.0000
vt 0.5000 1.0000
vt 0.0000 0.0000
vt 1.0000 0.0000
vt 0.5000 1.0000
vt 0.0000 0.0000
vt 1.0000 0.0000
vt 0.5000 1.0000
vt 0.0000 0.0000
vt 1.0000 0.0000
vt 0.5000 1.0000
vt 0.0000 0.0000
vt 1.0000 0.0000
vt 0.5000 1.0000
vt 0.0000 0.0000
vt 1.0000 0.0000
vt 0.5000 1.0000
vt 0.0000 0.0000
vt 1.0000 0.0000
vt 0.5000 1.0000
vt 0.0000 0.0000
vt 1.0000 0.0000
vt 0.5000 1.0000
vt 0.0000 0.0000
vt 1.0000 0.0000
vt 0.5000 1.0000
vt 0.0000 0.0000
vt 1.0000 0.0000
vt 0.5000 1.0000
vt 0.0000 0.0000
vt 1.0000 0.0000
vt 0.5000 1.0000
vt 0.0000 0.0000
vt 1.0000 0.0000
vt 0.5000 1.0000
vt 0.0000 0.0000
vt 1.0000 0.0000
vt 0.5000 1.0000
vt 0.0000 0.0000
vt 1.0000 0.0000
vt 0.5000 1.0000
vt 0.0000 0.0000
vt 1.0000 0.0000
vt 0.5000 1.0000
vt 0.0000 0.0000
vt 1.0000 0.0000
vt 0.5000 1.0000
vt 0.0000 0.0000
vt 1.0000 0.0000
vt 0.5000 1.0000
vt 0.0000 0.0000
vt 1.0000 0.0000
vt 0.5000 1.0000
vt 0.0000 0.0000
vt 1.0000 0.0000
vt 0.5000 1.0000
vt 0.0000 0.0000
vt 1.0000 0.0000
vt 0.5000 1.0000
vt 0.0000 0.0000
vt 1.0000 0.0000
vt 0.5000 1.0000
vt 0.0000 0.0000
vt 1.0000 0.0000
vt 0.5000 1.0000
vt 0.0000 0.0000
vt 1.0000 0.0000
vt 0.5000 1.0000
vt 0.0000 0.0000
vt 1.0000 0.0000
vt 0.5000 1.0000
vt 0.0000 0.0000
vt 1.0000 0.0000
vt 0.5000 1.0000
vt 0.0000 0.0000
vt 1.0000 0.0000
vt 0.5000 1.0000
vt 0.0000 0.0000
vt 1.0000 0.0000
vt 1.0000 2.5312
vt 0.0000 2.5312
vt 0.0000 0.0000
vt 1.0000 0.0000
vt 1.0000 2.5312
vt 0.0000 2.5312
vt 0.0000 0.0000
vt 1.0000 0.0000
vt 1.0000 2.5312
vt 0.0000 2.5312
vt 0.0000 0.0000
vt 1.0000 0.0000
vt 1.0000 2.5312
vt 0.0000 2.5312
vt 0.0000 0.0000
vt 1.0000 0.0000
vt 1.0000 2.5312
vt 0.0000 2.5312
vt 0.0000 0.0000
vt 1.0000 0.0000
vt 1.0000 2.5312
vt 0.0000 2.5312
vt 0.0000 0.0000
vt 1.0000 0.0000
vt 0.5000 1.0000
vt 1.0000 0.0000
vt 0.0000 0.0000
vt 0.5000 0.5000
vt 0.0000 0.0000
vt 1.0000 0.0000
vt 0.5000 1.0000
vt 1.0000 0.0000
vt 0.0000 0.0000
vt 0.5000 0.5000
vt 0.0000 0.0000
vt 1.0000 0.0000
vt 0.5000 1.0000
vt 1.0000 0.0000
vt 0.0000 0.0000
vt 0.5000 0.5000
vt 0.0000 0.0000
vt 1.0000 0.0000
vt 0.5000 1.0000
vt 1.0000 0.0000
vt 0.0000 0.0000
vt 0.5000 0.5000
vt 0.0000 0.0000
vt 1.0000 0.0000
vt 0.5000 1.0000
vt 1.0000 0.0000
vt 0.0000 0.0000
vt 0.5000 0.5000
vt 0.0000 0.0000
vt 1.0000 0.0000
vt 0.5000 1.0000
vt 1.0000 0.0000
vt 0.0000 0.0000
vt 0.5000 0.5000
vt 0.0000 0.0000
vt 1.0000 0.0000
vt 0.5000 1.0000
vt 1.0000 0.0000
vt 0.0000 0.0000
vt 0.5000 0.5000
vt 0.0000 0.0000
vt 1.0000 0.0000
vt 0.5000 1.0000
vt 1.0000 0.0000
vt 0.0000 0.0000
vt 0.5000 0.5000
vt 0.0000 0.0000
vt 1.0000 0.0000
vt 1.0000 3.4835
vt 0.0000 3.4835
vt 0.0000 0.0000
vt 1.0000 0.0000
vt 1.0000 3.4835
vt 0.0000 3.4835
vt 0.0000 0.0000
vt 1.0000 0.0000
vt 1.0000 3.4835
vt 0.0000 3.4835
vt 0.0000 0.0000
vt 1.0000 0.0000
vt 1.0000 3.4835
vt 0.0000 3.4835
vt 0.0000 0.0000
vt 1.0000 0.0000
vt 1.0000 3.4835
vt 0.0000 3.4835
vt 0.0000 0.0000
vt 1.0000 0.0000
vt 1.0000 3.4835
vt 0.0000 3.4835
vt 0.0000 0.0000
vt 1.0000 0.0000
vt 0.5000 1.0000
vt 0.0000 0.0000
vt 1.0000 0.0000
vt 0.5000 1.0000
vt 0.0000 0.0000
vt 1.0000 0.0000
vt 0.5000 1.0000
vt 0.0000 0.0000
vt 1.0000 0.0000
vt 0.5000 1.0000
vt 0.0000 0.0000
vt 1.0000 0.0000
vt 0.5000 1.0000
vt 0.0000 0.0000
vt 1.0000 0.0000
vt 0.5000 1.0000
vt 0.0000 0.0000
vt 1.0000 0.0000
vt 0.5000 1.0000
vt 0.0000 0.0000
vt 1.0000 0.0000
vt 0.5000 1.0000
vt 0.0000 0.0000
vt 1.0000 0.0000
vt 0.5000 1.0000
vt 0.0000 0.0000
vt 1.0000 0.0000
vt 0.5000 1.0000
vt 0.0000 0.0000
vt 1.0000 0.0000
vt 0.5000 1.0000
vt 0.0000 0.0000
vt 1.0000 0.0000
vt 0.5000 1.0000
vt 0.0000 0.0000
vt 1.0000 0.0000
vt 0.5000 1.0000
vt 0.0000 0.0000
vt 1.0000 0.0000
vt 0.5000 1.0000
vt 0.0000 0.0000
vt 1.0000 0.0000
vt 0.5000 1.0000
vt 0.0000 0.0000
vt 1.0000 0.0000
vt 0.5000 1.0000
vt 0.0000 0.0000
vt 1.0000 0.0000
vt 0.5000 1.0000
vt 0.0000 0.0000
vt 1.0000 0.0000
vt 0.5000 1.0000
vt 0.0000 0.0000
vt 1.0000 0.0000
vt 0.5000 1.0000
vt 0.0000 0.0000
vt 1.0000 0.0000
vt 0.5000 1.0000
vt 0.0000 0.0000
vt 1.0000 0.0000
vt 0.5000 1.0000
vt 0.0000 0.0000
vt 1.0000 0.0000
vt 0.5000 1.0000
vt 0.0000 0.0000
vt 1.0000 0.0000
vt 0.5000 1.0000
vt 0.0000 0.0000
vt 1.0000 0.0000
vt 0.5000 1.0000
vt 0.0000 0.0000
vt 1.0000 0.0000
vt 0.5000 1.0000
vt 0.0000 0.0000
vt 1.0000 0.0000
vt 0.5000 1.0000
vt 0.0000 0.0000
vt 1.0000 0.0000
vt 0.5000 1.0000
vt 0.0000 0.0000
vt 1.0000 0.0000
vt 0.5000 1.0000
vt 0.0000 0.0000
vt 1.0000 0.0000
vt 0.5000 1.0000
vt 0.0000 0.0000
vt 1.0000 0.0000
vt 0.5000 1.0000
vt 0.0000 0.0000
vt 1.0000 0.0000
vt 0.5000 1.0000
vt 0.0000 0.0000
vt 1.0000 0.0000
vt 0.5000 1.0000
vt 0.0000 0.0000
vt 1.0000 0.0000
vt 1.0000 3.8106
vt 0.0000 3.8106
vt 0.0000 0.0000
vt 1.0000 0.0000
vt 1.0000 3.8106
vt 0.0000 3.8106
vt 0.0000 0.0000
vt 1.0000 0.0000
vt 1.0000 3.8106
vt 0.0000 3.8106
vt 0.0000 0.0000
vt 1.0000 0.0000
vt 1.0000 3.8106
vt 0.0000 3.8106
vt 0.0000 0.0000
vt 1.0000 0.0000
vt 1.0000 3.8106
vt 0.0000 3.8106
vt 0.0000 0.0000
vt 1.0000 0.0000
vt 1.0000 3.8106
vt 0.0000 3.8106
vt 0.0000 0.0000
vt 1.0000 0.0000
vt 0.5000 1.0000
vt 1.0000 0.0000
vt 0.0000 0.0000
vt 0.5000 0.5000
vt 0.0000 0.0000
vt 1.0000 0.0000
vt 0.5000 1.0000
vt 1.0000 0.0000
vt 0.0000 0.0000
vt 0.5000 0.5000
vt 0.0000 0.0000
vt 1.0000 0.0000
vt 0.5000 1.0000
vt 1.0000 0.0000
vt 0.0000 0.0000
vt 0.5000 0.5000
vt 0.0000 0.0000
vt 1.0000 0.0000
vt 0.5000 1.0000
vt 1.0000 0.0000
vt 0.0000 0.0000
vt 0.5000 0.5000
vt 0.0000 0.0000
vt 1.0000 0.0000
vt 0.5000 1.0000
vt 1.0000 0.0000
vt 0.0000 0.0000
vt 0.5000 0.5000
vt 0.0000 0.0000
vt 1.0000 0.0000
vt 0.5000 1.0000
vt 1.0000 0.0000
vt 0.0000 0.0000
vt 0.5000 0.5000
vt 0.0000 0.0000
vt 1.0000 0.0000
vt 0.5000 1.0000
vt 1.0000 0.0000
vt 0.0000 0.0000
vt 0.5000 0.5000
vt 0.0000 0.0000
vt 1.0000 0.0000
vt 0.5000 1.0000
vt 1.0000 0.0000
vt 0.0000 0.0000
vt 0.5000 0.5000
vt 0.0000 0.0000
vt 1.0000 0.0000
vt 1.0000 2.4021
vt 0.0000 2.4021
vt 0.0000 0.0000
vt 1.0000 0.0000
vt 1.0000 2.4021
vt 0.0000 2.4021
vt 0.0000 0.0000
vt 1.0000 0.0000
vt 1.0000 2.4021
vt 0.0000 2.4021
vt 0.0000 0.0000
vt 1.0000 0.0000
vt 1.0000 2.4021
vt 0.0000 2.4021
vt 0.0000 0.0000
vt 1.0000 0.0000
vt 1.0000 2.4021
vt 0.0000 2.4021
vt 0.0000 0.0000
vt 1.0000 0.0000
vt 1.0000 2.4021
vt 0.0000 2.4021
vt 0.0000 0.0000
vt 1.0000 0.0000
vt 0.5000 1.0000
vt 0.0000 0.0000
vt 1.0000 0.0000
vt 0.5000 1.0000
vt 0.0000 0.0000
vt 1.0000 0.0000
vt 0.5000 1.0000
vt 0.0000 0.0000
vt 1.0000 0.0000
vt 0.5000 1.0000
vt 0.0000 0.0000
vt 1.0000 0.0000
vt 0.5000 1.0000
vt 0.0000 0.0000
vt 1.0000 0.0000
vt 0.5000 1.0000
vt 0.0000 0.0000
vt 1.0000 0.0000
vt 0.5000 1.0000
vt 0.0000 0.0000
vt 1.0000 0.0000
vt 0.5000 1.0000
vt 0.0000 0.0000
vt 1.0000 0.0000
vt 0.5000 1.0000
vt 0.0000 0.0000
vt 1.0000 0.0000
vt 0.5000 1.0000
vt 0.0000 0.0000
vt 1.0000 0.0000
vt 0.5000 1.0000
vt 0.0000 0.0000
vt 1.0000 0.0000
vt 0.5000 1.0000
vt 0.0000 0.0000
vt 1.0000 0.0000
vt 0.5000 1.0000
vt 0.0000 0.0000
vt 1.0000 0.0000
vt 0.5000 1.0000
vt 0.0000 0.0000
vt 1.0000 0.0000
vt 0.5000 1.0000
vt 0.0000 0.0000
vt 1.0000 0.0000
vt 0.5000 1.0000
vt 0.0000 0.0000
vt 1.0000 0.0000
vt 0.5000 1.0000
vt 0.0000 0.0000
vt 1.0000 0.0000
vt 0.5000 1.0000
vt 0.0000 0.0000
vt 1.0000 0.0000
vt 0.5000 1.0000
vt 0.0000 0.0000
vt 1.0000 0.0000
vt 0.5000 1.0000
vt 0.0000 0.0000
vt 1.0000 0.0000
vt 0.5000 1.0000
vt 0.0000 0.0000
vt 1.0000 0.0000
vt 0.5000 1.0000
vt 0.0000 0.0000
vt 1.0000 0.0000
vt 0.5000 1.0000
vt 0.0000 0.0000
vt 1.0000 0.0000
vt 0.5000 1.0000
vt 0.0000 0.0000
vt 1.0000 0.0000
vt 0.5000 1.0000
vt 0.0000 0.0000
vt 1.0000 0.0000
vt 0.5000 1.0000
vt 0.0000 0.0000
vt 1.0000 0.0000
vt 0.5000 1.0000
vt 0.0000 0.0000
vt 1.0000 0.0000
vt 0.5000 1.0000
vt 0.0000 0.0000
vt 1.0000 0.0000
vt 0.5000 1.0000
vt 0.0000 0.0000
vt 1.0000 0.0000
vt 0.5000 1.0000
vt 0.0000 0.0000
vt 1.0000 0.0000
vt 0.5000 1.0000
vt 0.0000 0.0000
vt 1.0000 0.0000
vt 0.5000 1.0000
vt 0.0000 0.0000
vt 1.0000 0.0000
vt 1.0000 3.6790
vt 0.0000 3.6790
vt 0.0000 0.0000
vt 1.0000 0.0000
vt 1.0000 3.6790
vt 0.0000 3.6790
vt 0.0000 0.0000
vt 1.0000 0.0000
vt 1.0000 3.6790
vt 0.0000 3.6790
vt 0.0000 0.0000
vt 1.0000 0.0000
vt 1.0000 3.6790
vt 0.0000 3.6790
vt 0.0000 0.0000
vt 1.0000 0.0000
vt 1.0000 3.6790
vt 0.0000 3.6790
vt 0.0000 0.0000
vt 1.0000 0.0000
vt 1.0000 3.6790
vt 0.0000 3.6790
vt 0.0000 0.0000
vt 1.0000 0.0000
vt 0.5000 1.0000
vt 1.0000 0.0000
vt 0.0000 0.0000
vt 0.5000 0.5000
vt 0.0000 0.0000
vt 1.0000 0.0000
vt 0.5000 1.0000
vt 1.0000 0.0000
vt 0.0000 0.0000
vt 0.5000 0.5000
vt 0.0000 0.0000
vt 1.0000 0.0000
vt 0.5000 1.0000
vt 1.0000 0.0000
vt 0.0000 0.0000
vt 0.5000 0.5000
vt 0.0000 0.0000
vt 1.0000 0.0000
vt 0.5000 1.0000
vt 1.0000 0.0000
vt 0.0000 0.0000
vt 0.5000 0.5000
vt 0.0000 0.0000
vt 1.0000 0.0000
vt 0.5000 1.0000
vt 1.0000 0.0000
vt 0.0000 0.0000
vt 0.5000 0.5000
vt 0.0000 0.0000
vt 1.0000 0.0000
vt 0.5000 1.0000
vt 1.0000 0.0000
vt 0.0000 0.0000
vt 0.5000 0.5000
vt 0.0000 0.0000
vt 1.0000 0.0000
vt 0.5000 1.0000
vt 1.0000 0.0000
vt 0.0000 0.0000
vt 0.5000 0.5000
vt 0.0000 0.0000
vt 1.0000 0.0000
vt 0.5000 1.0000
vt 1.0000 0.0000
vt 0.0000 0.0000
vt 0.5000 0.5000
vt 0.0000 0.0000
vt 1.0000 0.0000
vt 1.0000 3.0114
vt 0.0000 3.0114
vt 0.0000 0.0000
vt 1.0000 0.0000
vt 1.0000 3.0114
vt 0.0000 3.0114
vt 0.0000 0.0000
vt 1.0000 0.0000
vt 1.0000 3.0114
vt 0.0000 3.0114
vt 0.0000 0.0000
vt 1.0000 0.0000
vt 1.0000 3.0114
vt 0.0000 3.0114
vt 0.0000 0.0000
vt 1.0000 0.0000
vt 1.0000 3.0114
vt 0.0000 3.0114
vt 0.0000 0.0000
vt 1.0000 0.0000
vt 1.0000 3.0114
vt 0.0000 3.0114
vt 0.0000 0.0000
vt 1.0000 0.0000
vt 0.5000 1.0000
vt 1.0000 0.0000
vt 0.0000 0.0000
vt 0.5000 0.5000
vt 0.0000 0.0000
vt 1.0000 0.0000
vt 0.5000 1.0000
vt 1.0000 0.0000
vt 0.0000 0.0000
vt 0.5000 0.5000
vt 0.0000 0.0000
vt 1.0000 0.0000
vt 0.5000 1.0000
vt 1.0000 0.0000
vt 0.0000 0.0000
vt 0.5000 0.5000
vt 0.0000 0.0000
vt 1.0000 0.0000
vt 0.5000 1.0000
vt 1.0000 0.0000
vt 0.0000 0.0000
vt 0.5000 0.5000
vt 0.0000 0.0000
vt 1.0000 0.0000
vt 0.5000 1.0000
vt 1.0000 0.0000
vt 0.0000 0.0000
vt 0.5000 0.5000
vt 0.0000 0.0000
vt 1.0000 0.0000
vt 0.5000 1.0000
vt 1.0000 0.0000
vt 0.0000 0.0000
vt 0.5000 0.5000
vt 0.0000 0.0000
vt 1.0000 0.0000
vt 0.5000 1.0000
vt 1.0000 0.0000
vt 0.0000 0.0000
vt 0.5000 0.5000
vt 0.0000 0.0000
vt 1.0000 0.0000
vt 0.5000 1.0000
vt 1.0000 0.0000
vt 0.0000 0.0000
vt 0.5000 0.5000
vt 0.0000 0.0000
vt 1.0000 0.0000
vt 1.0000 3.5123
vt 0.0000 3.5123
vt 0.0000 0.0000
vt 1.0000 0.0000
vt 1.0000 3.5123
vt 0.0000 3.5123
vt 0.0000 0.0000
vt 1.0000 0.0000
vt 1.0000 3.5123
vt 0.0000 3.5123
vt 0.0000 0.0000
vt 1.0000 0.0000
vt 1.0000 3.5123
vt 0.0000 3.5123
vt 0.0000 0.0000
vt 1.0000 0.0000
vt 1.0000 3.5123
vt 0.0000 3.5123
vt 0.0000 0.0000
vt 1.0000 0.0000
vt 1.0000 3.5123
vt 0.0000 3.5123
vt 0.0000 0.0000
vt 1.0000 0.0000
vt 0.5000 1.0000
vt 0.0000 0.0000
vt 1.0000 0.0000
vt 0.5000 1.0000
vt 0.0000 0.0000
vt 1.0000 0.0000
vt 0.5000 1.0000
vt 0.0000 0.0000
vt 1.0000 0.0000
vt 0.5000 1.0000
vt 0.0000 0.0000
vt 1.0000 0.0000
vt 0.5000 1.0000
vt 0.0000 0.0000
vt 1.0000 0.0000
vt 0.5000 1.0000
vt 0.0000 0.0000
vt 1.0000 0.0000
vt 0.5000 1.0000
vt 0.0000 0.0000
vt 1.0000 0.0000
vt 0.5000 1.0000
vt 0.0000 0.0000
vt 1.0000 0.0000
vt 0.5000 1.0000
vt 0.0000 0.0000
vt 1.0000 0.0000
vt 0.5000 1.0000
vt 0.0000 0.0000
vt 1.0000 0.0000
vt 0.5000 1.0000
vt 0.0000 0.0000
vt 1.0000 0.0000
vt 0.5000 1.0000
vt 0.0000 0.0000
vt 1.0000 0.0000
vt 0.5000 1.0000
vt 0.0000 0.0000
vt 1.0000 0.0000
vt 0.5000 1.0000
vt 0.0000 0.0000
vt 1.0000 0.0000
vt 0.5000 1.0000
vt 0.0000 0.0000
vt 1.0000 0.0000
vt 0.5000 1.0000
vt 0.0000 0.0000
vt 1.0000 0.0000
vt 0.5000 1.0000
vt 0.0000 0.0000
vt 1.0000 0.0000
vt 0.5000 1.0000
vt 0.0000 0.0000
vt 1.0000 0.0000
vt 0.5000 1.0000
vt 0.0000 0.0000
vt 1.0000 0.0000
vt 0.5000 1.0000
vt 0.0000 0.0000
vt 1.0000 0.0000
vt 0.5000 1.0000
vt 0.0000 0.0000
vt 1.0000 0.0000
vt 0.5000 1.0000
vt 0.0000 0.0000
vt 1.0000 0.0000
vt 0.5000 1.0000
vt 0.0000 0.0000
vt 1.0000 0.0000
vt 0.5000 1.0000
vt 0.0000 0.0000
vt 1.0000 0.0000
vt 0.5000 1.0000
vt 0.0000 0.0000
vt 1.0000 0.0000
vt 0.5000 1.0000
vt 0.0000 0.0000
vt 1.0000 0.0000
vt 0.5000 1.0000
vt 0.0000 0.0000
vt 1.0000 0.0000
vt 0.5000 1.0000
vt 0.0000 0.0000
vt 1.0000 0.0000
vt 0.5000 1.0000
vt 0.0000 0.0000
vt 1.0000 0.0000
vt 0.5000 1.0000
vt 0.0000 0.0000
vt 1.0000 0.0000
vt 0.5000 1.0000
vt 0.0000 0.0000
vt 1.0000 0.0000
vt 0.5000 1.0000
vt 0.0000 0.0000
vt 1.0000 0.0000
vt 1.0000 2.8610
vt 0.0000 2.8610
vt 0.0000 0.0000
vt 1.0000 0.0000
vt 1.0000 2.8610
vt 0.0000 2.8610
vt 0.0000 0.0000
vt 1.0000 0.0000
vt 1.0000 2.8610
vt 0.0000 2.8610
vt 0.0000 0.0000
vt 1.0000 0.0000
vt 1.0000 2.8610
vt 0.0000 2.8610
vt 0.0000 0.0000
vt 1.0000 0.0000
vt 1.0000 2.8610
vt 0.0000 2.8610
vt 0.0000 0.0000
vt 1.0000 0.0000
vt 1.0000 2.8610
vt 0.0000 2.8610
vt 0.0000 0.0000
vt 1.0000 0.0000
vt 0.5000 1.0000
vt 0.0000 0.0000
vt 1.0000 0.0000
vt 0.5000 1.0000
vt 0.0000 0.0000
vt 1.0000 0.0000
vt 0.5000 1.0000
vt 0.0000 0.0000
vt 1.0000 0.0000
vt 0.5000 1.0000
vt 0.0000 0.0000
vt 1.0000 0.0000
vt 0.5000 1.0000
vt 0.0000 0.0000
vt 1.0000 0.0000
vt 0.5000 1.0000
vt 0.0000 0.0000
vt 1.0000 0.0000
vt 0.5000 1.0000
vt 0.0000 0.0000
vt 1.0000 0.0000
vt 0.5000 1.0000
vt 0.0000 0.0000
vt 1.0000 0.0000
vt 0.5000 1.0000
vt 0.0000 0.0000
vt 1.0000 0.0000
vt 0.5000 1.0000
vt 0.0000 0.0000
vt 1.0000 0.0000
vt 0.5000 1.0000
vt 0.0000 0.0000
vt 1.0000 0.0000
vt 0.5000 1.0000
vt 0.0000 0.0000
vt 1.0000 0.0000
vt 0.5000 1.0000
vt 0.0000 0.0000
vt 1.0000 0.0000
vt 0.5000 1.0000
vt 0.0000 0.0000
vt 1.0000 0.0000
vt 0.5000 1.0000
vt 0.0000 0.0000
vt 1.0000 0.0000
vt 0.5000 1.0000
vt 0.0000 0.0000
vt 1.0000 0.0000
vt 0.5000 1.0000
vt 0.0000 0.0000
vt 1.0000 0.0000
vt 0.5000 1.0000
vt 0.0000 0.0000
vt 1.0000 0.0000
vt 0.5000 1.0000
vt 0.0000 0.0000
vt 1.0000 0.0000
vt 0.5000 1.0000
vt 0.0000 0.0000
vt 1.0000 0.0000
vt 0.5000 1.0000
vt 0.0000 0.0000
vt 1.0000 0.0000
vt 0.5000 1.0000
vt 0.0000 0.0000
vt 1.0000 0.0000
vt 0.5000 1.0000
vt 0.0000 0.0000
vt 1.0000 0.0000
vt 0.5000 1.0000
vt 0.0000 0.0000
vt 1.0000 0.0000
vt 0.5000 1.0000
vt 0.0000 0.0000
vt 1.0000 0.0000
vt 0.5000 1.0000
vt 0.0000 0.0000
vt 1.0000 0.0000
vt 0.5000 1.0000
vt 0.0000 0.0000
vt 1.0000 0.0000
vt 0.5000 1.0000
vt 0.0000 0.0000
vt 1.0000 0.0000
vt 0.5000 1.0000
vt 0.0000 0.0000
vt 1.0000 0.0000
vt 0.5000 1.0000
vt 0.0000 0.0000
vt 1.0000 0.0000
vt 0.5000 1.0000
vt 0.0000 0.0000
vt 1.0000 0.0000
vt 0.5000 1.0000
vt 0.0000 0.0000
vt 1.0000 0.0000
vt 1.0000 3.6075
vt 0.0000 3.6075
vt 0.0000 0.0000
vt 1.0000 0.0000
vt 1.0000 3.6075
vt 0.0000 3.6075
vt 0.0000 0.0000
vt 1.0000 0.0000
vt 1.0000 3.6075
vt 0.0000 3.6075
vt 0.0000 0.0000
vt 1.0000 0.0000
vt 1.0000 3.6075
vt 0.0000 3.6075
vt 0.0000 0.0000
vt 1.0000 0.0000
vt 1.0000 3.6075
vt 0.0000 3.6075
vt 0.0000 0.0000
vt 1.0000 0.0000
vt 1.0000 3.6075
vt 0.0000 3.6075
vt 0.0000 0.0000
vt 1.0000 0.0000
vt 0.5000 1.0000
vt 0.0000 0.0000
vt 1.0000 0.0000
vt 0.5000 1.0000
vt 0.0000 0.0000
vt 1.0000 0.0000
vt 0.5000 1.0000
vt 0.0000 0.0000
vt 1.0000 0.0000
vt 0.5000 1.0000
vt 0.0000 0.0000
vt 1.0000 0.0000
vt 0.5000 1.0000
vt 0.0000 0.0000
vt 1.0000 0.0000
vt 0.5000 1.0000
vt 0.0000 0.0000
vt 1.0000 0.0000
vt 0.5000 1.0000
vt 0.0000 0.0000
vt 1.0000 0.0000
vt 0.5000 1.0000
vt 0.0000 0.0000
vt 1.0000 0.0000
vt 0.5000 1.0000
vt 0.0000 0.0000
vt 1.0000 0.0000
vt 0.5000 1.0000
vt 0.0000 0.0000
vt 1.0000 0.0000
vt 0.5000 1.0000
vt 0.0000 0.0000
vt 1.0000 0.0000
vt 0.5000 1.0000
vt 0.0000 0.0000
vt 1.0000 0.0000
vt 0.5000 1.0000
vt 0.0000 0.0000
vt 1.0000 0.0000
vt 0.5000 1.0000
vt 0.0000 0.0000
vt 1.0000 0.0000
vt 0.5000 1.0000
vt 0.0000 0.0000
vt 1.0000 0.0000
vt 0.5000 1.0000
vt 0.0000 0.0000
vt 1.0000 0.0000
vt 0.5000 1.0000
vt 0.0000 0.0000
vt 1.0000 0.0000
vt 0.5000 1.0000
vt 0.0000 0.0000
vt 1.0000 0.0000
vt 0.5000 1.0000
vt 0.0000 0.0000
vt 1.0000 0.0000
vt 0.5000 1.0000
vt 0.0000 0.0000
vt 1.0000 0.0000
vt 0.5000 1.0000
vt 0.0000 0.0000
vt 1.0000 0.0000
vt 0.5000 1.0000
vt 0.0000 0.0000
vt 1.0000 0.0000
vt 0.5000 1.0000
vt 0.0000 0.0000
vt 1.0000 0.0000
vt 0.5000 1.0000
vt 0.0000 0.0000
vt 1.0000 0.0000
vt 0.5000 1.0000
vt 0.0000 0.0000
vt 1.0000 0.0000
vt 0.5000 1.0000
vt 0.0000 0.0000
vt 1.0000 0.0000
vt 0.5000 1.0000
vt 0.0000 0.0000
vt 1.0000 0.0000
vt 0.5000 1.0000
vt 0.0000 0.0000
vt 1.0000 0.0000
vt 0.5000 1.0000
vt 0.0000 0.0000
vt 1.0000 0.0000
vt 0.5000 1.0000
vt 0.0000 0.0000
vt 1.0000 0.0000
vt 0.5000 1.0000
vt 0.0000 0.0000
vt 1.0000 0.0000
vt 0.5000 1.0000
vt 0.0000 0.0000
vt 1.0000 0.0000
vt 1.0000 3.1727
vt 0.0000 3.1727
vt 0.0000 0.0000
vt 1.0000 0.0000
vt 1.0000 3.1727
vt 0.0000 3.1727
vt 0.0000 0.0000
vt 1.0000 0.0000
vt 1.0000 3.1727
vt 0.0000 3.1727
vt 0.0000 0.0000
vt 1.0000 0.0000
vt 1.0000 3.1727
vt 0.0000 3.1727
vt 0.0000 0.0000
vt 1.0000 0.0000
vt 1.0000 3.1727
vt 0.0000 3.1727
vt 0.0000 0.0000
vt 1.0000 0.0000
vt 1.0000 3.1727
vt 0.0000 3.1727
vt 0.0000 0.0000
vt 1.0000 0.0000
vt 0.5000 1.0000
vt 1.0000 0.0000
vt 0.0000 0.0000
vt 0.5000 0.5000
vt 0.0000 0.0000
vt 1.0000 0.0000
vt 0.5000 1.0000
vt 1.0000 0.0000
vt 0.0000 0.0000
vt 0.5000 0.5000
vt 0.0000 0.0000
vt 1.0000 0.0000
vt 0.5000 1.0000
vt 1.0000 0.0000
vt 0.0000 0.0000
vt 0.5000 0.5000
vt 0.0000 0.0000
vt 1.0000 0.0000
vt 0.5000 1.0000
vt 1.0000 0.0000
vt 0.0000 0.0000
vt 0.5000 0.5000
vt 0.0000 0.0000
vt 1.0000 0.0000
vt 0.5000 1.0000
vt 1.0000 0.0000
vt 0.0000 0.0000
vt 0.5000 0.5000
vt 0.0000 0.0000
vt 1.0000 0.0000
vt 0.5000 1.0000
vt 1.0000 0.0000
vt 0.0000 0.0000
vt 0.5000 0.5000
vt 0.0000 0.0000
vt 1.0000 0.0000
vt 0.5000 1.0000
vt 1.0000 0.0000
vt 0.0000 0.0000
vt 0.5000 0.5000
vt 0.0000 0.0000
vt 1.0000 0.0000
vt 0.5000 1.0000
vt 1.0000 0.0000
vt 0.0000 0.0000
vt 0.5000 0.5000
vt 0.0000 0.0000
vt 1.0000 0.0000
vt 1.0000 4.0773
vt 0.0000 4.0773
vt 0.0000 0.0000
vt 1.0000 0.0000
vt 1.0000 4.0773
vt 0.0000 4.0773
vt 0.0000 0.0000
vt 1.0000 0.0000
vt 1.0000 4.0773
vt 0.0000 4.0773
vt 0.0000 0.0000
vt 1.0000 0.0000
vt 1.0000 4.0773
vt 0.0000 4.0773
vt 0.0000 0.0000
vt 1.0000 0.0000
vt 1.0000 4.0773
vt 0.0000 4.0773
vt 0.0000 0.0000
vt 1.0000 0.0000
vt 1.0000 4.0773
vt 0.0000 4.0773
vt 0.0000 0.0000
vt 1.0000 0.0000
vt 0.5000 1.0000
vt 0.0000 0.0000
vt 1.0000 0.0000
vt 0.5000 1.0000
vt 0.0000 0.0000
vt 1.0000 0.0000
vt 0.5000 1.0000
vt 0.0000 0.0000
vt 1.0000 0.0000
vt 0.5000 1.0000
vt 0.0000 0.0000
vt 1.0000 0.0000
vt 0.5000 1.0000
vt 0.0000 0.0000
vt 1.0000 0.0000
vt 0.5000 1.0000
vt 0.0000 0.0000
vt 1.0000 0.0000
vt 0.5000 1.0000
vt 0.0000 0.0000
vt 1.0000 0.0000
vt 0.5000 1.0000
vt 0.0000 0.0000
vt 1.0000 0.0000
vt 0.5000 1.0000
vt 0.0000 0.0000
vt 1.0000 0.0000
vt 0.5000 1.0000
vt 0.0000 0.0000
vt 1.0000 0.0000
vt 0.5000 1.0000
vt 0.0000 0.0000
vt 1.0000 0.0000
vt 0.5000 1.0000
vt 0.0000 0.0000
vt 1.0000 0.0000
vt 0.5000 1.0000
vt 0.0000 0.0000
vt 1.0000 0.0000
vt 0.5000 1.0000
vt 0.0000 0.0000
vt 1.0000 0.0000
vt 0.5000 1.0000
vt 0.0000 0.0000
vt 1.0000 0.0000
vt 0.5000 1.0000
vt 0.0000 0.0000
vt 1.0000 0.0000
vt 0.5000 1.0000
vt 0.0000 0.0000
vt 1.0000 0.0000
vt 0.5000 1.0000
vt 0.0000 0.0000
vt 1.0000 0.0000
vt 0.5000 1.0000
vt 0.0000 0.0000
vt 1.0000 0.0000
vt 0.5000 1.0000
vt 0.0000 0.0000
vt 1.0000 0.0000
vt 0.5000 1.0000
vt 0.0000 0.0000
vt 1.0000 0.0000
vt 0.5000 1.0000
vt 0.0000 0.0000
vt 1.0000 0.0000
vt 0.5000 1.0000
vt 0.0000 0.0000
vt 1.0000 0.0000
vt 0.5000 1.0000
vt 0.0000 0.0000
vt 1.0000 0.0000
vt 0.5000 1.0000
vt 0.0000 0.0000
vt 1.0000 0.0000
vt 0.5000 1.0000
vt 0.0000 0.0000
vt 1.0000 0.0000
vt 0.5000 1.0000
vt 0.0000 0.0000
vt 1.0000 0.0000
vt 0.5000 1.0000
vt 0.0000 0.0000
vt 1.0000 0.0000
vt 0.5000 1.0000
vt 0.0000 0.0000
vt 1.0000 0.0000
vt 0.5000 1.0000
vt 0.0000 0.0000
vt 1.0000 0.0000
vt 0.5000 1.0000
vt 0.0000 0.0000
vt 1.0000 0.0000
vt 0.5000 1.0000
vt 0.0000 0.0000
vt 1.0000 0.0000
vt 1.0000 3.1402
vt 0.0000 3.1402
vt 0.0000 0.0000
vt 1.0000 0.0000
vt 1.0000 3.1402
vt 0.0000 3.1402
vt 0.0000 0.0000
vt 1.0000 0.0000
vt 1.0000 3.1402
vt 0.0000 3.1402
vt 0.0000 0.0000
vt 1.0000 0.0000
vt 1.0000 3.1402
vt 0.0000 3.1402
vt 0.0000 0.0000
vt 1.0000 0.0000
vt 1.0000 3.1402
vt 0.0000 3.1402
vt 0.0000 0.0000
vt 1.0000 0.0000
vt 1.0000 3.1402
vt 0.0000 3.1402
vt 0.0000 0.0000
vt 1.0000 0.0000
vt 0.5000 1.0000
vt 0.0000 0.0000
vt 1.0000 0.0000
vt 0.5000 1.0000
vt 0.0000 0.0000
vt 1.0000 0.0000
vt 0.5000 1.0000
vt 0.0000 0.0000
vt 1.0000 0.0000
vt 0.5000 1.0000
vt 0.0000 0.0000
vt 1.0000 0.0000
vt 0.5000 1.0000
vt 0.0000 0.0000
vt 1.0000 0.0000
vt 0.5000 1.0000
vt 0.0000 0.0000
vt 1.0000 0.0000
vt 0.5000 1.0000
vt 0.0000 0.0000
vt 1.0000 0.0000
vt 0.5000 1.0000
vt 0.0000 0.0000
vt 1.0000 0.0000
vt 0.5000 1.0000
vt 0.0000 0.0000
vt 1.0000 0.0000
vt 0.5000 1.0000
vt 0.0000 0.0000
vt 1.0000 0.0000
vt 0.5000 1.0000
vt 0.0000 0.0000
vt 1.0000 0.0000
vt 0.5000 1.0000
vt 0.0000 0.0000
vt 1.0000 0.0000
vt 0.5000 1.0000
vt 0.0000 0.0000
vt 1.0000 0.0000
vt 0.5000 1.0000
vt 0.0000 0.0000
vt 1.0000 0.0000
vt 0.5000 1.0000
vt 0.0000 0.0000
vt 1.0000 0.0000
vt 0.5000 1.0000
vt 0.0000 0.0000
vt 1.0000 0.0000
vt 0.5000 1.0000
vt 0.0000 0.0000
vt 1.0000 0.0000
vt 0.5000 1.0000
vt 0.0000 0.0000
vt 1.0000 0.0000
vt 0.5000 1.0000
vt 0.0000 0.0000
vt 1.0000 0.0000
vt 0.5000 1.0000
vt 0.0000 0.0000
vt 1.0000 0.0000
vt 0.5000 1.0000
vt 0.0000 0.0000
vt 1.0000 0.0000
vt 0.5000 1.0000
vt 0.0000 0.0000
vt 1.0000 0.0000
vt 0.5000 1.0000
vt 0.0000 0.0000
vt 1.0000 0.0000
vt 0.5000 1.0000
vt 0.0000 0.0000
vt 1.0000 0.0000
vt 0.5000 1.0000
vt 0.0000 0.0000
vt 1.0000 0.0000
vt 0.5000 1.0000
vt 0.0000 0.0000
vt 1.0000 0.0000
vt 0.5000 1.0000
vt 0.0000 0.0000
vt 1.0000 0.0000
vt 0.5000 1.0000
vt 0.0000 0.0000
vt 1.0000 0.0000
vt 0.5000 1.0000
vt 0.0000 0.0000
vt 1.0000 0.0000
vt 0.5000 1.0000
vt 0.0000 0.0000
vt 1.0000 0.0000
vt 0.5000 1.0000
vt 0.0000 0.0000
vt 1.0000 0.0000
vt 0.5000 1.0000
vt 0.0000 0.0000
vt 1.0000 0.0000
vt 1.0000 3.3943
vt 0.0000 3.3943
vt 0.0000 0.0000
vt 1.0000 0.0000
vt 1.0000 3.3943
vt 0.0000 3.3943
vt 0.0000 0.0000
vt 1.0000 0.0000
vt 1.0000 3.3943
vt 0.0000 3.3943
vt 0.0000 0.0000
vt 1.0000 0.0000
vt 1.0000 3.3943
vt 0.0000 3.3943
vt 0.0000 0.0000
vt 1.0000 0.0000
vt 1.0000 3.3943
vt 0.0000 3.3943
vt 0.0000 0.0000
vt 1.0000 0.0000
vt 1.0000 3.3943
vt 0.0000 3.3943
vt 0.0000 0.0000
vt 1.0000 0.0000
vt 0.5000 1.0000
vt 1.0000 0.0000
vt 0.0000 0.0000
vt 0.5000 0.5000
vt 0.0000 0.0000
vt 1.0000 0.0000
vt 0.5000 1.0000
vt 1.0000 0.0000
vt 0.0000 0.0000
vt 0.5000 0.5000
vt 0.0000 0.0000
vt 1.0000 0.0000
vt 0.5000 1.0000
vt 1.0000 0.0000
vt 0.0000 0.0000
vt 0.5000 0.5000
vt 0.0000 0.0000
vt 1.0000 0.0000
vt 0.5000 1.0000
vt 1.0000 0.0000
vt 0.0000 0.0000
vt 0.5000 0.5000
vt 0.0000 0.0000
vt 1.0000 0.0000
vt 0.5000 1.0000
vt 1.0000 0.0000
vt 0.0000 0.0000
vt 0.5000 0.5000
vt 0.0000 0.0000
vt 1.0000 0.0000
vt 0.5000 1.0000
vt 1.0000 0.0000
vt 0.0000 0.0000
vt 0.5000 0.5000
vt 0.0000 0.0000
vt 1.0000 0.0000
vt 0.5000 1.0000
vt 1.0000 0.0000
vt 0.0000 0.0000
vt 0.5000 0.5000
vt 0.0000 0.0000
vt 1.0000 0.0000
vt 0.5000 1.0000
vt 1.0000 0.0000
vt 0.0000 0.0000
vt 0.5000 0.5000
vt 0.0000 0.0000
vt 1.0000 0.0000
vt 1.0000 3.2215
vt 0.0000 3.2215
vt 0.0000 0.0000
vt 1.0000 0.0000
vt 1.0000 3.2215
vt 0.0000 3.2215
vt 0.0000 0.0000
vt 1.0000 0.0000
vt 1.0000 3.2215
vt 0.0000 3.2215
vt 0.0000 0.0000
vt 1.0000 0.0000
vt 1.0000 3.2215
vt 0.0000 3.2215
vt 0.0000 0.0000
vt 1.0000 0.0000
vt 1.0000 3.2215
vt 0.0000 3.2215
vt 0.0000 0.0000
vt 1.0000 0.0000
vt 1.0000 3.2215
vt 0.0000 3.2215
vt 0.0000 0.0000
vt 1.0000 0.0000
vt 0.5000 1.0000
vt 1.0000 0.0000
vt 0.0000 0.0000
vt 0.5000 0.5000
vt 0.0000 0.0000
vt 1.0000 0.0000
vt 0.5000 1.0000
vt 1.0000 0.0000
vt 0.0000 0.0000
vt 0.5000 0.5000
vt 0.0000 0.0000
vt 1.0000 0.0000
vt 0.5000 1.0000
vt 1.0000 0.0000
vt 0.0000 0.0000
vt 0.5000 0.5000
vt 0.0000 0.0000
vt 1.0000 0.0000
vt 0.5000 1.0000
vt 1.0000 0.0000
vt 0.0000 0.0000
vt 0.5000 0.5000
vt 0.0000 0.0000
vt 1.0000 0.0000
vt 0.5000 1.0000
vt 1.0000 0.0000
vt 0.0000 0.0000
vt 0.5000 0.5000
vt 0.0000 0.0000
vt 1.0000 0.0000
vt 0.5000 1.0000
vt 1.0000 0.0000
vt 0.0000 0.0000
vt 0.5000 0.5000
vt 0.0000 0.0000
vt 1.0000 0.0000
vt 0.5000 1.0000
vt 1.0000 0.0000
vt 0.0000 0.0000
vt 0.5000 0.5000
vt 0.0000 0.0000
vt 1.0000 0.0000
vt 0.5000 1.0000
vt 1.0000 0.0000
vt 0.0000 0.0000
vt 0.5000 0.5000
vt 0.0000 0.0000
vt 1.0000 0.0000
vt 1.0000 2.8835
vt 0.0000 2.8835
vt 0.0000 0.0000
vt 1.0000 0.0000
vt 1.0000 2.8835
vt 0.0000 2.8835
vt 0.0000 0.0000
vt 1.0000 0.0000
vt 1.0000 2.8835
vt 0.0000 2.8835
vt 0.0000 0.0000
vt 1.0000 0.0000
vt 1.0000 2.8835
vt 0.0000 2.8835
vt 0.0000 0.0000
vt 1.0000 0.0000
vt 1.0000 2.8835
vt 0.0000 2.8835
vt 0.0000 0.0000
vt 1.0000 0.0000
vt 1.0000 2.8835
vt 0.0000 2.8835
vt 0.0000 0.0000
vt 1.0000 0.0000
vt 0.5000 1.0000
vt 1.0000 0.0000
vt 0.0000 0.0000
vt 0.5000 0.5000
vt 0.0000 0.0000
vt 1.0000 0.0000
vt 0.5000 1.0000
vt 1.0000 0.0000
vt 0.0000 0.0000
vt 0.5000 0.5000
vt 0.0000 0.0000
vt 1.0000 0.0000
vt 0.5000 1.0000
vt 1.0000 0.0000
vt 0.0000 0.0000
vt 0.5000 0.5000
vt 0.0000 0.0000
vt 1.0000 0.0000
vt 0.5000 1.0000
vt 1.0000 0.0000
vt 0.0000 0.0000
vt 0.5000 0.5000
vt 0.0000 0.0000
vt 1.0000 0.0000
vt 0.5000 1.0000
vt 1.0000 0.0000
vt 0.0000 0.0000
vt 0.5000 0.5000
vt 0.0000 0.0000
vt 1.0000 0.0000
vt 0.5000 1.0000
vt 1.0000 0.0000
vt 0.0000 0.0000
vt 0.5000 0.5000
vt 0.0000 0.0000
vt 1.0000 0.0000
vt 0.5000 1.0000
vt 1.0000 0.0000
vt 0.0000 0.0000
vt 0.5000 0.5000
vt 0.0000 0.0000
vt 1.0000 0.0000
vt 0.5000 1.0000
vt 1.0000 0.0000
vt 0.0000 0.0000
vt 0.5000 0.5000
vt 0.0000 0.0000
vt 1.0000 0.0000
vt 1.0000 2.5061
vt 0.0000 2.5061
vt 0.0000 0.0000
vt 1.0000 0.0000
vt 1.0000 2.5061
vt 0.0000 2.5061
vt 0.0000 0.0000
vt 1.0000 0.0000
vt 1.0000 2.5061
vt 0.0000 2.5061
vt 0.0000 0.0000
vt 1.0000 0.0000
vt 1.0000 2.5061
vt 0.0000 2.5061
vt 0.0000 0.0000
vt 1.0000 0.0000
vt 1.0000 2.5061
vt 0.0000 2.5061
vt 0.0000 0.0000
vt 1.0000 0.0000
vt 1.0000 2.5061
vt 0.0000 2.5061
vt 0.0000 0.0000
vt 1.0000 0.0000
vt 0.5000 1.0000
vt 0.0000 0.0000
vt 1.0000 0.0000
vt 0.5000 1.0000
vt 0.0000 0.0000
vt 1.0000 0.0000
vt 0.5000 1.0000
vt 0.0000 0.0000
vt 1.0000 0.0000
vt 0.5000 1.0000
vt 0.0000 0.0000
vt 1.0000 0.0000
vt 0.5000 1.0000
vt 0.0000 0.0000
vt 1.0000 0.0000
vt 0.5000 1.0000
vt 0.0000 0.0000
vt 1.0000 0.0000
vt 0.5000 1.0000
vt 0.0000 0.0000
vt 1.0000 0.0000
vt 0.5000 1.0000
vt 0.0000 0.0000
vt 1.0000 0.0000
vt 0.5000 1.0000
vt 0.0000 0.0000
vt 1.0000 0.0000
vt 0.5000 1.0000
vt 0.0000 0.0000
vt 1.0000 0.0000
vt 0.5000 1.0000
vt 0.0000 0.0000
vt 1.0000 0.0000
vt 0.5000 1.0000
vt 0.0000 0.0000
vt 1.0000 0.0000
vt 0.5000 1.0000
vt 0.0000 0.0000
vt 1.0000 0.0000
vt 0.5000 1.0000
vt 0.0000 0.0000
vt 1.0000 0.0000
vt 0.5000 1.0000
vt 0.0000 0.0000
vt 1.0000 0.0000
vt 0.5000 1.0000
vt 0.0000 0.0000
vt 1.0000 0.0000
vt 0.5000 1.0000
vt 0.0000 0.0000
vt 1.0000 0.0000
vt 0.5000 1.0000
vt 0.0000 0.0000
vt 1.0000 0.0000
vt 0.5000 1.0000
vt 0.0000 0.0000
vt 1.0000 0.0000
vt 0.5000 1.0000
vt 0.0000 0.0000
vt 1.0000 0.0000
vt 0.5000 1.0000
vt 0.0000 0.0000
vt 1.0000 0.0000
vt 0.5000 1.0000
vt 0.0000 0.0000
vt 1.0000 0.0000
vt 0.5000 1.0000
vt 0.0000 0.0000
vt 1.0000 0.0000
vt 0.5000 1.0000
vt 0.0000 0.0000
vt 1.0000 0.0000
vt 0.5000 1.0000
vt 0.0000 0.0000
vt 1.0000 0.0000
vt 0.5000 1.0000
vt 0.0000 0.0000
vt 1.0000 0.0000
vt 0.5000 1.0000
vt 0.0000 0.0000
vt 1.0000 0.0000
vt 0.5000 1.0000
vt 0.0000 0.0000
vt 1.0000 0.0000
vt 0.5000 1.0000
vt 0.0000 0.0000
vt 1.0000 0.0000
vt 0.5000 1.0000
vt 0.0000 0.0000
vt 1.0000 0.0000
vt 0.5000 1.0000
vt 0.0000 0.0000
vt 1.0000 0.0000
vt 0.5000 1.0000
vt 0.0000 0.0000
vt 1.0000 0.0000
vt 1.0000 2.9915
vt 0.0000 2.9915
vt 0.0000 0.0000
vt 1.0000 0.0000
vt 1.0000 2.9915
vt 0.0000 2.9915
vt 0.0000 0.0000
vt 1.0000 0.0000
vt 1.0000 2.9915
vt 0.0000 2.9915
vt 0.0000 0.0000
vt 1.0000 0.0000
vt 1.0000 2.9915
vt 0.0000 2.9915
vt 0.0000 0.0000
vt 1.0000 0.0000
vt 1.0000 2.9915
vt 0.0000 2.9915
vt 0.0000 0.0000
vt 1.0000 0.0000
vt 1.0000 2.9915
vt 0.0000 2.9915
vt 0.0000 0.0000
vt 1.0000 0.0000
vt 0.5000 1.0000
vt 1.0000 0.0000
vt 0.0000 0.0000
vt 0.5000 0.5000
vt 0.0000 0.0000
vt 1.0000 0.0000
vt 0.5000 1.0000
vt 1.0000 0.0000
vt 0.0000 0.0000
vt 0.5000 0.5000
vt 0.0000 0.0000
vt 1.0000 0.0000
vt 0.5000 1.0000
vt 1.0000 0.0000
vt 0.0000 0.0000
vt 0.5000 0.5000
vt 0.0000 0.0000
vt 1.0000 0.0000
vt 0.5000 1.0000
vt 1.0000 0.0000
vt 0.0000 0.0000
vt 0.5000 0.5000
vt 0.0000 0.0000
vt 1.0000 0.0000
vt 0.5000 1.0000
vt 1.0000 0.0000
vt 0.0000 0.0000
vt 0.5000 0.5000
vt 0.0000 0.0000
vt 1.0000 0.0000
vt 0.5000 1.0000
vt 1.0000 0.0000
vt 0.0000 0.0000
vt 0.5000 0.5000
vt 0.0000 0.0000
vt 1.0000 0.0000
vt 0.5000 1.0000
vt 1.0000 0.0000
vt 0.0000 0.0000
vt 0.5000 0.5000
vt 0.0000 0.0000
vt 1.0000 0.0000
vt 0.5000 1.0000
vt 1.0000 0.0000
vt 0.0000 0.0000
vt 0.5000 0.5000
vt 0.0000 0.0000
vt 1.0000 0.0000
vt 1.0000 3.0990
vt 0.0000 3.0990
vt 0.0000 0.0000
vt 1.0000 0.0000
vt 1.0000 3.0990
vt 0.0000 3.0990
vt 0.0000 0.0000
vt 1.0000 0.0000
vt 1.0000 3.0990
vt 0.0000 3.0990
vt 0.0000 0.0000
vt 1.0000 0.0000
vt 1.0000 3.0990
vt 0.0000 3.0990
vt 0.0000 0.0000
vt 1.0000 0.0000
vt 1.0000 3.0990
vt 0.0000 3.0990
vt 0.0000 0.0000
vt 1.0000 0.0000
vt 1.0000 3.0990
vt 0.0000 3.0990
vt 0.0000 0.0000
vt 1.0000 0.0000
vt 0.5000 1.0000
vt 1.0000 0.0000
vt 0.0000 0.0000
vt 0.5000 0.5000
vt 0.0000 0.0000
vt 1.0000 0.0000
vt 0.5000 1.0000
vt 1.0000 0.0000
vt 0.0000 0.0000
vt 0.5000 0.5000
vt 0.0000 0.0000
vt 1.0000 0.0000
vt 0.5000 1.0000
vt 1.0000 0.0000
vt 0.0000 0.0000
vt 0.5000 0.5000
vt 0.0000 0.0000
vt 1.0000 0.0000
vt 0.5000 1.0000
vt 1.0000 0.0000
vt 0.0000 0.0000
vt 0.5000 0.5000
vt 0.0000 0.0000
vt 1.0000 0.0000
vt 0.5000 1.0000
vt 1.0000 0.0000
vt 0.0000 0.0000
vt 0.5000 0.5000
vt 0.0000 0.0000
vt 1.0000 0.0000
vt 0.5000 1.0000
vt 1.0000 0.0000
vt 0.0000 0.0000
vt 0.5000 0.5000
vt 0.0000 0.0000
vt 1.0000 0.0000
vt 0.5000 1.0000
vt 1.0000 0.0000
vt 0.0000 0.0000
vt 0.5000 0.5000
vt 0.0000 0.0000
vt 1.0000 0.0000
vt 0.5000 1.0000
vt 1.0000 0.0000
vt 0.0000 0.0000
vt 0.5000 0.5000
vt 0.0000 0.0000
vt 1.0000 0.0000
vt 1.0000 2.8248
vt 0.0000 2.8248
vt 0.0000 0.0000
vt 1.0000 0.0000
vt 1.0000 2.8248
vt 0.0000 2.8248
vt 0.0000 0.0000
vt 1.0000 0.0000
vt 1.0000 2.8248
vt 0.0000 2.8248
vt 0.0000 0.0000
vt 1.0000 0.0000
vt 1.0000 2.8248
vt 0.0000 2.8248
vt 0.0000 0.0000
vt 1.0000 0.0000
vt 1.0000 2.8248
vt 0.0000 2.8248
vt 0.0000 0.0000
vt 1.0000 0.0000
vt 1.0000 2.8248
vt 0.0000 2.8248
vt 0.0000 0.0000
vt 1.0000 0.0000
vt 0.5000 1.0000
vt 0.0000 0.0000
vt 1.0000 0.0000
vt 0.5000 1.0000
vt 0.0000 0.0000
vt 1.0000 0.0000
vt 0.5000 1.0000
vt 0.0000 0.0000
vt 1.0000 0.0000
vt 0.5000 1.0000
vt 0.0000 0.0000
vt 1.0000 0.0000
vt 0.5000 1.0000
vt 0.0000 0.0000
vt 1.0000 0.0000
vt 0.5000 1.0000
vt 0.0000 0.0000
vt 1.0000 0.0000
vt 0.5000 1.0000
vt 0.0000 0.0000
vt 1.0000 0.0000
vt 0.5000 1.0000
vt 0.0000 0.0000
vt 1.0000 0.0000
vt 0.5000 1.0000
vt 0.0000 0.0000
vt 1.0000 0.0000
vt 0.5000 1.0000
vt 0.0000 0.0000
vt 1.0000 0.0000
vt 0.5000 1.0000
vt 0.0000 0.0000
vt 1.0000 0.0000
vt 0.5000 1.0000
vt 0.0000 0.0000
vt 1.0000 0.0000
vt 0.5000 1.0000
vt 0.0000 0.0000
vt 1.0000 0.0000
vt 0.5000 1.0000
vt 0.0000 0.0000
vt 1.0000 0.0000
vt 0.5000 1.0000
vt 0.0000 0.0000
vt 1.0000 0.0000
vt 0.5000 1.0000
vt 0.0000 0.0000
vt 1.0000 0.0000
vt 0.5000 1.0000
vt 0.0000 0.0000
vt 1.0000 0.0000
vt 0.5000 1.0000
vt 0.0000 0.0000
vt 1.0000 0.0000
vt 0.5000 1.0000
vt 0.0000 0.0000
vt 1.0000 0.0000
vt 0.5000 1.0000
vt 0.0000 0.0000
vt 1.0000 0.0000
vt 0.5000 1.0000
vt 0.0000 0.0000
vt 1.0000 0.0000
vt 0.5000 1.0000
vt 0.0000 0.0000
vt 1.0000 0.0000
vt 0.5000 1.0000
vt 0.0000 0.0000
vt 1.0000 0.0000
vt 0.5000 1.0000
vt 0.0000 0.0000
vt 1.0000 0.0000
vt 0.5000 1.0000
vt 0.0000 0.0000
vt 1.0000 0.0000
vt 0.5000 1.0000
vt 0.0000 0.0000
vt 1.0000 0.0000
vt 0.5000 1.0000
vt 0.0000 0.0000
vt 1.0000 0.0000
vt 0.5000 1.0000
vt 0.0000 0.0000
vt 1.0000 0.0000
vt 0.5000 1.0000
vt 0.0000 0.0000
vt 1.0000 0.0000
vt 0.5000 1.0000
vt 0.0000 0.0000
vt 1.0000 0.0000
vt 0.5000 1.0000
vt 0.0000 0.0000
vt 1.0000 0.0000
vt 0.5000 1.0000
vt 0.0000 0.0000
vt 1.0000 0.0000
vt 1.0000 2.9937
vt 0.0000 2.9937
vt 0.0000 0.0000
vt 1.0000 0.0000
vt 1.0000 2.9937
vt 0.0000 2.9937
vt 0.0000 0.0000
vt 1.0000 0.0000
vt 1.0000 2.9937
vt 0.0000 2.9937
vt 0.0000 0.0000
vt 1.0000 0.0000
vt 1.0000 2.9937
vt 0.0000 2.9937
vt 0.0000 0.0000
vt 1.0000 0.0000
vt 1.0000 2.9937
vt 0.0000 2.9937
vt 0.0000 0.0000
vt 1.0000 0.0000
vt 1.0000 2.9937
vt 0.0000 2.9937
vt 0.0000 0.0000
vt 1.0000 0.0000
vt 0.5000 1.0000
vt 1.0000 0.0000
vt 0.0000 0.0000
vt 0.5000 0.5000
vt 0.0000 0.0000
vt 1.0000 0.0000
vt 0.5000 1.0000
vt 1.0000 0.0000
vt 0.0000 0.0000
vt 0.5000 0.5000
vt 0.0000 0.0000
vt 1.0000 0.0000
vt 0.5000 1.0000
vt 1.0000 0.0000
vt 0.0000 0.0000
vt 0.5000 0.5000
vt 0.0000 0.0000
vt 1.0000 0.0000
vt 0.5000 1.0000
vt 1.0000 0.0000
vt 0.0000 0.0000
vt 0.5000 0.5000
vt 0.0000 0.0000
vt 1.0000 0.0000
vt 0.5000 1.0000
vt 1.0000 0.0000
vt 0.0000 0.0000
vt 0.5000 0.5000
vt 0.0000 0.0000
vt 1.0000 0.0000
vt 0.5000 1.0000
vt 1.0000 0.0000
vt 0.0000 0.0000
vt 0.5000 0.5000
vt 0.0000 0.0000
vt 1.0000 0.0000
vt 0.5000 1.0000
vt 1.0000 0.0000
vt 0.0000 0.0000
vt 0.5000 0.5000
vt 0.0000 0.0000
vt 1.0000 0.0000
vt 0.5000 1.0000
vt 1.0000 0.0000
vt 0.0000 0.0000
vt 0.5000 0.5000
vt 0.0000 0.0000
vt 1.0000 0.0000
vt 1.0000 4.0333
vt 0.0000 4.0333
vt 0.0000 0.0000
vt 1.0000 0.0000
vt 1.0000 4.0333
vt 0.0000 4.0333
vt 0.0000 0.0000
vt 1.0000 0.0000
vt 1.0000 4.0333
vt 0.0000 4.0333
vt 0.0000 0.0000
vt 1.0000 0.0000
vt 1.0000 4.0333
vt 0.0000 4.0333
vt 0.0000 0.0000
vt 1.0000 0.0000
vt 1.0000 4.0333
vt 0.0000 4.0333
vt 0.0000 0.0000
vt 1.0000 0.0000
vt 1.0000 4.0333
vt 0.0000 4.0333
vt 0.0000 0.0000
vt 1.0000 0.0000
vt 0.5000 1.0000
vt 0.0000 0.0000
vt 1.0000 0.0000
vt 0.5000 1.0000
vt 0.0000 0.0000
vt 1.0000 0.0000
vt 0.5000 1.0000
vt 0.0000 0.0000
vt 1.0000 0.0000
vt 0.5000 1.0000
vt 0.0000 0.0000
vt 1.0000 0.0000
vt 0.5000 1.0000
vt 0.0000 0.0000
vt 1.0000 0.0000
vt 0.5000 1.0000
vt 0.0000 0.0000
vt 1.0000 0.0000
vt 0.5000 1.0000
vt 0.0000 0.0000
vt 1.0000 0.0000
vt 0.5000 1.0000
vt 0.0000 0.0000
vt 1.0000 0.0000
vt 0.5000 1.0000
vt 0.0000 0.0000
vt 1.0000 0.0000
vt 0.5000 1.0000
vt 0.0000 0.0000
vt 1.0000 0.0000
vt 0.5000 1.0000
vt 0.0000 0.0000
vt 1.0000 0.0000
vt 0.5000 1.0000
vt 0.0000 0.0000
vt 1.0000 0.0000
vt 0.5000 1.0000
vt 0.0000 0.0000
vt 1.0000 0.0000
vt 0.5000 1.0000
vt 0.0000 0.0000
vt 1.0000 0.0000
vt 0.5000 1.0000
vt 0.0000 0.0000
vt 1.0000 0.0000
vt 0.5000 1.0000
vt 0.0000 0.0000
vt 1.0000 0.0000
vt 0.5000 1.0000
vt 0.0000 0.0000
vt 1.0000 0.0000
vt 0.5000 1.0000
vt 0.0000 0.0000
vt 1.0000 0.0000
vt 0.5000 1.0000
vt 0.0000 0.0000
vt 1.0000 0.0000
vt 0.5000 1.0000
vt 0.0000 0.0000
vt 1.0000 0.0000
vt 0.5000 1.0000
vt 0.0000 0.0000
vt 1.0000 0.0000
vt 0.5000 1.0000
vt 0.0000 0.0000
vt 1.0000 0.0000
vt 0.5000 1.0000
vt 0.0000 0.0000
vt 1.0000 0.0000
vt 0.5000 1.0000
vt 0.0000 0.0000
vt 1.0000 0.0000
vt 0.5000 1.0000
vt 0.0000 0.0000
vt 1.0000 0.0000
vt 0.5000 1.0000
vt 0.0000 0.0000
vt 1.0000 0.0000
vt 0.5000 1.0000
vt 0.0000 0.0000
vt 1.0000 0.0000
vt 0.5000 1.0000
vt 0.0000 0.0000
vt 1.0000 0.0000
vt 0.5000 1.0000
vt 0.0000 0.0000
vt 1.0000 0.0000
vt 0.5000 1.0000
vt 0.0000 0.0000
vt 1.0000 0.0000
vt 0.5000 1.0000
vt 0.0000 0.0000
vt 1.0000 0.0000
vt 0.5000 1.0000
vt 0.0000 0.0000
vt 1.0000 0.0000
vt 1.0000 3.6848
vt 0.0000 3.6848
vt 0.0000 0.0000
vt 1.0000 0.0000
vt 1.0000 3.6848
vt 0.0000 3.6848
vt 0.0000 0.0000
vt 1.0000 0.0000
vt 1.0000 3.6848
vt 0.0000 3.6848
vt 0.0000 0.0000
vt 1.0000 0.0000
vt 1.0000 3.6848
vt 0.0000 3.6848
vt 0.0000 0.0000
vt 1.0000 0.0000
vt 1.0000 3.6848
vt 0.0000 3.6848
vt 0.0000 0.0000
vt 1.0000 0.0000
vt 1.0000 3.6848
vt 0.0000 3.6848
vt 0.0000 0.0000
vt 1.0000 0.0000
vt 0.5000 1.0000
vt 1.0000 0.0000
vt 0.0000 0.0000
vt 0.5000 0.5000
vt 0.0000 0.0000
vt 1.0000 0.0000
vt 0.5000 1.0000
vt 1.0000 0.0000
vt 0.0000 0.0000
vt 0.5000 0.5000
vt 0.0000 0.0000
vt 1.0000 0.0000
vt 0.5000 1.0000
vt 1.0000 0.0000
vt 0.0000 0.0000
vt 0.5000 0.5000
vt 0.0000 0.0000
vt 1.0000 0.0000
vt 0.5000 1.0000
vt 1.0000 0.0000
vt 0.0000 0.0000
vt 0.5000 0.5000
vt 0.0000 0.0000
vt 1.0000 0.0000
vt 0.5000 1.0000
vt 1.0000 0.0000
vt 0.0000 0.0000
vt 0.5000 0.5000
vt 0.0000 0.0000
vt 1.0000 0.0000
vt 0.5000 1.0000
vt 1.0000 0.0000
vt 0.0000 0.0000
vt 0.5000 0.5000
vt 0.0000 0.0000
vt 1.0000 0.0000
vt 0.5000 1.0000
vt 1.0000 0.0000
vt 0.0000 0.0000
vt 0.5000 0.5000
vt 0.0000 0.0000
vt 1.0000 0.0000
vt 0.5000 1.0000
vt 1.0000 0.0000
vt 0.0000 0.0000
vt 0.5000 0.5000
vt 0.0000 0.0000
vt 1.0000 0.0000
vt 1.0000 2.3693
vt 0.0000 2.3693
vt 0.0000 0.0000
vt 1.0000 0.0000
vt 1.0000 2.3693
vt 0.0000 2.3693
vt 0.0000 0.0000
vt 1.0000 0.0000
vt 1.0000 2.3693
vt 0.0000 2.3693
vt 0.0000 0.0000
vt 1.0000 0.0000
vt 1.0000 2.3693
vt 0.0000 2.3693
vt 0.0000 0.0000
vt 1.0000 0.0000
vt 1.0000 2.3693
vt 0.0000 2.3693
vt 0.0000 0.0000
vt 1.0000 0.0000
vt 1.0000 2.3693
vt 0.0000 2.3693
vt 0.0000 0.0000
vt 1.0000 0.0000
vt 0.5000 1.0000
vt 1.0000 0.0000
vt 0.0000 0.0000
vt 0.5000 0.5000
vt 0.0000 0.0000
vt 1.0000 0.0000
vt 0.5000 1.0000
vt 1.0000 0.0000
vt 0.0000 0.0000
vt 0.5000 0.5000
vt 0.0000 0.0000
vt 1.0000 0.0000
vt 0.5000 1.0000
vt 1.0000 0.0000
vt 0.0000 0.0000
vt 0.5000 0.5000
vt 0.0000 0.0000
vt 1.0000 0.0000
vt 0.5000 1.0000
vt 1.0000 0.0000
vt 0.0000 0.0000
vt 0.5000 0.5000
vt 0.0000 0.0000
vt 1.0000 0.0000
vt 0.5000 1.0000
vt 1.0000 0.0000
vt 0.0000 0.0000
vt 0.5000 0.5000
vt 0.0000 0.0000
vt 1.0000 0.0000
vt 0.5000 1.0000
vt 1.0000 0.0000
vt 0.0000 0.0000
vt 0.5000 0.5000
vt 0.0000 0.0000
vt 1.0000 0.0000
vt 0.5000 1.0000
vt 1.0000 0.0000
vt 0.0000 0.0000
vt 0.5000 0.5000
vt 0.0000 0.0000
vt 1.0000 0.0000
vt 0.5000 1.0000
vt 1.0000 0.0000
vt 0.0000 0.0000
vt 0.5000 0.5000
vt 0.0000 0.0000
vt 1.0000 0.0000
vt 1.0000 2.8482
vt 0.0000 2.8482
vt 0.0000 0.0000
vt 1.0000 0.0000
vt 1.0000 2.8482
vt 0.0000 2.8482
vt 0.0000 0.0000
vt 1.0000 0.0000
vt 1.0000 2.8482
vt 0.0000 2.8482
vt 0.0000 0.0000
vt 1.0000 0.0000
vt 1.0000 2.8482
vt 0.0000 2.8482
vt 0.0000 0.0000
vt 1.0000 0.0000
vt 1.0000 2.8482
vt 0.0000 2.8482
vt 0.0000 0.0000
vt 1.0000 0.0000
vt 1.0000 2.8482
vt 0.0000 2.8482
vt 0.0000 0.0000
vt 1.0000 0.0000
vt 0.5000 1.0000
vt 1.0000 0.0000
vt 0.0000 0.0000
vt 0.5000 0.5000
vt 0.0000 0.0000
vt 1.0000 0.0000
vt 0.5000 1.0000
vt 1.0000 0.0000
vt 0.0000 0.0000
vt 0.5000 0.5000
vt 0.0000 0.0000
vt 1.0000 0.0000
vt 0.5000 1.0000
vt 1.0000 0.0000
vt 0.0000 0.0000
vt 0.5000 0.5000
vt 0.0000 0.0000
vt 1.0000 0.0000
vt 0.5000 1.0000
vt 1.0000 0.0000
vt 0.0000 0.0000
vt 0.5000 0.5000
vt 0.0000 0.0000
vt 1.0000 0.0000
vt 0.5000 1.0000
vt 1.0000 0.0000
vt 0.0000 0.0000
vt 0.5000 0.5000
vt 0.0000 0.0000
vt 1.0000 0.0000
vt 0.5000 1.0000
vt 1.0000 0.0000
vt 0.0000 0.0000
vt 0.5000 0.5000
vt 0.0000 0.0000
vt 1.0000 0.0000
vt 0.5000 1.0000
vt 1.0000 0.0000
vt 0.0000 0.0000
vt 0.5000 0.5000
vt 0.0000 0.0000
vt 1.0000 0.0000
vt 0.5000 1.0000
vt 1.0000 0.0000
vt 0.0000 0.0000
vt 0.5000 0.5000
vt 0.0000 0.0000
vt 1.0000 0.0000
vt 1.0000 4.0195
vt 0.0000 4.0195
vt 0.0000 0.0000
vt 1.0000 0.0000
vt 1.0000 4.0195
vt 0.0000 4.0195
vt 0.0000 0.0000
vt 1.0000 0.0000
vt 1.0000 4.0195
vt 0.0000 4.0195
vt 0.0000 0.0000
vt 1.0000 0.0000
vt 1.0000 4.0195
vt 0.0000 4.0195
vt 0.0000 0.0000
vt 1.0000 0.0000
vt 1.0000 4.0195
vt 0.0000 4.0195
vt 0.0000 0.0000
vt 1.0000 0.0000
vt 1.0000 4.0195
vt 0.0000 4.0195
vt 0.0000 0.0000
vt 1.0000 0.0000
vt 0.5000 1.0000
vt 1.0000 0.0000
vt 0.0000 0.0000
vt 0.5000 0.5000
vt 0.0000 0.0000
vt 1.0000 0.0000
vt 0.5000 1.0000
vt 1.0000 0.0000
vt 0.0000 0.0000
vt 0.5000 0.5000
vt 0.0000 0.0000
vt 1.0000 0.0000
vt 0.5000 1.0000
vt 1.0000 0.0000
vt 0.0000 0.0000
vt 0.5000 0.5000
vt 0.0000 0.0000
vt 1.0000 0.0000
vt 0.5000 1.0000
vt 1.0000 0.0000
vt 0.0000 0.0000
vt 0.5000 0.5000
vt 0.0000 0.0000
vt 1.0000 0.0000
vt 0.5000 1.0000
vt 1.0000 0.0000
vt 0.0000 0.0000
vt 0.5000 0.5000
vt 0.0000 0.0000
vt 1.0000 0.0000
vt 0.5000 1.0000
vt 1.0000 0.0000
vt 0.0000 0.0000
vt 0.5000 0.5000
vt 0.0000 0.0000
vt 1.0000 0.0000
vt 0.5000 1.0000
vt 1.0000 0.0000
vt 0.0000 0.0000
vt 0.5000 0.5000
vt 0.0000 0.0000
vt 1.0000 0.0000
vt 0.5000 1.0000
vt 1.0000 0.0000
vt 0.0000 0.0000
vt 0.5000 0.5000
vt 0.0000 0.0000
vt 1.0000 0.0000
vt 1.0000 2.4496
vt 0.0000 2.4496
vt 0.0000 0.0000
vt 1.0000 0.0000
vt 1.0000 2.4496
vt 0.0000 2.4496
vt 0.0000 0.0000
vt 1.0000 0.0000
vt 1.0000 2.4496
vt 0.0000 2.4496
vt 0.0000 0.0000
vt 1.0000 0.0000
vt 1.0000 2.4496
vt 0.0000 2.4496
vt 0.0000 0.0000
vt 1.0000 0.0000
vt 1.0000 2.4496
vt 0.0000 2.4496
vt 0.0000 0.0000
vt 1.0000 0.0000
vt 1.0000 2.4496
vt 0.0000 2.4496
vt 0.0000 0.0000
vt 1.0000 0.0000
vt 0.5000 1.0000
vt 1.0000 0.0000
vt 0.0000 0.0000
vt 0.5000 0.5000
vt 0.0000 0.0000
vt 1.0000 0.0000
vt 0.5000 1.0000
vt 1.0000 0.0000
vt 0.0000 0.0000
vt 0.5000 0.5000
vt 0.0000 0.0000
vt 1.0000 0.0000
vt 0.5000 1.0000
vt 1.0000 0.0000
vt 0.0000 0.0000
vt 0.5000 0.5000
vt 0.0000 0.0000
vt 1.0000 0.0000
vt 0.5000 1.0000
vt 1.0000 0.0000
vt 0.0000 0.0000
vt 0.5000 0.5000
vt 0.0000 0.0000
vt 1.0000 0.0000
vt 0.5000 1.0000
vt 1.0000 0.0000
vt 0.0000 0.0000
vt 0.5000 0.5000
vt 0.0000 0.0000
vt 1.0000 0.0000
vt 0.5000 1.0000
vt 1.0000 0.0000
vt 0.0000 0.0000
vt 0.5000 0.5000
vt 0.0000 0.0000
vt 1.0000 0.0000
vt 0.5000 1.0000
vt 1.0000 0.0000
vt 0.0000 0.0000
vt 0.5000 0.5000
vt 0.0000 0.0000
vt 1.0000 0.0000
vt 0.5000 1.0000
vt 1.0000 0.0000
vt 0.0000 0.0000
vt 0.5000 0.5000
vt 0.0000 0.0000
vt 1.0000 0.0000
vt 1.0000 3.3715
vt 0.0000 3.3715
vt 0.0000 0.0000
vt 1.0000 0.0000
vt 1.0000 3.3715
vt 0.0000 3.3715
vt 0.0000 0.0000
vt 1.0000 0.0000
vt 1.0000 3.3715
vt 0.0000 3.3715
vt 0.0000 0.0000
vt 1.0000 0.0000
vt 1.0000 3.3715
vt 0.0000 3.3715
vt 0.0000 0.0000
vt 1.0000 0.0000
vt 1.0000 3.3715
vt 0.0000 3.3715
vt 0.0000 0.0000
vt 1.0000 0.0000
vt 1.0000 3.3715
vt 0.0000 3.3715
vt 0.0000 0.0000
vt 1.0000 0.0000
vt 0.5000 1.0000
vt 1.0000 0.0000
vt 0.0000 0.0000
vt 0.5000 0.5000
vt 0.0000 0.0000
vt 1.0000 0.0000
vt 0.5000 1.0000
vt 1.0000 0.0000
vt 0.0000 0.0000
vt 0.5000 0.5000
vt 0.0000 0.0000
vt 1.0000 0.0000
vt 0.5000 1.0000
vt 1.0000 0.0000
vt 0.0000 0.0000
vt 0.5000 0.5000
vt 0.0000 0.0000
vt 1.0000 0.0000
vt 0.5000 1.0000
vt 1.0000 0.0000
vt 0.0000 0.0000
vt 0.5000 0.5000
vt 0.0000 0.0000
vt 1.0000 0.0000
vt 0.5000 1.0000
vt 1.0000 0.0000
vt 0.0000 0.0000
vt 0.5000 0.5000
vt 0.0000 0.0000
vt 1.0000 0.0000
vt 0.5000 1.0000
vt 1.0000 0.0000
vt 0.0000 0.0000
vt 0.5000 0.5000
vt 0.0000 0.0000
vt 1.0000 0.0000
vt 0.5000 1.0000
vt 1.0000 0.0000
vt 0.0000 0.0000
vt 0.5000 0.5000
vt 0.0000 0.0000
vt 1.0000 0.0000
vt 0.5000 1.0000
vt 1.0000 0.0000
vt 0.0000 0.0000
vt 0.5000 0.5000
vt 0.0000 0.0000
vt 1.0000 0.0000
vt 1.0000 3.2840
vt 0.0000 3.2840
vt 0.0000 0.0000
vt 1.0000 0.0000
vt 1.0000 3.2840
vt 0.0000 3.2840
vt 0.0000 0.0000
vt 1.0000 0.0000
vt 1.0000 3.2840
vt 0.0000 3.2840
vt 0.0000 0.0000
vt 1.0000 0.0000
vt 1.0000 3.2840
vt 0.0000 3.2840
vt 0.0000 0.0000
vt 1.0000 0.0000
vt 1.0000 3.2840
vt 0.0000 3.2840
vt 0.0000 0.0000
vt 1.0000 0.0000
vt 1.0000 3.2840
vt 0.0000 3.2840
vt 0.0000 0.0000
vt 1.0000 0.0000
vt 0.5000 1.0000
vt 1.0000 0.0000
vt 0.0000 0.0000
vt 0.5000 0.5000
vt 0.0000 0.0000
vt 1.0000 0.0000
vt 0.5000 1.0000
vt 1.0000 0.0000
vt 0.0000 0.0000
vt 0.5000 0.5000
vt 0.0000 0.0000
vt 1.0000 0.0000
vt 0.5000 1.0000
vt 1.0000 0.0000
vt 0.0000 0.0000
vt 0.5000 0.5000
vt 0.0000 0.0000
vt 1.0000 0.0000
vt 0.5000 1.0000
vt 1.0000 0.0000
vt 0.0000 0.0000
vt 0.5000 0.5000
vt 0.0000 0.0000
vt 1.0000 0.0000
vt 0.5000 1.0000
vt 1.0000 0.0000
vt 0.0000 0.0000
vt 0.5000 0.5000
vt 0.0000 0.0000
vt 1.0000 0.0000
vt 0.5000 1.0000
vt 1.0000 0.0000
vt 0.0000 0.0000
vt 0.5000 0.5000
vt 0.0000 0.0000
vt 1.0000 0.0000
vt 0.5000 1.0000
vt 1.0000 0.0000
vt 0.0000 0.0000
vt 0.5000 0.5000
vt 0.0000 0.0000
vt 1.0000 0.0000
vt 0.5000 1.0000
vt 1.0000 0.0000
vt 0.0000 0.0000
vt 0.5000 0.5000
vt 0.0000 0.0000
vt 1.0000 0.0000
vt 1.0000 4.1378
vt 0.0000 4.1378
vt 0.0000 0.0000
vt 1.0000 0.0000
vt 1.0000 4.1378
vt 0.0000 4.1378
vt 0.0000 0.0000
vt 1.0000 0.0000
vt 1.0000 4.1378
vt 0.0000 4.1378
vt 0.0000 0.0000
vt 1.0000 0.0000
vt 1.0000 4.1378
vt 0.0000 4.1378
vt 0.0000 0.0000
vt 1.0000 0.0000
vt 1.0000 4.1378
vt 0.0000 4.1378
vt 0.0000 0.0000
vt 1.0000 0.0000
vt 1.0000 4.1378
vt 0.0000 4.1378
vt 0.0000 0.0000
vt 1.0000 0.0000
vt 0.5000 1.0000
vt 1.0000 0.0000
vt 0.0000 0.0000
vt 0.5000 0.5000
vt 0.0000 0.0000
vt 1.0000 0.0000
vt 0.5000 1.0000
vt 1.0000 0.0000
vt 0.0000 0.0000
vt 0.5000 0.5000
vt 0.0000 0.0000
vt 1.0000 0.0000
vt 0.5000 1.0000
vt 1.0000 0.0000
vt 0.0000 0.0000
vt 0.5000 0.5000
vt 0.0000 0.0000
vt 1.0000 0.0000
vt 0.5000 1.0000
vt 1.0000 0.0000
vt 0.0000 0.0000
vt 0.5000 0.5000
vt 0.0000 0.0000
vt 1.0000 0.0000
vt 0.5000 1.0000
vt 1.0000 0.0000
vt 0.0000 0.0000
vt 0.5000 0.5000
vt 0.0000 0.0000
vt 1.0000 0.0000
vt 0.5000 1.0000
vt 1.0000 0.0000
vt 0.0000 0.0000
vt 0.5000 0.5000
vt 0.0000 0.0000
vt 1.0000 0.0000
vt 0.5000 1.0000
vt 1.0000 0.0000
vt 0.0000 0.0000
vt 0.5000 0.5000
vt 0.0000 0.0000
vt 1.0000 0.0000
vt 0.5000 1.0000
vt 1.0000 0.0000
vt 0.0000 0.0000
vt 0.5000 0.5000
vt 0.0000 0.0000
vt 1.0000 0.0000
vt 1.0000 2.6907
vt 0.0000 2.6907
vt 0.0000 0.0000
vt 1.0000 0.0000
vt 1.0000 2.6907
vt 0.0000 2.6907
vt 0.0000 0.0000
vt 1.0000 0.0000
vt 1.0000 2.6907
vt 0.0000 2.6907
vt 0.0000 0.0000
vt 1.0000 0.0000
vt 1.0000 2.6907
vt 0.0000 2.6907
vt 0.0000 0.0000
vt 1.0000 0.0000
vt 1.0000 2.6907
vt 0.0000 2.6907
vt 0.0000 0.0000
vt 1.0000 0.0000
vt 1.0000 2.6907
vt 0.0000 2.6907
vt 0.0000 0.0000
vt 1.0000 0.0000
vt 0.5000 1.0000
vt 0.0000 0.0000
vt 1.0000 0.0000
vt 0.5000 1.0000
vt 0.0000 0.0000
vt 1.0000 0.0000
vt 0.5000 1.0000
vt 0.0000 0.0000
vt 1.0000 0.0000
vt 0.5000 1.0000
vt 0.0000 0.0000
vt 1.0000 0.0000
vt 0.5000 1.0000
vt 0.0000 0.0000
vt 1.0000 0.0000
vt 0.5000 1.0000
vt 0.0000 0.0000
vt 1.0000 0.0000
vt 0.5000 1.0000
vt 0.0000 0.0000
vt 1.0000 0.0000
vt 0.5000 1.0000
vt 0.0000 0.0000
vt 1.0000 0.0000
vt 0.5000 1.0000
vt 0.0000 0.0000
vt 1.0000 0.0000
vt 0.5000 1.0000
vt 0.0000 0.0000
vt 1.0000 0.0000
vt 0.5000 1.0000
vt 0.0000 0.0000
vt 1.0000 0.0000
vt 0.5000 1.0000
vt 0.0000 0.0000
vt 1.0000 0.0000
vt 0.5000 1.0000
vt 0.0000 0.0000
vt 1.0000 0.0000
vt 0.5000 1.0000
vt 0.0000 0.0000
vt 1.0000 0.0000
vt 0.5000 1.0000
vt 0.0000 0.0000
vt 1.0000 0.0000
vt 0.5000 1.0000
vt 0.0000 0.0000
vt 1.0000 0.0000
vt 0.5000 1.0000
vt 0.0000 0.0000
vt 1.0000 0.0000
vt 0.5000 1.0000
vt 0.0000 0.0000
vt 1.0000 0.0000
vt 0.5000 1.0000
vt 0.0000 0.0000
vt 1.0000 0.0000
vt 0.5000 1.0000
vt 0.0000 0.0000
vt 1.0000 0.0000
vt 0.5000 1.0000
vt 0.0000 0.0000
vt 1.0000 0.0000
vt 0.5000 1.0000
vt 0.0000 0.0000
vt 1.0000 0.0000
vt 0.5000 1.0000
vt 0.0000 0.0000
vt 1.0000 0.0000
vt 0.5000 1.0000
vt 0.0000 0.0000
vt 1.0000 0.0000
vt 0.5000 1.0000
vt 0.0000 0.0000
vt 1.0000 0.0000
vt 0.5000 1.0000
vt 0.0000 0.0000
vt 1.0000 0.0000
vt 0.5000 1.0000
vt 0.0000 0.0000
vt 1.0000 0.0000
vt 0.5000 1.0000
vt 0.0000 0.0000
vt 1.0000 0.0000
vt 0.5000 1.0000
vt 0.0000 0.0000
vt 1.0000 0.0000
vt 0.5000 1.0000
vt 0.0000 0.0000
vt 1.0000 0.0000
vt 0.5000 1.0000
vt 0.0000 0.0000
vt 1.0000 0.0000
vt 0.5000 1.0000
vt 0.0000 0.0000
vt 1.0000 0.0000
vt 1.0000 3.9087
vt 0.0000 3.9087
vt 0.0000 0.0000
vt 1.0000 0.0000
vt 1.0000 3.9087
vt 0.0000 3.9087
vt 0.0000 0.0000
vt 1.0000 0.0000
vt 1.0000 3.9087
vt 0.0000 3.9087
vt 0.0000 0.0000
vt 1.0000 0.0000
vt 1.0000 3.9087
vt 0.0000 3.9087
vt 0.0000 0.0000
vt 1.0000 0.0000
vt 1.0000 3.9087
vt 0.0000 3.9087
vt 0.0000 0.0000
vt 1.0000 0.0000
vt 1.0000 3.9087
vt 0.0000 3.9087
vt 0.0000 0.0000
vt 1.0000 0.0000
vt 0.5000 1.0000
vt 0.0000 0.0000
vt 1.0000 0.0000
vt 0.5000 1.0000
vt 0.0000 0.0000
vt 1.0000 0.0000
vt 0.5000 1.0000
vt 0.0000 0.0000
vt 1.0000 0.0000
vt 0.5000 1.0000
vt 0.0000 0.0000
vt 1.0000 0.0000
vt 0.5000 1.0000
vt 0.0000 0.0000
vt 1.0000 0.0000
vt 0.5000 1.0000
vt 0.0000 0.0000
vt 1.0000 0.0000
vt 0.5000 1.0000
vt 0.0000 0.0000
vt 1.0000 0.0000
vt 0.5000 1.0000
vt 0.0000 0.0000
vt 1.0000 0.0000
vt 0.5000 1.0000
vt 0.0000 0.0000
vt 1.0000 0.0000
vt 0.5000 1.0000
vt 0.0000 0.0000
vt 1.0000 0.0000
vt 0.5000 1.0000
vt 0.0000 0.0000
vt 1.0000 0.0000
vt 0.5000 1.0000
vt 0.0000 0.0000
vt 1.0000 0.0000
vt 0.5000 1.0000
vt 0.0000 0.0000
vt 1.0000 0.0000
vt 0.5000 1.0000
vt 0.0000 0.0000
vt 1.0000 0.0000
vt 0.5000 1.0000
vt 0.0000 0.0000
vt 1.0000 0.0000
vt 0.5000 1.0000
vt 0.0000 0.0000
vt 1.0000 0.0000
vt 0.5000 1.0000
vt 0.0000 0.0000
vt 1.0000 0.0000
vt 0.5000 1.0000
vt 0.0000 0.0000
vt 1.0000 0.0000
vt 0.5000 1.0000
vt 0.0000 0.0000
vt 1.0000 0.0000
vt 0.5000 1.0000
vt 0.0000 0.0000
vt 1.0000 0.0000
vt 0.5000 1.0000
vt 0.0000 0.0000
vt 1.0000 0.0000
vt 0.5000 1.0000
vt 0.0000 0.0000
vt 1.0000 0.0000
vt 0.5000 1.0000
vt 0.0000 0.0000
vt 1.0000 0.0000
vt 0.5000 1.0000
vt 0.0000 0.0000
vt 1.0000 0.0000
vt 0.5000 1.0000
vt 0.0000 0.0000
vt 1.0000 0.0000
vt 0.5000 1.0000
vt 0.0000 0.0000
vt 1.0000 0.0000
vt 0.5000 1.0000
vt 0.0000 0.0000
vt 1.0000 0.0000
vt 0.5000 1.0000
vt 0.0000 0.0000
vt 1.0000 0.0000
vt 0.5000 1.0000
vt 0.0000 0.0000
vt 1.0000 0.0000
vt 0.5000 1.0000
vt 0.0000 0.0000
vt 1.0000 0.0000
vt 0.5000 1.0000
vt 0.0000 0.0000
vt 1.0000 0.0000
vt 0.5000 1.0000
vt 0.0000 0.0000
vt 1.0000 0.0000
vt 1.0000 3.9992
vt 0.0000 3.9992
vt 0.0000 0.0000
vt 1.0000 0.0000
vt 1.0000 3.9992
vt 0.0000 3.9992
vt 0.0000 0.0000
vt 1.0000 0.0000
vt 1.0000 3.9992
vt 0.0000 3.9992
vt 0.0000 0.0000
vt 1.0000 0.0000
vt 1.0000 3.9992
vt 0.0000 3.9992
vt 0.0000 0.0000
vt 1.0000 0.0000
vt 1.0000 3.9992
vt 0.0000 3.9992
vt 0.0000 0.0000
vt 1.0000 0.0000
vt 1.0000 3.9992
vt 0.0000 3.9992
vt 0.0000 0.0000
vt 1.0000 0.0000
vt 0.5000 1.0000
vt 0.0000 0.0000
vt 1.0000 0.0000
vt 0.5000 1.0000
vt 0.0000 0.0000
vt 1.0000 0.0000
vt 0.5000 1.0000
vt 0.0000 0.0000
vt 1.0000 0.0000
vt 0.5000 1.0000
vt 0.0000 0.0000
vt 1.0000 0.0000
vt 0.5000 1.0000
vt 0.0000 0.0000
vt 1.0000 0.0000
vt 0.5000 1.0000
vt 0.0000 0.0000
vt 1.0000 0.0000
vt 0.5000 1.0000
vt 0.0000 0.0000
vt 1.0000 0.0000
vt 0.5000 1.0000
vt 0.0000 0.0000
vt 1.0000 0.0000
vt 0.5000 1.0000
vt 0.0000 0.0000
vt 1.0000 0.0000
vt 0.5000 1.0000
vt 0.0000 0.0000
vt 1.0000 0.0000
vt 0.5000 1.0000
vt 0.0000 0.0000
vt 1.0000 0.0000
vt 0.5000 1.0000
vt 0.0000 0.0000
vt 1.0000 0.0000
vt 0.5000 1.0000
vt 0.0000 0.0000
vt 1.0000 0.0000
vt 0.5000 1.0000
vt 0.0000 0.0000
vt 1.0000 0.0000
vt 0.5000 1.0000
vt 0.0000 0.0000
vt 1.0000 0.0000
vt 0.5000 1.0000
vt 0.0000 0.0000
vt 1.0000 0.0000
vt 0.5000 1.0000
vt 0.0000 0.0000
vt 1.0000 0.0000
vt 0.5000 1.0000
vt 0.0000 0.0000
vt 1.0000 0.0000
vt 0.5000 1.0000
vt 0.0000 0.0000
vt 1.0000 0.0000
vt 0.5000 1.0000
vt 0.0000 0.0000
vt 1.0000 0.0000
vt 0.5000 1.0000
vt 0.0000 0.0000
vt 1.0000 0.0000
vt 0.5000 1.0000
vt 0.0000 0.0000
vt 1.0000 0.0000
vt 0.5000 1.0000
vt 0.0000 0.0000
vt 1.0000 0.0000
vt 0.5000 1.0000
vt 0.0000 0.0000
vt 1.0000 0.0000
vt 0.5000 1.0000
vt 0.0000 0.0000
vt 1.0000 0.0000
vt 0.5000 1.0000
vt 0.0000 0.0000
vt 1.0000 0.0000
vt 0.5000 1.0000
vt 0.0000 0.0000
vt 1.0000 0.0000
vt 0.5000 1.0000
vt 0.0000 0.0000
vt 1.0000 0.0000
vt 0.5000 1.0000
vt 0.0000 0.0000
vt 1.0000 0.0000
vt 0.5000 1.0000
vt 0.0000 0.0000
vt 1.0000 0.0000
vt 0.5000 1.0000
vt 0.0000 0.0000
vt 1.0000 0.0000
vt 0.5000 1.0000
vt 0.0000 0.0000
vt 1.0000 0.0000
vt 1.0000 4.0591
vt 0.0000 4.0591
vt 0.0000 0.0000
vt 1.0000 0.0000
vt 1.0000 4.0591
vt 0.0000 4.0591
vt 0.0000 0.0000
vt 1.0000 0.0000
vt 1.0000 4.0591
vt 0.0000 4.0591
vt 0.0000 0.0000
vt 1.0000 0.0000
vt 1.0000 4.0591
vt 0.0000 4.0591
vt 0.0000 0.0000
vt 1.0000 0.0000
vt 1.0000 4.0591
vt 0.0000 4.0591
vt 0.0000 0.0000
vt 1.0000 0.0000
vt 1.0000 4.0591
vt 0.0000 4.0591
vt 0.0000 0.0000
vt 1.0000 0.0000
vt 0.5000 1.0000
vt 1.0000 0.0000
vt 0.0000 0.0000
vt 0.5000 0.5000
vt 0.0000 0.0000
vt 1.0000 0.0000
vt 0.5000 1.0000
vt 1.0000 0.0000
vt 0.0000 0.0000
vt 0.5000 0.5000
vt 0.0000 0.0000
vt 1.0000 0.0000
vt 0.5000 1.0000
vt 1.0000 0.0000
vt 0.0000 0.0000
vt 0.5000 0.5000
vt 0.0000 0.0000
vt 1.0000 0.0000
vt 0.5000 1.0000
vt 1.0000 0.0000
vt 0.0000 0.0000
vt 0.5000 0.5000
vt 0.0000 0.0000
vt 1.0000 0.0000
vt 0.5000 1.0000
vt 1.0000 0.0000
vt 0.0000 0.0000
vt 0.5000 0.5000
vt 0.0000 0.0000
vt 1.0000 0.0000
vt 0.5000 1.0000
vt 1.0000 0.0000
vt 0.0000 0.0000
vt 0.5000 0.5000
vt 0.0000 0.0000
vt 1.0000 0.0000
vt 0.5000 1.0000
vt 1.0000 0.0000
vt 0.0000 0.0000
vt 0.5000 0.5000
vt 0.0000 0.0000
vt 1.0000 0.0000
vt 0.5000 1.0000
vt 1.0000 0.0000
vt 0.0000 0.0000
vt 0.5000 0.5000
vt 0.0000 0.0000
vt 1.0000 0.0000
vt 1.0000 2.4849
vt 0.0000 2.4849
vt 0.0000 0.0000
vt 1.0000 0.0000
vt 1.0000 2.4849
vt 0.0000 2.4849
vt 0.0000 0.0000
vt 1.0000 0.0000
vt 1.0000 2.4849
vt 0.0000 2.4849
vt 0.0000 0.0000
vt 1.0000 0.0000
vt 1.0000 2.4849
vt 0.0000 2.4849
vt 0.0000 0.0000
vt 1.0000 0.0000
vt 1.0000 2.4849
vt 0.0000 2.4849
vt 0.0000 0.0000
vt 1.0000 0.0000
vt 1.0000 2.4849
vt 0.0000 2.4849
vt 0.0000 0.0000
vt 1.0000 0.0000
vt 0.5000 1.0000
vt 1.0000 0.0000
vt 0.0000 0.0000
vt 0.5000 0.5000
vt 0.0000 0.0000
vt 1.0000 0.0000
vt 0.5000 1.0000
vt 1.0000 0.0000
vt 0.0000 0.0000
vt 0.5000 0.5000
vt 0.0000 0.0000
vt 1.0000 0.0000
vt 0.5000 1.0000
vt 1.0000 0.0000
vt 0.0000 0.0000
vt 0.5000 0.5000
vt 0.0000 0.0000
vt 1.0000 0.0000
vt 0.5000 1.0000
vt 1.0000 0.0000
vt 0.0000 0.0000
vt 0.5000 0.5000
vt 0.0000 0.0000
vt 1.0000 0.0000
vt 0.5000 1.0000
vt 1.0000 0.0000
vt 0.0000 0.0000
vt 0.5000 0.5000
vt 0.0000 0.0000
vt 1.0000 0.0000
vt 0.5000 1.0000
vt 1.0000 0.0000
vt 0.0000 0.0000
vt 0.5000 0.5000
vt 0.0000 0.0000
vt 1.0000 0.0000
vt 0.5000 1.0000
vt 1.0000 0.0000
vt 0.0000 0.0000
vt 0.5000 0.5000
vt 0.0000 0.0000
vt 1.0000 0.0000
vt 0.5000 1.0000
vt 1.0000 0.0000
vt 0.0000 0.0000
vt 0.5000 0.5000
vt 0.0000 0.0000
vt 1.0000 0.0000
vt 1.0000 3.6643
vt 0.0000 3.6643
vt 0.0000 0.0000
vt 1.0000 0.0000
vt 1.0000 3.6643
vt 0.0000 3.6643
vt 0.0000 0.0000
vt 1.0000 0.0000
vt 1.0000 3.6643
vt 0.0000 3.6643
vt 0.0000 0.0000
vt 1.0000 0.0000
vt 1.0000 3.6643
vt 0.0000 3.6643
vt 0.0000 0.0000
vt 1.0000 0.0000
vt 1.0000 3.6643
vt 0.0000 3.6643
vt 0.0000 0.0000
vt 1.0000 0.0000
vt 1.0000 3.6643
vt 0.0000 3.6643
vt 0.0000 0.0000
vt 1.0000 0.0000
vt 0.5000 1.0000
vt 0.0000 0.0000
vt 1.0000 0.0000
vt 0.5000 1.0000
vt 0.0000 0.0000
vt 1.0000 0.0000
vt 0.5000 1.0000
vt 0.0000 0.0000
vt 1.0000 0.0000
vt 0.5000 1.0000
vt 0.0000 0.0000
vt 1.0000 0.0000
vt 0.5000 1.0000
vt 0.0000 0.0000
vt 1.0000 0.0000
vt 0.5000 1.0000
vt 0.0000 0.0000
vt 1.0000 0.0000
vt 0.5000 1.0000
vt 0.0000 0.0000
vt 1.0000 0.0000
vt 0.5000 1.0000
vt 0.0000 0.0000
vt 1.0000 0.0000
vt 0.5000 1.0000
vt 0.0000 0.0000
vt 1.0000 0.0000
vt 0.5000 1.0000
vt 0.0000 0.0000
vt 1.0000 0.0000
vt 0.5000 1.0000
vt 0.0000 0.0000
vt 1.0000 0.0000
vt 0.5000 1.0000
vt 0.0000 0.0000
vt 1.0000 0.0000
vt 0.5000 1.0000
vt 0.0000 0.0000
vt 1.0000 0.0000
vt 0.5000 1.0000
vt 0.0000 0.0000
vt 1.0000 0.0000
vt 0.5000 1.0000
vt 0.0000 0.0000
vt 1.0000 0.0000
vt 0.5000 1.0000
vt 0.0000 0.0000
vt 1.0000 0.0000
vt 0.5000 1.0000
vt 0.0000 0.0000
vt 1.0000 0.0000
vt 0.5000 1.0000
vt 0.0000 0.0000
vt 1.0000 0.0000
vt 0.5000 1.0000
vt 0.0000 0.0000
vt 1.0000 0.0000
vt 0.5000 1.0000
vt 0.0000 0.0000
vt 1.0000 0.0000
vt 0.5000 1.0000
vt 0.0000 0.0000
vt 1.0000 0.0000
vt 0.5000 1.0000
vt 0.0000 0.0000
vt 1.0000 0.0000
vt 0.5000 1.0000
vt 0.0000 0.0000
vt 1.0000 0.0000
vt 0.5000 1.0000
vt 0.0000 0.0000
vt 1.0000 0.0000
vt 0.5000 1.0000
vt 0.0000 0.0000
vt 1.0000 0.0000
vt 0.5000 1.0000
vt 0.0000 0.0000
vt 1.0000 0.0000
vt 0.5000 1.0000
vt 0.0000 0.0000
vt 1.0000 0.0000
vt 0.5000 1.0000
vt 0.0000 0.0000
vt 1.0000 0.0000
vt 0.5000 1.0000
vt 0.0000 0.0000
vt 1.0000 0.0000
vt 0.5000 1.0000
vt 0.0000 0.0000
vt 1.0000 0.0000
vt 0.5000 1.0000
vt 0.0000 0.0000
vt 1.0000 0.0000
vt 0.5000 1.0000
vt 0.0000 0.0000
vt 1.0000 0.0000
vt 1.0000 2.5213
vt 0.0000 2.5213
vt 0.0000 0.0000
vt 1.0000 0.0000
vt 1.0000 2.5213
vt 0.0000 2.5213
vt 0.0000 0.0000
vt 1.0000 0.0000
vt 1.0000 2.5213
vt 0.0000 2.5213
vt 0.0000 0.0000
vt 1.0000 0.0000
vt 1.0000 2.5213
vt 0.0000 2.5213
vt 0.0000 0.0000
vt 1.0000 0.0000
vt 1.0000 2.5213
vt 0.0000 2.5213
vt 0.0000 0.0000
vt 1.0000 0.0000
vt 1.0000 2.5213
vt 0.0000 2.5213
vt 0.0000 0.0000
vt 1.0000 0.0000
vt 0.5000 1.0000
vt 1.0000 0.0000
vt 0.0000 0.0000
vt 0.5000 0.5000
vt 0.0000 0.0000
vt 1.0000 0.0000
vt 0.5000 1.0000
vt 1.0000 0.0000
vt 0.0000 0.0000
vt 0.5000 0.5000
vt 0.0000 0.0000
vt 1.0000 0.0000
vt 0.5000 1.0000
vt 1.0000 0.0000
vt 0.0000 0.0000
vt 0.5000 0.5000
vt 0.0000 0.0000
vt 1.0000 0.0000
vt 0.5000 1.0000
vt 1.0000 0.0000
vt 0.0000 0.0000
vt 0.5000 0.5000
vt 0.0000 0.0000
vt 1.0000 0.0000
vt 0.5000 1.0000
vt 1.0000 0.0000
vt 0.0000 0.0000
vt 0.5000 0.5000
vt 0.0000 0.0000
vt 1.0000 0.0000
vt 0.5000 1.0000
vt 1.0000 0.0000
vt 0.0000 0.0000
vt 0.5000 0.5000
vt 0.0000 0.0000
vt 1.0000 0.0000
vt 0.5000 1.0000
vt 1.0000 0.0000
vt 0.0000 0.0000
vt 0.5000 0.5000
vt 0.0000 0.0000
vt 1.0000 0.0000
vt 0.5000 1.0000
vt 1.0000 0.0000
vt 0.0000 0.0000
vt 0.5000 0.5000
vt 0.0000 0.0000
vt 1.0000 0.0000
vt 1.0000 2.4104
vt 0.0000 2.4104
vt 0.0000 0.0000
vt 1.0000 0.0000
vt 1.0000 2.4104
vt 0.0000 2.4104
vt 0.0000 0.0000
vt 1.0000 0.0000
vt 1.0000 2.4104
vt 0.0000 2.4104
vt 0.0000 0.0000
vt 1.0000 0.0000
vt 1.0000 2.4104
vt 0.0000 2.4104
vt 0.0000 0.0000
vt 1.0000 0.0000
vt 1.0000 2.4104
vt 0.0000 2.4104
vt 0.0000 0.0000
vt 1.0000 0.0000
vt 1.0000 2.4104
vt 0.0000 2.4104
vt 0.0000 0.0000
vt 1.0000 0.0000
vt 0.5000 1.0000
vt 1.0000 0.0000
vt 0.0000 0.0000
vt 0.5000 0.5000
vt 0.0000 0.0000
vt 1.0000 0.0000
vt 0.5000 1.0000
vt 1.0000 0.0000
vt 0.0000 0.0000
vt 0.5000 0.5000
vt 0.0000 0.0000
vt 1.0000 0.0000
vt 0.5000 1.0000
vt 1.0000 0.0000
vt 0.0000 0.0000
vt 0.5000 0.5000
vt 0.0000 0.0000
vt 1.0000 0.0000
vt 0.5000 1.0000
vt 1.0000 0.0000
vt 0.0000 0.0000
vt 0.5000 0.5000
vt 0.0000 0.0000
vt 1.0000 0.0000
vt 0.5000 1.0000
vt 1.0000 0.0000
vt 0.0000 0.0000
vt 0.5000 0.5000
vt 0.0000 0.0000
vt 1.0000 0.0000
vt 0.5000 1.0000
vt 1.0000 0.0000
vt 0.0000 0.0000
vt 0.5000 0.5000
vt 0.0000 0.0000
vt 1.0000 0.0000
vt 0.5000 1.0000
vt 1.0000 0.0000
vt 0.0000 0.0000
vt 0.5000 0.5000
vt 0.0000 0.0000
vt 1.0000 0.0000
vt 0.5000 1.0000
vt 1.0000 0.0000
vt 0.0000 0.0000
vt 0.5000 0.5000
vt 0.0000 0.0000
vt 1.0000 0.0000
vt 1.0000 3.4320
vt 0.0000 3.4320
vt 0.0000 0.0000
vt 1.0000 0.0000
vt 1.0000 3.4320
vt 0.0000 3.4320
vt 0.0000 0.0000
vt 1.0000 0.0000
vt 1.0000 3.4320
vt 0.0000 3.4320
vt 0.0000 0.0000
vt 1.0000 0.0000
vt 1.0000 3.4320
vt 0.0000 3.4320
vt 0.0000 0.0000
vt 1.0000 0.0000
vt 1.0000 3.4320
vt 0.0000 3.4320
vt 0.0000 0.0000
vt 1.0000 0.0000
vt 1.0000 3.4320
vt 0.0000 3.4320
vt 0.0000 0.0000
vt 1.0000 0.0000
vt 0.5000 1.0000
vt 1.0000 0.0000
vt 0.0000 0.0000
vt 0.5000 0.5000
vt 0.0000 0.0000
vt 1.0000 0.0000
vt 0.5000 1.0000
vt 1.0000 0.0000
vt 0.0000 0.0000
vt 0.5000 0.5000
vt 0.0000 0.0000
vt 1.0000 0.0000
vt 0.5000 1.0000
vt 1.0000 0.0000
vt 0.0000 0.0000
vt 0.5000 0.5000
vt 0.0000 0.0000
vt 1.0000 0.0000
vt 0.5000 1.0000
vt 1.0000 0.0000
vt 0.0000 0.0000
vt 0.5000 0.5000
vt 0.0000 0.0000
vt 1.0000 0.0000
vt 0.5000 1.0000
vt 1.0000 0.0000
vt 0.0000 0.0000
vt 0.5000 0.5000
vt 0.0000 0.0000
vt 1.0000 0.0000
vt 0.5000 1.0000
vt 1.0000 0.0000
vt 0.0000 0.0000
vt 0.5000 0.5000
vt 0.0000 0.0000
vt 1.0000 0.0000
vt 0.5000 1.0000
vt 1.0000 0.0000
vt 0.0000 0.0000
vt 0.5000 0.5000
vt 0.0000 0.0000
vt 1.0000 0.0000
vt 0.5000 1.0000
vt 1.0000 0.0000
vt 0.0000 0.0000
vt 0.5000 0.5000
vt 0.0000 0.0000
vt 1.0000 0.0000
vt 1.0000 3.5158
vt 0.0000 3.5158
vt 0.0000 0.0000
vt 1.0000 0.0000
vt 1.0000 3.5158
vt 0.0000 3.5158
vt 0.0000 0.0000
vt 1.0000 0.0000
vt 1.0000 3.5158
vt 0.0000 3.5158
vt 0.0000 0.0000
vt 1.0000 0.0000
vt 1.0000 3.5158
vt 0.0000 3.5158
vt 0.0000 0.0000
vt 1.0000 0.0000
vt 1.0000 3.5158
vt 0.0000 3.5158
vt 0.0000 0.0000
vt 1.0000 0.0000
vt 1.0000 3.5158
vt 0.0000 3.5158
vt 0.0000 0.0000
vt 1.0000 0.0000
vt 0.5000 1.0000
vt 0.0000 0.0000
vt 1.0000 0.0000
vt 0.5000 1.0000
vt 0.0000 0.0000
vt 1.0000 0.0000
vt 0.5000 1.0000
vt 0.0000 0.0000
vt 1.0000 0.0000
vt 0.5000 1.0000
vt 0.0000 0.0000
vt 1.0000 0.0000
vt 0.5000 1.0000
vt 0.0000 0.0000
vt 1.0000 0.0000
vt 0.5000 1.0000
vt 0.0000 0.0000
vt 1.0000 0.0000
vt 0.5000 1.0000
vt 0.0000 0.0000
vt 1.0000 0.0000
vt 0.5000 1.0000
vt 0.0000 0.0000
vt 1.0000 0.0000
vt 0.5000 1.0000
vt 0.0000 0.0000
vt 1.0000 0.0000
vt 0.5000 1.0000
vt 0.0000 0.0000
vt 1.0000 0.0000
vt 0.5000 1.0000
vt 0.0000 0.0000
vt 1.0000 0.0000
vt 0.5000 1.0000
vt 0.0000 0.0000
vt 1.0000 0.0000
vt 0.5000 1.0000
vt 0.0000 0.0000
vt 1.0000 0.0000
vt 0.5000 1.0000
vt 0.0000 0.0000
vt 1.0000 0.0000
vt 0.5000 1.0000
vt 0.0000 0.0000
vt 1.0000 0.0000
vt 0.5000 1.0000
vt 0.0000 0.0000
vt 1.0000 0.0000
vt 0.5000 1.0000
vt 0.0000 0.0000
vt 1.0000 0.0000
vt 0.5000 1.0000
vt 0.0000 0.0000
vt 1.0000 0.0000
vt 0.5000 1.0000
vt 0.0000 0.0000
vt 1.0000 0.0000
vt 0.5000 1.0000
vt 0.0000 0.0000
vt 1.0000 0.0000
vt 0.5000 1.0000
vt 0.0000 0.0000
vt 1.0000 0.0000
vt 0.5000 1.0000
vt 0.0000 0.0000
vt 1.0000 0.0000
vt 0.5000 1.0000
vt 0.0000 0.0000
vt 1.0000 0.0000
vt 0.5000 1.0000
vt 0.0000 0.0000
vt 1.0000 0.0000
vt 0.5000 1.0000
vt 0.0000 0.0000
vt 1.0000 0.0000
vt 0.5000 1.0000
vt 0.0000 0.0000
vt 1.0000 0.0000
vt 0.5000 1.0000
vt 0.0000 0.0000
vt 1.0000 0.0000
vt 0.5000 1.0000
vt 0.0000 0.0000
vt 1.0000 0.0000
vt 0.5000 1.0000
vt 0.0000 0.0000
vt 1.0000 0.0000
vt 0.5000 1.0000
vt 0.0000 0.0000
vt 1.0000 0.0000
vt 0.5000 1.0000
vt 0.0000 0.0000
vt 1.0000 0.0000
vt 0.5000 1.0000
vt 0.0000 0.0000
vt 1.0000 0.0000
vt 1.0000 4.1242
vt 0.0000 4.1242
vt 0.0000 0.0000
vt 1.0000 0.0000
vt 1.0000 4.1242
vt 0.0000 4.1242
vt 0.0000 0.0000
vt 1.0000 0.0000
vt 1.0000 4.1242
vt 0.0000 4.1242
vt 0.0000 0.0000
vt 1.0000 0.0000
vt 1.0000 4.1242
vt 0.0000 4.1242
vt 0.0000 0.0000
vt 1.0000 0.0000
vt 1.0000 4.1242
vt 0.0000 4.1242
vt 0.0000 0.0000
vt 1.0000 0.0000
vt 1.0000 4.1242
vt 0.0000 4.1242
vt 0.0000 0.0000
vt 1.0000 0.0000
vt 0.5000 1.0000
vt 1.0000 0.0000
vt 0.0000 0.0000
vt 0.5000 0.5000
vt 0.0000 0.0000
vt 1.0000 0.0000
vt 0.5000 1.0000
vt 1.0000 0.0000
vt 0.0000 0.0000
vt 0.5000 0.5000
vt 0.0000 0.0000
vt 1.0000 0.0000
vt 0.5000 1.0000
vt 1.0000 0.0000
vt 0.0000 0.0000
vt 0.5000 0.5000
vt 0.0000 0.0000
vt 1.0000 0.0000
vt 0.5000 1.0000
vt 1.0000 0.0000
vt 0.0000 0.0000
vt 0.5000 0.5000
vt 0.0000 0.0000
vt 1.0000 0.0000
vt 0.5000 1.0000
vt 1.0000 0.0000
vt 0.0000 0.0000
vt 0.5000 0.5000
vt 0.0000 0.0000
vt 1.0000 0.0000
vt 0.5000 1.0000
vt 1.0000 0.0000
vt 0.0000 0.0000
vt 0.5000 0.5000
vt 0.0000 0.0000
vt 1.0000 0.0000
vt 0.5000 1.0000
vt 1.0000 0.0000
vt 0.0000 0.0000
vt 0.5000 0.5000
vt 0.0000 0.0000
vt 1.0000 0.0000
vt 0.5000 1.0000
vt 1.0000 0.0000
vt 0.0000 0.0000
vt 0.5000 0.5000
vt 0.0000 0.0000
vt 1.0000 0.0000
vt 1.0000 3.5733
vt 0.0000 3.5733
vt 0.0000 0.0000
vt 1.0000 0.0000
vt 1.0000 3.5733
vt 0.0000 3.5733
vt 0.0000 0.0000
vt 1.0000 0.0000
vt 1.0000 3.5733
vt 0.0000 3.5733
vt 0.0000 0.0000
vt 1.0000 0.0000
vt 1.0000 3.5733
vt 0.0000 3.5733
vt 0.0000 0.0000
vt 1.0000 0.0000
vt 1.0000 3.5733
vt 0.0000 3.5733
vt 0.0000 0.0000
vt 1.0000 0.0000
vt 1.0000 3.5733
vt 0.0000 3.5733
vt 0.0000 0.0000
vt 1.0000 0.0000
vt 0.5000 1.0000
vt 1.0000 0.0000
vt 0.0000 0.0000
vt 0.5000 0.5000
vt 0.0000 0.0000
vt 1.0000 0.0000
vt 0.5000 1.0000
vt 1.0000 0.0000
vt 0.0000 0.0000
vt 0.5000 0.5000
vt 0.0000 0.0000
vt 1.0000 0.0000
vt 0.5000 1.0000
vt 1.0000 0.0000
vt 0.0000 0.0000
vt 0.5000 0.5000
vt 0.0000 0.0000
vt 1.0000 0.0000
vt 0.5000 1.0000
vt 1.0000 0.0000
vt 0.0000 0.0000
vt 0.5000 0.5000
vt 0.0000 0.0000
vt 1.0000 0.0000
vt 0.5000 1.0000
vt 1.0000 0.0000
vt 0.0000 0.0000
vt 0.5000 0.5000
vt 0.0000 0.0000
vt 1.0000 0.0000
vt 0.5000 1.0000
vt 1.0000 0.0000
vt 0.0000 0.0000
vt 0.5000 0.5000
vt 0.0000 0.0000
vt 1.0000 0.0000
vt 0.5000 1.0000
vt 1.0000 0.0000
vt 0.0000 0.0000
vt 0.5000 0.5000
vt 0.0000 0.0000
vt 1.0000 0.0000
vt 0.5000 1.0000
vt 1.0000 0.0000
vt 0.0000 0.0000
vt 0.5000 0.5000
vt 0.0000 0.0000
vt 1.0000 0.0000
vt 1.0000 2.7116
vt 0.0000 2.7116
vt 0.0000 0.0000
vt 1.0000 0.0000
vt 1.0000 2.7116
vt 0.0000 2.7116
vt 0.0000 0.0000
vt 1.0000 0.0000
vt 1.0000 2.7116
vt 0.0000 2.7116
vt 0.0000 0.0000
vt 1.0000 0.0000
vt 1.0000 2.7116
vt 0.0000 2.7116
vt 0.0000 0.0000
vt 1.0000 0.0000
vt 1.0000 2.7116
vt 0.0000 2.7116
vt 0.0000 0.0000
vt 1.0000 0.0000
vt 1.0000 2.7116
vt 0.0000 2.7116
vt 0.0000 0.0000
vt 1.0000 0.0000
vt 0.5000 1.0000
vt 0.0000 0.0000
vt 1.0000 0.0000
vt 0.5000 1.0000
vt 0.0000 0.0000
vt 1.0000 0.0000
vt 0.5000 1.0000
vt 0.0000 0.0000
vt 1.0000 0.0000
vt 0.5000 1.0000
vt 0.0000 0.0000
vt 1.0000 0.0000
vt 0.5000 1.0000
vt 0.0000 0.0000
vt 1.0000 0.0000
vt 0.5000 1.0000
vt 0.0000 0.0000
vt 1.0000 0.0000
vt 0.5000 1.0000
vt 0.0000 0.0000
vt 1.0000 0.0000
vt 0.5000 1.0000
vt 0.0000 0.0000
vt 1.0000 0.0000
vt 0.5000 1.0000
vt 0.0000 0.0000
vt 1.0000 0.0000
vt 0.5000 1.0000
vt 0.0000 0.0000
vt 1.0000 0.0000
vt 0.5000 1.0000
vt 0.0000 0.0000
vt 1.0000 0.0000
vt 0.5000 1.0000
vt 0.0000 0.0000
vt 1.0000 0.0000
vt 0.5000 1.0000
vt 0.0000 0.0000
vt 1.0000 0.0000
vt 0.5000 1.0000
vt 0.0000 0.0000
vt 1.0000 0.0000
vt 0.5000 1.0000
vt 0.0000 0.0000
vt 1.0000 0.0000
vt 0.5000 1.0000
vt 0.0000 0.0000
vt 1.0000 0.0000
vt 0.5000 1.0000
vt 0.0000 0.0000
vt 1.0000 0.0000
vt 0.5000 1.0000
vt 0.0000 0.0000
vt 1.0000 0.0000
vt 0.5000 1.0000
vt 0.0000 0.0000
vt 1.0000 0.0000
vt 0.5000 1.0000
vt 0.0000 0.0000
vt 1.0000 0.0000
vt 0.5000 1.0000
vt 0.0000 0.0000
vt 1.0000 0.0000
vt 0.5000 1.0000
vt 0.0000 0.0000
vt 1.0000 0.0000
vt 0.5000 1.0000
vt 0.0000 0.0000
vt 1.0000 0.0000
vt 0.5000 1.0000
vt 0.0000 0.0000
vt 1.0000 0.0000
vt 0.5000 1.0000
vt 0.0000 0.0000
vt 1.0000 0.0000
vt 0.5000 1.0000
vt 0.0000 0.0000
vt 1.0000 0.0000
vt 0.5000 1.0000
vt 0.0000 0.0000
vt 1.0000 0.0000
vt 0.5000 1.0000
vt 0.0000 0.0000
vt 1.0000 0.0000
vt 0.5000 1.0000
vt 0.0000 0.0000
vt 1.0000 0.0000
vt 0.5000 1.0000
vt 0.0000 0.0000
vt 1.0000 0.0000
vt 0.5000 1.0000
vt 0.0000 0.0000
vt 1.0000 0.0000
vt 0.5000 1.0000
vt 0.0000 0.0000
vt 1.0000 0.0000
vt 1.0000 3.8093
vt 0.0000 3.8093
vt 0.0000 0.0000
vt 1.0000 0.0000
vt 1.0000 3.8093
vt 0.0000 3.8093
vt 0.0000 0.0000
vt 1.0000 0.0000
vt 1.0000 3.8093
vt 0.0000 3.8093
vt 0.0000 0.0000
vt 1.0000 0.0000
vt 1.0000 3.8093
vt 0.0000 3.8093
vt 0.0000 0.0000
vt 1.0000 0.0000
vt 1.0000 3.8093
vt 0.0000 3.8093
vt 0.0000 0.0000
vt 1.0000 0.0000
vt 1.0000 3.8093
vt 0.0000 3.8093
vt 0.0000 0.0000
vt 1.0000 0.0000
vt 0.5000 1.0000
vt 1.0000 0.0000
vt 0.0000 0.0000
vt 0.5000 0.5000
vt 0.0000 0.0000
vt 1.0000 0.0000
vt 0.5000 1.0000
vt 1.0000 0.0000
vt 0.0000 0.0000
vt 0.5000 0.5000
vt 0.0000 0.0000
vt 1.0000 0.0000
vt 0.5000 1.0000
vt 1.0000 0.0000
vt 0.0000 0.0000
vt 0.5000 0.5000
vt 0.0000 0.0000
vt 1.0000 0.0000
vt 0.5000 1.0000
vt 1.0000 0.0000
vt 0.0000 0.0000
vt 0.5000 0.5000
vt 0.0000 0.0000
vt 1.0000 0.0000
vt 0.5000 1.0000
vt 1.0000 0.0000
vt 0.0000 0.0000
vt 0.5000 0.5000
vt 0.0000 0.0000
vt 1.0000 0.0000
vt 0.5000 1.0000
vt 1.0000 0.0000
vt 0.0000 0.0000
vt 0.5000 0.5000
vt 0.0000 0.0000
vt 1.0000 0.0000
vt 0.5000 1.0000
vt 1.0000 0.0000
vt 0.0000 0.0000
vt 0.5000 0.5000
vt 0.0000 0.0000
vt 1.0000 0.0000
vt 0.5000 1.0000
vt 1.0000 0.0000
vt 0.0000 0.0000
vt 0.5000 0.5000
vt 0.0000 0.0000
vt 1.0000 0.0000
vt 1.0000 2.8751
vt 0.0000 2.8751
vt 0.0000 0.0000
vt 1.0000 0.0000
vt 1.0000 2.8751
vt 0.0000 2.8751
vt 0.0000 0.0000
vt 1.0000 0.0000
vt 1.0000 2.8751
vt 0.0000 2.8751
vt 0.0000 0.0000
vt 1.0000 0.0000
vt 1.0000 2.8751
vt 0.0000 2.8751
vt 0.0000 0.0000
vt 1.0000 0.0000
vt 1.0000 2.8751
vt 0.0000 2.8751
vt 0.0000 0.0000
vt 1.0000 0.0000
vt 1.0000 2.8751
vt 0.0000 2.8751
vt 0.0000 0.0000
vt 1.0000 0.0000
vt 0.5000 1.0000
vt 0.0000 0.0000
vt 1.0000 0.0000
vt 0.5000 1.0000
vt 0.0000 0.0000
vt 1.0000 0.0000
vt 0.5000 1.0000
vt 0.0000 0.0000
vt 1.0000 0.0000
vt 0.5000 1.0000
vt 0.0000 0.0000
vt 1.0000 0.0000
vt 0.5000 1.0000
vt 0.0000 0.0000
vt 1.0000 0.0000
vt 0.5000 1.0000
vt 0.0000 0.0000
vt 1.0000 0.0000
vt 0.5000 1.0000
vt 0.0000 0.0000
vt 1.0000 0.0000
vt 0.5000 1.0000
vt 0.0000 0.0000
vt 1.0000 0.0000
vt 0.5000 1.0000
vt 0.0000 0.0000
vt 1.0000 0.0000
vt 0.5000 1.0000
vt 0.0000 0.0000
vt 1.0000 0.0000
vt 0.5000 1.0000
vt 0.0000 0.0000
vt 1.0000 0.0000
vt 0.5000 1.0000
vt 0.0000 0.0000
vt 1.0000 0.0000
vt 0.5000 1.0000
vt 0.0000 0.0000
vt 1.0000 0.0000
vt 0.5000 1.0000
vt 0.0000 0.0000
vt 1.0000 0.0000
vt 0.5000 1.0000
vt 0.0000 0.0000
vt 1.0000 0.0000
vt 0.5000 1.0000
vt 0.0000 0.0000
vt 1.0000 0.0000
vt 0.5000 1.0000
vt 0.0000 0.0000
vt 1.0000 0.0000
vt 0.5000 1.0000
vt 0.0000 0.0000
vt 1.0000 0.0000
vt 0.5000 1.0000
vt 0.0000 0.0000
vt 1.0000 0.0000
vt 0.5000 1.0000
vt 0.0000 0.0000
vt 1.0000 0.0000
vt 0.5000 1.0000
vt 0.0000 0.0000
vt 1.0000 0.0000
vt 0.5000 1.0000
vt 0.0000 0.0000
vt 1.0000 0.0000
vt 0.5000 1.0000
vt 0.0000 0.0000
vt 1.0000 0.0000
vt 0.5000 1.0000
vt 0.0000 0.0000
vt 1.0000 0.0000
vt 0.5000 1.0000
vt 0.0000 0.0000
vt 1.0000 0.0000
vt 0.5000 1.0000
vt 0.0000 0.0000
vt 1.0000 0.0000
vt 0.5000 1.0000
vt 0.0000 0.0000
vt 1.0000 0.0000
vt 0.5000 1.0000
vt 0.0000 0.0000
vt 1.0000 0.0000
vt 0.5000 1.0000
vt 0.0000 0.0000
vt 1.0000 0.0000
vt 0.5000 1.0000
vt 0.0000 0.0000
vt 1.0000 0.0000
vt 0.5000 1.0000
vt 0.0000 0.0000
vt 1.0000 0.0000
vt 0.5000 1.0000
vt 0.0000 0.0000
vt 1.0000 0.0000
vt 1.0000 2.8427
vt 0.0000 2.8427
vt 0.0000 0.0000
vt 1.0000 0.0000
vt 1.0000 2.8427
vt 0.0000 2.8427
vt 0.0000 0.0000
vt 1.0000 0.0000
vt 1.0000 2.8427
vt 0.0000 2.8427
vt 0.0000 0.0000
vt 1.0000 0.0000
vt 1.0000 2.8427
vt 0.0000 2.8427
vt 0.0000 0.0000
vt 1.0000 0.0000
vt 1.0000 2.8427
vt 0.0000 2.8427
vt 0.0000 0.0000
vt 1.0000 0.0000
vt 1.0000 2.8427
vt 0.0000 2.8427
vt 0.0000 0.0000
vt 1.0000 0.0000
vt 0.5000 1.0000
vt 0.0000 0.0000
vt 1.0000 0.0000
vt 0.5000 1.0000
vt 0.0000 0.0000
vt 1.0000 0.0000
vt 0.5000 1.0000
vt 0.0000 0.0000
vt 1.0000 0.0000
vt 0.5000 1.0000
vt 0.0000 0.0000
vt 1.0000 0.0000
vt 0.5000 1.0000
vt 0.0000 0.0000
vt 1.0000 0.0000
vt 0.5000 1.0000
vt 0.0000 0.0000
vt 1.0000 0.0000
vt 0.5000 1.0000
vt 0.0000 0.0000
vt 1.0000 0.0000
vt 0.5000 1.0000
vt 0.0000 0.0000
vt 1.0000 0.0000
vt 0.5000 1.0000
vt 0.0000 0.0000
vt 1.0000 0.0000
vt 0.5000 1.0000
vt 0.0000 0.0000
vt 1.0000 0.0000
vt 0.5000 1.0000
vt 0.0000 0.0000
vt 1.0000 0.0000
vt 0.5000 1.0000
vt 0.0000 0.0000
vt 1.0000 0.0000
vt 0.5000 1.0000
vt 0.0000 0.0000
vt 1.0000 0.0000
vt 0.5000 1.0000
vt 0.0000 0.0000
vt 1.0000 0.0000
vt 0.5000 1.0000
vt 0.0000 0.0000
vt 1.0000 0.0000
vt 0.5000 1.0000
vt 0.0000 0.0000
vt 1.0000 0.0000
vt 0.5000 1.0000
vt 0.0000 0.0000
vt 1.0000 0.0000
vt 0.5000 1.0000
vt 0.0000 0.0000
vt 1.0000 0.0000
vt 0.5000 1.0000
vt 0.0000 0.0000
vt 1.0000 0.0000
vt 0.5000 1.0000
vt 0.0000 0.0000
vt 1.0000 0.0000
vt 0.5000 1.0000
vt 0.0000 0.0000
vt 1.0000 0.0000
vt 0.5000 1.0000
vt 0.0000 0.0000
vt 1.0000 0.0000
vt 0.5000 1.0000
vt 0.0000 0.0000
vt 1.0000 0.0000
vt 0.5000 1.0000
vt 0.0000 0.0000
vt 1.0000 0.0000
vt 0.5000 1.0000
vt 0.0000 0.0000
vt 1.0000 0.0000
vt 0.5000 1.0000
vt 0.0000 0.0000
vt 1.0000 0.0000
vt 0.5000 1.0000
vt 0.0000 0.0000
vt 1.0000 0.0000
vt 0.5000 1.0000
vt 0.0000 0.0000
vt 1.0000 0.0000
vt 0.5000 1.0000
vt 0.0000 0.0000
vt 1.0000 0.0000
vt 0.5000 1.0000
vt 0.0000 0.0000
vt 1.0000 0.0000
vt 0.5000 1.0000
vt 0.0000 0.0000
vt 1.0000 0.0000
vt 0.5000 1.0000
vt 0.0000 0.0000
vt 1.0000 0.0000
vt 1.0000 3.0778
vt 0.0000 3.0778
vt 0.0000 0.0000
vt 1.0000 0.0000
vt 1.0000 3.0778
vt 0.0000 3.0778
vt 0.0000 0.0000
vt 1.0000 0.0000
vt 1.0000 3.0778
vt 0.0000 3.0778
vt 0.0000 0.0000
vt 1.0000 0.0000
vt 1.0000 3.0778
vt 0.0000 3.0778
vt 0.0000 0.0000
vt 1.0000 0.0000
vt 1.0000 3.0778
vt 0.0000 3.0778
vt 0.0000 0.0000
vt 1.0000 0.0000
vt 1.0000 3.0778
vt 0.0000 3.0778
vt 0.0000 0.0000
vt 1.0000 0.0000
vt 0.5000 1.0000
vt 1.0000 0.0000
vt 0.0000 0.0000
vt 0.5000 0.5000
vt 0.0000 0.0000
vt 1.0000 0.0000
vt 0.5000 1.0000
vt 1.0000 0.0000
vt 0.0000 0.0000
vt 0.5000 0.5000
vt 0.0000 0.0000
vt 1.0000 0.0000
vt 0.5000 1.0000
vt 1.0000 0.0000
vt 0.0000 0.0000
vt 0.5000 0.5000
vt 0.0000 0.0000
vt 1.0000 0.0000
vt 0.5000 1.0000
vt 1.0000 0.0000
vt 0.0000 0.0000
vt 0.5000 0.5000
vt 0.0000 0.0000
vt 1.0000 0.0000
vt 0.5000 1.0000
vt 1.0000 0.0000
vt 0.0000 0.0000
vt 0.5000 0.5000
vt 0.0000 0.0000
vt 1.0000 0.0000
vt 0.5000 1.0000
vt 1.0000 0.0000
vt 0.0000 0.0000
vt 0.5000 0.5000
vt 0.0000 0.0000
vt 1.0000 0.0000
vt 0.5000 1.0000
vt 1.0000 0.0000
vt 0.0000 0.0000
vt 0.5000 0.5000
vt 0.0000 0.0000
vt 1.0000 0.0000
vt 0.5000 1.0000
vt 1.0000 0.0000
vt 0.0000 0.0000
vt 0.5000 0.5000
vt 0.0000 0.0000
vt 1.0000 0.0000
vt 1.0000 2.6849
vt 0.0000 2.6849
vt 0.0000 0.0000
vt 1.0000 0.0000
vt 1.0000 2.6849
vt 0.0000 2.6849
vt 0.0000 0.0000
vt 1.0000 0.0000
vt 1.0000 2.6849
vt 0.0000 2.6849
vt 0.0000 0.0000
vt 1.0000 0.0000
vt 1.0000 2.6849
vt 0.0000 2.6849
vt 0.0000 0.0000
vt 1.0000 0.0000
vt 1.0000 2.6849
vt 0.0000 2.6849
vt 0.0000 0.0000
vt 1.0000 0.0000
vt 1.0000 2.6849
vt 0.0000 2.6849
vt 0.0000 0.0000
vt 1.0000 0.0000
vt 0.5000 1.0000
vt 1.0000 0.0000
vt 0.0000 0.0000
vt 0.5000 0.5000
vt 0.0000 0.0000
vt 1.0000 0.0000
vt 0.5000 1.0000
vt 1.0000 0.0000
vt 0.0000 0.0000
vt 0.5000 0.5000
vt 0.0000 0.0000
vt 1.0000 0.0000
vt 0.5000 1.0000
vt 1.0000 0.0000
vt 0.0000 0.0000
vt 0.5000 0.5000
vt 0.0000 0.0000
vt 1.0000 0.0000
vt 0.5000 1.0000
vt 1.0000 0.0000
vt 0.0000 0.0000
vt 0.5000 0.5000
vt 0.0000 0.0000
vt 1.0000 0.0000
vt 0.5000 1.0000
vt 1.0000 0.0000
vt 0.0000 0.0000
vt 0.5000 0.5000
vt 0.0000 0.0000
vt 1.0000 0.0000
vt 0.5000 1.0000
vt 1.0000 0.0000
vt 0.0000 0.0000
vt 0.5000 0.5000
vt 0.0000 0.0000
vt 1.0000 0.0000
vt 0.5000 1.0000
vt 1.0000 0.0000
vt 0.0000 0.0000
vt 0.5000 0.5000
vt 0.0000 0.0000
vt 1.0000 0.0000
vt 0.5000 1.0000
vt 1.0000 0.0000
vt 0.0000 0.0000
vt 0.5000 0.5000
vt 0.0000 0.0000
vt 1.0000 0.0000
vt 1.0000 3.0321
vt 0.0000 3.0321
vt 0.0000 0.0000
vt 1.0000 0.0000
vt 1.0000 3.0321
vt 0.0000 3.0321
vt 0.0000 0.0000
vt 1.0000 0.0000
vt 1.0000 3.0321
vt 0.0000 3.0321
vt 0.0000 0.0000
vt 1.0000 0.0000
vt 1.0000 3.0321
vt 0.0000 3.0321
vt 0.0000 0.0000
vt 1.0000 0.0000
vt 1.0000 3.0321
vt 0.0000 3.0321
vt 0.0000 0.0000
vt 1.0000 0.0000
vt 1.0000 3.0321
vt 0.0000 3.0321
vt 0.0000 0.0000
vt 1.0000 0.0000
vt 0.5000 1.0000
vt 1.0000 0.0000
vt 0.0000 0.0000
vt 0.5000 0.5000
vt 0.0000 0.0000
vt 1.0000 0.0000
vt 0.5000 1.0000
vt 1.0000 0.0000
vt 0.0000 0.0000
vt 0.5000 0.5000
vt 0.0000 0.0000
vt 1.0000 0.0000
vt 0.5000 1.0000
vt 1.0000 0.0000
vt 0.0000 0.0000
vt 0.5000 0.5000
vt 0.0000 0.0000
vt 1.0000 0.0000
vt 0.5000 1.0000
vt 1.0000 0.0000
vt 0.0000 0.0000
vt 0.5000 0.5000
vt 0.0000 0.0000
vt 1.0000 0.0000
vt 0.5000 1.0000
vt 1.0000 0.0000
vt 0.0000 0.0000
vt 0.5000 0.5000
vt 0.0000 0.0000
vt 1.0000 0.0000
vt 0.5000 1.0000
vt 1.0000 0.0000
vt 0.0000 0.0000
vt 0.5000 0.5000
vt 0.0000 0.0000
vt 1.0000 0.0000
vt 0.5000 1.0000
vt 1.0000 0.0000
vt 0.0000 0.0000
vt 0.5000 0.5000
vt 0.0000 0.0000
vt 1.0000 0.0000
vt 0.5000 1.0000
vt 1.0000 0.0000
vt 0.0000 0.0000
vt 0.5000 0.5000
vt 0.0000 0.0000
vt 1.0000 0.0000
vt 1.0000 4.0683
vt 0.0000 4.0683
vt 0.0000 0.0000
vt 1.0000 0.0000
vt 1.0000 4.0683
vt 0.0000 4.0683
vt 0.0000 0.0000
vt 1.0000 0.0000
vt 1.0000 4.0683
vt 0.0000 4.0683
vt 0.0000 0.0000
vt 1.0000 0.0000
vt 1.0000 4.0683
vt 0.0000 4.0683
vt 0.0000 0.0000
vt 1.0000 0.0000
vt 1.0000 4.0683
vt 0.0000 4.0683
vt 0.0000 0.0000
vt 1.0000 0.0000
vt 1.0000 4.0683
vt 0.0000 4.0683
vt 0.0000 0.0000
vt 1.0000 0.0000
vt 0.5000 1.0000
vt 0.0000 0.0000
vt 1.0000 0.0000
vt 0.5000 1.0000
vt 0.0000 0.0000
vt 1.0000 0.0000
vt 0.5000 1.0000
vt 0.0000 0.0000
vt 1.0000 0.0000
vt 0.5000 1.0000
vt 0.0000 0.0000
vt 1.0000 0.0000
vt 0.5000 1.0000
vt 0.0000 0.0000
vt 1.0000 0.0000
vt 0.5000 1.0000
vt 0.0000 0.0000
vt 1.0000 0.0000
vt 0.5000 1.0000
vt 0.0000 0.0000
vt 1.0000 0.0000
vt 0.5000 1.0000
vt 0.0000 0.0000
vt 1.0000 0.0000
vt 0.5000 1.0000
vt 0.0000 0.0000
vt 1.0000 0.0000
vt 0.5000 1.0000
vt 0.0000 0.0000
vt 1.0000 0.0000
vt 0.5000 1.0000
vt 0.0000 0.0000
vt 1.0000 0.0000
vt 0.5000 1.0000
vt 0.0000 0.0000
vt 1.0000 0.0000
vt 0.5000 1.0000
vt 0.0000 0.0000
vt 1.0000 0.0000
vt 0.5000 1.0000
vt 0.0000 0.0000
vt 1.0000 0.0000
vt 0.5000 1.0000
vt 0.0000 0.0000
vt 1.0000 0.0000
vt 0.5000 1.0000
vt 0.0000 0.0000
vt 1.0000 0.0000
vt 0.5000 1.0000
vt 0.0000 0.0000
vt 1.0000 0.0000
vt 0.5000 1.0000
vt 0.0000 0.0000
vt 1.0000 0.0000
vt 0.5000 1.0000
vt 0.0000 0.0000
vt 1.0000 0.0000
vt 0.5000 1.0000
vt 0.0000 0.0000
vt 1.0000 0.0000
vt 0.5000 1.0000
vt 0.0000 0.0000
vt 1.0000 0.0000
vt 0.5000 1.0000
vt 0.0000 0.0000
vt 1.0000 0.0000
vt 0.5000 1.0000
vt 0.0000 0.0000
vt 1.0000 0.0000
vt 0.5000 1.0000
vt 0.0000 0.0000
vt 1.0000 0.0000
vt 0.5000 1.0000
vt 0.0000 0.0000
vt 1.0000 0.0000
vt 0.5000 1.0000
vt 0.0000 0.0000
vt 1.0000 0.0000
vt 0.5000 1.0000
vt 0.0000 0.0000
vt 1.0000 0.0000
vt 0.5000 1.0000
vt 0.0000 0.0000
vt 1.0000 0.0000
vt 0.5000 1.0000
vt 0.0000 0.0000
vt 1.0000 0.0000
vt 0.5000 1.0000
vt 0.0000 0.0000
vt 1.0000 0.0000
vt 0.5000 1.0000
vt 0.0000 0.0000
vt 1.0000 0.0000
vt 0.5000 1.0000
vt 0.0000 0.0000
vt 1.0000 0.0000
vt 1.0000 2.3364
vt 0.0000 2.3364
vt 0.0000 0.0000
vt 1.0000 0.0000
vt 1.0000 2.3364
vt 0.0000 2.3364
vt 0.0000 0.0000
vt 1.0000 0.0000
vt 1.0000 2.3364
vt 0.0000 2.3364
vt 0.0000 0.0000
vt 1.0000 0.0000
vt 1.0000 2.3364
vt 0.0000 2.3364
vt 0.0000 0.0000
vt 1.0000 0.0000
vt 1.0000 2.3364
vt 0.0000 2.3364
vt 0.0000 0.0000
vt 1.0000 0.0000
vt 1.0000 2.3364
vt 0.0000 2.3364
vt 0.0000 0.0000
vt 1.0000 0.0000
vt 0.5000 1.0000
vt 0.0000 0.0000
vt 1.0000 0.0000
vt 0.5000 1.0000
vt 0.0000 0.0000
vt 1.0000 0.0000
vt 0.5000 1.0000
vt 0.0000 0.0000
vt 1.0000 0.0000
vt 0.5000 1.0000
vt 0.0000 0.0000
vt 1.0000 0.0000
vt 0.5000 1.0000
vt 0.0000 0.0000
vt 1.0000 0.0000
vt 0.5000 1.0000
vt 0.0000 0.0000
vt 1.0000 0.0000
vt 0.5000 1.0000
vt 0.0000 0.0000
vt 1.0000 0.0000
vt 0.5000 1.0000
vt 0.0000 0.0000
vt 1.0000 0.0000
vt 0.5000 1.0000
vt 0.0000 0.0000
vt 1.0000 0.0000
vt 0.5000 1.0000
vt 0.0000 0.0000
vt 1.0000 0.0000
vt 0.5000 1.0000
vt 0.0000 0.0000
vt 1.0000 0.0000
vt 0.5000 1.0000
vt 0.0000 0.0000
vt 1.0000 0.0000
vt 0.5000 1.0000
vt 0.0000 0.0000
vt 1.0000 0.0000
vt 0.5000 1.0000
vt 0.0000 0.0000
vt 1.0000 0.0000
vt 0.5000 1.0000
vt 0.0000 0.0000
vt 1.0000 0.0000
vt 0.5000 1.0000
vt 0.0000 0.0000
vt 1.0000 0.0000
vt 0.5000 1.0000
vt 0.0000 0.0000
vt 1.0000 0.0000
vt 0.5000 1.0000
vt 0.0000 0.0000
vt 1.0000 0.0000
vt 0.5000 1.0000
vt 0.0000 0.0000
vt 1.0000 0.0000
vt 0.5000 1.0000
vt 0.0000 0.0000
vt 1.0000 0.0000
vt 0.5000 1.0000
vt 0.0000 0.0000
vt 1.0000 0.0000
vt 0.5000 1.0000
vt 0.0000 0.0000
vt 1.0000 0.0000
vt 0.5000 1.0000
vt 0.0000 0.0000
vt 1.0000 0.0000
vt 0.5000 1.0000
vt 0.0000 0.0000
vt 1.0000 0.0000
vt 0.5000 1.0000
vt 0.0000 0.0000
vt 1.0000 0.0000
vt 0.5000 1.0000
vt 0.0000 0.0000
vt 1.0000 0.0000
vt 0.5000 1.0000
vt 0.0000 0.0000
vt 1.0000 0.0000
vt 0.5000 1.0000
vt 0.0000 0.0000
vt 1.0000 0.0000
vt 0.5000 1.0000
vt 0.0000 0.0000
vt 1.0000 0.0000
vt 0.5000 1.0000
vt 0.0000 0.0000
vt 1.0000 0.0000
vt 0.5000 1.0000
vt 0.0000 0.0000
vt 1.0000 0.0000
vt 0.5000 1.0000
vt 0.0000 0.0000
vt 1.0000 0.0000
vt 1.0000 2.6008
vt 0.0000 2.6008
vt 0.0000 0.0000
vt 1.0000 0.0000
vt 1.0000 2.6008
vt 0.0000 2.6008
vt 0.0000 0.0000
vt 1.0000 0.0000
vt 1.0000 2.6008
vt 0.0000 2.6008
vt 0.0000 0.0000
vt 1.0000 0.0000
vt 1.0000 2.6008
vt 0.0000 2.6008
vt 0.0000 0.0000
vt 1.0000 0.0000
vt 1.0000 2.6008
vt 0.0000 2.6008
vt 0.0000 0.0000
vt 1.0000 0.0000
vt 1.0000 2.6008
vt 0.0000 2.6008
vt 0.0000 0.0000
vt 1.0000 0.0000
vt 0.5000 1.0000
vt 1.0000 0.0000
vt 0.0000 0.0000
vt 0.5000 0.5000
vt 0.0000 0.0000
vt 1.0000 0.0000
vt 0.5000 1.0000
vt 1.0000 0.0000
vt 0.0000 0.0000
vt 0.5000 0.5000
vt 0.0000 0.0000
vt 1.0000 0.0000
vt 0.5000 1.0000
vt 1.0000 0.0000
vt 0.0000 0.0000
vt 0.5000 0.5000
vt 0.0000 0.0000
vt 1.0000 0.0000
vt 0.5000 1.0000
vt 1.0000 0.0000
vt 0.0000 0.0000
vt 0.5000 0.5000
vt 0.0000 0.0000
vt 1.0000 0.0000
vt 0.5000 1.0000
vt 1.0000 0.0000
vt 0.0000 0.0000
vt 0.5000 0.5000
vt 0.0000 0.0000
vt 1.0000 0.0000
vt 0.5000 1.0000
vt 1.0000 0.0000
vt 0.0000 0.0000
vt 0.5000 0.5000
vt 0.0000 0.0000
vt 1.0000 0.0000
vt 0.5000 1.0000
vt 1.0000 0.0000
vt 0.0000 0.0000
vt 0.5000 0.5000
vt 0.0000 0.0000
vt 1.0000 0.0000
vt 0.5000 1.0000
vt 1.0000 0.0000
vt 0.0000 0.0000
vt 0.5000 0.5000
vt 0.0000 0.0000
vt 1.0000 0.0000
vt 1.0000 2.5131
vt 0.0000 2.5131
vt 0.0000 0.0000
vt 1.0000 0.0000
vt 1.0000 2.5131
vt 0.0000 2.5131
vt 0.0000 0.0000
vt 1.0000 0.0000
vt 1.0000 2.5131
vt 0.0000 2.5131
vt 0.0000 0.0000
vt 1.0000 0.0000
vt 1.0000 2.5131
vt 0.0000 2.5131
vt 0.0000 0.0000
vt 1.0000 0.0000
vt 1.0000 2.5131
vt 0.0000 2.5131
vt 0.0000 0.0000
vt 1.0000 0.0000
vt 1.0000 2.5131
vt 0.0000 2.5131
vt 0.0000 0.0000
vt 1.0000 0.0000
vt 0.5000 1.0000
vt 0.0000 0.0000
vt 1.0000 0.0000
vt 0.5000 1.0000
vt 0.0000 0.0000
vt 1.0000 0.0000
vt 0.5000 1.0000
vt 0.0000 0.0000
vt 1.0000 0.0000
vt 0.5000 1.0000
vt 0.0000 0.0000
vt 1.0000 0.0000
vt 0.5000 1.0000
vt 0.0000 0.0000
vt 1.0000 0.0000
vt 0.5000 1.0000
vt 0.0000 0.0000
vt 1.0000 0.0000
vt 0.5000 1.0000
vt 0.0000 0.0000
vt 1.0000 0.0000
vt 0.5000 1.0000
vt 0.0000 0.0000
vt 1.0000 0.0000
vt 0.5000 1.0000
vt 0.0000 0.0000
vt 1.0000 0.0000
vt 0.5000 1.0000
vt 0.0000 0.0000
vt 1.0000 0.0000
vt 0.5000 1.0000
vt 0.0000 0.0000
vt 1.0000 0.0000
vt 0.5000 1.0000
vt 0.0000 0.0000
vt 1.0000 0.0000
vt 0.5000 1.0000
vt 0.0000 0.0000
vt 1.0000 0.0000
vt 0.5000 1.0000
vt 0.0000 0.0000
vt 1.0000 0.0000
vt 0.5000 1.0000
vt 0.0000 0.0000
vt 1.0000 0.0000
vt 0.5000 1.0000
vt 0.0000 0.0000
vt 1.0000 0.0000
vt 0.5000 1.0000
vt 0.0000 0.0000
vt 1.0000 0.0000
vt 0.5000 1.0000
vt 0.0000 0.0000
vt 1.0000 0.0000
vt 0.5000 1.0000
vt 0.0000 0.0000
vt 1.0000 0.0000
vt 0.5000 1.0000
vt 0.0000 0.0000
vt 1.0000 0.0000
vt 0.5000 1.0000
vt 0.0000 0.0000
vt 1.0000 0.0000
vt 0.5000 1.0000
vt 0.0000 0.0000
vt 1.0000 0.0000
vt 0.5000 1.0000
vt 0.0000 0.0000
vt 1.0000 0.0000
vt 0.5000 1.0000
vt 0.0000 0.0000
vt 1.0000 0.0000
vt 0.5000 1.0000
vt 0.0000 0.0000
vt 1.0000 0.0000
vt 0.5000 1.0000
vt 0.0000 0.0000
vt 1.0000 0.0000
vt 0.5000 1.0000
vt 0.0000 0.0000
vt 1.0000 0.0000
vt 0.5000 1.0000
vt 0.0000 0.0000
vt 1.0000 0.0000
vt 0.5000 1.0000
vt 0.0000 0.0000
vt 1.0000 0.0000
vt 0.5000 1.0000
vt 0.0000 0.0000
vt 1.0000 0.0000
vt 0.5000 1.0000
vt 0.0000 0.0000
vt 1.0000 0.0000
vt 0.5000 1.0000
vt 0.0000 0.0000
vt 1.0000 0.0000
vt 1.0000 3.8574
vt 0.0000 3.8574
vt 0.0000 0.0000
vt 1.0000 0.0000
vt 1.0000 3.8574
vt 0.0000 3.8574
vt 0.0000 0.0000
vt 1.0000 0.0000
vt 1.0000 3.8574
vt 0.0000 3.8574
vt 0.0000 0.0000
vt 1.0000 0.0000
vt 1.0000 3.8574
vt 0.0000 3.8574
vt 0.0000 0.0000
vt 1.0000 0.0000
vt 1.0000 3.8574
vt 0.0000 3.8574
vt 0.0000 0.0000
vt 1.0000 0.0000
vt 1.0000 3.8574
vt 0.0000 3.8574
vt 0.0000 0.0000
vt 1.0000 0.0000
vt 0.5000 1.0000
vt 0.0000 0.0000
vt 1.0000 0.0000
vt 0.5000 1.0000
vt 0.0000 0.0000
vt 1.0000 0.0000
vt 0.5000 1.0000
vt 0.0000 0.0000
vt 1.0000 0.0000
vt 0.5000 1.0000
vt 0.0000 0.0000
vt 1.0000 0.0000
vt 0.5000 1.0000
vt 0.0000 0.0000
vt 1.0000 0.0000
vt 0.5000 1.0000
vt 0.0000 0.0000
vt 1.0000 0.0000
vt 0.5000 1.0000
vt 0.0000 0.0000
vt 1.0000 0.0000
vt 0.5000 1.0000
vt 0.0000 0.0000
vt 1.0000 0.0000
vt 0.5000 1.0000
vt 0.0000 0.0000
vt 1.0000 0.0000
vt 0.5000 1.0000
vt 0.0000 0.0000
vt 1.0000 0.0000
vt 0.5000 1.0000
vt 0.0000 0.0000
vt 1.0000 0.0000
vt 0.5000 1.0000
vt 0.0000 0.0000
vt 1.0000 0.0000
vt 0.5000 1.0000
vt 0.0000 0.0000
vt 1.0000 0.0000
vt 0.5000 1.0000
vt 0.0000 0.0000
vt 1.0000 0.0000
vt 0.5000 1.0000
vt 0.0000 0.0000
vt 1.0000 0.0000
vt 0.5000 1.0000
vt 0.0000 0.0000
vt 1.0000 0.0000
vt 0.5000 1.0000
vt 0.0000 0.0000
vt 1.0000 0.0000
vt 0.5000 1.0000
vt 0.0000 0.0000
vt 1.0000 0.0000
vt 0.5000 1.0000
vt 0.0000 0.0000
vt 1.0000 0.0000
vt 0.5000 1.0000
vt 0.0000 0.0000
vt 1.0000 0.0000
vt 0.5000 1.0000
vt 0.0000 0.0000
vt 1.0000 0.0000
vt 0.5000 1.0000
vt 0.0000 0.0000
vt 1.0000 0.0000
vt 0.5000 1.0000
vt 0.0000 0.0000
vt 1.0000 0.0000
vt 0.5000 1.0000
vt 0.0000 0.0000
vt 1.0000 0.0000
vt 0.5000 1.0000
vt 0.0000 0.0000
vt 1.0000 0.0000
vt 0.5000 1.0000
vt 0.0000 0.0000
vt 1.0000 0.0000
vt 0.5000 1.0000
vt 0.0000 0.0000
vt 1.0000 0.0000
vt 0.5000 1.0000
vt 0.0000 0.0000
vt 1.0000 0.0000
vt 0.5000 1.0000
vt 0.0000 0.0000
vt 1.0000 0.0000
vt 0.5000 1.0000
vt 0.0000 0.0000
vt 1.0000 0.0000
vt 0.5000 1.0000
vt 0.0000 0.0000
vt 1.0000 0.0000
vt 0.5000 1.0000
vt 0.0000 0.0000
vt 1.0000 0.0000
vt 1.0000 4.0450
vt 0.0000 4.0450
vt 0.0000 0.0000
vt 1.0000 0.0000
vt 1.0000 4.0450
vt 0.0000 4.0450
vt 0.0000 0.0000
vt 1.0000 0.0000
vt 1.0000 4.0450
vt 0.0000 4.0450
vt 0.0000 0.0000
vt 1.0000 0.0000
vt 1.0000 4.0450
vt 0.0000 4.0450
vt 0.0000 0.0000
vt 1.0000 0.0000
vt 1.0000 4.0450
vt 0.0000 4.0450
vt 0.0000 0.0000
vt 1.0000 0.0000
vt 1.0000 4.0450
vt 0.0000 4.0450
vt 0.0000 0.0000
vt 1.0000 0.0000
vt 0.5000 1.0000
vt 1.0000 0.0000
vt 0.0000 0.0000
vt 0.5000 0.5000
vt 0.0000 0.0000
vt 1.0000 0.0000
vt 0.5000 1.0000
vt 1.0000 0.0000
vt 0.0000 0.0000
vt 0.5000 0.5000
vt 0.0000 0.0000
vt 1.0000 0.0000
vt 0.5000 1.0000
vt 1.0000 0.0000
vt 0.0000 0.0000
vt 0.5000 0.5000
vt 0.0000 0.0000
vt 1.0000 0.0000
vt 0.5000 1.0000
vt 1.0000 0.0000
vt 0.0000 0.0000
vt 0.5000 0.5000
vt 0.0000 0.0000
vt 1.0000 0.0000
vt 0.5000 1.0000
vt 1.0000 0.0000
vt 0.0000 0.0000
vt 0.5000 0.5000
vt 0.0000 0.0000
vt 1.0000 0.0000
vt 0.5000 1.0000
vt 1.0000 0.0000
vt 0.0000 0.0000
vt 0.5000 0.5000
vt 0.0000 0.0000
vt 1.0000 0.0000
vt 0.5000 1.0000
vt 1.0000 0.0000
vt 0.0000 0.0000
vt 0.5000 0.5000
vt 0.0000 0.0000
vt 1.0000 0.0000
vt 0.5000 1.0000
vt 1.0000 0.0000
vt 0.0000 0.0000
vt 0.5000 0.5000
vt 0.0000 0.0000
vt 1.0000 0.0000
vt 1.0000 3.0658
vt 0.0000 3.0658
vt 0.0000 0.0000
vt 1.0000 0.0000
vt 1.0000 3.0658
vt 0.0000 3.0658
vt 0.0000 0.0000
vt 1.0000 0.0000
vt 1.0000 3.0658
vt 0.0000 3.0658
vt 0.0000 0.0000
vt 1.0000 0.0000
vt 1.0000 3.0658
vt 0.0000 3.0658
vt 0.0000 0.0000
vt 1.0000 0.0000
vt 1.0000 3.0658
vt 0.0000 3.0658
vt 0.0000 0.0000
vt 1.0000 0.0000
vt 1.0000 3.0658
vt 0.0000 3.0658
vt 0.0000 0.0000
vt 1.0000 0.0000
vt 0.5000 1.0000
vt 1.0000 0.0000
vt 0.0000 0.0000
vt 0.5000 0.5000
vt 0.0000 0.0000
vt 1.0000 0.0000
vt 0.5000 1.0000
vt 1.0000 0.0000
vt 0.0000 0.0000
vt 0.5000 0.5000
vt 0.0000 0.0000
vt 1.0000 0.0000
vt 0.5000 1.0000
vt 1.0000 0.0000
vt 0.0000 0.0000
vt 0.5000 0.5000
vt 0.0000 0.0000
vt 1.0000 0.0000
vt 0.5000 1.0000
vt 1.0000 0.0000
vt 0.0000 0.0000
vt 0.5000 0.5000
vt 0.0000 0.0000
vt 1.0000 0.0000
vt 0.5000 1.0000
vt 1.0000 0.0000
vt 0.0000 0.0000
vt 0.5000 0.5000
vt 0.0000 0.0000
vt 1.0000 0.0000
vt 0.5000 1.0000
vt 1.0000 0.0000
vt 0.0000 0.0000
vt 0.5000 0.5000
vt 0.0000 0.0000
vt 1.0000 0.0000
vt 0.5000 1.0000
vt 1.0000 0.0000
vt 0.0000 0.0000
vt 0.5000 0.5000
vt 0.0000 0.0000
vt 1.0000 0.0000
vt 0.5000 1.0000
vt 1.0000 0.0000
vt 0.0000 0.0000
vt 0.5000 0.5000
vt 0.0000 0.0000
vt 1.0000 0.0000
vt 1.0000 2.3955
vt 0.0000 2.3955
vt 0.0000 0.0000
vt 1.0000 0.0000
vt 1.0000 2.3955
vt 0.0000 2.3955
vt 0.0000 0.0000
vt 1.0000 0.0000
vt 1.0000 2.3955
vt 0.0000 2.3955
vt 0.0000 0.0000
vt 1.0000 0.0000
vt 1.0000 2.3955
vt 0.0000 2.3955
vt 0.0000 0.0000
vt 1.0000 0.0000
vt 1.0000 2.3955
vt 0.0000 2.3955
vt 0.0000 0.0000
vt 1.0000 0.0000
vt 1.0000 2.3955
vt 0.0000 2.3955
vt 0.0000 0.0000
vt 1.0000 0.0000
vt 0.5000 1.0000
vt 1.0000 0.0000
vt 0.0000 0.0000
vt 0.5000 0.5000
vt 0.0000 0.0000
vt 1.0000 0.0000
vt 0.5000 1.0000
vt 1.0000 0.0000
vt 0.0000 0.0000
vt 0.5000 0.5000
vt 0.0000 0.0000
vt 1.0000 0.0000
vt 0.5000 1.0000
vt 1.0000 0.0000
vt 0.0000 0.0000
vt 0.5000 0.5000
vt 0.0000 0.0000
vt 1.0000 0.0000
vt 0.5000 1.0000
vt 1.0000 0.0000
vt 0.0000 0.0000
vt 0.5000 0.5000
vt 0.0000 0.0000
vt 1.0000 0.0000
vt 0.5000 1.0000
vt 1.0000 0.0000
vt 0.0000 0.0000
vt 0.5000 0.5000
vt 0.0000 0.0000
vt 1.0000 0.0000
vt 0.5000 1.0000
vt 1.0000 0.0000
vt 0.0000 0.0000
vt 0.5000 0.5000
vt 0.0000 0.0000
vt 1.0000 0.0000
vt 0.5000 1.0000
vt 1.0000 0.0000
vt 0.0000 0.0000
vt 0.5000 0.5000
vt 0.0000 0.0000
vt 1.0000 0.0000
vt 0.5000 1.0000
vt 1.0000 0.0000
vt 0.0000 0.0000
vt 0.5000 0.5000
vt 0.0000 0.0000
vt 1.0000 0.0000
vt 1.0000 2.7992
vt 0.0000 2.7992
vt 0.0000 0.0000
vt 1.0000 0.0000
vt 1.0000 2.7992
vt 0.0000 2.7992
vt 0.0000 0.0000
vt 1.0000 0.0000
vt 1.0000 2.7992
vt 0.0000 2.7992
vt 0.0000 0.0000
vt 1.0000 0.0000
vt 1.0000 2.7992
vt 0.0000 2.7992
vt 0.0000 0.0000
vt 1.0000 0.0000
vt 1.0000 2.7992
vt 0.0000 2.7992
vt 0.0000 0.0000
vt 1.0000 0.0000
vt 1.0000 2.7992
vt 0.0000 2.7992
vt 0.0000 0.0000
vt 1.0000 0.0000
vt 0.5000 1.0000
vt 1.0000 0.0000
vt 0.0000 0.0000
vt 0.5000 0.5000
vt 0.0000 0.0000
vt 1.0000 0.0000
vt 0.5000 1.0000
vt 1.0000 0.0000
vt 0.0000 0.0000
vt 0.5000 0.5000
vt 0.0000 0.0000
vt 1.0000 0.0000
vt 0.5000 1.0000
vt 1.0000 0.0000
vt 0.0000 0.0000
vt 0.5000 0.5000
vt 0.0000 0.0000
vt 1.0000 0.0000
vt 0.5000 1.0000
vt 1.0000 0.0000
vt 0.0000 0.0000
vt 0.5000 0.5000
vt 0.0000 0.0000
vt 1.0000 0.0000
vt 0.5000 1.0000
vt 1.0000 0.0000
vt 0.0000 0.0000
vt 0.5000 0.5000
vt 0.0000 0.0000
vt 1.0000 0.0000
vt 0.5000 1.0000
vt 1.0000 0.0000
vt 0.0000 0.0000
vt 0.5000 0.5000
vt 0.0000 0.0000
vt 1.0000 0.0000
vt 0.5000 1.0000
vt 1.0000 0.0000
vt 0.0000 0.0000
vt 0.5000 0.5000
vt 0.0000 0.0000
vt 1.0000 0.0000
vt 0.5000 1.0000
vt 1.0000 0.0000
vt 0.0000 0.0000
vt 0.5000 0.5000
vt 0.0000 0.0000
vt 1.0000 0.0000
vt 1.0000 2.8842
vt 0.0000 2.8842
vt 0.0000 0.0000
vt 1.0000 0.0000
vt 1.0000 2.8842
vt 0.0000 2.8842
vt 0.0000 0.0000
vt 1.0000 0.0000
vt 1.0000 2.8842
vt 0.0000 2.8842
vt 0.0000 0.0000
vt 1.0000 0.0000
vt 1.0000 2.8842
vt 0.0000 2.8842
vt 0.0000 0.0000
vt 1.0000 0.0000
vt 1.0000 2.8842
vt 0.0000 2.8842
vt 0.0000 0.0000
vt 1.0000 0.0000
vt 1.0000 2.8842
vt 0.0000 2.8842
vt 0.0000 0.0000
vt 1.0000 0.0000
vt 0.5000 1.0000
vt 0.0000 0.0000
vt 1.0000 0.0000
vt 0.5000 1.0000
vt 0.0000 0.0000
vt 1.0000 0.0000
vt 0.5000 1.0000
vt 0.0000 0.0000
vt 1.0000 0.0000
vt 0.5000 1.0000
vt 0.0000 0.0000
vt 1.0000 0.0000
vt 0.5000 1.0000
vt 0.0000 0.0000
vt 1.0000 0.0000
vt 0.5000 1.0000
vt 0.0000 0.0000
vt 1.0000 0.0000
vt 0.5000 1.0000
vt 0.0000 0.0000
vt 1.0000 0.0000
vt 0.5000 1.0000
vt 0.0000 0.0000
vt 1.0000 0.0000
vt 0.5000 1.0000
vt 0.0000 0.0000
vt 1.0000 0.0000
vt 0.5000 1.0000
vt 0.0000 0.0000
vt 1.0000 0.0000
vt 0.5000 1.0000
vt 0.0000 0.0000
vt 1.0000 0.0000
vt 0.5000 1.0000
vt 0.0000 0.0000
vt 1.0000 0.0000
vt 0.5000 1.0000
vt 0.0000 0.0000
vt 1.0000 0.0000
vt 0.5000 1.0000
vt 0.0000 0.0000
vt 1.0000 0.0000
vt 0.5000 1.0000
vt 0.0000 0.0000
vt 1.0000 0.0000
vt 0.5000 1.0000
vt 0.0000 0.0000
vt 1.0000 0.0000
vt 0.5000 1.0000
vt 0.0000 0.0000
vt 1.0000 0.0000
vt 0.5000 1.0000
vt 0.0000 0.0000
vt 1.0000 0.0000
vt 0.5000 1.0000
vt 0.0000 0.0000
vt 1.0000 0.0000
vt 0.5000 1.0000
vt 0.0000 0.0000
vt 1.0000 0.0000
vt 0.5000 1.0000
vt 0.0000 0.0000
vt 1.0000 0.0000
vt 0.5000 1.0000
vt 0.0000 0.0000
vt 1.0000 0.0000
vt 0.5000 1.0000
vt 0.0000 0.0000
vt 1.0000 0.0000
vt 0.5000 1.0000
vt 0.0000 0.0000
vt 1.0000 0.0000
vt 0.5000 1.0000
vt 0.0000 0.0000
vt 1.0000 0.0000
vt 0.5000 1.0000
vt 0.0000 0.0000
vt 1.0000 0.0000
vt 0.5000 1.0000
vt 0.0000 0.0000
vt 1.0000 0.0000
vt 0.5000 1.0000
vt 0.0000 0.0000
vt 1.0000 0.0000
vt 0.5000 1.0000
vt 0.0000 0.0000
vt 1.0000 0.0000
vt 0.5000 1.0000
vt 0.0000 0.0000
vt 1.0000 0.0000
vt 0.5000 1.0000
vt 0.0000 0.0000
vt 1.0000 0.0000
vt 0.5000 1.0000
vt 0.0000 0.0000
vt 1.0000 0.0000
vt 1.0000 3.4954
vt 0.0000 3.4954
vt 0.0000 0.0000
vt 1.0000 0.0000
vt 1.0000 3.4954
vt 0.0000 3.4954
vt 0.0000 0.0000
vt 1.0000 0.0000
vt 1.0000 3.4954
vt 0.0000 3.4954
vt 0.0000 0.0000
vt 1.0000 0.0000
vt 1.0000 3.4954
vt 0.0000 3.4954
vt 0.0000 0.0000
vt 1.0000 0.0000
vt 1.0000 3.4954
vt 0.0000 3.4954
vt 0.0000 0.0000
vt 1.0000 0.0000
vt 1.0000 3.4954
vt 0.0000 3.4954
vt 0.0000 0.0000
vt 1.0000 0.0000
vt 0.5000 1.0000
vt 0.0000 0.0000
vt 1.0000 0.0000
vt 0.5000 1.0000
vt 0.0000 0.0000
vt 1.0000 0.0000
vt 0.5000 1.0000
vt 0.0000 0.0000
vt 1.0000 0.0000
vt 0.5000 1.0000
vt 0.0000 0.0000
vt 1.0000 0.0000
vt 0.5000 1.0000
vt 0.0000 0.0000
vt 1.0000 0.0000
vt 0.5000 1.0000
vt 0.0000 0.0000
vt 1.0000 0.0000
vt 0.5000 1.0000
vt 0.0000 0.0000
vt 1.0000 0.0000
vt 0.5000 1.0000
vt 0.0000 0.0000
vt 1.0000 0.0000
vt 0.5000 1.0000
vt 0.0000 0.0000
vt 1.0000 0.0000
vt 0.5000 1.0000
vt 0.0000 0.0000
vt 1.0000 0.0000
vt 0.5000 1.0000
vt 0.0000 0.0000
vt 1.0000 0.0000
vt 0.5000 1.0000
vt 0.0000 0.0000
vt 1.0000 0.0000
vt 0.5000 1.0000
vt 0.0000 0.0000
vt 1.0000 0.0000
vt 0.5000 1.0000
vt 0.0000 0.0000
vt 1.0000 0.0000
vt 0.5000 1.0000
vt 0.0000 0.0000
vt 1.0000 0.0000
vt 0.5000 1.0000
vt 0.0000 0.0000
vt 1.0000 0.0000
vt 0.5000 1.0000
vt 0.0000 0.0000
vt 1.0000 0.0000
vt 0.5000 1.0000
vt 0.0000 0.0000
vt 1.0000 0.0000
vt 0.5000 1.0000
vt 0.0000 0.0000
vt 1.0000 0.0000
vt 0.5000 1.0000
vt 0.0000 0.0000
vt 1.0000 0.0000
vt 0.5000 1.0000
vt 0.0000 0.0000
vt 1.0000 0.0000
vt 0.5000 1.0000
vt 0.0000 0.0000
vt 1.0000 0.0000
vt 0.5000 1.0000
vt 0.0000 0.0000
vt 1.0000 0.0000
vt 0.5000 1.0000
vt 0.0000 0.0000
vt 1.0000 0.0000
vt 0.5000 1.0000
vt 0.0000 0.0000
vt 1.0000 0.0000
vt 0.5000 1.0000
vt 0.0000 0.0000
vt 1.0000 0.0000
vt 0.5000 1.0000
vt 0.0000 0.0000
vt 1.0000 0.0000
vt 0.5000 1.0000
vt 0.0000 0.0000
vt 1.0000 0.0000
vt 0.5000 1.0000
vt 0.0000 0.0000
vt 1.0000 0.0000
vt 0.5000 1.0000
vt 0.0000 0.0000
vt 1.0000 0.0000
vt 0.5000 1.0000
vt 0.0000 0.0000
vt 1.0000 0.0000
vt 0.5000 1.0000
vt 0.0000 0.0000
vt 1.0000 0.0000
vt 1.0000 4.1168
vt 0.0000 4.1168
vt 0.0000 0.0000
vt 1.0000 0.0000
vt 1.0000 4.1168
vt 0.0000 4.1168
vt 0.0000 0.0000
vt 1.0000 0.0000
vt 1.0000 4.1168
vt 0.0000 4.1168
vt 0.0000 0.0000
vt 1.0000 0.0000
vt 1.0000 4.1168
vt 0.0000 4.1168
vt 0.0000 0.0000
vt 1.0000 0.0000
vt 1.0000 4.1168
vt 0.0000 4.1168
vt 0.0000 0.0000
vt 1.0000 0.0000
vt 1.0000 4.1168
vt 0.0000 4.1168
vt 0.0000 0.0000
vt 1.0000 0.0000
vt 0.5000 1.0000
vt 1.0000 0.0000
vt 0.0000 0.0000
vt 0.5000 0.5000
vt 0.0000 0.0000
vt 1.0000 0.0000
vt 0.5000 1.0000
vt 1.0000 0.0000
vt 0.0000 0.0000
vt 0.5000 0.5000
vt 0.0000 0.0000
vt 1.0000 0.0000
vt 0.5000 1.0000
vt 1.0000 0.0000
vt 0.0000 0.0000
vt 0.5000 0.5000
vt 0.0000 0.0000
vt 1.0000 0.0000
vt 0.5000 1.0000
vt 1.0000 0.0000
vt 0.0000 0.0000
vt 0.5000 0.5000
vt 0.0000 0.0000
vt 1.0000 0.0000
vt 0.5000 1.0000
vt 1.0000 0.0000
vt 0.0000 0.0000
vt 0.5000 0.5000
vt 0.0000 0.0000
vt 1.0000 0.0000
vt 0.5000 1.0000
vt 1.0000 0.0000
vt 0.0000 0.0000
vt 0.5000 0.5000
vt 0.0000 0.0000
vt 1.0000 0.0000
vt 0.5000 1.0000
vt 1.0000 0.0000
vt 0.0000 0.0000
vt 0.5000 0.5000
vt 0.0000 0.0000
vt 1.0000 0.0000
vt 0.5000 1.0000
vt 1.0000 0.0000
vt 0.0000 0.0000
vt 0.5000 0.5000
vt 0.0000 0.0000
vt 1.0000 0.0000
vt 1.0000 3.2249
vt 0.0000 3.2249
vt 0.0000 0.0000
vt 1.0000 0.0000
vt 1.0000 3.2249
vt 0.0000 3.2249
vt 0.0000 0.0000
vt 1.0000 0.0000
vt 1.0000 3.2249
vt 0.0000 3.2249
vt 0.0000 0.0000
vt 1.0000 0.0000
vt 1.0000 3.2249
vt 0.0000 3.2249
vt 0.0000 0.0000
vt 1.0000 0.0000
vt 1.0000 3.2249
vt 0.0000 3.2249
vt 0.0000 0.0000
vt 1.0000 0.0000
vt 1.0000 3.2249
vt 0.0000 3.2249
vt 0.0000 0.0000
vt 1.0000 0.0000
vt 0.5000 1.0000
vt 1.0000 0.0000
vt 0.0000 0.0000
vt 0.5000 0.5000
vt 0.0000 0.0000
vt 1.0000 0.0000
vt 0.5000 1.0000
vt 1.0000 0.0000
vt 0.0000 0.0000
vt 0.5000 0.5000
vt 0.0000 0.0000
vt 1.0000 0.0000
vt 0.5000 1.0000
vt 1.0000 0.0000
vt 0.0000 0.0000
vt 0.5000 0.5000
vt 0.0000 0.0000
vt 1.0000 0.0000
vt 0.5000 1.0000
vt 1.0000 0.0000
vt 0.0000 0.0000
vt 0.5000 0.5000
vt 0.0000 0.0000
vt 1.0000 0.0000
vt 0.5000 1.0000
vt 1.0000 0.0000
vt 0.0000 0.0000
vt 0.5000 0.5000
vt 0.0000 0.0000
vt 1.0000 0.0000
vt 0.5000 1.0000
vt 1.0000 0.0000
vt 0.0000 0.0000
vt 0.5000 0.5000
vt 0.0000 0.0000
vt 1.0000 0.0000
vt 0.5000 1.0000
vt 1.0000 0.0000
vt 0.0000 0.0000
vt 0.5000 0.5000
vt 0.0000 0.0000
vt 1.0000 0.0000
vt 0.5000 1.0000
vt 1.0000 0.0000
vt 0.0000 0.0000
vt 0.5000 0.5000
vt 0.0000 0.0000
vt 1.0000 0.0000
vt 1.0000 3.8588
vt 0.0000 3.8588
vt 0.0000 0.0000
vt 1.0000 0.0000
vt 1.0000 3.8588
vt 0.0000 3.8588
vt 0.0000 0.0000
vt 1.0000 0.0000
vt 1.0000 3.8588
vt 0.0000 3.8588
vt 0.0000 0.0000
vt 1.0000 0.0000
vt 1.0000 3.8588
vt 0.0000 3.8588
vt 0.0000 0.0000
vt 1.0000 0.0000
vt 1.0000 3.8588
vt 0.0000 3.8588
vt 0.0000 0.0000
vt 1.0000 0.0000
vt 1.0000 3.8588
vt 0.0000 3.8588
vt 0.0000 0.0000
vt 1.0000 0.0000
vt 0.5000 1.0000
vt 0.0000 0.0000
vt 1.0000 0.0000
vt 0.5000 1.0000
vt 0.0000 0.0000
vt 1.0000 0.0000
vt 0.5000 1.0000
vt 0.0000 0.0000
vt 1.0000 0.0000
vt 0.5000 1.0000
vt 0.0000 0.0000
vt 1.0000 0.0000
vt 0.5000 1.0000
vt 0.0000 0.0000
vt 1.0000 0.0000
vt 0.5000 1.0000
vt 0.0000 0.0000
vt 1.0000 0.0000
vt 0.5000 1.0000
vt 0.0000 0.0000
vt 1.0000 0.0000
vt 0.5000 1.0000
vt 0.0000 0.0000
vt 1.0000 0.0000
vt 0.5000 1.0000
vt 0.0000 0.0000
vt 1.0000 0.0000
vt 0.5000 1.0000
vt 0.0000 0.0000
vt 1.0000 0.0000
vt 0.5000 1.0000
vt 0.0000 0.0000
vt 1.0000 0.0000
vt 0.5000 1.0000
vt 0.0000 0.0000
vt 1.0000 0.0000
vt 0.5000 1.0000
vt 0.0000 0.0000
vt 1.0000 0.0000
vt 0.5000 1.0000
vt 0.0000 0.0000
vt 1.0000 0.0000
vt 0.5000 1.0000
vt 0.0000 0.0000
vt 1.0000 0.0000
vt 0.5000 1.0000
vt 0.0000 0.0000
vt 1.0000 0.0000
vt 0.5000 1.0000
vt 0.0000 0.0000
vt 1.0000 0.0000
vt 0.5000 1.0000
vt 0.0000 0.0000
vt 1.0000 0.0000
vt 0.5000 1.0000
vt 0.0000 0.0000
vt 1.0000 0.0000
vt 0.5000 1.0000
vt 0.0000 0.0000
vt 1.0000 0.0000
vt 0.5000 1.0000
vt 0.0000 0.0000
vt 1.0000 0.0000
vt 0.5000 1.0000
vt 0.0000 0.0000
vt 1.0000 0.0000
vt 0.5000 1.0000
vt 0.0000 0.0000
vt 1.0000 0.0000
vt 0.5000 1.0000
vt 0.0000 0.0000
vt 1.0000 0.0000
vt 0.5000 1.0000
vt 0.0000 0.0000
vt 1.0000 0.0000
vt 0.5000 1.0000
vt 0.0000 0.0000
vt 1.0000 0.0000
vt 0.5000 1.0000
vt 0.0000 0.0000
vt 1.0000 0.0000
vt 0.5000 1.0000
vt 0.0000 0.0000
vt 1.0000 0.0000
vt 0.5000 1.0000
vt 0.0000 0.0000
vt 1.0000 0.0000
vt 0.5000 1.0000
vt 0.0000 0.0000
vt 1.0000 0.0000
vt 0.5000 1.0000
vt 0.0000 0.0000
vt 1.0000 0.0000
vt 0.5000 1.0000
vt 0.0000 0.0000
vt 1.0000 0.0000
vt 1.0000 2.9716
vt 0.0000 2.9716
vt 0.0000 0.0000
vt 1.0000 0.0000
vt 1.0000 2.9716
vt 0.0000 2.9716
vt 0.0000 0.0000
vt 1.0000 0.0000
vt 1.0000 2.9716
vt 0.0000 2.9716
vt 0.0000 0.0000
vt 1.0000 0.0000
vt 1.0000 2.9716
vt 0.0000 2.9716
vt 0.0000 0.0000
vt 1.0000 0.0000
vt 1.0000 2.9716
vt 0.0000 2.9716
vt 0.0000 0.0000
vt 1.0000 0.0000
vt 1.0000 2.9716
vt 0.0000 2.9716
vt 0.0000 0.0000
vt 1.0000 0.0000
vt 0.5000 1.0000
vt 1.0000 0.0000
vt 0.0000 0.0000
vt 0.5000 0.5000
vt 0.0000 0.0000
vt 1.0000 0.0000
vt 0.5000 1.0000
vt 1.0000 0.0000
vt 0.0000 0.0000
vt 0.5000 0.5000
vt 0.0000 0.0000
vt 1.0000 0.0000
vt 0.5000 1.0000
vt 1.0000 0.0000
vt 0.0000 0.0000
vt 0.5000 0.5000
vt 0.0000 0.0000
vt 1.0000 0.0000
vt 0.5000 1.0000
vt 1.0000 0.0000
vt 0.0000 0.0000
vt 0.5000 0.5000
vt 0.0000 0.0000
vt 1.0000 0.0000
vt 0.5000 1.0000
vt 1.0000 0.0000
vt 0.0000 0.0000
vt 0.5000 0.5000
vt 0.0000 0.0000
vt 1.0000 0.0000
vt 0.5000 1.0000
vt 1.0000 0.0000
vt 0.0000 0.0000
vt 0.5000 0.5000
vt 0.0000 0.0000
vt 1.0000 0.0000
vt 0.5000 1.0000
vt 1.0000 0.0000
vt 0.0000 0.0000
vt 0.5000 0.5000
vt 0.0000 0.0000
vt 1.0000 0.0000
vt 0.5000 1.0000
vt 1.0000 0.0000
vt 0.0000 0.0000
vt 0.5000 0.5000
vt 0.0000 0.0000
vt 1.0000 0.0000
vt 1.0000 2.7511
vt 0.0000 2.7511
vt 0.0000 0.0000
vt 1.0000 0.0000
vt 1.0000 2.7511
vt 0.0000 2.7511
vt 0.0000 0.0000
vt 1.0000 0.0000
vt 1.0000 2.7511
vt 0.0000 2.7511
vt 0.0000 0.0000
vt 1.0000 0.0000
vt 1.0000 2.7511
vt 0.0000 2.7511
vt 0.0000 0.0000
vt 1.0000 0.0000
vt 1.0000 2.7511
vt 0.0000 2.7511
vt 0.0000 0.0000
vt 1.0000 0.0000
vt 1.0000 2.7511
vt 0.0000 2.7511
vt 0.0000 0.0000
vt 1.0000 0.0000
vt 0.5000 1.0000
vt 0.0000 0.0000
vt 1.0000 0.0000
vt 0.5000 1.0000
vt 0.0000 0.0000
vt 1.0000 0.0000
vt 0.5000 1.0000
vt 0.0000 0.0000
vt 1.0000 0.0000
vt 0.5000 1.0000
vt 0.0000 0.0000
vt 1.0000 0.0000
vt 0.5000 1.0000
vt 0.0000 0.0000
vt 1.0000 0.0000
vt 0.5000 1.0000
vt 0.0000 0.0000
vt 1.0000 0.0000
vt 0.5000 1.0000
vt 0.0000 0.0000
vt 1.0000 0.0000
vt 0.5000 1.0000
vt 0.0000 0.0000
vt 1.0000 0.0000
vt 0.5000 1.0000
vt 0.0000 0.0000
vt 1.0000 0.0000
vt 0.5000 1.0000
vt 0.0000 0.0000
vt 1.0000 0.0000
vt 0.5000 1.0000
vt 0.0000 0.0000
vt 1.0000 0.0000
vt 0.5000 1.0000
vt 0.0000 0.0000
vt 1.0000 0.0000
vt 0.5000 1.0000
vt 0.0000 0.0000
vt 1.0000 0.0000
vt 0.5000 1.0000
vt 0.0000 0.0000
vt 1.0000 0.0000
vt 0.5000 1.0000
vt 0.0000 0.0000
vt 1.0000 0.0000
vt 0.5000 1.0000
vt 0.0000 0.0000
vt 1.0000 0.0000
vt 0.5000 1.0000
vt 0.0000 0.0000
vt 1.0000 0.0000
vt 0.5000 1.0000
vt 0.0000 0.0000
vt 1.0000 0.0000
vt 0.5000 1.0000
vt 0.0000 0.0000
vt 1.0000 0.0000
vt 0.5000 1.0000
vt 0.0000 0.0000
vt 1.0000 0.0000
vt 0.5000 1.0000
vt 0.0000 0.0000
vt 1.0000 0.0000
vt 0.5000 1.0000
vt 0.0000 0.0000
vt 1.0000 0.0000
vt 0.5000 1.0000
vt 0.0000 0.0000
vt 1.0000 0.0000
vt 0.5000 1.0000
vt 0.0000 0.0000
vt 1.0000 0.0000
vt 0.5000 1.0000
vt 0.0000 0.0000
vt 1.0000 0.0000
vt 0.5000 1.0000
vt 0.0000 0.0000
vt 1.0000 0.0000
vt 0.5000 1.0000
vt 0.0000 0.0000
vt 1.0000 0.0000
vt 0.5000 1.0000
vt 0.0000 0.0000
vt 1.0000 0.0000
vt 0.5000 1.0000
vt 0.0000 0.0000
vt 1.0000 0.0000
vt 0.5000 1.0000
vt 0.0000 0.0000
vt 1.0000 0.0000
vt 0.5000 1.0000
vt 0.0000 0.0000
vt 1.0000 0.0000
vt 0.5000 1.0000
vt 0.0000 0.0000
vt 1.0000 0.0000
vt 1.0000 4.1620
vt 0.0000 4.1620
vt 0.0000 0.0000
vt 1.0000 0.0000
vt 1.0000 4.1620
vt 0.0000 4.1620
vt 0.0000 0.0000
vt 1.0000 0.0000
vt 1.0000 4.1620
vt 0.0000 4.1620
vt 0.0000 0.0000
vt 1.0000 0.0000
vt 1.0000 4.1620
vt 0.0000 4.1620
vt 0.0000 0.0000
vt 1.0000 0.0000
vt 1.0000 4.1620
vt 0.0000 4.1620
vt 0.0000 0.0000
vt 1.0000 0.0000
vt 1.0000 4.1620
vt 0.0000 4.1620
vt 0.0000 0.0000
vt 1.0000 0.0000
vt 0.5000 1.0000
vt 1.0000 0.0000
vt 0.0000 0.0000
vt 0.5000 0.5000
vt 0.0000 0.0000
vt 1.0000 0.0000
vt 0.5000 1.0000
vt 1.0000 0.0000
vt 0.0000 0.0000
vt 0.5000 0.5000
vt 0.0000 0.0000
vt 1.0000 0.0000
vt 0.5000 1.0000
vt 1.0000 0.0000
vt 0.0000 0.0000
vt 0.5000 0.5000
vt 0.0000 0.0000
vt 1.0000 0.0000
vt 0.5000 1.0000
vt 1.0000 0.0000
vt 0.0000 0.0000
vt 0.5000 0.5000
vt 0.0000 0.0000
vt 1.0000 0.0000
vt 0.5000 1.0000
vt 1.0000 0.0000
vt 0.0000 0.0000
vt 0.5000 0.5000
vt 0.0000 0.0000
vt 1.0000 0.0000
vt 0.5000 1.0000
vt 1.0000 0.0000
vt 0.0000 0.0000
vt 0.5000 0.5000
vt 0.0000 0.0000
vt 1.0000 0.0000
vt 0.5000 1.0000
vt 1.0000 0.0000
vt 0.0000 0.0000
vt 0.5000 0.5000
vt 0.0000 0.0000
vt 1.0000 0.0000
vt 0.5000 1.0000
vt 1.0000 0.0000
vt 0.0000 0.0000
vt 0.5000 0.5000
vt 0.0000 0.0000
vt 1.0000 0.0000
vt 1.0000 3.4691
vt 0.0000 3.4691
vt 0.0000 0.0000
vt 1.0000 0.0000
vt 1.0000 3.4691
vt 0.0000 3.4691
vt 0.0000 0.0000
vt 1.0000 0.0000
vt 1.0000 3.4691
vt 0.0000 3.4691
vt 0.0000 0.0000
vt 1.0000 0.0000
vt 1.0000 3.4691
vt 0.0000 3.4691
vt 0.0000 0.0000
vt 1.0000 0.0000
vt 1.0000 3.4691
vt 0.0000 3.4691
vt 0.0000 0.0000
vt 1.0000 0.0000
vt 1.0000 3.4691
vt 0.0000 3.4691
vt 0.0000 0.0000
vt 1.0000 0.0000
vt 0.5000 1.0000
vt 1.0000 0.0000
vt 0.0000 0.0000
vt 0.5000 0.5000
vt 0.0000 0.0000
vt 1.0000 0.0000
vt 0.5000 1.0000
vt 1.0000 0.0000
vt 0.0000 0.0000
vt 0.5000 0.5000
vt 0.0000 0.0000
vt 1.0000 0.0000
vt 0.5000 1.0000
vt 1.0000 0.0000
vt 0.0000 0.0000
vt 0.5000 0.5000
vt 0.0000 0.0000
vt 1.0000 0.0000
vt 0.5000 1.0000
vt 1.0000 0.0000
vt 0.0000 0.0000
vt 0.5000 0.5000
vt 0.0000 0.0000
vt 1.0000 0.0000
vt 0.5000 1.0000
vt 1.0000 0.0000
vt 0.0000 0.0000
vt 0.5000 0.5000
vt 0.0000 0.0000
vt 1.0000 0.0000
vt 0.5000 1.0000
vt 1.0000 0.0000
vt 0.0000 0.0000
vt 0.5000 0.5000
vt 0.0000 0.0000
vt 1.0000 0.0000
vt 0.5000 1.0000
vt 1.0000 0.0000
vt 0.0000 0.0000
vt 0.5000 0.5000
vt 0.0000 0.0000
vt 1.0000 0.0000
vt 0.5000 1.0000
vt 1.0000 0.0000
vt 0.0000 0.0000
vt 0.5000 0.5000
vt 0.0000 0.0000
vt 1.0000 0.0000
vt 1.0000 2.5082
vt 0.0000 2.5082
vt 0.0000 0.0000
vt 1.0000 0.0000
vt 1.0000 2.5082
vt 0.0000 2.5082
vt 0.0000 0.0000
vt 1.0000 0.0000
vt 1.0000 2.5082
vt 0.0000 2.5082
vt 0.0000 0.0000
vt 1.0000 0.0000
vt 1.0000 2.5082
vt 0.0000 2.5082
vt 0.0000 0.0000
vt 1.0000 0.0000
vt 1.0000 2.5082
vt 0.0000 2.5082
vt 0.0000 0.0000
vt 1.0000 0.0000
vt 1.0000 2.5082
vt 0.0000 2.5082
vt 0.0000 0.0000
vt 1.0000 0.0000
vt 0.5000 1.0000
vt 0.0000 0.0000
vt 1.0000 0.0000
vt 0.5000 1.0000
vt 0.0000 0.0000
vt 1.0000 0.0000
vt 0.5000 1.0000
vt 0.0000 0.0000
vt 1.0000 0.0000
vt 0.5000 1.0000
vt 0.0000 0.0000
vt 1.0000 0.0000
vt 0.5000 1.0000
vt 0.0000 0.0000
vt 1.0000 0.0000
vt 0.5000 1.0000
vt 0.0000 0.0000
vt 1.0000 0.0000
vt 0.5000 1.0000
vt 0.0000 0.0000
vt 1.0000 0.0000
vt 0.5000 1.0000
vt 0.0000 0.0000
vt 1.0000 0.0000
vt 0.5000 1.0000
vt 0.0000 0.0000
vt 1.0000 0.0000
vt 0.5000 1.0000
vt 0.0000 0.0000
vt 1.0000 0.0000
vt 0.5000 1.0000
vt 0.0000 0.0000
vt 1.0000 0.0000
vt 0.5000 1.0000
vt 0.0000 0.0000
vt 1.0000 0.0000
vt 0.5000 1.0000
vt 0.0000 0.0000
vt 1.0000 0.0000
vt 0.5000 1.0000
vt 0.0000 0.0000
vt 1.0000 0.0000
vt 0.5000 1.0000
vt 0.0000 0.0000
vt 1.0000 0.0000
vt 0.5000 1.0000
vt 0.0000 0.0000
vt 1.0000 0.0000
vt 0.5000 1.0000
vt 0.0000 0.0000
vt 1.0000 0.0000
vt 0.5000 1.0000
vt 0.0000 0.0000
vt 1.0000 0.0000
vt 0.5000 1.0000
vt 0.0000 0.0000
vt 1.0000 0.0000
vt 0.5000 1.0000
vt 0.0000 0.0000
vt 1.0000 0.0000
vt 0.5000 1.0000
vt 0.0000 0.0000
vt 1.0000 0.0000
vt 0.5000 1.0000
vt 0.0000 0.0000
vt 1.0000 0.0000
vt 0.5000 1.0000
vt 0.0000 0.0000
vt 1.0000 0.0000
vt 0.5000 1.0000
vt 0.0000 0.0000
vt 1.0000 0.0000
vt 0.5000 1.0000
vt 0.0000 0.0000
vt 1.0000 0.0000
vt 0.5000 1.0000
vt 0.0000 0.0000
vt 1.0000 0.0000
vt 0.5000 1.0000
vt 0.0000 0.0000
vt 1.0000 0.0000
vt 0.5000 1.0000
vt 0.0000 0.0000
vt 1.0000 0.0000
vt 0.5000 1.0000
vt 0.0000 0.0000
vt 1.0000 0.0000
vt 0.5000 1.0000
vt 0.0000 0.0000
vt 1.0000 0.0000
vt 0.5000 1.0000
vt 0.0000 0.0000
vt 1.0000 0.0000
vt 0.5000 1.0000
vt 0.0000 0.0000
vt 1.0000 0.0000
vt 1.0000 3.6958
vt 0.0000 3.6958
vt 0.0000 0.0000
vt 1.0000 0.0000
vt 1.0000 3.6958
vt 0.0000 3.6958
vt 0.0000 0.0000
vt 1.0000 0.0000
vt 1.0000 3.6958
vt 0.0000 3.6958
vt 0.0000 0.0000
vt 1.0000 0.0000
vt 1.0000 3.6958
vt 0.0000 3.6958
vt 0.0000 0.0000
vt 1.0000 0.0000
vt 1.0000 3.6958
vt 0.0000 3.6958
vt 0.0000 0.0000
vt 1.0000 0.0000
vt 1.0000 3.6958
vt 0.0000 3.6958
vt 0.0000 0.0000
vt 1.0000 0.0000
vt 0.5000 1.0000
vt 1.0000 0.0000
vt 0.0000 0.0000
vt 0.5000 0.5000
vt 0.0000 0.0000
vt 1.0000 0.0000
vt 0.5000 1.0000
vt 1.0000 0.0000
vt 0.0000 0.0000
vt 0.5000 0.5000
vt 0.0000 0.0000
vt 1.0000 0.0000
vt 0.5000 1.0000
vt 1.0000 0.0000
vt 0.0000 0.0000
vt 0.5000 0.5000
vt 0.0000 0.0000
vt 1.0000 0.0000
vt 0.5000 1.0000
vt 1.0000 0.0000
vt 0.0000 0.0000
vt 0.5000 0.5000
vt 0.0000 0.0000
vt 1.0000 0.0000
vt 0.5000 1.0000
vt 1.0000 0.0000
vt 0.0000 0.0000
vt 0.5000 0.5000
vt 0.0000 0.0000
vt 1.0000 0.0000
vt 0.5000 1.0000
vt 1.0000 0.0000
vt 0.0000 0.0000
vt 0.5000 0.5000
vt 0.0000 0.0000
vt 1.0000 0.0000
vt 0.5000 1.0000
vt 1.0000 0.0000
vt 0.0000 0.0000
vt 0.5000 0.5000
vt 0.0000 0.0000
vt 1.0000 0.0000
vt 0.5000 1.0000
vt 1.0000 0.0000
vt 0.0000 0.0000
vt 0.5000 0.5000
vt 0.0000 0.0000
vt 1.0000 0.0000
vt 1.0000 3.3882
vt 0.0000 3.3882
vt 0.0000 0.0000
vt 1.0000 0.0000
vt 1.0000 3.3882
vt 0.0000 3.3882
vt 0.0000 0.0000
vt 1.0000 0.0000
vt 1.0000 3.3882
vt 0.0000 3.3882
vt 0.0000 0.0000
vt 1.0000 0.0000
vt 1.0000 3.3882
vt 0.0000 3.3882
vt 0.0000 0.0000
vt 1.0000 0.0000
vt 1.0000 3.3882
vt 0.0000 3.3882
vt 0.0000 0.0000
vt 1.0000 0.0000
vt 1.0000 3.3882
vt 0.0000 3.3882
vt 0.0000 0.0000
vt 1.0000 0.0000
vt 0.5000 1.0000
vt 0.0000 0.0000
vt 1.0000 0.0000
vt 0.5000 1.0000
vt 0.0000 0.0000
vt 1.0000 0.0000
vt 0.5000 1.0000
vt 0.0000 0.0000
vt 1.0000 0.0000
vt 0.5000 1.0000
vt 0.0000 0.0000
vt 1.0000 0.0000
vt 0.5000 1.0000
vt 0.0000 0.0000
vt 1.0000 0.0000
vt 0.5000 1.0000
vt 0.0000 0.0000
vt 1.0000 0.0000
vt 0.5000 1.0000
vt 0.0000 0.0000
vt 1.0000 0.0000
vt 0.5000 1.0000
vt 0.0000 0.0000
vt 1.0000 0.0000
vt 0.5000 1.0000
vt 0.0000 0.0000
vt 1.0000 0.0000
vt 0.5000 1.0000
vt 0.0000 0.0000
vt 1.0000 0.0000
vt 0.5000 1.0000
vt 0.0000 0.0000
vt 1.0000 0.0000
vt 0.5000 1.0000
vt 0.0000 0.0000
vt 1.0000 0.0000
vt 0.5000 1.0000
vt 0.0000 0.0000
vt 1.0000 0.0000
vt 0.5000 1.0000
vt 0.0000 0.0000
vt 1.0000 0.0000
vt 0.5000 1.0000
vt 0.0000 0.0000
vt 1.0000 0.0000
vt 0.5000 1.0000
vt 0.0000 0.0000
vt 1.0000 0.0000
vt 0.5000 1.0000
vt 0.0000 0.0000
vt 1.0000 0.0000
vt 0.5000 1.0000
vt 0.0000 0.0000
vt 1.0000 0.0000
vt 0.5000 1.0000
vt 0.0000 0.0000
vt 1.0000 0.0000
vt 0.5000 1.0000
vt 0.0000 0.0000
vt 1.0000 0.0000
vt 0.5000 1.0000
vt 0.0000 0.0000
vt 1.0000 0.0000
vt 0.5000 1.0000
vt 0.0000 0.0000
vt 1.0000 0.0000
vt 0.5000 1.0000
vt 0.0000 0.0000
vt 1.0000 0.0000
vt 0.5000 1.0000
vt 0.0000 0.0000
vt 1.0000 0.0000
vt 0.5000 1.0000
vt 0.0000 0.0000
vt 1.0000 0.0000
vt 0.5000 1.0000
vt 0.0000 0.0000
vt 1.0000 0.0000
vt 0.5000 1.0000
vt 0.0000 0.0000
vt 1.0000 0.0000
vt 0.5000 1.0000
vt 0.0000 0.0000
vt 1.0000 0.0000
vt 0.5000 1.0000
vt 0.0000 0.0000
vt 1.0000 0.0000
vt 0.5000 1.0000
vt 0.0000 0.0000
vt 1.0000 0.0000
vt 0.5000 1.0000
vt 0.0000 0.0000
vt 1.0000 0.0000
vt 0.5000 1.0000
vt 0.0000 0.0000
vt 1.0000 0.0000
vt 1.0000 2.7204
vt 0.0000 2.7204
vt 0.0000 0.0000
vt 1.0000 0.0000
vt 1.0000 2.7204
vt 0.0000 2.7204
vt 0.0000 0.0000
vt 1.0000 0.0000
vt 1.0000 2.7204
vt 0.0000 2.7204
vt 0.0000 0.0000
vt 1.0000 0.0000
vt 1.0000 2.7204
vt 0.0000 2.7204
vt 0.0000 0.0000
vt 1.0000 0.0000
vt 1.0000 2.7204
vt 0.0000 2.7204
vt 0.0000 0.0000
vt 1.0000 0.0000
vt 1.0000 2.7204
vt 0.0000 2.7204
vt 0.0000 0.0000
vt 1.0000 0.0000
vt 0.5000 1.0000
vt 1.0000 0.0000
vt 0.0000 0.0000
vt 0.5000 0.5000
vt 0.0000 0.0000
vt 1.0000 0.0000
vt 0.5000 1.0000
vt 1.0000 0.0000
vt 0.0000 0.0000
vt 0.5000 0.5000
vt 0.0000 0.0000
vt 1.0000 0.0000
vt 0.5000 1.0000
vt 1.0000 0.0000
vt 0.0000 0.0000
vt 0.5000 0.5000
vt 0.0000 0.0000
vt 1.0000 0.0000
vt 0.5000 1.0000
vt 1.0000 0.0000
vt 0.0000 0.0000
vt 0.5000 0.5000
vt 0.0000 0.0000
vt 1.0000 0.0000
vt 0.5000 1.0000
vt 1.0000 0.0000
vt 0.0000 0.0000
vt 0.5000 0.5000
vt 0.0000 0.0000
vt 1.0000 0.0000
vt 0.5000 1.0000
vt 1.0000 0.0000
vt 0.0000 0.0000
vt 0.5000 0.5000
vt 0.0000 0.0000
vt 1.0000 0.0000
vt 0.5000 1.0000
vt 1.0000 0.0000
vt 0.0000 0.0000
vt 0.5000 0.5000
vt 0.0000 0.0000
vt 1.0000 0.0000
vt 0.5000 1.0000
vt 1.0000 0.0000
vt 0.0000 0.0000
vt 0.5000 0.5000
vt 0.0000 0.0000
vt 1.0000 0.0000
vt 1.0000 3.1889
vt 0.0000 3.1889
vt 0.0000 0.0000
vt 1.0000 0.0000
vt 1.0000 3.1889
vt 0.0000 3.1889
vt 0.0000 0.0000
vt 1.0000 0.0000
vt 1.0000 3.1889
vt 0.0000 3.1889
vt 0.0000 0.0000
vt 1.0000 0.0000
vt 1.0000 3.1889
vt 0.0000 3.1889
vt 0.0000 0.0000
vt 1.0000 0.0000
vt 1.0000 3.1889
vt 0.0000 3.1889
vt 0.0000 0.0000
vt 1.0000 0.0000
vt 1.0000 3.1889
vt 0.0000 3.1889
vt 0.0000 0.0000
vt 1.0000 0.0000
vt 0.5000 1.0000
vt 1.0000 0.0000
vt 0.0000 0.0000
vt 0.5000 0.5000
vt 0.0000 0.0000
vt 1.0000 0.0000
vt 0.5000 1.0000
vt 1.0000 0.0000
vt 0.0000 0.0000
vt 0.5000 0.5000
vt 0.0000 0.0000
vt 1.0000 0.0000
vt 0.5000 1.0000
vt 1.0000 0.0000
vt 0.0000 0.0000
vt 0.5000 0.5000
vt 0.0000 0.0000
vt 1.0000 0.0000
vt 0.5000 1.0000
vt 1.0000 0.0000
vt 0.0000 0.0000
vt 0.5000 0.5000
vt 0.0000 0.0000
vt 1.0000 0.0000
vt 0.5000 1.0000
vt 1.0000 0.0000
vt 0.0000 0.0000
vt 0.5000 0.5000
vt 0.0000 0.0000
vt 1.0000 0.0000
vt 0.5000 1.0000
vt 1.0000 0.0000
vt 0.0000 0.0000
vt 0.5000 0.5000
vt 0.0000 0.0000
vt 1.0000 0.0000
vt 0.5000 1.0000
vt 1.0000 0.0000
vt 0.0000 0.0000
vt 0.5000 0.5000
vt 0.0000 0.0000
vt 1.0000 0.0000
vt 0.5000 1.0000
vt 1.0000 0.0000
vt 0.0000 0.0000
vt 0.5000 0.5000
vt 0.0000 0.0000
vt 1.0000 0.0000
vt 1.0000 2.8403
vt 0.0000 2.8403
vt 0.0000 0.0000
vt 1.0000 0.0000
vt 1.0000 2.8403
vt 0.0000 2.8403
vt 0.0000 0.0000
vt 1.0000 0.0000
vt 1.0000 2.8403
vt 0.0000 2.8403
vt 0.0000 0.0000
vt 1.0000 0.0000
vt 1.0000 2.8403
vt 0.0000 2.8403
vt 0.0000 0.0000
vt 1.0000 0.0000
vt 1.0000 2.8403
vt 0.0000 2.8403
vt 0.0000 0.0000
vt 1.0000 0.0000
vt 1.0000 2.8403
vt 0.0000 2.8403
vt 0.0000 0.0000
vt 1.0000 0.0000
vt 0.5000 1.0000
vt 1.0000 0.0000
vt 0.0000 0.0000
vt 0.5000 0.5000
vt 0.0000 0.0000
vt 1.0000 0.0000
vt 0.5000 1.0000
vt 1.0000 0.0000
vt 0.0000 0.0000
vt 0.5000 0.5000
vt 0.0000 0.0000
vt 1.0000 0.0000
vt 0.5000 1.0000
vt 1.0000 0.0000
vt 0.0000 0.0000
vt 0.5000 0.5000
vt 0.0000 0.0000
vt 1.0000 0.0000
vt 0.5000 1.0000
vt 1.0000 0.0000
vt 0.0000 0.0000
vt 0.5000 0.5000
vt 0.0000 0.0000
vt 1.0000 0.0000
vt 0.5000 1.0000
vt 1.0000 0.0000
vt 0.0000 0.0000
vt 0.5000 0.5000
vt 0.0000 0.0000
vt 1.0000 0.0000
vt 0.5000 1.0000
vt 1.0000 0.0000
vt 0.0000 0.0000
vt 0.5000 0.5000
vt 0.0000 0.0000
vt 1.0000 0.0000
vt 0.5000 1.0000
vt 1.0000 0.0000
vt 0.0000 0.0000
vt 0.5000 0.5000
vt 0.0000 0.0000
vt 1.0000 0.0000
vt 0.5000 1.0000
vt 1.0000 0.0000
vt 0.0000 0.0000
vt 0.5000 0.5000
vt 0.0000 0.0000
vt 1.0000 0.0000
vt 1.0000 4.0656
vt 0.0000 4.0656
vt 0.0000 0.0000
vt 1.0000 0.0000
vt 1.0000 4.0656
vt 0.0000 4.0656
vt 0.0000 0.0000
vt 1.0000 0.0000
vt 1.0000 4.0656
vt 0.0000 4.0656
vt 0.0000 0.0000
vt 1.0000 0.0000
vt 1.0000 4.0656
vt 0.0000 4.0656
vt 0.0000 0.0000
vt 1.0000 0.0000
vt 1.0000 4.0656
vt 0.0000 4.0656
vt 0.0000 0.0000
vt 1.0000 0.0000
vt 1.0000 4.0656
vt 0.0000 4.0656
vt 0.0000 0.0000
vt 1.0000 0.0000
vt 0.5000 1.0000
vt 0.0000 0.0000
vt 1.0000 0.0000
vt 0.5000 1.0000
vt 0.0000 0.0000
vt 1.0000 0.0000
vt 0.5000 1.0000
vt 0.0000 0.0000
vt 1.0000 0.0000
vt 0.5000 1.0000
vt 0.0000 0.0000
vt 1.0000 0.0000
vt 0.5000 1.0000
vt 0.0000 0.0000
vt 1.0000 0.0000
vt 0.5000 1.0000
vt 0.0000 0.0000
vt 1.0000 0.0000
vt 0.5000 1.0000
vt 0.0000 0.0000
vt 1.0000 0.0000
vt 0.5000 1.0000
vt 0.0000 0.0000
vt 1.0000 0.0000
vt 0.5000 1.0000
vt 0.0000 0.0000
vt 1.0000 0.0000
vt 0.5000 1.0000
vt 0.0000 0.0000
vt 1.0000 0.0000
vt 0.5000 1.0000
vt 0.0000 0.0000
vt 1.0000 0.0000
vt 0.5000 1.0000
vt 0.0000 0.0000
vt 1.0000 0.0000
vt 0.5000 1.0000
vt 0.0000 0.0000
vt 1.0000 0.0000
vt 0.5000 1.0000
vt 0.0000 0.0000
vt 1.0000 0.0000
vt 0.5000 1.0000
vt 0.0000 0.0000
vt 1.0000 0.0000
vt 0.5000 1.0000
vt 0.0000 0.0000
vt 1.0000 0.0000
vt 0.5000 1.0000
vt 0.0000 0.0000
vt 1.0000 0.0000
vt 0.5000 1.0000
vt 0.0000 0.0000
vt 1.0000 0.0000
vt 0.5000 1.0000
vt 0.0000 0.0000
vt 1.0000 0.0000
vt 0.5000 1.0000
vt 0.0000 0.0000
vt 1.0000 0.0000
vt 0.5000 1.0000
vt 0.0000 0.0000
vt 1.0000 0.0000
vt 0.5000 1.0000
vt 0.0000 0.0000
vt 1.0000 0.0000
vt 0.5000 1.0000
vt 0.0000 0.0000
vt 1.0000 0.0000
vt 0.5000 1.0000
vt 0.0000 0.0000
vt 1.0000 0.0000
vt 0.5000 1.0000
vt 0.0000 0.0000
vt 1.0000 0.0000
vt 0.5000 1.0000
vt 0.0000 0.0000
vt 1.0000 0.0000
vt 0.5000 1.0000
vt 0.0000 0.0000
vt 1.0000 0.0000
vt 0.5000 1.0000
vt 0.0000 0.0000
vt 1.0000 0.0000
vt 0.5000 1.0000
vt 0.0000 0.0000
vt 1.0000 0.0000
vt 0.5000 1.0000
vt 0.0000 0.0000
vt 1.0000 0.0000
vt 0.5000 1.0000
vt 0.0000 0.0000
vt 1.0000 0.0000
vt 0.5000 1.0000
vt 0.0000 0.0000
vt 1.0000 0.0000
vt 1.0000 3.7722
vt 0.0000 3.7722
vt 0.0000 0.0000
vt 1.0000 0.0000
vt 1.0000 3.7722
vt 0.0000 3.7722
vt 0.0000 0.0000
vt 1.0000 0.0000
vt 1.0000 3.7722
vt 0.0000 3.7722
vt 0.0000 0.0000
vt 1.0000 0.0000
vt 1.0000 3.7722
vt 0.0000 3.7722
vt 0.0000 0.0000
vt 1.0000 0.0000
vt 1.0000 3.7722
vt 0.0000 3.7722
vt 0.0000 0.0000
vt 1.0000 0.0000
vt 1.0000 3.7722
vt 0.0000 3.7722
vt 0.0000 0.0000
vt 1.0000 0.0000
vt 0.5000 1.0000
vt 1.0000 0.0000
vt 0.0000 0.0000
vt 0.5000 0.5000
vt 0.0000 0.0000
vt 1.0000 0.0000
vt 0.5000 1.0000
vt 1.0000 0.0000
vt 0.0000 0.0000
vt 0.5000 0.5000
vt 0.0000 0.0000
vt 1.0000 0.0000
vt 0.5000 1.0000
vt 1.0000 0.0000
vt 0.0000 0.0000
vt 0.5000 0.5000
vt 0.0000 0.0000
vt 1.0000 0.0000
vt 0.5000 1.0000
vt 1.0000 0.0000
vt 0.0000 0.0000
vt 0.5000 0.5000
vt 0.0000 0.0000
vt 1.0000 0.0000
vt 0.5000 1.0000
vt 1.0000 0.0000
vt 0.0000 0.0000
vt 0.5000 0.5000
vt 0.0000 0.0000
vt 1.0000 0.0000
vt 0.5000 1.0000
vt 1.0000 0.0000
vt 0.0000 0.0000
vt 0.5000 0.5000
vt 0.0000 0.0000
vt 1.0000 0.0000
vt 0.5000 1.0000
vt 1.0000 0.0000
vt 0.0000 0.0000
vt 0.5000 0.5000
vt 0.0000 0.0000
vt 1.0000 0.0000
vt 0.5000 1.0000
vt 1.0000 0.0000
vt 0.0000 0.0000
vt 0.5000 0.5000
vt 0.0000 0.0000
vt 1.0000 0.0000
vt 1.0000 2.6940
vt 0.0000 2.6940
vt 0.0000 0.0000
vt 1.0000 0.0000
vt 1.0000 2.6940
vt 0.0000 2.6940
vt 0.0000 0.0000
vt 1.0000 0.0000
vt 1.0000 2.6940
vt 0.0000 2.6940
vt 0.0000 0.0000
vt 1.0000 0.0000
vt 1.0000 2.6940
vt 0.0000 2.6940
vt 0.0000 0.0000
vt 1.0000 0.0000
vt 1.0000 2.6940
vt 0.0000 2.6940
vt 0.0000 0.0000
vt 1.0000 0.0000
vt 1.0000 2.6940
vt 0.0000 2.6940
vt 0.0000 0.0000
vt 1.0000 0.0000
vt 0.5000 1.0000
vt 0.0000 0.0000
vt 1.0000 0.0000
vt 0.5000 1.0000
vt 0.0000 0.0000
vt 1.0000 0.0000
vt 0.5000 1.0000
vt 0.0000 0.0000
vt 1.0000 0.0000
vt 0.5000 1.0000
vt 0.0000 0.0000
vt 1.0000 0.0000
vt 0.5000 1.0000
vt 0.0000 0.0000
vt 1.0000 0.0000
vt 0.5000 1.0000
vt 0.0000 0.0000
vt 1.0000 0.0000
vt 0.5000 1.0000
vt 0.0000 0.0000
vt 1.0000 0.0000
vt 0.5000 1.0000
vt 0.0000 0.0000
vt 1.0000 0.0000
vt 0.5000 1.0000
vt 0.0000 0.0000
vt 1.0000 0.0000
vt 0.5000 1.0000
vt 0.0000 0.0000
vt 1.0000 0.0000
vt 0.5000 1.0000
vt 0.0000 0.0000
vt 1.0000 0.0000
vt 0.5000 1.0000
vt 0.0000 0.0000
vt 1.0000 0.0000
vt 0.5000 1.0000
vt 0.0000 0.0000
vt 1.0000 0.0000
vt 0.5000 1.0000
vt 0.0000 0.0000
vt 1.0000 0.0000
vt 0.5000 1.0000
vt 0.0000 0.0000
vt 1.0000 0.0000
vt 0.5000 1.0000
vt 0.0000 0.0000
vt 1.0000 0.0000
vt 0.5000 1.0000
vt 0.0000 0.0000
vt 1.0000 0.0000
vt 0.5000 1.0000
vt 0.0000 0.0000
vt 1.0000 0.0000
vt 0.5000 1.0000
vt 0.0000 0.0000
vt 1.0000 0.0000
vt 0.5000 1.0000
vt 0.0000 0.0000
vt 1.0000 0.0000
vt 0.5000 1.0000
vt 0.0000 0.0000
vt 1.0000 0.0000
vt 0.5000 1.0000
vt 0.0000 0.0000
vt 1.0000 0.0000
vt 0.5000 1.0000
vt 0.0000 0.0000
vt 1.0000 0.0000
vt 0.5000 1.0000
vt 0.0000 0.0000
vt 1.0000 0.0000
vt 0.5000 1.0000
vt 0.0000 0.0000
vt 1.0000 0.0000
vt 0.5000 1.0000
vt 0.0000 0.0000
vt 1.0000 0.0000
vt 0.5000 1.0000
vt 0.0000 0.0000
vt 1.0000 0.0000
vt 0.5000 1.0000
vt 0.0000 0.0000
vt 1.0000 0.0000
vt 0.5000 1.0000
vt 0.0000 0.0000
vt 1.0000 0.0000
vt 0.5000 1.0000
vt 0.0000 0.0000
vt 1.0000 0.0000
vt 0.5000 1.0000
vt 0.0000 0.0000
vt 1.0000 0.0000
vt 0.5000 1.0000
vt 0.0000 0.0000
vt 1.0000 0.0000
vt 1.0000 3.4289
vt 0.0000 3.4289
vt 0.0000 0.0000
vt 1.0000 0.0000
vt 1.0000 3.4289
vt 0.0000 3.4289
vt 0.0000 0.0000
vt 1.0000 0.0000
vt 1.0000 3.4289
vt 0.0000 3.4289
vt 0.0000 0.0000
vt 1.0000 0.0000
vt 1.0000 3.4289
vt 0.0000 3.4289
vt 0.0000 0.0000
vt 1.0000 0.0000
vt 1.0000 3.4289
vt 0.0000 3.4289
vt 0.0000 0.0000
vt 1.0000 0.0000
vt 1.0000 3.4289
vt 0.0000 3.4289
vt 0.0000 0.0000
vt 1.0000 0.0000
vt 0.5000 1.0000
vt 1.0000 0.0000
vt 0.0000 0.0000
vt 0.5000 0.5000
vt 0.0000 0.0000
vt 1.0000 0.0000
vt 0.5000 1.0000
vt 1.0000 0.0000
vt 0.0000 0.0000
vt 0.5000 0.5000
vt 0.0000 0.0000
vt 1.0000 0.0000
vt 0.5000 1.0000
vt 1.0000 0.0000
vt 0.0000 0.0000
vt 0.5000 0.5000
vt 0.0000 0.0000
vt 1.0000 0.0000
vt 0.5000 1.0000
vt 1.0000 0.0000
vt 0.0000 0.0000
vt 0.5000 0.5000
vt 0.0000 0.0000
vt 1.0000 0.0000
vt 0.5000 1.0000
vt 1.0000 0.0000
vt 0.0000 0.0000
vt 0.5000 0.5000
vt 0.0000 0.0000
vt 1.0000 0.0000
vt 0.5000 1.0000
vt 1.0000 0.0000
vt 0.0000 0.0000
vt 0.5000 0.5000
vt 0.0000 0.0000
vt 1.0000 0.0000
vt 0.5000 1.0000
vt 1.0000 0.0000
vt 0.0000 0.0000
vt 0.5000 0.5000
vt 0.0000 0.0000
vt 1.0000 0.0000
vt 0.5000 1.0000
vt 1.0000 0.0000
vt 0.0000 0.0000
vt 0.5000 0.5000
vt 0.0000 0.0000
vt 1.0000 0.0000
vt 1.0000 3.5808
vt 0.0000 3.5808
vt 0.0000 0.0000
vt 1.0000 0.0000
vt 1.0000 3.5808
vt 0.0000 3.5808
vt 0.0000 0.0000
vt 1.0000 0.0000
vt 1.0000 3.5808
vt 0.0000 3.5808
vt 0.0000 0.0000
vt 1.0000 0.0000
vt 1.0000 3.5808
vt 0.0000 3.5808
vt 0.0000 0.0000
vt 1.0000 0.0000
vt 1.0000 3.5808
vt 0.0000 3.5808
vt 0.0000 0.0000
vt 1.0000 0.0000
vt 1.0000 3.5808
vt 0.0000 3.5808
vt 0.0000 0.0000
vt 1.0000 0.0000
vt 0.5000 1.0000
vt 1.0000 0.0000
vt 0.0000 0.0000
vt 0.5000 0.5000
vt 0.0000 0.0000
vt 1.0000 0.0000
vt 0.5000 1.0000
vt 1.0000 0.0000
vt 0.0000 0.0000
vt 0.5000 0.5000
vt 0.0000 0.0000
vt 1.0000 0.0000
vt 0.5000 1.0000
vt 1.0000 0.0000
vt 0.0000 0.0000
vt 0.5000 0.5000
vt 0.0000 0.0000
vt 1.0000 0.0000
vt 0.5000 1.0000
vt 1.0000 0.0000
vt 0.0000 0.0000
vt 0.5000 0.5000
vt 0.0000 0.0000
vt 1.0000 0.0000
vt 0.5000 1.0000
vt 1.0000 0.0000
vt 0.0000 0.0000
vt 0.5000 0.5000
vt 0.0000 0.0000
vt 1.0000 0.0000
vt 0.5000 1.0000
vt 1.0000 0.0000
vt 0.0000 0.0000
vt 0.5000 0.5000
vt 0.0000 0.0000
vt 1.0000 0.0000
vt 0.5000 1.0000
vt 1.0000 0.0000
vt 0.0000 0.0000
vt 0.5000 0.5000
vt 0.0000 0.0000
vt 1.0000 0.0000
vt 0.5000 1.0000
vt 1.0000 0.0000
vt 0.0000 0.0000
vt 0.5000 0.5000
vt 0.0000 0.0000
vt 1.0000 0.0000
vt 1.0000 2.4505
vt 0.0000 2.4505
vt 0.0000 0.0000
vt 1.0000 0.0000
vt 1.0000 2.4505
vt 0.0000 2.4505
vt 0.0000 0.0000
vt 1.0000 0.0000
vt 1.0000 2.4505
vt 0.0000 2.4505
vt 0.0000 0.0000
vt 1.0000 0.0000
vt 1.0000 2.4505
vt 0.0000 2.4505
vt 0.0000 0.0000
vt 1.0000 0.0000
vt 1.0000 2.4505
vt 0.0000 2.4505
vt 0.0000 0.0000
vt 1.0000 0.0000
vt 1.0000 2.4505
vt 0.0000 2.4505
vt 0.0000 0.0000
vt 1.0000 0.0000
vt 0.5000 1.0000
vt 0.0000 0.0000
vt 1.0000 0.0000
vt 0.5000 1.0000
vt 0.0000 0.0000
vt 1.0000 0.0000
vt 0.5000 1.0000
vt 0.0000 0.0000
vt 1.0000 0.0000
vt 0.5000 1.0000
vt 0.0000 0.0000
vt 1.0000 0.0000
vt 0.5000 1.0000
vt 0.0000 0.0000
vt 1.0000 0.0000
vt 0.5000 1.0000
vt 0.0000 0.0000
vt 1.0000 0.0000
vt 0.5000 1.0000
vt 0.0000 0.0000
vt 1.0000 0.0000
vt 0.5000 1.0000
vt 0.0000 0.0000
vt 1.0000 0.0000
vt 0.5000 1.0000
vt 0.0000 0.0000
vt 1.0000 0.0000
vt 0.5000 1.0000
vt 0.0000 0.0000
vt 1.0000 0.0000
vt 0.5000 1.0000
vt 0.0000 0.0000
vt 1.0000 0.0000
vt 0.5000 1.0000
vt 0.0000 0.0000
vt 1.0000 0.0000
vt 0.5000 1.0000
vt 0.0000 0.0000
vt 1.0000 0.0000
vt 0.5000 1.0000
vt 0.0000 0.0000
vt 1.0000 0.0000
vt 0.5000 1.0000
vt 0.0000 0.0000
vt 1.0000 0.0000
vt 0.5000 1.0000
vt 0.0000 0.0000
vt 1.0000 0.0000
vt 0.5000 1.0000
vt 0.0000 0.0000
vt 1.0000 0.0000
vt 0.5000 1.0000
vt 0.0000 0.0000
vt 1.0000 0.0000
vt 0.5000 1.0000
vt 0.0000 0.0000
vt 1.0000 0.0000
vt 0.5000 1.0000
vt 0.0000 0.0000
vt 1.0000 0.0000
vt 0.5000 1.0000
vt 0.0000 0.0000
vt 1.0000 0.0000
vt 0.5000 1.0000
vt 0.0000 0.0000
vt 1.0000 0.0000
vt 0.5000 1.0000
vt 0.0000 0.0000
vt 1.0000 0.0000
vt 0.5000 1.0000
vt 0.0000 0.0000
vt 1.0000 0.0000
vt 0.5000 1.0000
vt 0.0000 0.0000
vt 1.0000 0.0000
vt 0.5000 1.0000
vt 0.0000 0.0000
vt 1.0000 0.0000
vt 0.5000 1.0000
vt 0.0000 0.0000
vt 1.0000 0.0000
vt 0.5000 1.0000
vt 0.0000 0.0000
vt 1.0000 0.0000
vt 0.5000 1.0000
vt 0.0000 0.0000
vt 1.0000 0.0000
vt 0.5000 1.0000
vt 0.0000 0.0000
vt 1.0000 0.0000
vt 0.5000 1.0000
vt 0.0000 0.0000
vt 1.0000 0.0000
vt 0.5000 1.0000
vt 0.0000 0.0000
vt 1.0000 0.0000
vt 1.0000 2.8671
vt 0.0000 2.8671
vt 0.0000 0.0000
vt 1.0000 0.0000
vt 1.0000 2.8671
vt 0.0000 2.8671
vt 0.0000 0.0000
vt 1.0000 0.0000
vt 1.0000 2.8671
vt 0.0000 2.8671
vt 0.0000 0.0000
vt 1.0000 0.0000
vt 1.0000 2.8671
vt 0.0000 2.8671
vt 0.0000 0.0000
vt 1.0000 0.0000
vt 1.0000 2.8671
vt 0.0000 2.8671
vt 0.0000 0.0000
vt 1.0000 0.0000
vt 1.0000 2.8671
vt 0.0000 2.8671
vt 0.0000 0.0000
vt 1.0000 0.0000
vt 0.5000 1.0000
vt 1.0000 0.0000
vt 0.0000 0.0000
vt 0.5000 0.5000
vt 0.0000 0.0000
vt 1.0000 0.0000
vt 0.5000 1.0000
vt 1.0000 0.0000
vt 0.0000 0.0000
vt 0.5000 0.5000
vt 0.0000 0.0000
vt 1.0000 0.0000
vt 0.5000 1.0000
vt 1.0000 0.0000
vt 0.0000 0.0000
vt 0.5000 0.5000
vt 0.0000 0.0000
vt 1.0000 0.0000
vt 0.5000 1.0000
vt 1.0000 0.0000
vt 0.0000 0.0000
vt 0.5000 0.5000
vt 0.0000 0.0000
vt 1.0000 0.0000
vt 0.5000 1.0000
vt 1.0000 0.0000
vt 0.0000 0.0000
vt 0.5000 0.5000
vt 0.0000 0.0000
vt 1.0000 0.0000
vt 0.5000 1.0000
vt 1.0000 0.0000
vt 0.0000 0.0000
vt 0.5000 0.5000
vt 0.0000 0.0000
vt 1.0000 0.0000
vt 0.5000 1.0000
vt 1.0000 0.0000
vt 0.0000 0.0000
vt 0.5000 0.5000
vt 0.0000 0.0000
vt 1.0000 0.0000
vt 0.5000 1.0000
vt 1.0000 0.0000
vt 0.0000 0.0000
vt 0.5000 0.5000
vt 0.0000 0.0000
vt 1.0000 0.0000
vt 1.0000 3.0767
vt 0.0000 3.0767
vt 0.0000 0.0000
vt 1.0000 0.0000
vt 1.0000 3.0767
vt 0.0000 3.0767
vt 0.0000 0.0000
vt 1.0000 0.0000
vt 1.0000 3.0767
vt 0.0000 3.0767
vt 0.0000 0.0000
vt 1.0000 0.0000
vt 1.0000 3.0767
vt 0.0000 3.0767
vt 0.0000 0.0000
vt 1.0000 0.0000
vt 1.0000 3.0767
vt 0.0000 3.0767
vt 0.0000 0.0000
vt 1.0000 0.0000
vt 1.0000 3.0767
vt 0.0000 3.0767
vt 0.0000 0.0000
vt 1.0000 0.0000
vt 0.5000 1.0000
vt 1.0000 0.0000
vt 0.0000 0.0000
vt 0.5000 0.5000
vt 0.0000 0.0000
vt 1.0000 0.0000
vt 0.5000 1.0000
vt 1.0000 0.0000
vt 0.0000 0.0000
vt 0.5000 0.5000
vt 0.0000 0.0000
vt 1.0000 0.0000
vt 0.5000 1.0000
vt 1.0000 0.0000
vt 0.0000 0.0000
vt 0.5000 0.5000
vt 0.0000 0.0000
vt 1.0000 0.0000
vt 0.5000 1.0000
vt 1.0000 0.0000
vt 0.0000 0.0000
vt 0.5000 0.5000
vt 0.0000 0.0000
vt 1.0000 0.0000
vt 0.5000 1.0000
vt 1.0000 0.0000
vt 0.0000 0.0000
vt 0.5000 0.5000
vt 0.0000 0.0000
vt 1.0000 0.0000
vt 0.5000 1.0000
vt 1.0000 0.0000
vt 0.0000 0.0000
vt 0.5000 0.5000
vt 0.0000 0.0000
vt 1.0000 0.0000
vt 0.5000 1.0000
vt 1.0000 0.0000
vt 0.0000 0.0000
vt 0.5000 0.5000
vt 0.0000 0.0000
vt 1.0000 0.0000
vt 0.5000 1.0000
vt 1.0000 0.0000
vt 0.0000 0.0000
vt 0.5000 0.5000
vt 0.0000 0.0000
vt 1.0000 0.0000
vt 1.0000 2.6671
vt 0.0000 2.6671
vt 0.0000 0.0000
vt 1.0000 0.0000
vt 1.0000 2.6671
vt 0.0000 2.6671
vt 0.0000 0.0000
vt 1.0000 0.0000
vt 1.0000 2.6671
vt 0.0000 2.6671
vt 0.0000 0.0000
vt 1.0000 0.0000
vt 1.0000 2.6671
vt 0.0000 2.6671
vt 0.0000 0.0000
vt 1.0000 0.0000
vt 1.0000 2.6671
vt 0.0000 2.6671
vt 0.0000 0.0000
vt 1.0000 0.0000
vt 1.0000 2.6671
vt 0.0000 2.6671
vt 0.0000 0.0000
vt 1.0000 0.0000
vt 0.5000 1.0000
vt 0.0000 0.0000
vt 1.0000 0.0000
vt 0.5000 1.0000
vt 0.0000 0.0000
vt 1.0000 0.0000
vt 0.5000 1.0000
vt 0.0000 0.0000
vt 1.0000 0.0000
vt 0.5000 1.0000
vt 0.0000 0.0000
vt 1.0000 0.0000
vt 0.5000 1.0000
vt 0.0000 0.0000
vt 1.0000 0.0000
vt 0.5000 1.0000
vt 0.0000 0.0000
vt 1.0000 0.0000
vt 0.5000 1.0000
vt 0.0000 0.0000
vt 1.0000 0.0000
vt 0.5000 1.0000
vt 0.0000 0.0000
vt 1.0000 0.0000
vt 0.5000 1.0000
vt 0.0000 0.0000
vt 1.0000 0.0000
vt 0.5000 1.0000
vt 0.0000 0.0000
vt 1.0000 0.0000
vt 0.5000 1.0000
vt 0.0000 0.0000
vt 1.0000 0.0000
vt 0.5000 1.0000
vt 0.0000 0.0000
vt 1.0000 0.0000
vt 0.5000 1.0000
vt 0.0000 0.0000
vt 1.0000 0.0000
vt 0.5000 1.0000
vt 0.0000 0.0000
vt 1.0000 0.0000
vt 0.5000 1.0000
vt 0.0000 0.0000
vt 1.0000 0.0000
vt 0.5000 1.0000
vt 0.0000 0.0000
vt 1.0000 0.0000
vt 0.5000 1.0000
vt 0.0000 0.0000
vt 1.0000 0.0000
vt 0.5000 1.0000
vt 0.0000 0.0000
vt 1.0000 0.0000
vt 0.5000 1.0000
vt 0.0000 0.0000
vt 1.0000 0.0000
vt 0.5000 1.0000
vt 0.0000 0.0000
vt 1.0000 0.0000
vt 0.5000 1.0000
vt 0.0000 0.0000
vt 1.0000 0.0000
vt 0.5000 1.0000
vt 0.0000 0.0000
vt 1.0000 0.0000
vt 0.5000 1.0000
vt 0.0000 0.0000
vt 1.0000 0.0000
vt 0.5000 1.0000
vt 0.0000 0.0000
vt 1.0000 0.0000
vt 0.5000 1.0000
vt 0.0000 0.0000
vt 1.0000 0.0000
vt 0.5000 1.0000
vt 0.0000 0.0000
vt 1.0000 0.0000
vt 0.5000 1.0000
vt 0.0000 0.0000
vt 1.0000 0.0000
vt 0.5000 1.0000
vt 0.0000 0.0000
vt 1.0000 0.0000
vt 0.5000 1.0000
vt 0.0000 0.0000
vt 1.0000 0.0000
vt 0.5000 1.0000
vt 0.0000 0.0000
vt 1.0000 0.0000
vt 0.5000 1.0000
vt 0.0000 0.0000
vt 1.0000 0.0000
vt 0.5000 1.0000
vt 0.0000 0.0000
vt 1.0000 0.0000
vt 1.0000 3.0570
vt 0.0000 3.0570
vt 0.0000 0.0000
vt 1.0000 0.0000
vt 1.0000 3.0570
vt 0.0000 3.0570
vt 0.0000 0.0000
vt 1.0000 0.0000
vt 1.0000 3.0570
vt 0.0000 3.0570
vt 0.0000 0.0000
vt 1.0000 0.0000
vt 1.0000 3.0570
vt 0.0000 3.0570
vt 0.0000 0.0000
vt 1.0000 0.0000
vt 1.0000 3.0570
vt 0.0000 3.0570
vt 0.0000 0.0000
vt 1.0000 0.0000
vt 1.0000 3.0570
vt 0.0000 3.0570
vt 0.0000 0.0000
vt 1.0000 0.0000
vt 0.5000 1.0000
vt 0.0000 0.0000
vt 1.0000 0.0000
vt 0.5000 1.0000
vt 0.0000 0.0000
vt 1.0000 0.0000
vt 0.5000 1.0000
vt 0.0000 0.0000
vt 1.0000 0.0000
vt 0.5000 1.0000
vt 0.0000 0.0000
vt 1.0000 0.0000
vt 0.5000 1.0000
vt 0.0000 0.0000
vt 1.0000 0.0000
vt 0.5000 1.0000
vt 0.0000 0.0000
vt 1.0000 0.0000
vt 0.5000 1.0000
vt 0.0000 0.0000
vt 1.0000 0.0000
vt 0.5000 1.0000
vt 0.0000 0.0000
vt 1.0000 0.0000
vt 0.5000 1.0000
vt 0.0000 0.0000
vt 1.0000 0.0000
vt 0.5000 1.0000
vt 0.0000 0.0000
vt 1.0000 0.0000
vt 0.5000 1.0000
vt 0.0000 0.0000
vt 1.0000 0.0000
vt 0.5000 1.0000
vt 0.0000 0.0000
vt 1.0000 0.0000
vt 0.5000 1.0000
vt 0.0000 0.0000
vt 1.0000 0.0000
vt 0.5000 1.0000
vt 0.0000 0.0000
vt 1.0000 0.0000
vt 0.5000 1.0000
vt 0.0000 0.0000
vt 1.0000 0.0000
vt 0.5000 1.0000
vt 0.0000 0.0000
vt 1.0000 0.0000
vt 0.5000 1.0000
vt 0.0000 0.0000
vt 1.0000 0.0000
vt 0.5000 1.0000
vt 0.0000 0.0000
vt 1.0000 0.0000
vt 0.5000 1.0000
vt 0.0000 0.0000
vt 1.0000 0.0000
vt 0.5000 1.0000
vt 0.0000 0.0000
vt 1.0000 0.0000
vt 0.5000 1.0000
vt 0.0000 0.0000
vt 1.0000 0.0000
vt 0.5000 1.0000
vt 0.0000 0.0000
vt 1.0000 0.0000
vt 0.5000 1.0000
vt 0.0000 0.0000
vt 1.0000 0.0000
vt 0.5000 1.0000
vt 0.0000 0.0000
vt 1.0000 0.0000
vt 0.5000 1.0000
vt 0.0000 0.0000
vt 1.0000 0.0000
vt 0.5000 1.0000
vt 0.0000 0.0000
vt 1.0000 0.0000
vt 0.5000 1.0000
vt 0.0000 0.0000
vt 1.0000 0.0000
vt 0.5000 1.0000
vt 0.0000 0.0000
vt 1.0000 0.0000
vt 0.5000 1.0000
vt 0.0000 0.0000
vt 1.0000 0.0000
vt 0.5000 1.0000
vt 0.0000 0.0000
vt 1.0000 0.0000
vt 0.5000 1.0000
vt 0.0000 0.0000
vt 1.0000 0.0000
vt 0.5000 1.0000
vt 0.0000 0.0000
vt 1.0000 0.0000
vt 1.0000 3.3367
vt 0.0000 3.3367
vt 0.0000 0.0000
vt 1.0000 0.0000
vt 1.0000 3.3367
vt 0.0000 3.3367
vt 0.0000 0.0000
vt 1.0000 0.0000
vt 1.0000 3.3367
vt 0.0000 3.3367
vt 0.0000 0.0000
vt 1.0000 0.0000
vt 1.0000 3.3367
vt 0.0000 3.3367
vt 0.0000 0.0000
vt 1.0000 0.0000
vt 1.0000 3.3367
vt 0.0000 3.3367
vt 0.0000 0.0000
vt 1.0000 0.0000
vt 1.0000 3.3367
vt 0.0000 3.3367
vt 0.0000 0.0000
vt 1.0000 0.0000
vt 0.5000 1.0000
vt 1.0000 0.0000
vt 0.0000 0.0000
vt 0.5000 0.5000
vt 0.0000 0.0000
vt 1.0000 0.0000
vt 0.5000 1.0000
vt 1.0000 0.0000
vt 0.0000 0.0000
vt 0.5000 0.5000
vt 0.0000 0.0000
vt 1.0000 0.0000
vt 0.5000 1.0000
vt 1.0000 0.0000
vt 0.0000 0.0000
vt 0.5000 0.5000
vt 0.0000 0.0000
vt 1.0000 0.0000
vt 0.5000 1.0000
vt 1.0000 0.0000
vt 0.0000 0.0000
vt 0.5000 0.5000
vt 0.0000 0.0000
vt 1.0000 0.0000
vt 0.5000 1.0000
vt 1.0000 0.0000
vt 0.0000 0.0000
vt 0.5000 0.5000
vt 0.0000 0.0000
vt 1.0000 0.0000
vt 0.5000 1.0000
vt 1.0000 0.0000
vt 0.0000 0.0000
vt 0.5000 0.5000
vt 0.0000 0.0000
vt 1.0000 0.0000
vt 0.5000 1.0000
vt 1.0000 0.0000
vt 0.0000 0.0000
vt 0.5000 0.5000
vt 0.0000 0.0000
vt 1.0000 0.0000
vt 0.5000 1.0000
vt 1.0000 0.0000
vt 0.0000 0.0000
vt 0.5000 0.5000
vt 0.0000 0.0000
vt 1.0000 0.0000
vt 1.0000 2.9889
vt 0.0000 2.9889
vt 0.0000 0.0000
vt 1.0000 0.0000
vt 1.0000 2.9889
vt 0.0000 2.9889
vt 0.0000 0.0000
vt 1.0000 0.0000
vt 1.0000 2.9889
vt 0.0000 2.9889
vt 0.0000 0.0000
vt 1.0000 0.0000
vt 1.0000 2.9889
vt 0.0000 2.9889
vt 0.0000 0.0000
vt 1.0000 0.0000
vt 1.0000 2.9889
vt 0.0000 2.9889
vt 0.0000 0.0000
vt 1.0000 0.0000
vt 1.0000 2.9889
vt 0.0000 2.9889
vt 0.0000 0.0000
vt 1.0000 0.0000
vt 0.5000 1.0000
vt 0.0000 0.0000
vt 1.0000 0.0000
vt 0.5000 1.0000
vt 0.0000 0.0000
vt 1.0000 0.0000
vt 0.5000 1.0000
vt 0.0000 0.0000
vt 1.0000 0.0000
vt 0.5000 1.0000
vt 0.0000 0.0000
vt 1.0000 0.0000
vt 0.5000 1.0000
vt 0.0000 0.0000
vt 1.0000 0.0000
vt 0.5000 1.0000
vt 0.0000 0.0000
vt 1.0000 0.0000
vt 0.5000 1.0000
vt 0.0000 0.0000
vt 1.0000 0.0000
vt 0.5000 1.0000
vt 0.0000 0.0000
vt 1.0000 0.0000
vt 0.5000 1.0000
vt 0.0000 0.0000
vt 1.0000 0.0000
vt 0.5000 1.0000
vt 0.0000 0.0000
vt 1.0000 0.0000
vt 0.5000 1.0000
vt 0.0000 0.0000
vt 1.0000 0.0000
vt 0.5000 1.0000
vt 0.0000 0.0000
vt 1.0000 0.0000
vt 0.5000 1.0000
vt 0.0000 0.0000
vt 1.0000 0.0000
vt 0.5000 1.0000
vt 0.0000 0.0000
vt 1.0000 0.0000
vt 0.5000 1.0000
vt 0.0000 0.0000
vt 1.0000 0.0000
vt 0.5000 1.0000
vt 0.0000 0.0000
vt 1.0000 0.0000
vt 0.5000 1.0000
vt 0.0000 0.0000
vt 1.0000 0.0000
vt 0.5000 1.0000
vt 0.0000 0.0000
vt 1.0000 0.0000
vt 0.5000 1.0000
vt 0.0000 0.0000
vt 1.0000 0.0000
vt 0.5000 1.0000
vt 0.0000 0.0000
vt 1.0000 0.0000
vt 0.5000 1.0000
vt 0.0000 0.0000
vt 1.0000 0.0000
vt 0.5000 1.0000
vt 0.0000 0.0000
vt 1.0000 0.0000
vt 0.5000 1.0000
vt 0.0000 0.0000
vt 1.0000 0.0000
vt 0.5000 1.0000
vt 0.0000 0.0000
vt 1.0000 0.0000
vt 0.5000 1.0000
vt 0.0000 0.0000
vt 1.0000 0.0000
vt 0.5000 1.0000
vt 0.0000 0.0000
vt 1.0000 0.0000
vt 0.5000 1.0000
vt 0.0000 0.0000
vt 1.0000 0.0000
vt 0.5000 1.0000
vt 0.0000 0.0000
vt 1.0000 0.0000
vt 0.5000 1.0000
vt 0.0000 0.0000
vt 1.0000 0.0000
vt 0.5000 1.0000
vt 0.0000 0.0000
vt 1.0000 0.0000
vt 0.5000 1.0000
vt 0.0000 0.0000
vt 1.0000 0.0000
vt 0.5000 1.0000
vt 0.0000 0.0000
vt 1.0000 0.0000
vt 1.0000 4.0566
vt 0.0000 4.0566
vt 0.0000 0.0000
vt 1.0000 0.0000
vt 1.0000 4.0566
vt 0.0000 4.0566
vt 0.0000 0.0000
vt 1.0000 0.0000
vt 1.0000 4.0566
vt 0.0000 4.0566
vt 0.0000 0.0000
vt 1.0000 0.0000
vt 1.0000 4.0566
vt 0.0000 4.0566
vt 0.0000 0.0000
vt 1.0000 0.0000
vt 1.0000 4.0566
vt 0.0000 4.0566
vt 0.0000 0.0000
vt 1.0000 0.0000
vt 1.0000 4.0566
vt 0.0000 4.0566
vt 0.0000 0.0000
vt 1.0000 0.0000
vt 0.5000 1.0000
vt 1.0000 0.0000
vt 0.0000 0.0000
vt 0.5000 0.5000
vt 0.0000 0.0000
vt 1.0000 0.0000
vt 0.5000 1.0000
vt 1.0000 0.0000
vt 0.0000 0.0000
vt 0.5000 0.5000
vt 0.0000 0.0000
vt 1.0000 0.0000
vt 0.5000 1.0000
vt 1.0000 0.0000
vt 0.0000 0.0000
vt 0.5000 0.5000
vt 0.0000 0.0000
vt 1.0000 0.0000
vt 0.5000 1.0000
vt 1.0000 0.0000
vt 0.0000 0.0000
vt 0.5000 0.5000
vt 0.0000 0.0000
vt 1.0000 0.0000
vt 0.5000 1.0000
vt 1.0000 0.0000
vt 0.0000 0.0000
vt 0.5000 0.5000
vt 0.0000 0.0000
vt 1.0000 0.0000
vt 0.5000 1.0000
vt 1.0000 0.0000
vt 0.0000 0.0000
vt 0.5000 0.5000
vt 0.0000 0.0000
vt 1.0000 0.0000
vt 0.5000 1.0000
vt 1.0000 0.0000
vt 0.0000 0.0000
vt 0.5000 0.5000
vt 0.0000 0.0000
vt 1.0000 0.0000
vt 0.5000 1.0000
vt 1.0000 0.0000
vt 0.0000 0.0000
vt 0.5000 0.5000
vt 0.0000 0.0000
vt 1.0000 0.0000
vt 1.0000 2.6549
vt 0.0000 2.6549
vt 0.0000 0.0000
vt 1.0000 0.0000
vt 1.0000 2.6549
vt 0.0000 2.6549
vt 0.0000 0.0000
vt 1.0000 0.0000
vt 1.0000 2.6549
vt 0.0000 2.6549
vt 0.0000 0.0000
vt 1.0000 0.0000
vt 1.0000 2.6549
vt 0.0000 2.6549
vt 0.0000 0.0000
vt 1.0000 0.0000
vt 1.0000 2.6549
vt 0.0000 2.6549
vt 0.0000 0.0000
vt 1.0000 0.0000
vt 1.0000 2.6549
vt 0.0000 2.6549
vt 0.0000 0.0000
vt 1.0000 0.0000
vt 0.5000 1.0000
vt 0.0000 0.0000
vt 1.0000 0.0000
vt 0.5000 1.0000
vt 0.0000 0.0000
vt 1.0000 0.0000
vt 0.5000 1.0000
vt 0.0000 0.0000
vt 1.0000 0.0000
vt 0.5000 1.0000
vt 0.0000 0.0000
vt 1.0000 0.0000
vt 0.5000 1.0000
vt 0.0000 0.0000
vt 1.0000 0.0000
vt 0.5000 1.0000
vt 0.0000 0.0000
vt 1.0000 0.0000
vt 0.5000 1.0000
vt 0.0000 0.0000
vt 1.0000 0.0000
vt 0.5000 1.0000
vt 0.0000 0.0000
vt 1.0000 0.0000
vt 0.5000 1.0000
vt 0.0000 0.0000
vt 1.0000 0.0000
vt 0.5000 1.0000
vt 0.0000 0.0000
vt 1.0000 0.0000
vt 0.5000 1.0000
vt 0.0000 0.0000
vt 1.0000 0.0000
vt 0.5000 1.0000
vt 0.0000 0.0000
vt 1.0000 0.0000
vt 0.5000 1.0000
vt 0.0000 0.0000
vt 1.0000 0.0000
vt 0.5000 1.0000
vt 0.0000 0.0000
vt 1.0000 0.0000
vt 0.5000 1.0000
vt 0.0000 0.0000
vt 1.0000 0.0000
vt 0.5000 1.0000
vt 0.0000 0.0000
vt 1.0000 0.0000
vt 0.5000 1.0000
vt 0.0000 0.0000
vt 1.0000 0.0000
vt 0.5000 1.0000
vt 0.0000 0.0000
vt 1.0000 0.0000
vt 0.5000 1.0000
vt 0.0000 0.0000
vt 1.0000 0.0000
vt 0.5000 1.0000
vt 0.0000 0.0000
vt 1.0000 0.0000
vt 0.5000 1.0000
vt 0.0000 0.0000
vt 1.0000 0.0000
vt 0.5000 1.0000
vt 0.0000 0.0000
vt 1.0000 0.0000
vt 0.5000 1.0000
vt 0.0000 0.0000
vt 1.0000 0.0000
vt 0.5000 1.0000
vt 0.0000 0.0000
vt 1.0000 0.0000
vt 0.5000 1.0000
vt 0.0000 0.0000
vt 1.0000 0.0000
vt 0.5000 1.0000
vt 0.0000 0.0000
vt 1.0000 0.0000
vt 0.5000 1.0000
vt 0.0000 0.0000
vt 1.0000 0.0000
vt 0.5000 1.0000
vt 0.0000 0.0000
vt 1.0000 0.0000
vt 0.5000 1.0000
vt 0.0000 0.0000
vt 1.0000 0.0000
vt 0.5000 1.0000
vt 0.0000 0.0000
vt 1.0000 0.0000
vt 0.5000 1.0000
vt 0.0000 0.0000
vt 1.0000 0.0000
vt 0.5000 1.0000
vt 0.0000 0.0000
vt 1.0000 0.0000
vt 1.0000 2.3777
vt 0.0000 2.3777
vt 0.0000 0.0000
vt 1.0000 0.0000
vt 1.0000 2.3777
vt 0.0000 2.3777
vt 0.0000 0.0000
vt 1.0000 0.0000
vt 1.0000 2.3777
vt 0.0000 2.3777
vt 0.0000 0.0000
vt 1.0000 0.0000
vt 1.0000 2.3777
vt 0.0000 2.3777
vt 0.0000 0.0000
vt 1.0000 0.0000
vt 1.0000 2.3777
vt 0.0000 2.3777
vt 0.0000 0.0000
vt 1.0000 0.0000
vt 1.0000 2.3777
vt 0.0000 2.3777
vt 0.0000 0.0000
vt 1.0000 0.0000
vt 0.5000 1.0000
vt 1.0000 0.0000
vt 0.0000 0.0000
vt 0.5000 0.5000
vt 0.0000 0.0000
vt 1.0000 0.0000
vt 0.5000 1.0000
vt 1.0000 0.0000
vt 0.0000 0.0000
vt 0.5000 0.5000
vt 0.0000 0.0000
vt 1.0000 0.0000
vt 0.5000 1.0000
vt 1.0000 0.0000
vt 0.0000 0.0000
vt 0.5000 0.5000
vt 0.0000 0.0000
vt 1.0000 0.0000
vt 0.5000 1.0000
vt 1.0000 0.0000
vt 0.0000 0.0000
vt 0.5000 0.5000
vt 0.0000 0.0000
vt 1.0000 0.0000
vt 0.5000 1.0000
vt 1.0000 0.0000
vt 0.0000 0.0000
vt 0.5000 0.5000
vt 0.0000 0.0000
vt 1.0000 0.0000
vt 0.5000 1.0000
vt 1.0000 0.0000
vt 0.0000 0.0000
vt 0.5000 0.5000
vt 0.0000 0.0000
vt 1.0000 0.0000
vt 0.5000 1.0000
vt 1.0000 0.0000
vt 0.0000 0.0000
vt 0.5000 0.5000
vt 0.0000 0.0000
vt 1.0000 0.0000
vt 0.5000 1.0000
vt 1.0000 0.0000
vt 0.0000 0.0000
vt 0.5000 0.5000
vt 0.0000 0.0000
vt 1.0000 0.0000
vt 1.0000 3.8623
vt 0.0000 3.8623
vt 0.0000 0.0000
vt 1.0000 0.0000
vt 1.0000 3.8623
vt 0.0000 3.8623
vt 0.0000 0.0000
vt 1.0000 0.0000
vt 1.0000 3.8623
vt 0.0000 3.8623
vt 0.0000 0.0000
vt 1.0000 0.0000
vt 1.0000 3.8623
vt 0.0000 3.8623
vt 0.0000 0.0000
vt 1.0000 0.0000
vt 1.0000 3.8623
vt 0.0000 3.8623
vt 0.0000 0.0000
vt 1.0000 0.0000
vt 1.0000 3.8623
vt 0.0000 3.8623
vt 0.0000 0.0000
vt 1.0000 0.0000
vt 0.5000 1.0000
vt 0.0000 0.0000
vt 1.0000 0.0000
vt 0.5000 1.0000
vt 0.0000 0.0000
vt 1.0000 0.0000
vt 0.5000 1.0000
vt 0.0000 0.0000
vt 1.0000 0.0000
vt 0.5000 1.0000
vt 0.0000 0.0000
vt 1.0000 0.0000
vt 0.5000 1.0000
vt 0.0000 0.0000
vt 1.0000 0.0000
vt 0.5000 1.0000
vt 0.0000 0.0000
vt 1.0000 0.0000
vt 0.5000 1.0000
vt 0.0000 0.0000
vt 1.0000 0.0000
vt 0.5000 1.0000
vt 0.0000 0.0000
vt 1.0000 0.0000
vt 0.5000 1.0000
vt 0.0000 0.0000
vt 1.0000 0.0000
vt 0.5000 1.0000
vt 0.0000 0.0000
vt 1.0000 0.0000
vt 0.5000 1.0000
vt 0.0000 0.0000
vt 1.0000 0.0000
vt 0.5000 1.0000
vt 0.0000 0.0000
vt 1.0000 0.0000
vt 0.5000 1.0000
vt 0.0000 0.0000
vt 1.0000 0.0000
vt 0.5000 1.0000
vt 0.0000 0.0000
vt 1.0000 0.0000
vt 0.5000 1.0000
vt 0.0000 0.0000
vt 1.0000 0.0000
vt 0.5000 1.0000
vt 0.0000 0.0000
vt 1.0000 0.0000
vt 0.5000 1.0000
vt 0.0000 0.0000
vt 1.0000 0.0000
vt 0.5000 1.0000
vt 0.0000 0.0000
vt 1.0000 0.0000
vt 0.5000 1.0000
vt 0.0000 0.0000
vt 1.0000 0.0000
vt 0.5000 1.0000
vt 0.0000 0.0000
vt 1.0000 0.0000
vt 0.5000 1.0000
vt 0.0000 0.0000
vt 1.0000 0.0000
vt 0.5000 1.0000
vt 0.0000 0.0000
vt 1.0000 0.0000
vt 0.5000 1.0000
vt 0.0000 0.0000
vt 1.0000 0.0000
vt 0.5000 1.0000
vt 0.0000 0.0000
vt 1.0000 0.0000
vt 0.5000 1.0000
vt 0.0000 0.0000
vt 1.0000 0.0000
vt 0.5000 1.0000
vt 0.0000 0.0000
vt 1.0000 0.0000
vt 0.5000 1.0000
vt 0.0000 0.0000
vt 1.0000 0.0000
vt 0.5000 1.0000
vt 0.0000 0.0000
vt 1.0000 0.0000
vt 0.5000 1.0000
vt 0.0000 0.0000
vt 1.0000 0.0000
vt 0.5000 1.0000
vt 0.0000 0.0000
vt 1.0000 0.0000
vt 0.5000 1.0000
vt 0.0000 0.0000
vt 1.0000 0.0000
vt 0.5000 1.0000
vt 0.0000 0.0000
vt 1.0000 0.0000
vt 1.0000 3.9042
vt 0.0000 3.9042
vt 0.0000 0.0000
vt 1.0000 0.0000
vt 1.0000 3.9042
vt 0.0000 3.9042
vt 0.0000 0.0000
vt 1.0000 0.0000
vt 1.0000 3.9042
vt 0.0000 3.9042
vt 0.0000 0.0000
vt 1.0000 0.0000
vt 1.0000 3.9042
vt 0.0000 3.9042
vt 0.0000 0.0000
vt 1.0000 0.0000
vt 1.0000 3.9042
vt 0.0000 3.9042
vt 0.0000 0.0000
vt 1.0000 0.0000
vt 1.0000 3.9042
vt 0.0000 3.9042
vt 0.0000 0.0000
vt 1.0000 0.0000
vt 0.5000 1.0000
vt 1.0000 0.0000
vt 0.0000 0.0000
vt 0.5000 0.5000
vt 0.0000 0.0000
vt 1.0000 0.0000
vt 0.5000 1.0000
vt 1.0000 0.0000
vt 0.0000 0.0000
vt 0.5000 0.5000
vt 0.0000 0.0000
vt 1.0000 0.0000
vt 0.5000 1.0000
vt 1.0000 0.0000
vt 0.0000 0.0000
vt 0.5000 0.5000
vt 0.0000 0.0000
vt 1.0000 0.0000
vt 0.5000 1.0000
vt 1.0000 0.0000
vt 0.0000 0.0000
vt 0.5000 0.5000
vt 0.0000 0.0000
vt 1.0000 0.0000
vt 0.5000 1.0000
vt 1.0000 0.0000
vt 0.0000 0.0000
vt 0.5000 0.5000
vt 0.0000 0.0000
vt 1.0000 0.0000
vt 0.5000 1.0000
vt 1.0000 0.0000
vt 0.0000 0.0000
vt 0.5000 0.5000
vt 0.0000 0.0000
vt 1.0000 0.0000
vt 0.5000 1.0000
vt 1.0000 0.0000
vt 0.0000 0.0000
vt 0.5000 0.5000
vt 0.0000 0.0000
vt 1.0000 0.0000
vt 0.5000 1.0000
vt 1.0000 0.0000
vt 0.0000 0.0000
vt 0.5000 0.5000
vt 0.0000 0.0000
vt 1.0000 0.0000
vt 1.0000 3.2719
vt 0.0000 3.2719
vt 0.0000 0.0000
vt 1.0000 0.0000
vt 1.0000 3.2719
vt 0.0000 3.2719
vt 0.0000 0.0000
vt 1.0000 0.0000
vt 1.0000 3.2719
vt 0.0000 3.2719
vt 0.0000 0.0000
vt 1.0000 0.0000
vt 1.0000 3.2719
vt 0.0000 3.2719
vt 0.0000 0.0000
vt 1.0000 0.0000
vt 1.0000 3.2719
vt 0.0000 3.2719
vt 0.0000 0.0000
vt 1.0000 0.0000
vt 1.0000 3.2719
vt 0.0000 3.2719
vt 0.0000 0.0000
vt 1.0000 0.0000
vt 0.5000 1.0000
vt 1.0000 0.0000
vt 0.0000 0.0000
vt 0.5000 0.5000
vt 0.0000 0.0000
vt 1.0000 0.0000
vt 0.5000 1.0000
vt 1.0000 0.0000
vt 0.0000 0.0000
vt 0.5000 0.5000
vt 0.0000 0.0000
vt 1.0000 0.0000
vt 0.5000 1.0000
vt 1.0000 0.0000
vt 0.0000 0.0000
vt 0.5000 0.5000
vt 0.0000 0.0000
vt 1.0000 0.0000
vt 0.5000 1.0000
vt 1.0000 0.0000
vt 0.0000 0.0000
vt 0.5000 0.5000
vt 0.0000 0.0000
vt 1.0000 0.0000
vt 0.5000 1.0000
vt 1.0000 0.0000
vt 0.0000 0.0000
vt 0.5000 0.5000
vt 0.0000 0.0000
vt 1.0000 0.0000
vt 0.5000 1.0000
vt 1.0000 0.0000
vt 0.0000 0.0000
vt 0.5000 0.5000
vt 0.0000 0.0000
vt 1.0000 0.0000
vt 0.5000 1.0000
vt 1.0000 0.0000
vt 0.0000 0.0000
vt 0.5000 0.5000
vt 0.0000 0.0000
vt 1.0000 0.0000
vt 0.5000 1.0000
vt 1.0000 0.0000
vt 0.0000 0.0000
vt 0.5000 0.5000
vt 0.0000 0.0000
vt 1.0000 0.0000
vt 1.0000 4.0023
vt 0.0000 4.0023
vt 0.0000 0.0000
vt 1.0000 0.0000
vt 1.0000 4.0023
vt 0.0000 4.0023
vt 0.0000 0.0000
vt 1.0000 0.0000
vt 1.0000 4.0023
vt 0.0000 4.0023
vt 0.0000 0.0000
vt 1.0000 0.0000
vt 1.0000 4.0023
vt 0.0000 4.0023
vt 0.0000 0.0000
vt 1.0000 0.0000
vt 1.0000 4.0023
vt 0.0000 4.0023
vt 0.0000 0.0000
vt 1.0000 0.0000
vt 1.0000 4.0023
vt 0.0000 4.0023
vt 0.0000 0.0000
vt 1.0000 0.0000
vt 0.5000 1.0000
vt 0.0000 0.0000
vt 1.0000 0.0000
vt 0.5000 1.0000
vt 0.0000 0.0000
vt 1.0000 0.0000
vt 0.5000 1.0000
vt 0.0000 0.0000
vt 1.0000 0.0000
vt 0.5000 1.0000
vt 0.0000 0.0000
vt 1.0000 0.0000
vt 0.5000 1.0000
vt 0.0000 0.0000
vt 1.0000 0.0000
vt 0.5000 1.0000
vt 0.0000 0.0000
vt 1.0000 0.0000
vt 0.5000 1.0000
vt 0.0000 0.0000
vt 1.0000 0.0000
vt 0.5000 1.0000
vt 0.0000 0.0000
vt 1.0000 0.0000
vt 0.5000 1.0000
vt 0.0000 0.0000
vt 1.0000 0.0000
vt 0.5000 1.0000
vt 0.0000 0.0000
vt 1.0000 0.0000
vt 0.5000 1.0000
vt 0.0000 0.0000
vt 1.0000 0.0000
vt 0.5000 1.0000
vt 0.0000 0.0000
vt 1.0000 0.0000
vt 0.5000 1.0000
vt 0.0000 0.0000
vt 1.0000 0.0000
vt 0.5000 1.0000
vt 0.0000 0.0000
vt 1.0000 0.0000
vt 0.5000 1.0000
vt 0.0000 0.0000
vt 1.0000 0.0000
vt 0.5000 1.0000
vt 0.0000 0.0000
vt 1.0000 0.0000
vt 0.5000 1.0000
vt 0.0000 0.0000
vt 1.0000 0.0000
vt 0.5000 1.0000
vt 0.0000 0.0000
vt 1.0000 0.0000
vt 0.5000 1.0000
vt 0.0000 0.0000
vt 1.0000 0.0000
vt 0.5000 1.0000
vt 0.0000 0.0000
vt 1.0000 0.0000
vt 0.5000 1.0000
vt 0.0000 0.0000
vt 1.0000 0.0000
vt 0.5000 1.0000
vt 0.0000 0.0000
vt 1.0000 0.0000
vt 0.5000 1.0000
vt 0.0000 0.0000
vt 1.0000 0.0000
vt 0.5000 1.0000
vt 0.0000 0.0000
vt 1.0000 0.0000
vt 0.5000 1.0000
vt 0.0000 0.0000
vt 1.0000 0.0000
vt 0.5000 1.0000
vt 0.0000 0.0000
vt 1.0000 0.0000
vt 0.5000 1.0000
vt 0.0000 0.0000
vt 1.0000 0.0000
vt 0.5000 1.0000
vt 0.0000 0.0000
vt 1.0000 0.0000
vt 0.5000 1.0000
vt 0.0000 0.0000
vt 1.0000 0.0000
vt 0.5000 1.0000
vt 0.0000 0.0000
vt 1.0000 0.0000
vt 0.5000 1.0000
vt 0.0000 0.0000
vt 1.0000 0.0000
vt 0.5000 1.0000
vt 0.0000 0.0000
vt 1.0000 0.0000
vt 1.0000 3.8885
vt 0.0000 3.8885
vt 0.0000 0.0000
vt 1.0000 0.0000
vt 1.0000 3.8885
vt 0.0000 3.8885
vt 0.0000 0.0000
vt 1.0000 0.0000
vt 1.0000 3.8885
vt 0.0000 3.8885
vt 0.0000 0.0000
vt 1.0000 0.0000
vt 1.0000 3.8885
vt 0.0000 3.8885
vt 0.0000 0.0000
vt 1.0000 0.0000
vt 1.0000 3.8885
vt 0.0000 3.8885
vt 0.0000 0.0000
vt 1.0000 0.0000
vt 1.0000 3.8885
vt 0.0000 3.8885
vt 0.0000 0.0000
vt 1.0000 0.0000
vt 0.5000 1.0000
vt 1.0000 0.0000
vt 0.0000 0.0000
vt 0.5000 0.5000
vt 0.0000 0.0000
vt 1.0000 0.0000
vt 0.5000 1.0000
vt 1.0000 0.0000
vt 0.0000 0.0000
vt 0.5000 0.5000
vt 0.0000 0.0000
vt 1.0000 0.0000
vt 0.5000 1.0000
vt 1.0000 0.0000
vt 0.0000 0.0000
vt 0.5000 0.5000
vt 0.0000 0.0000
vt 1.0000 0.0000
vt 0.5000 1.0000
vt 1.0000 0.0000
vt 0.0000 0.0000
vt 0.5000 0.5000
vt 0.0000 0.0000
vt 1.0000 0.0000
vt 0.5000 1.0000
vt 1.0000 0.0000
vt 0.0000 0.0000
vt 0.5000 0.5000
vt 0.0000 0.0000
vt 1.0000 0.0000
vt 0.5000 1.0000
vt 1.0000 0.0000
vt 0.0000 0.0000
vt 0.5000 0.5000
vt 0.0000 0.0000
vt 1.0000 0.0000
vt 0.5000 1.0000
vt 1.0000 0.0000
vt 0.0000 0.0000
vt 0.5000 0.5000
vt 0.0000 0.0000
vt 1.0000 0.0000
vt 0.5000 1.0000
vt 1.0000 0.0000
vt 0.0000 0.0000
vt 0.5000 0.5000
vt 0.0000 0.0000
vt 1.0000 0.0000
vt 1.0000 2.8645
vt 0.0000 2.8645
vt 0.0000 0.0000
vt 1.0000 0.0000
vt 1.0000 2.8645
vt 0.0000 2.8645
vt 0.0000 0.0000
vt 1.0000 0.0000
vt 1.0000 2.8645
vt 0.0000 2.8645
vt 0.0000 0.0000
vt 1.0000 0.0000
vt 1.0000 2.8645
vt 0.0000 2.8645
vt 0.0000 0.0000
vt 1.0000 0.0000
vt 1.0000 2.8645
vt 0.0000 2.8645
vt 0.0000 0.0000
vt 1.0000 0.0000
vt 1.0000 2.8645
vt 0.0000 2.8645
vt 0.0000 0.0000
vt 1.0000 0.0000
vt 0.5000 1.0000
vt 0.0000 0.0000
vt 1.0000 0.0000
vt 0.5000 1.0000
vt 0.0000 0.0000
vt 1.0000 0.0000
vt 0.5000 1.0000
vt 0.0000 0.0000
vt 1.0000 0.0000
vt 0.5000 1.0000
vt 0.0000 0.0000
vt 1.0000 0.0000
vt 0.5000 1.0000
vt 0.0000 0.0000
vt 1.0000 0.0000
vt 0.5000 1.0000
vt 0.0000 0.0000
vt 1.0000 0.0000
vt 0.5000 1.0000
vt 0.0000 0.0000
vt 1.0000 0.0000
vt 0.5000 1.0000
vt 0.0000 0.0000
vt 1.0000 0.0000
vt 0.5000 1.0000
vt 0.0000 0.0000
vt 1.0000 0.0000
vt 0.5000 1.0000
vt 0.0000 0.0000
vt 1.0000 0.0000
vt 0.5000 1.0000
vt 0.0000 0.0000
vt 1.0000 0.0000
vt 0.5000 1.0000
vt 0.0000 0.0000
vt 1.0000 0.0000
vt 0.5000 1.0000
vt 0.0000 0.0000
vt 1.0000 0.0000
vt 0.5000 1.0000
vt 0.0000 0.0000
vt 1.0000 0.0000
vt 0.5000 1.0000
vt 0.0000 0.0000
vt 1.0000 0.0000
vt 0.5000 1.0000
vt 0.0000 0.0000
vt 1.0000 0.0000
vt 0.5000 1.0000
vt 0.0000 0.0000
vt 1.0000 0.0000
vt 0.5000 1.0000
vt 0.0000 0.0000
vt 1.0000 0.0000
vt 0.5000 1.0000
vt 0.0000 0.0000
vt 1.0000 0.0000
vt 0.5000 1.0000
vt 0.0000 0.0000
vt 1.0000 0.0000
vt 0.5000 1.0000
vt 0.0000 0.0000
vt 1.0000 0.0000
vt 0.5000 1.0000
vt 0.0000 0.0000
vt 1.0000 0.0000
vt 0.5000 1.0000
vt 0.0000 0.0000
vt 1.0000 0.0000
vt 0.5000 1.0000
vt 0.0000 0.0000
vt 1.0000 0.0000
vt 0.5000 1.0000
vt 0.0000 0.0000
vt 1.0000 0.0000
vt 0.5000 1.0000
vt 0.0000 0.0000
vt 1.0000 0.0000
vt 0.5000 1.0000
vt 0.0000 0.0000
vt 1.0000 0.0000
vt 0.5000 1.0000
vt 0.0000 0.0000
vt 1.0000 0.0000
vt 0.5000 1.0000
vt 0.0000 0.0000
vt 1.0000 0.0000
vt 0.5000 1.0000
vt 0.0000 0.0000
vt 1.0000 0.0000
vt 0.5000 1.0000
vt 0.0000 0.0000
vt 1.0000 0.0000
vt 0.5000 1.0000
vt 0.0000 0.0000
vt 1.0000 0.0000
vt 1.0000 3.1351
vt 0.0000 3.1351
vt 0.0000 0.0000
vt 1.0000 0.0000
vt 1.0000 3.1351
vt 0.0000 3.1351
vt 0.0000 0.0000
vt 1.0000 0.0000
vt 1.0000 3.1351
vt 0.0000 3.1351
vt 0.0000 0.0000
vt 1.0000 0.0000
vt 1.0000 3.1351
vt 0.0000 3.1351
vt 0.0000 0.0000
vt 1.0000 0.0000
vt 1.0000 3.1351
vt 0.0000 3.1351
vt 0.0000 0.0000
vt 1.0000 0.0000
vt 1.0000 3.1351
vt 0.0000 3.1351
vt 0.0000 0.0000
vt 1.0000 0.0000
vt 0.5000 1.0000
vt 0.0000 0.0000
vt 1.0000 0.0000
vt 0.5000 1.0000
vt 0.0000 0.0000
vt 1.0000 0.0000
vt 0.5000 1.0000
vt 0.0000 0.0000
vt 1.0000 0.0000
vt 0.5000 1.0000
vt 0.0000 0.0000
vt 1.0000 0.0000
vt 0.5000 1.0000
vt 0.0000 0.0000
vt 1.0000 0.0000
vt 0.5000 1.0000
vt 0.0000 0.0000
vt 1.0000 0.0000
vt 0.5000 1.0000
vt 0.0000 0.0000
vt 1.0000 0.0000
vt 0.5000 1.0000
vt 0.0000 0.0000
vt 1.0000 0.0000
vt 0.5000 1.0000
vt 0.0000 0.0000
vt 1.0000 0.0000
vt 0.5000 1.0000
vt 0.0000 0.0000
vt 1.0000 0.0000
vt 0.5000 1.0000
vt 0.0000 0.0000
vt 1.0000 0.0000
vt 0.5000 1.0000
vt 0.0000 0.0000
vt 1.0000 0.0000
vt 0.5000 1.0000
vt 0.0000 0.0000
vt 1.0000 0.0000
vt 0.5000 1.0000
vt 0.0000 0.0000
vt 1.0000 0.0000
vt 0.5000 1.0000
vt 0.0000 0.0000
vt 1.0000 0.0000
vt 0.5000 1.0000
vt 0.0000 0.0000
vt 1.0000 0.0000
vt 0.5000 1.0000
vt 0.0000 0.0000
vt 1.0000 0.0000
vt 0.5000 1.0000
vt 0.0000 0.0000
vt 1.0000 0.0000
vt 0.5000 1.0000
vt 0.0000 0.0000
vt 1.0000 0.0000
vt 0.5000 1.0000
vt 0.0000 0.0000
vt 1.0000 0.0000
vt 0.5000 1.0000
vt 0.0000 0.0000
vt 1.0000 0.0000
vt 0.5000 1.0000
vt 0.0000 0.0000
vt 1.0000 0.0000
vt 0.5000 1.0000
vt 0.0000 0.0000
vt 1.0000 0.0000
vt 0.5000 1.0000
vt 0.0000 0.0000
vt 1.0000 0.0000
vt 0.5000 1.0000
vt 0.0000 0.0000
vt 1.0000 0.0000
vt 0.5000 1.0000
vt 0.0000 0.0000
vt 1.0000 0.0000
vt 0.5000 1.0000
vt 0.0000 0.0000
vt 1.0000 0.0000
vt 0.5000 1.0000
vt 0.0000 0.0000
vt 1.0000 0.0000
vt 0.5000 1.0000
vt 0.0000 0.0000
vt 1.0000 0.0000
vt 0.5000 1.0000
vt 0.0000 0.0000
vt 1.0000 0.0000
vt 0.5000 1.0000
vt 0.0000 0.0000
vt 1.0000 0.0000
vt 0.5000 1.0000
vt 0.0000 0.0000
vt 1.0000 0.0000
vt 1.0000 2.7279
vt 0.0000 2.7279
vt 0.0000 0.0000
vt 1.0000 0.0000
vt 1.0000 2.7279
vt 0.0000 2.7279
vt 0.0000 0.0000
vt 1.0000 0.0000
vt 1.0000 2.7279
vt 0.0000 2.7279
vt 0.0000 0.0000
vt 1.0000 0.0000
vt 1.0000 2.7279
vt 0.0000 2.7279
vt 0.0000 0.0000
vt 1.0000 0.0000
vt 1.0000 2.7279
vt 0.0000 2.7279
vt 0.0000 0.0000
vt 1.0000 0.0000
vt 1.0000 2.7279
vt 0.0000 2.7279
vt 0.0000 0.0000
vt 1.0000 0.0000
vt 0.5000 1.0000
vt 1.0000 0.0000
vt 0.0000 0.0000
vt 0.5000 0.5000
vt 0.0000 0.0000
vt 1.0000 0.0000
vt 0.5000 1.0000
vt 1.0000 0.0000
vt 0.0000 0.0000
vt 0.5000 0.5000
vt 0.0000 0.0000
vt 1.0000 0.0000
vt 0.5000 1.0000
vt 1.0000 0.0000
vt 0.0000 0.0000
vt 0.5000 0.5000
vt 0.0000 0.0000
vt 1.0000 0.0000
vt 0.5000 1.0000
vt 1.0000 0.0000
vt 0.0000 0.0000
vt 0.5000 0.5000
vt 0.0000 0.0000
vt 1.0000 0.0000
vt 0.5000 1.0000
vt 1.0000 0.0000
vt 0.0000 0.0000
vt 0.5000 0.5000
vt 0.0000 0.0000
vt 1.0000 0.0000
vt 0.5000 1.0000
vt 1.0000 0.0000
vt 0.0000 0.0000
vt 0.5000 0.5000
vt 0.0000 0.0000
vt 1.0000 0.0000
vt 0.5000 1.0000
vt 1.0000 0.0000
vt 0.0000 0.0000
vt 0.5000 0.5000
vt 0.0000 0.0000
vt 1.0000 0.0000
vt 0.5000 1.0000
vt 1.0000 0.0000
vt 0.0000 0.0000
vt 0.5000 0.5000
vn 0.8660 0.5000 0.0000
vn 0.0000 1.0000 0.0000
vn -0.8660 0.5000 0.0000
vn -0.8660 -0.5000 0.0000
vn 0.0000 -1.0000 0.0000
vn 0.8660 -0.5000 0.0000
vn 0.8971 0.3716 0.2392
vn 0.0000 -0.0000 -1.0000
vn 0.3716 0.8971 0.2392
vn 0.0000 0.0000 -1.0000
vn -0.3716 0.8971 0.2392
vn 0.0000 0.0000 -1.0000
vn -0.8971 0.3716 0.2392
vn 0.0000 0.0000 -1.0000
vn -0.8971 -0.3716 0.2392
vn 0.0000 0.0000 -1.0000
vn -0.3716 -0.8971 0.2392
vn 0.0000 0.0000 -1.0000
vn 0.3716 -0.8971 0.2392
vn -0.0000 0.0000 -1.0000
vn 0.8971 -0.3716 0.2392
vn -0.0000 0.0000 -1.0000
vn 0.8660 0.5000 0.0000
vn 0.0000 1.0000 0.0000
vn -0.8660 0.5000 0.0000
vn -0.8660 -0.5000 0.0000
vn 0.0000 -1.0000 0.0000
vn 0.8660 -0.5000 0.0000
vn 0.8971 0.3716 0.2392
vn 0.0000 -0.0000 -1.0000
vn 0.3716 0.8971 0.2392
vn 0.0000 0.0000 -1.0000
vn -0.3716 0.8971 0.2392
vn 0.0000 0.0000 -1.0000
vn -0.8971 0.3716 0.2392
vn 0.0000 0.0000 -1.0000
vn -0.8971 -0.3716 0.2392
vn 0.0000 0.0000 -1.0000
vn -0.3716 -0.8971 0.2392
vn 0.0000 0.0000 -1.0000
vn 0.3716 -0.8971 0.2392
vn -0.0000 0.0000 -1.0000
vn 0.8971 -0.3716 0.2392
vn -0.0000 0.0000 -1.0000
vn 0.8660 0.5000 0.0000
vn 0.0000 1.0000 0.0000
vn -0.8660 0.5000 0.0000
vn -0.8660 -0.5000 0.0000
vn 0.0000 -1.0000 0.0000
vn 0.8660 -0.5000 0.0000
vn 0.8971 0.3716 0.2392
vn 0.0000 -0.0000 -1.0000
vn 0.3716 0.8971 0.2392
vn 0.0000 0.0000 -1.0000
vn -0.3716 0.8971 0.2392
vn 0.0000 0.0000 -1.0000
vn -0.8971 0.3716 0.2392
vn 0.0000 0.0000 -1.0000
vn -0.8971 -0.3716 0.2392
vn 0.0000 0.0000 -1.0000
vn -0.3716 -0.8971 0.2392
vn 0.0000 0.0000 -1.0000
vn 0.3716 -0.8971 0.2392
vn -0.0000 0.0000 -1.0000
vn 0.8971 -0.3716 0.2392
vn -0.0000 0.0000 -1.0000
vn 0.8660 0.5000 0.0000
vn 0.0000 1.0000 0.0000
vn -0.8660 0.5000 0.0000
vn -0.8660 -0.5000 0.0000
vn 0.0000 -1.0000 0.0000
vn 0.8660 -0.5000 0.0000
vn 0.8971 0.3716 0.2392
vn 0.0000 -0.0000 -1.0000
vn 0.3716 0.8971 0.2392
vn 0.0000 0.0000 -1.0000
vn -0.3716 0.8971 0.2392
vn 0.0000 0.0000 -1.0000
vn -0.8971 0.3716 0.2392
vn 0.0000 0.0000 -1.0000
vn -0.8971 -0.3716 0.2392
vn 0.0000 0.0000 -1.0000
vn -0.3716 -0.8971 0.2392
vn 0.0000 0.0000 -1.0000
vn 0.3716 -0.8971 0.2392
vn -0.0000 0.0000 -1.0000
vn 0.8971 -0.3716 0.2392
vn -0.0000 0.0000 -1.0000
vn 0.8660 0.5000 0.0000
vn 0.0000 1.0000 0.0000
vn -0.8660 0.5000 0.0000
vn -0.8660 -0.5000 0.0000
vn 0.0000 -1.0000 0.0000
vn 0.8660 -0.5000 0.0000
vn 0.8971 0.3716 0.2392
vn 0.0000 -0.0000 -1.0000
vn 0.3716 0.8971 0.2392
vn 0.0000 0.0000 -1.0000
vn -0.3716 0.8971 0.2392
vn 0.0000 0.0000 -1.0000
vn -0.8971 0.3716 0.2392
vn 0.0000 0.0000 -1.0000
vn -0.8971 -0.3716 0.2392
vn 0.0000 0.0000 -1.0000
vn -0.3716 -0.8971 0.2392
vn 0.0000 0.0000 -1.0000
vn 0.3716 -0.8971 0.2392
vn -0.0000 0.0000 -1.0000
vn 0.8971 -0.3716 0.2392
vn -0.0000 0.0000 -1.0000
vn 0.8660 0.5000 0.0000
vn 0.0000 1.0000 0.0000
vn -0.8660 0.5000 0.0000
vn -0.8660 -0.5000 0.0000
vn 0.0000 -1.0000 0.0000
vn 0.8660 -0.5000 0.0000
vn 0.8843 0.2525 0.3927
vn 0.3390 0.8431 0.4174
vn 0.4567 0.3921 0.7985
vn 0.5777 0.5159 0.6326
vn -0.2871 0.8585 0.4250
vn -0.7761 0.3763 0.5060
vn -0.4007 0.4039 0.8224
vn -0.5367 0.5398 0.6485
vn -0.7985 -0.3021 0.5207
vn -0.2715 -0.8161 0.5103
vn -0.3977 -0.4191 0.8162
vn -0.4944 -0.5154 0.7000
vn 0.3765 -0.7855 0.4912
vn 0.8890 -0.2319 0.3948
vn 0.4535 -0.4071 0.7929
vn 0.5589 -0.5142 0.6506
vn 0.3605 0.8967 -0.2567
vn 0.9497 0.2711 -0.1564
vn 0.4149 0.4383 -0.7974
vn 0.6067 0.6275 -0.4880
vn -0.8088 0.3921 -0.4383
vn -0.3061 0.9152 -0.2620
vn -0.5179 0.4121 -0.7496
vn -0.6304 0.5313 -0.5659
vn -0.2987 -0.8981 -0.3228
vn -0.8343 -0.3157 -0.4521
vn -0.5217 -0.3971 -0.7551
vn -0.6144 -0.4953 -0.6142
vn 0.9556 -0.2493 -0.1574
vn 0.4112 -0.8578 -0.3084
vn 0.4183 -0.4228 -0.8039
vn 0.6113 -0.6153 -0.4977
vn 0.8660 0.5000 0.0000
vn 0.0000 1.0000 0.0000
vn -0.8660 0.5000 0.0000
vn -0.8660 -0.5000 0.0000
vn 0.0000 -1.0000 0.0000
vn 0.8660 -0.5000 0.0000
vn 0.7865 0.5260 0.3236
vn 0.4277 0.7992 0.4222
vn 0.1960 0.4051 0.8930
vn 0.5105 0.7001 0.4992
vn -0.2515 0.8558 0.4521
vn -0.9604 0.1573 0.2302
vn -0.2549 0.3995 0.8806
vn -0.4659 0.6056 0.6451
vn -0.8622 -0.4624 0.2067
vn -0.4825 -0.7933 0.3713
vn -0.2523 -0.4199 0.8718
vn -0.5573 -0.7029 0.4420
vn 0.3725 -0.8405 0.3934
vn 0.7874 -0.5245 0.3240
vn 0.1940 -0.4257 0.8838
vn 0.4948 -0.7057 0.5071
vn 0.4244 0.7930 -0.4371
vn 0.6905 0.4617 -0.5568
vn 0.5626 0.4691 -0.6807
vn 0.6070 0.5161 -0.6043
vn -0.9412 0.1541 -0.3008
vn -0.2493 0.8481 -0.4675
vn -0.4314 0.5119 -0.7429
vn -0.4820 0.5610 -0.6730
vn -0.4925 -0.8097 -0.3192
vn -0.8483 -0.4549 -0.2711
vn -0.4456 -0.4609 -0.7674
vn -0.6257 -0.6390 -0.4475
vn 0.6911 -0.4603 -0.5572
vn 0.3812 -0.8601 -0.3390
vn 0.5781 -0.4201 -0.6995
vn 0.6438 -0.4925 -0.5856
vn 0.8660 0.5000 0.0000
vn 0.0000 1.0000 0.0000
vn -0.8660 0.5000 0.0000
vn -0.8660 -0.5000 0.0000
vn 0.0000 -1.0000 0.0000
vn 0.8660 -0.5000 0.0000
vn 0.9029 0.3051 0.3028
vn 0.2986 0.8845 0.3586
vn 0.3284 0.3975 0.8569
vn 0.5414 0.6060 0.5828
vn -0.4259 0.8385 0.3399
vn -0.8286 0.3161 0.4620
vn -0.5849 0.3413 0.7358
vn -0.6787 0.4477 0.5822
vn -0.8428 -0.2624 0.4700
vn -0.3120 -0.7964 0.5180
vn -0.5280 -0.5291 0.6643
vn -0.5125 -0.5135 0.6882
vn 0.4661 -0.7416 0.4824
vn 0.7985 -0.5392 0.2678
vn 0.2871 -0.5968 0.7493
vn 0.4648 -0.7433 0.4811
vn 0.3053 0.9044 -0.2982
vn 0.8720 0.2947 -0.3909
vn 0.3737 0.2601 -0.8903
vn 0.6210 0.5136 -0.5921
vn -0.8392 0.3202 -0.4395
vn -0.4345 0.8554 -0.2821
vn -0.5266 0.2383 -0.8160
vn -0.7083 0.4411 -0.5511
vn -0.3094 -0.7899 -0.5294
vn -0.8540 -0.2659 -0.4472
vn -0.4659 -0.5117 -0.7219
vn -0.4922 -0.5375 -0.6847
vn 0.7769 -0.5246 -0.3483
vn 0.4628 -0.7364 -0.4935
vn 0.3240 -0.5471 -0.7718
vn 0.4929 -0.6968 -0.5211
vn 0.8660 0.5000 0.0000
vn 0.0000 1.0000 0.0000
vn -0.8660 0.5000 0.0000
vn -0.8660 -0.5000 0.0000
vn 0.0000 -1.0000 0.0000
vn 0.8660 -0.5000 0.0000
vn 0.9562 0.1832 0.2283
vn 0.2048 0.9381 0.2792
vn 0.2295 0.2631 0.9371
vn 0.5493 0.5818 0.5999
vn -0.2936 0.9162 0.2727
vn -0.8949 0.3268 0.3040
vn -0.2613 0.2609 0.9293
vn -0.5907 0.5904 0.5500
vn -0.9323 -0.1745 0.3167
vn -0.2022 -0.8992 0.3879
vn -0.2577 -0.3060 0.9165
vn -0.5052 -0.5526 0.6628
vn 0.2220 -0.8953 0.3862
vn 0.9632 -0.1389 0.2300
vn 0.2263 -0.3085 0.9239
vn 0.5010 -0.5813 0.6411
vn 0.2027 0.9289 -0.3099
vn 0.9749 0.1867 -0.1210
vn 0.3531 0.5528 -0.7548
vn 0.4797 0.6671 -0.5700
vn -0.9300 0.3396 -0.1407
vn -0.2908 0.9076 -0.3028
vn -0.3224 0.5593 -0.7637
vn -0.4977 0.7114 -0.4961
vn -0.2161 -0.9612 -0.1713
vn -0.9722 -0.1820 -0.1471
vn -0.3636 -0.3550 -0.8613
vn -0.6028 -0.5949 -0.5317
vn 0.9824 -0.1417 -0.1219
vn 0.2371 -0.9564 -0.1704
vn 0.3970 -0.3497 -0.8486
vn 0.6213 -0.5783 -0.5287
vn 0.8660 0.5000 0.0000
vn 0.0000 1.0000 0.0000
vn -0.8660 0.5000 0.0000
vn -0.8660 -0.5000 0.0000
vn 0.0000 -1.0000 0.0000
vn 0.8660 -0.5000 0.0000
vn 0.8971 0.3716 0.2392
vn 0.0000 -0.0000 -1.0000
vn 0.3716 0.8971 0.2392
vn 0.0000 0.0000 -1.0000
vn -0.3716 0.8971 0.2392
vn 0.0000 0.0000 -1.0000
vn -0.8971 0.3716 0.2392
vn 0.0000 0.0000 -1.0000
vn -0.8971 -0.3716 0.2392
vn 0.0000 0.0000 -1.0000
vn -0.3716 -0.8971 0.2392
vn 0.0000 0.0000 -1.0000
vn 0.3716 -0.8971 0.2392
vn -0.0000 0.0000 -1.0000
vn 0.8971 -0.3716 0.2392
vn -0.0000 0.0000 -1.0000
vn 0.8660 0.5000 0.0000
vn 0.0000 1.0000 0.0000
vn -0.8660 0.5000 0.0000
vn -0.8660 -0.5000 0.0000
vn 0.0000 -1.0000 0.0000
vn 0.8660 -0.5000 0.0000
vn 0.8971 0.3716 0.2392
vn 0.0000 -0.0000 -1.0000
vn 0.3716 0.8971 0.2392
vn 0.0000 0.0000 -1.0000
vn -0.3716 0.8971 0.2392
vn 0.0000 0.0000 -1.0000
vn -0.8971 0.3716 0.2392
vn 0.0000 0.0000 -1.0000
vn -0.8971 -0.3716 0.2392
vn 0.0000 0.0000 -1.0000
vn -0.3716 -0.8971 0.2392
vn 0.0000 0.0000 -1.0000
vn 0.3716 -0.8971 0.2392
vn -0.0000 0.0000 -1.0000
vn 0.8971 -0.3716 0.2392
vn -0.0000 0.0000 -1.0000
vn 0.8660 0.5000 0.0000
vn 0.0000 1.0000 0.0000
vn -0.8660 0.5000 0.0000
vn -0.8660 -0.5000 0.0000
vn 0.0000 -1.0000 0.0000
vn 0.8660 -0.5000 0.0000
vn 0.8971 0.3716 0.2392
vn 0.0000 -0.0000 -1.0000
vn 0.3716 0.8971 0.2392
vn 0.0000 0.0000 -1.0000
vn -0.3716 0.8971 0.2392
vn 0.0000 0.0000 -1.0000
vn -0.8971 0.3716 0.2392
vn 0.0000 0.0000 -1.0000
vn -0.8971 -0.3716 0.2392
vn 0.0000 0.0000 -1.0000
vn -0.3716 -0.8971 0.2392
vn 0.0000 0.0000 -1.0000
vn 0.3716 -0.8971 0.2392
vn -0.0000 0.0000 -1.0000
vn 0.8971 -0.3716 0.2392
vn -0.0000 0.0000 -1.0000
vn 0.8660 0.5000 0.0000
vn 0.0000 1.0000 0.0000
vn -0.8660 0.5000 0.0000
vn -0.8660 -0.5000 0.0000
vn 0.0000 -1.0000 0.0000
vn 0.8660 -0.5000 0.0000
vn 0.8971 0.3716 0.2392
vn 0.0000 -0.0000 -1.0000
vn 0.3716 0.8971 0.2392
vn 0.0000 0.0000 -1.0000
vn -0.3716 0.8971 0.2392
vn 0.0000 0.0000 -1.0000
vn -0.8971 0.3716 0.2392
vn 0.0000 0.0000 -1.0000
vn -0.8971 -0.3716 0.2392
vn 0.0000 0.0000 -1.0000
vn -0.3716 -0.8971 0.2392
vn 0.0000 0.0000 -1.0000
vn 0.3716 -0.8971 0.2392
vn -0.0000 0.0000 -1.0000
vn 0.8971 -0.3716 0.2392
vn -0.0000 0.0000 -1.0000
vn 0.8660 0.5000 0.0000
vn 0.0000 1.0000 0.0000
vn -0.8660 0.5000 0.0000
vn -0.8660 -0.5000 0.0000
vn 0.0000 -1.0000 0.0000
vn 0.8660 -0.5000 0.0000
vn 0.8971 0.3716 0.2392
vn 0.0000 -0.0000 -1.0000
vn 0.3716 0.8971 0.2392
vn 0.0000 0.0000 -1.0000
vn -0.3716 0.8971 0.2392
vn 0.0000 0.0000 -1.0000
vn -0.8971 0.3716 0.2392
vn 0.0000 0.0000 -1.0000
vn -0.8971 -0.3716 0.2392
vn 0.0000 0.0000 -1.0000
vn -0.3716 -0.8971 0.2392
vn 0.0000 0.0000 -1.0000
vn 0.3716 -0.8971 0.2392
vn -0.0000 0.0000 -1.0000
vn 0.8971 -0.3716 0.2392
vn -0.0000 0.0000 -1.0000
vn 0.8660 0.5000 0.0000
vn 0.0000 1.0000 0.0000
vn -0.8660 0.5000 0.0000
vn -0.8660 -0.5000 0.0000
vn 0.0000 -1.0000 0.0000
vn 0.8660 -0.5000 0.0000
vn 0.8971 0.3716 0.2392
vn 0.0000 -0.0000 -1.0000
vn 0.3716 0.8971 0.2392
vn 0.0000 0.0000 -1.0000
vn -0.3716 0.8971 0.2392
vn 0.0000 0.0000 -1.0000
vn -0.8971 0.3716 0.2392
vn 0.0000 0.0000 -1.0000
vn -0.8971 -0.3716 0.2392
vn 0.0000 0.0000 -1.0000
vn -0.3716 -0.8971 0.2392
vn 0.0000 0.0000 -1.0000
vn 0.3716 -0.8971 0.2392
vn -0.0000 0.0000 -1.0000
vn 0.8971 -0.3716 0.2392
vn -0.0000 0.0000 -1.0000
vn 0.8660 0.5000 0.0000
vn 0.0000 1.0000 0.0000
vn -0.8660 0.5000 0.0000
vn -0.8660 -0.5000 0.0000
vn 0.0000 -1.0000 0.0000
vn 0.8660 -0.5000 0.0000
vn 0.8971 0.3716 0.2392
vn 0.0000 -0.0000 -1.0000
vn 0.3716 0.8971 0.2392
vn 0.0000 0.0000 -1.0000
vn -0.3716 0.8971 0.2392
vn 0.0000 0.0000 -1.0000
vn -0.8971 0.3716 0.2392
vn 0.0000 0.0000 -1.0000
vn -0.8971 -0.3716 0.2392
vn 0.0000 0.0000 -1.0000
vn -0.3716 -0.8971 0.2392
vn 0.0000 0.0000 -1.0000
vn 0.3716 -0.8971 0.2392
vn -0.0000 0.0000 -1.0000
vn 0.8971 -0.3716 0.2392
vn -0.0000 0.0000 -1.0000
vn 0.8660 0.5000 0.0000
vn 0.0000 1.0000 0.0000
vn -0.8660 0.5000 0.0000
vn -0.8660 -0.5000 0.0000
vn 0.0000 -1.0000 0.0000
vn 0.8660 -0.5000 0.0000
vn 0.9009 0.1069 0.4206
vn 0.1162 0.9732 0.1984
vn 0.6413 0.3868 0.6627
vn 0.6336 0.3781 0.6749
vn -0.2620 0.9456 0.1928
vn -0.8915 0.2695 0.3642
vn -0.5889 0.4074 0.6980
vn -0.6617 0.4892 0.5682
vn -0.8590 -0.3729 0.3509
vn -0.3409 -0.8850 0.3173
vn -0.5431 -0.5391 0.6438
vn -0.5918 -0.5879 0.5515
vn 0.1421 -0.9318 0.3341
vn 0.8956 -0.1516 0.4181
vn 0.5959 -0.5156 0.6157
vn 0.5457 -0.4630 0.6985
vn 0.1107 0.9278 -0.3563
vn 0.9392 0.1115 -0.3246
vn 0.3746 0.4117 -0.8307
vn 0.4866 0.5228 -0.6999
vn -0.9236 0.2792 -0.2625
vn -0.2504 0.9038 -0.3471
vn -0.2983 0.4239 -0.8552
vn -0.5101 0.6279 -0.5878
vn -0.3578 -0.9288 -0.0961
vn -0.8876 -0.3853 -0.2523
vn -0.3247 -0.1682 -0.9308
vn -0.7056 -0.5684 -0.4231
vn 0.9333 -0.1580 -0.3226
vn 0.1500 -0.9834 -0.1018
vn 0.4056 -0.1625 -0.8995
vn 0.6742 -0.4420 -0.5916
vn 0.8660 0.5000 0.0000
vn 0.0000 1.0000 0.0000
vn -0.8660 0.5000 0.0000
vn -0.8660 -0.5000 0.0000
vn 0.0000 -1.0000 0.0000
vn 0.8660 -0.5000 0.0000
vn 0.7660 0.5084 0.3935
vn 0.3404 0.8757 0.3423
vn 0.4491 0.5640 0.6930
vn 0.5431 0.6503 0.5311
vn -0.3943 0.8559 0.3346
vn -0.7456 0.6097 0.2689
vn -0.3023 0.6017 0.7394
vn -0.4949 0.7559 0.4285
vn -0.7354 -0.6237 0.2651
vn -0.3890 -0.9140 0.1153
vn -0.3434 -0.4199 0.8401
vn -0.6339 -0.6952 0.3389
vn 0.0924 -0.9879 0.1246
vn 0.8461 -0.3086 0.4346
vn 0.5015 -0.3868 0.7739
vn 0.6119 -0.5027 0.6107
vn 0.3507 0.9023 -0.2506
vn 0.7446 0.4942 -0.4487
vn 0.3049 0.2332 -0.9234
vn 0.6362 0.5701 -0.5199
vn -0.7198 0.5886 -0.3681
vn -0.4057 0.8806 -0.2446
vn -0.1884 0.2405 -0.9522
vn -0.6117 0.6584 -0.4385
vn -0.3845 -0.9034 -0.1896
vn -0.7105 -0.6026 -0.3634
vn -0.1893 -0.2206 -0.9568
vn -0.6284 -0.6562 -0.4177
vn 0.8175 -0.2982 -0.4927
vn 0.0912 -0.9746 -0.2046
vn 0.3063 -0.2139 -0.9276
vn 0.5766 -0.4855 -0.6572
vn 0.8660 0.5000 0.0000
vn 0.0000 1.0000 0.0000
vn -0.8660 0.5000 0.0000
vn -0.8660 -0.5000 0.0000
vn 0.0000 -1.0000 0.0000
vn 0.8660 -0.5000 0.0000
vn 0.8529 0.4655 0.2365
vn 0.5851 0.7489 0.3112
vn 0.4206 0.3775 0.8250
vn 0.6676 0.6316 0.3943
vn -0.3701 0.8579 0.3565
vn -0.8173 0.2662 0.5110
vn -0.6053 0.3312 0.7238
vn -0.6655 0.3993 0.6307
vn -0.7999 -0.3317 0.5002
vn -0.2973 -0.8975 0.3258
vn -0.5802 -0.4265 0.6939
vn -0.6220 -0.4720 0.6248
vn 0.4823 -0.8234 0.2989
vn 0.8415 -0.4873 0.2333
vn 0.3984 -0.4803 0.7814
vn 0.6066 -0.6765 0.4175
vn 0.5369 0.6872 -0.4894
vn 0.8088 0.4415 -0.3886
vn 0.4276 0.4404 -0.7894
vn 0.5897 0.6014 -0.5390
vn -0.8754 0.2851 -0.3904
vn -0.3316 0.7685 -0.5472
vn -0.3321 0.4595 -0.8237
vn -0.4650 0.5881 -0.6617
vn -0.2854 -0.8617 -0.4195
vn -0.8541 -0.3542 -0.3809
vn -0.3341 -0.4492 -0.8286
vn -0.5003 -0.6095 -0.6150
vn 0.7991 -0.4627 -0.3839
vn 0.4660 -0.7955 -0.3873
vn 0.4299 -0.4303 -0.7937
vn 0.6045 -0.6048 -0.5185
vn 0.8660 0.5000 0.0000
vn 0.0000 1.0000 0.0000
vn -0.8660 0.5000 0.0000
vn -0.8660 -0.5000 0.0000
vn 0.0000 -1.0000 0.0000
vn 0.8660 -0.5000 0.0000
vn 0.8971 0.3716 0.2392
vn 0.0000 -0.0000 -1.0000
vn 0.3716 0.8971 0.2392
vn 0.0000 0.0000 -1.0000
vn -0.3716 0.8971 0.2392
vn 0.0000 0.0000 -1.0000
vn -0.8971 0.3716 0.2392
vn 0.0000 0.0000 -1.0000
vn -0.8971 -0.3716 0.2392
vn 0.0000 0.0000 -1.0000
vn -0.3716 -0.8971 0.2392
vn 0.0000 0.0000 -1.0000
vn 0.3716 -0.8971 0.2392
vn -0.0000 0.0000 -1.0000
vn 0.8971 -0.3716 0.2392
vn -0.0000 0.0000 -1.0000
vn 0.8660 0.5000 0.0000
vn 0.0000 1.0000 0.0000
vn -0.8660 0.5000 0.0000
vn -0.8660 -0.5000 0.0000
vn 0.0000 -1.0000 0.0000
vn 0.8660 -0.5000 0.0000
vn 0.9378 0.2739 0.2135
vn 0.3570 0.7716 0.5265
vn 0.2800 0.5393 0.7942
vn 0.4328 0.6780 0.5942
vn -0.5117 0.7097 0.4843
vn -0.8277 0.4743 0.2999
vn -0.3586 0.5244 0.7723
vn -0.5317 0.6814 0.5029
vn -0.7983 -0.5283 0.2893
vn -0.5350 -0.6980 0.4761
vn -0.3512 -0.5519 0.7563
vn -0.5285 -0.7069 0.4700
vn 0.3541 -0.7726 0.5270
vn 0.9293 -0.3027 0.2115
vn 0.2739 -0.5670 0.7769
vn 0.4184 -0.6951 0.5846
vn 0.3949 0.8534 -0.3402
vn 0.8612 0.2515 -0.4416
vn 0.4772 0.2182 -0.8513
vn 0.6733 0.4273 -0.6034
vn -0.7725 0.4427 -0.4552
vn -0.5565 0.7718 -0.3076
vn -0.4956 0.2156 -0.8414
vn -0.7297 0.4786 -0.4884
vn -0.5813 -0.7584 -0.2948
vn -0.7484 -0.4953 -0.4410
vn -0.4929 -0.2384 -0.8368
vn -0.7318 -0.5087 -0.4536
vn 0.8547 -0.2784 -0.4382
vn 0.3928 -0.8571 -0.3331
vn 0.4745 -0.2412 -0.8466
vn 0.6683 -0.4480 -0.5938
vn 0.8660 0.5000 0.0000
vn 0.0000 1.0000 0.0000
vn -0.8660 0.5000 0.0000
vn -0.8660 -0.5000 0.0000
vn 0.0000 -1.0000 0.0000
vn 0.8660 -0.5000 0.0000
vn 0.9470 0.2112 0.2422
vn 0.2021 0.9161 0.3462
vn 0.2618 0.3886 0.8834
vn 0.4931 0.6141 0.6163
vn -0.3521 0.8755 0.3309
vn -0.7531 0.4745 0.4557
vn -0.3836 0.3718 0.8453
vn -0.5932 0.5823 0.5558
vn -0.7415 -0.4988 0.4487
vn -0.4636 -0.7971 0.3868
vn -0.3865 -0.3542 0.8516
vn -0.6143 -0.5849 0.5296
vn 0.4278 -0.8132 0.3946
vn 0.9060 -0.3543 0.2317
vn 0.2639 -0.3704 0.8906
vn 0.5560 -0.6528 0.5144
vn 0.2139 0.9696 -0.1190
vn 0.9427 0.2102 -0.2592
vn 0.2178 0.0610 -0.9741
vn 0.6667 0.5117 -0.5419
vn -0.7863 0.4954 -0.3693
vn -0.3707 0.9218 -0.1131
vn -0.2188 0.0610 -0.9739
vn -0.7068 0.5607 -0.4313
vn -0.4592 -0.7896 -0.4070
vn -0.7731 -0.5201 -0.3631
vn -0.2078 -0.3182 -0.9250
vn -0.5594 -0.6604 -0.5010
vn 0.9022 -0.3528 -0.2481
vn 0.4236 -0.8052 -0.4151
vn 0.2069 -0.3183 -0.9251
vn 0.5461 -0.6496 -0.5289
vn 0.8660 0.5000 0.0000
vn 0.0000 1.0000 0.0000
vn -0.8660 0.5000 0.0000
vn -0.8660 -0.5000 0.0000
vn 0.0000 -1.0000 0.0000
vn 0.8660 -0.5000 0.0000
vn 0.8971 0.3716 0.2392
vn 0.0000 -0.0000 -1.0000
vn 0.3716 0.8971 0.2392
vn 0.0000 0.0000 -1.0000
vn -0.3716 0.8971 0.2392
vn 0.0000 0.0000 -1.0000
vn -0.8971 0.3716 0.2392
vn 0.0000 0.0000 -1.0000
vn -0.8971 -0.3716 0.2392
vn 0.0000 0.0000 -1.0000
vn -0.3716 -0.8971 0.2392
vn 0.0000 0.0000 -1.0000
vn 0.3716 -0.8971 0.2392
vn -0.0000 0.0000 -1.0000
vn 0.8971 -0.3716 0.2392
vn -0.0000 0.0000 -1.0000
vn 0.8660 0.5000 0.0000
vn 0.0000 1.0000 0.0000
vn -0.8660 0.5000 0.0000
vn -0.8660 -0.5000 0.0000
vn 0.0000 -1.0000 0.0000
vn 0.8660 -0.5000 0.0000
vn 0.8675 0.3007 0.3962
vn 0.4491 0.8334 0.3221
vn 0.4091 0.1778 0.8950
vn 0.6870 0.4706 0.5536
vn -0.4630 0.8268 0.3196
vn -0.8530 0.3800 0.3578
vn -0.3108 0.1852 0.9322
vn -0.6624 0.5461 0.5128
vn -0.8813 -0.2946 0.3696
vn -0.1142 -0.9387 0.3253
vn -0.2848 -0.4353 0.8540
vn -0.4597 -0.6048 0.6503
vn 0.1295 -0.9369 0.3247
vn 0.8818 -0.2457 0.4027
vn 0.3772 -0.4206 0.8251
vn 0.5034 -0.5454 0.6702
vn 0.4340 0.8054 -0.4038
vn 0.9148 0.3171 -0.2501
vn 0.3059 0.3564 -0.8828
vn 0.5740 0.6203 -0.5345
vn -0.8713 0.3882 -0.3001
vn -0.4476 0.7994 -0.4008
vn -0.3059 0.3564 -0.8828
vn -0.5789 0.6249 -0.5239
vn -0.1168 -0.9600 -0.2546
vn -0.9015 -0.3013 -0.3105
vn -0.2948 -0.4346 -0.8510
vn -0.4908 -0.6232 -0.6088
vn 0.9315 -0.2596 -0.2546
vn 0.1324 -0.9581 -0.2541
vn 0.2948 -0.4346 -0.8510
vn 0.4968 -0.6286 -0.5984
vn 0.8660 0.5000 0.0000
vn 0.0000 1.0000 0.0000
vn -0.8660 0.5000 0.0000
vn -0.8660 -0.5000 0.0000
vn 0.0000 -1.0000 0.0000
vn 0.8660 -0.5000 0.0000
vn 0.8290 0.3948 0.3962
vn 0.3553 0.8627 0.3599
vn 0.4648 0.4655 0.7532
vn 0.5810 0.5817 0.5693
vn -0.3605 0.8609 0.3591
vn -0.9423 0.2853 0.1751
vn -0.3599 0.4905 0.7936
vn -0.5392 0.6582 0.5254
vn -0.9622 -0.2056 0.1788
vn -0.2897 -0.8992 0.3280
vn -0.3690 -0.4493 0.8137
vn -0.5450 -0.6194 0.5651
vn 0.4353 -0.8458 0.3085
vn 0.7984 -0.4658 0.3816
vn 0.4753 -0.4253 0.7702
vn 0.6349 -0.5898 0.4990
vn 0.3435 0.8340 -0.4319
vn 0.7807 0.3718 -0.5022
vn 0.4994 0.4509 -0.7398
vn 0.5694 0.5225 -0.6346
vn -0.8919 0.2700 -0.3628
vn -0.3486 0.8323 -0.4310
vn -0.4674 0.4601 -0.7549
vn -0.5582 0.5512 -0.6202
vn -0.2816 -0.8741 -0.3959
vn -0.9087 -0.1942 -0.3696
vn -0.4793 -0.4134 -0.7742
vn -0.5669 -0.5031 -0.6523
vn 0.7550 -0.4405 -0.4857
vn 0.4245 -0.8248 -0.3736
vn 0.5117 -0.4047 -0.7579
vn 0.6303 -0.5302 -0.5672
vn 0.8660 0.5000 0.0000
vn 0.0000 1.0000 0.0000
vn -0.8660 0.5000 0.0000
vn -0.8660 -0.5000 0.0000
vn 0.0000 -1.0000 0.0000
vn 0.8660 -0.5000 0.0000
vn 0.8971 0.3716 0.2392
vn 0.0000 -0.0000 -1.0000
vn 0.3716 0.8971 0.2392
vn 0.0000 0.0000 -1.0000
vn -0.3716 0.8971 0.2392
vn 0.0000 0.0000 -1.0000
vn -0.8971 0.3716 0.2392
vn 0.0000 0.0000 -1.0000
vn -0.8971 -0.3716 0.2392
vn 0.0000 0.0000 -1.0000
vn -0.3716 -0.8971 0.2392
vn 0.0000 0.0000 -1.0000
vn 0.3716 -0.8971 0.2392
vn -0.0000 0.0000 -1.0000
vn 0.8971 -0.3716 0.2392
vn -0.0000 0.0000 -1.0000
vn 0.8660 0.5000 0.0000
vn 0.0000 1.0000 0.0000
vn -0.8660 0.5000 0.0000
vn -0.8660 -0.5000 0.0000
vn 0.0000 -1.0000 0.0000
vn 0.8660 -0.5000 0.0000
vn 0.8773 0.2768 0.3921
vn 0.3016 0.8652 0.4005
vn 0.4928 0.4760 0.7284
vn 0.5565 0.5402 0.6313
vn -0.1804 0.8926 0.4132
vn -0.9622 0.1702 0.2124
vn -0.3066 0.5207 0.7968
vn -0.4287 0.6349 0.6428
vn -0.9532 -0.2173 0.2104
vn -0.2939 -0.9180 0.2664
vn -0.3400 -0.3222 0.8835
vn -0.5984 -0.5819 0.5508
vn 0.4025 -0.8792 0.2551
vn 0.8694 -0.3053 0.3886
vn 0.5364 -0.2891 0.7929
vn 0.6975 -0.4696 0.5413
vn 0.3227 0.9259 -0.1964
vn 0.9347 0.2950 -0.1982
vn 0.3729 0.3413 -0.8628
vn 0.6319 0.6037 -0.4860
vn -0.9644 0.1706 -0.2018
vn -0.1940 0.9597 -0.2036
vn -0.3662 0.3423 -0.8653
vn -0.5903 0.5680 -0.5735
vn -0.2842 -0.8878 -0.3620
vn -0.9553 -0.2178 -0.1999
vn -0.3463 -0.4586 -0.8184
vn -0.5208 -0.6257 -0.5807
vn 0.9252 -0.3249 -0.1962
vn 0.3903 -0.8526 -0.3476
vn 0.3528 -0.4574 -0.8163
vn 0.5607 -0.6547 -0.5070
vn 0.8660 0.5000 0.0000
vn 0.0000 1.0000 0.0000
vn -0.8660 0.5000 0.0000
vn -0.8660 -0.5000 0.0000
vn 0.0000 -1.0000 0.0000
vn 0.8660 -0.5000 0.0000
vn 0.8387 0.3568 0.4114
vn 0.1312 0.9606 0.2450
vn 0.3620 0.4207 0.8318
vn 0.5277 0.5834 0.6174
vn -0.2992 0.9246 0.2359
vn -0.9078 0.3722 0.1933
vn -0.3033 0.4301 0.8503
vn -0.5615 0.6739 0.4802
vn -0.8977 -0.3970 0.1912
vn -0.3999 -0.8153 0.4189
vn -0.2837 -0.5353 0.7956
vn -0.4880 -0.7149 0.5007
vn 0.1769 -0.8754 0.4498
vn 0.8522 -0.3148 0.4180
vn 0.3396 -0.5251 0.7803
vn 0.4240 -0.6049 0.6741
vn 0.1338 0.9797 -0.1496
vn 0.7694 0.3273 -0.5486
vn 0.5018 0.2627 -0.8241
vn 0.6509 0.4217 -0.6313
vn -0.9147 0.3751 -0.1507
vn -0.3047 0.9415 -0.1438
vn -0.2300 0.2956 -0.9272
vn -0.6106 0.6678 -0.4257
vn -0.4233 -0.8631 -0.2756
vn -0.9044 -0.3999 -0.1490
vn -0.2255 -0.3500 -0.9092
vn -0.5834 -0.6914 -0.4261
vn 0.7797 -0.2880 -0.5560
vn 0.1890 -0.9354 -0.2987
vn 0.4940 -0.3124 -0.8114
vn 0.6028 -0.4262 -0.6745
vn 0.8660 0.5000 0.0000
vn 0.0000 1.0000 0.0000
vn -0.8660 0.5000 0.0000
vn -0.8660 -0.5000 0.0000
vn 0.0000 -1.0000 0.0000
vn 0.8660 -0.5000 0.0000
vn 0.8971 0.3716 0.2392
vn 0.0000 -0.0000 -1.0000
vn 0.3716 0.8971 0.2392
vn 0.0000 0.0000 -1.0000
vn -0.3716 0.8971 0.2392
vn 0.0000 0.0000 -1.0000
vn -0.8971 0.3716 0.2392
vn 0.0000 0.0000 -1.0000
vn -0.8971 -0.3716 0.2392
vn 0.0000 0.0000 -1.0000
vn -0.3716 -0.8971 0.2392
vn 0.0000 0.0000 -1.0000
vn 0.3716 -0.8971 0.2392
vn -0.0000 0.0000 -1.0000
vn 0.8971 -0.3716 0.2392
vn -0.0000 0.0000 -1.0000
vn 0.8660 0.5000 0.0000
vn 0.0000 1.0000 0.0000
vn -0.8660 0.5000 0.0000
vn -0.8660 -0.5000 0.0000
vn 0.0000 -1.0000 0.0000
vn 0.8660 -0.5000 0.0000
vn 0.8971 0.3716 0.2392
vn 0.0000 -0.0000 -1.0000
vn 0.3716 0.8971 0.2392
vn 0.0000 0.0000 -1.0000
vn -0.3716 0.8971 0.2392
vn 0.0000 0.0000 -1.0000
vn -0.8971 0.3716 0.2392
vn 0.0000 0.0000 -1.0000
vn -0.8971 -0.3716 0.2392
vn 0.0000 0.0000 -1.0000
vn -0.3716 -0.8971 0.2392
vn 0.0000 0.0000 -1.0000
vn 0.3716 -0.8971 0.2392
vn -0.0000 0.0000 -1.0000
vn 0.8971 -0.3716 0.2392
vn -0.0000 0.0000 -1.0000
vn 0.8660 0.5000 0.0000
vn 0.0000 1.0000 0.0000
vn -0.8660 0.5000 0.0000
vn -0.8660 -0.5000 0.0000
vn 0.0000 -1.0000 0.0000
vn 0.8660 -0.5000 0.0000
vn 0.8525 0.3697 0.3694
vn 0.4620 0.8527 0.2439
vn 0.5316 0.2962 0.7936
vn 0.7121 0.5010 0.4918
vn -0.2878 0.9208 0.2634
vn -0.9253 0.2487 0.2862
vn -0.3896 0.3220 0.8629
vn -0.6130 0.5502 0.5671
vn -0.9037 -0.3242 0.2795
vn -0.2867 -0.9116 0.2945
vn -0.3718 -0.4283 0.8236
vn -0.5631 -0.6151 0.5519
vn 0.4502 -0.8497 0.2745
vn 0.8278 -0.4313 0.3587
vn 0.5109 -0.3967 0.7627
vn 0.6674 -0.5653 0.4847
vn 0.4482 0.8271 -0.3391
vn 0.9046 0.3923 -0.1667
vn 0.2984 0.4402 -0.8469
vn 0.5665 0.6899 -0.4507
vn -0.8546 0.2297 -0.4657
vn -0.2778 0.8888 -0.3644
vn -0.5488 0.3855 -0.7417
vn -0.6052 0.4457 -0.6596
vn -0.2711 -0.8619 -0.4285
vn -0.8375 -0.3005 -0.4564
vn -0.5111 -0.5115 -0.6908
vn -0.5310 -0.5313 -0.6601
vn 0.8752 -0.4560 -0.1613
vn 0.4286 -0.8090 -0.4022
vn 0.2725 -0.5725 -0.7733
vn 0.4839 -0.7483 -0.4538
vn 0.8660 0.5000 0.0000
vn 0.0000 1.0000 0.0000
vn -0.8660 0.5000 0.0000
vn -0.8660 -0.5000 0.0000
vn 0.0000 -1.0000 0.0000
vn 0.8660 -0.5000 0.0000
vn 0.8971 0.3716 0.2392
vn 0.0000 -0.0000 -1.0000
vn 0.3716 0.8971 0.2392
vn 0.0000 0.0000 -1.0000
vn -0.3716 0.8971 0.2392
vn 0.0000 0.0000 -1.0000
vn -0.8971 0.3716 0.2392
vn 0.0000 0.0000 -1.0000
vn -0.8971 -0.3716 0.2392
vn 0.0000 0.0000 -1.0000
vn -0.3716 -0.8971 0.2392
vn 0.0000 0.0000 -1.0000
vn 0.3716 -0.8971 0.2392
vn -0.0000 0.0000 -1.0000
vn 0.8971 -0.3716 0.2392
vn -0.0000 0.0000 -1.0000
vn 0.8660 0.5000 0.0000
vn 0.0000 1.0000 0.0000
vn -0.8660 0.5000 0.0000
vn -0.8660 -0.5000 0.0000
vn 0.0000 -1.0000 0.0000
vn 0.8660 -0.5000 0.0000
vn 0.8971 0.3716 0.2392
vn 0.0000 -0.0000 -1.0000
vn 0.3716 0.8971 0.2392
vn 0.0000 0.0000 -1.0000
vn -0.3716 0.8971 0.2392
vn 0.0000 0.0000 -1.0000
vn -0.8971 0.3716 0.2392
vn 0.0000 0.0000 -1.0000
vn -0.8971 -0.3716 0.2392
vn 0.0000 0.0000 -1.0000
vn -0.3716 -0.8971 0.2392
vn 0.0000 0.0000 -1.0000
vn 0.3716 -0.8971 0.2392
vn -0.0000 0.0000 -1.0000
vn 0.8971 -0.3716 0.2392
vn -0.0000 0.0000 -1.0000
vn 0.8660 0.5000 0.0000
vn 0.0000 1.0000 0.0000
vn -0.8660 0.5000 0.0000
vn -0.8660 -0.5000 0.0000
vn 0.0000 -1.0000 0.0000
vn 0.8660 -0.5000 0.0000
vn 0.8114 0.5313 0.2438
vn 0.5357 0.7859 0.3088
vn 0.3640 0.4359 0.8231
vn 0.6202 0.6802 0.3907
vn -0.2762 0.8945 0.3514
vn -0.8881 0.2489 0.3865
vn -0.4790 0.4108 0.7758
vn -0.5809 0.5156 0.6299
vn -0.8429 -0.3937 0.3668
vn -0.4514 -0.8142 0.3650
vn -0.4777 -0.4161 0.7737
vn -0.6265 -0.5701 0.5315
vn 0.3961 -0.8379 0.3756
vn 0.8948 -0.3563 0.2689
vn 0.3629 -0.4413 0.8207
vn 0.5625 -0.6339 0.5308
vn 0.5414 0.7943 -0.2757
vn 0.7730 0.5061 -0.3824
vn 0.4361 0.2769 -0.8562
vn 0.7011 0.5635 -0.4370
vn -0.8182 0.2294 -0.5272
vn -0.2801 0.9069 -0.3148
vn -0.5462 0.2577 -0.7970
vn -0.6543 0.3745 -0.6570
vn -0.4476 -0.8074 -0.3844
vn -0.7825 -0.3655 -0.5041
vn -0.5355 -0.3202 -0.7815
vn -0.6636 -0.4605 -0.5895
vn 0.8442 -0.3361 -0.4176
vn 0.3926 -0.8304 -0.3954
vn 0.4263 -0.3430 -0.8370
vn 0.6070 -0.5287 -0.5934
vn 0.8660 0.5000 0.0000
vn 0.0000 1.0000 0.0000
vn -0.8660 0.5000 0.0000
vn -0.8660 -0.5000 0.0000
vn 0.0000 -1.0000 0.0000
vn 0.8660 -0.5000 0.0000
vn 0.8971 0.3716 0.2392
vn 0.0000 -0.0000 -1.0000
vn 0.3716 0.8971 0.2392
vn 0.0000 0.0000 -1.0000
vn -0.3716 0.8971 0.2392
vn 0.0000 0.0000 -1.0000
vn -0.8971 0.3716 0.2392
vn 0.0000 0.0000 -1.0000
vn -0.8971 -0.3716 0.2392
vn 0.0000 0.0000 -1.0000
vn -0.3716 -0.8971 0.2392
vn 0.0000 0.0000 -1.0000
vn 0.3716 -0.8971 0.2392
vn -0.0000 0.0000 -1.0000
vn 0.8971 -0.3716 0.2392
vn -0.0000 0.0000 -1.0000
vn 0.8660 0.5000 0.0000
vn 0.0000 1.0000 0.0000
vn -0.8660 0.5000 0.0000
vn -0.8660 -0.5000 0.0000
vn 0.0000 -1.0000 0.0000
vn 0.8660 -0.5000 0.0000
vn 0.8971 0.3716 0.2392
vn 0.0000 -0.0000 -1.0000
vn 0.3716 0.8971 0.2392
vn 0.0000 0.0000 -1.0000
vn -0.3716 0.8971 0.2392
vn 0.0000 0.0000 -1.0000
vn -0.8971 0.3716 0.2392
vn 0.0000 0.0000 -1.0000
vn -0.8971 -0.3716 0.2392
vn 0.0000 0.0000 -1.0000
vn -0.3716 -0.8971 0.2392
vn 0.0000 0.0000 -1.0000
vn 0.3716 -0.8971 0.2392
vn -0.0000 0.0000 -1.0000
vn 0.8971 -0.3716 0.2392
vn -0.0000 0.0000 -1.0000
vn 0.8660 0.5000 0.0000
vn 0.0000 1.0000 0.0000
vn -0.8660 0.5000 0.0000
vn -0.8660 -0.5000 0.0000
vn 0.0000 -1.0000 0.0000
vn 0.8660 -0.5000 0.0000
vn 0.8273 0.3747 0.4186
vn 0.3532 0.8965 0.2674
vn 0.4115 0.2661 0.8717
vn 0.6533 0.5188 0.5514
vn -0.5702 0.7873 0.2348
vn -0.9248 0.3766 0.0531
vn -0.2634 0.2816 0.9227
vn -0.6615 0.6762 0.3244
vn -0.9309 -0.3615 0.0534
vn -0.4327 -0.8013 0.4131
vn -0.2260 -0.5678 0.7915
vn -0.4658 -0.7655 0.4439
vn 0.4296 -0.8026 0.4138
vn 0.7362 -0.5650 0.3725
vn 0.3582 -0.5442 0.7587
vn 0.5224 -0.6906 0.5002
vn 0.3533 0.8969 -0.2658
vn 0.8601 0.3896 -0.3293
vn 0.1352 0.1040 -0.9853
vn 0.6204 0.5897 -0.5171
vn -0.8819 0.3591 -0.3054
vn -0.5704 0.7875 -0.2334
vn -0.3927 0.0965 -0.9146
vn -0.7559 0.4933 -0.4305
vn -0.4431 -0.8206 -0.3610
vn -0.8871 -0.3445 -0.3072
vn -0.3724 -0.3300 -0.8674
vn -0.6194 -0.5808 -0.5282
vn 0.7590 -0.5826 -0.2906
vn 0.4400 -0.8220 -0.3616
vn 0.1272 -0.3527 -0.9270
vn 0.5257 -0.7268 -0.4420
vn 0.8660 0.5000 0.0000
vn 0.0000 1.0000 0.0000
vn -0.8660 0.5000 0.0000
vn -0.8660 -0.5000 0.0000
vn 0.0000 -1.0000 0.0000
vn 0.8660 -0.5000 0.0000
vn 0.8971 0.3716 0.2392
vn 0.0000 -0.0000 -1.0000
vn 0.3716 0.8971 0.2392
vn 0.0000 0.0000 -1.0000
vn -0.3716 0.8971 0.2392
vn 0.0000 0.0000 -1.0000
vn -0.8971 0.3716 0.2392
vn 0.0000 0.0000 -1.0000
vn -0.8971 -0.3716 0.2392
vn 0.0000 0.0000 -1.0000
vn -0.3716 -0.8971 0.2392
vn 0.0000 0.0000 -1.0000
vn 0.3716 -0.8971 0.2392
vn -0.0000 0.0000 -1.0000
vn 0.8971 -0.3716 0.2392
vn -0.0000 0.0000 -1.0000
vn 0.8660 0.5000 0.0000
vn 0.0000 1.0000 0.0000
vn -0.8660 0.5000 0.0000
vn -0.8660 -0.5000 0.0000
vn 0.0000 -1.0000 0.0000
vn 0.8660 -0.5000 0.0000
vn 0.9079 0.2043 0.3660
vn 0.3472 0.9125 0.2162
vn 0.5250 0.2110 0.8245
vn 0.7106 0.4169 0.5668
vn -0.3252 0.9202 0.2180
vn -0.9138 0.2734 0.3004
vn -0.3767 0.2297 0.8974
vn -0.6611 0.5255 0.5356
vn -0.9206 -0.2467 0.3026
vn -0.3100 -0.8097 0.4983
vn -0.3378 -0.4881 0.8047
vn -0.4677 -0.6118 0.6379
vn 0.3556 -0.7960 0.4899
vn 0.9077 -0.2055 0.3659
vn 0.4782 -0.4555 0.7509
vn 0.5451 -0.5230 0.6552
vn 0.3079 0.8093 -0.5001
vn 0.9025 0.2031 -0.3797
vn 0.3995 0.4207 -0.8145
vn 0.5110 0.5316 -0.6755
vn -0.9216 0.2757 -0.2733
vn -0.2879 0.8147 -0.5034
vn -0.2086 0.4488 -0.8689
vn -0.4241 0.6548 -0.6255
vn -0.3055 -0.7979 -0.5197
vn -0.9286 -0.2489 -0.2754
vn -0.2117 -0.4214 -0.8818
vn -0.4357 -0.6381 -0.6348
vn 0.9023 -0.2043 -0.3796
vn 0.3506 -0.7847 -0.5111
vn 0.4047 -0.3943 -0.8251
vn 0.5318 -0.5218 -0.6670
vn 0.8660 0.5000 0.0000
vn 0.0000 1.0000 0.0000
vn -0.8660 0.5000 0.0000
vn -0.8660 -0.5000 0.0000
vn 0.0000 -1.0000 0.0000
vn 0.8660 -0.5000 0.0000
vn 0.8971 0.3716 0.2392
vn 0.0000 -0.0000 -1.0000
vn 0.3716 0.8971 0.2392
vn 0.0000 0.0000 -1.0000
vn -0.3716 0.8971 0.2392
vn 0.0000 0.0000 -1.0000
vn -0.8971 0.3716 0.2392
vn 0.0000 0.0000 -1.0000
vn -0.8971 -0.3716 0.2392
vn 0.0000 0.0000 -1.0000
vn -0.3716 -0.8971 0.2392
vn 0.0000 0.0000 -1.0000
vn 0.3716 -0.8971 0.2392
vn -0.0000 0.0000 -1.0000
vn 0.8971 -0.3716 0.2392
vn -0.0000 0.0000 -1.0000
vn 0.8660 0.5000 0.0000
vn 0.0000 1.0000 0.0000
vn -0.8660 0.5000 0.0000
vn -0.8660 -0.5000 0.0000
vn 0.0000 -1.0000 0.0000
vn 0.8660 -0.5000 0.0000
vn 0.8660 0.3966 0.3044
vn 0.1549 0.9851 0.0743
vn 0.3811 0.3671 0.8486
vn 0.6180 0.6055 0.5014
vn -0.2931 0.9534 0.0719
vn -0.7536 0.5253 0.3950
vn -0.4840 0.3474 0.8031
vn -0.6911 0.5729 0.4406
vn -0.8389 -0.3209 0.4397
vn -0.0926 -0.9273 0.3626
vn -0.4189 -0.5843 0.6951
vn -0.4302 -0.5948 0.6790
vn 0.2399 -0.9041 0.3535
vn 0.8394 -0.4565 0.2950
vn 0.3251 -0.6085 0.7239
vn 0.4448 -0.7100 0.5459
vn 0.1530 0.9730 -0.1727
vn 0.8071 0.3696 -0.4603
vn 0.4750 0.3832 -0.7921
vn 0.6085 0.5218 -0.5979
vn -0.7559 0.5270 -0.3884
vn -0.2897 0.9424 -0.1672
vn -0.4033 0.3985 -0.8237
vn -0.6233 0.6191 -0.4777
vn -0.0924 -0.9250 -0.3685
vn -0.8420 -0.3222 -0.4327
vn -0.3671 -0.5505 -0.7498
vn -0.4220 -0.6020 -0.6779
vn 0.7854 -0.4271 -0.4480
vn 0.2394 -0.9020 -0.3593
vn 0.4352 -0.5328 -0.7257
vn 0.5113 -0.6051 -0.6102
vn 0.8660 0.5000 0.0000
vn 0.0000 1.0000 0.0000
vn -0.8660 0.5000 0.0000
vn -0.8660 -0.5000 0.0000
vn 0.0000 -1.0000 0.0000
vn 0.8660 -0.5000 0.0000
vn 0.8430 0.4418 0.3070
vn 0.3003 0.8814 0.3645
vn 0.2207 0.4293 0.8758
vn 0.4904 0.6830 0.5413
vn -0.3396 0.8692 0.3594
vn -0.8865 0.3428 0.3107
vn -0.3539 0.4117 0.8398
vn -0.5577 0.6112 0.5616
vn -0.9138 -0.2498 0.3202
vn -0.2980 -0.8224 0.4846
vn -0.3420 -0.4735 0.8117
vn -0.4753 -0.6016 0.6420
vn 0.5169 -0.7375 0.4346
vn 0.7469 -0.6068 0.2720
vn 0.2127 -0.4924 0.8440
vn 0.5076 -0.7490 0.4258
vn 0.3124 0.9169 -0.2483
vn 0.8470 0.4439 -0.2927
vn 0.0721 0.1515 -0.9858
vn 0.5750 0.6526 -0.4935
vn -0.9155 0.3540 -0.1914
vn -0.3529 0.9031 -0.2446
vn -0.0927 0.1512 -0.9841
vn -0.5950 0.6511 -0.4712
vn -0.2975 -0.8210 -0.4873
vn -0.9456 -0.2585 -0.1977
vn -0.0875 -0.3577 -0.9297
vn -0.4192 -0.6833 -0.5978
vn 0.7497 -0.6090 -0.2591
vn 0.5162 -0.7365 -0.4372
vn 0.0681 -0.3582 -0.9312
vn 0.4990 -0.7575 -0.4210
vn 0.8660 0.5000 0.0000
vn 0.0000 1.0000 0.0000
vn -0.8660 0.5000 0.0000
vn -0.8660 -0.5000 0.0000
vn 0.0000 -1.0000 0.0000
vn 0.8660 -0.5000 0.0000
vn 0.9555 0.2596 0.1400
vn 0.4441 0.7875 0.4273
vn 0.0935 0.2199 0.9710
vn 0.5409 0.6630 0.5175
vn -0.4877 0.7673 0.4164
vn -0.7973 0.4454 0.4074
vn -0.2469 0.2140 0.9451
vn -0.6127 0.5818 0.5349
vn -0.8109 -0.4133 0.4143
vn -0.4148 -0.7576 0.5040
vn -0.2382 -0.3349 0.9116
vn -0.5191 -0.6115 0.5971
vn 0.5193 -0.7115 0.4733
vn 0.9072 -0.3991 0.1330
vn 0.0900 -0.3435 0.9348
vn 0.5027 -0.7333 0.4578
vn 0.4091 0.7255 -0.5534
vn 0.8874 0.2411 -0.3928
vn 0.4722 0.4752 -0.7424
vn 0.5315 0.5344 -0.6572
vn -0.7735 0.4321 -0.4637
vn -0.4510 0.7096 -0.5413
vn -0.4214 0.4889 -0.7638
vn -0.5279 0.5922 -0.6088
vn -0.4306 -0.7864 -0.4428
vn -0.7859 -0.4005 -0.4711
vn -0.4461 -0.3835 -0.8087
vn -0.5969 -0.5380 -0.5952
vn 0.8483 -0.3732 -0.3755
vn 0.5367 -0.7353 -0.4140
vn 0.4983 -0.3715 -0.7834
vn 0.6549 -0.5390 -0.5297
vn 0.8660 0.5000 0.0000
vn 0.0000 1.0000 0.0000
vn -0.8660 0.5000 0.0000
vn -0.8660 -0.5000 0.0000
vn 0.0000 -1.0000 0.0000
vn 0.8660 -0.5000 0.0000
vn 0.8971 0.3716 0.2392
vn 0.0000 -0.0000 -1.0000
vn 0.3716 0.8971 0.2392
vn 0.0000 0.0000 -1.0000
vn -0.3716 0.8971 0.2392
vn 0.0000 0.0000 -1.0000
vn -0.8971 0.3716 0.2392
vn 0.0000 0.0000 -1.0000
vn -0.8971 -0.3716 0.2392
vn 0.0000 0.0000 -1.0000
vn -0.3716 -0.8971 0.2392
vn 0.0000 0.0000 -1.0000
vn 0.3716 -0.8971 0.2392
vn -0.0000 0.0000 -1.0000
vn 0.8971 -0.3716 0.2392
vn -0.0000 0.0000 -1.0000
vn 0.8660 0.5000 0.0000
vn 0.0000 1.0000 0.0000
vn -0.8660 0.5000 0.0000
vn -0.8660 -0.5000 0.0000
vn 0.0000 -1.0000 0.0000
vn 0.8660 -0.5000 0.0000
vn 0.8504 0.4111 0.3283
vn 0.5353 0.7997 0.2721
vn 0.3483 0.1579 0.9240
vn 0.7106 0.5409 0.4500
vn -0.4062 0.8651 0.2943
vn -0.7567 0.3974 0.5192
vn -0.4059 0.1540 0.9009
vn -0.6892 0.4509 0.5672
vn -0.7770 -0.3347 0.5331
vn -0.4326 -0.8418 0.3228
vn -0.4092 -0.0892 0.9081
vn -0.7051 -0.3960 0.5882
vn 0.4414 -0.8378 0.3213
vn 0.9112 -0.2145 0.3518
vn 0.3513 -0.0915 0.9318
vn 0.6940 -0.4435 0.5671
vn 0.5128 0.7661 -0.3876
vn 0.8504 0.4111 -0.3284
vn 0.5084 0.4689 -0.7223
vn 0.6298 0.5939 -0.5007
vn -0.8031 0.4218 -0.4209
vn -0.3864 0.8230 -0.4164
vn -0.4538 0.4852 -0.7474
vn -0.5621 0.5917 -0.5778
vn -0.4322 -0.8411 -0.3251
vn -0.8276 -0.3565 -0.4337
vn -0.4954 -0.2981 -0.8159
vn -0.6720 -0.4894 -0.5558
vn 0.9111 -0.2145 -0.3519
vn 0.4410 -0.8371 -0.3235
vn 0.5515 -0.2862 -0.7836
vn 0.6926 -0.4445 -0.5681
vn 0.8660 0.5000 0.0000
vn 0.0000 1.0000 0.0000
vn -0.8660 0.5000 0.0000
vn -0.8660 -0.5000 0.0000
vn 0.0000 -1.0000 0.0000
vn 0.8660 -0.5000 0.0000
vn 0.8971 0.3716 0.2392
vn 0.0000 -0.0000 -1.0000
vn 0.3716 0.8971 0.2392
vn 0.0000 0.0000 -1.0000
vn -0.3716 0.8971 0.2392
vn 0.0000 0.0000 -1.0000
vn -0.8971 0.3716 0.2392
vn 0.0000 0.0000 -1.0000
vn -0.8971 -0.3716 0.2392
vn 0.0000 0.0000 -1.0000
vn -0.3716 -0.8971 0.2392
vn 0.0000 0.0000 -1.0000
vn 0.3716 -0.8971 0.2392
vn -0.0000 0.0000 -1.0000
vn 0.8971 -0.3716 0.2392
vn -0.0000 0.0000 -1.0000
vn 0.8660 0.5000 0.0000
vn 0.0000 1.0000 0.0000
vn -0.8660 0.5000 0.0000
vn -0.8660 -0.5000 0.0000
vn 0.0000 -1.0000 0.0000
vn 0.8660 -0.5000 0.0000
vn 0.8971 0.3716 0.2392
vn 0.0000 -0.0000 -1.0000
vn 0.3716 0.8971 0.2392
vn 0.0000 0.0000 -1.0000
vn -0.3716 0.8971 0.2392
vn 0.0000 0.0000 -1.0000
vn -0.8971 0.3716 0.2392
vn 0.0000 0.0000 -1.0000
vn -0.8971 -0.3716 0.2392
vn 0.0000 0.0000 -1.0000
vn -0.3716 -0.8971 0.2392
vn 0.0000 0.0000 -1.0000
vn 0.3716 -0.8971 0.2392
vn -0.0000 0.0000 -1.0000
vn 0.8971 -0.3716 0.2392
vn -0.0000 0.0000 -1.0000
vn 0.8660 0.5000 0.0000
vn 0.0000 1.0000 0.0000
vn -0.8660 0.5000 0.0000
vn -0.8660 -0.5000 0.0000
vn 0.0000 -1.0000 0.0000
vn 0.8660 -0.5000 0.0000
vn 0.8971 0.3716 0.2392
vn 0.0000 -0.0000 -1.0000
vn 0.3716 0.8971 0.2392
vn 0.0000 0.0000 -1.0000
vn -0.3716 0.8971 0.2392
vn 0.0000 0.0000 -1.0000
vn -0.8971 0.3716 0.2392
vn 0.0000 0.0000 -1.0000
vn -0.8971 -0.3716 0.2392
vn 0.0000 0.0000 -1.0000
vn -0.3716 -0.8971 0.2392
vn 0.0000 0.0000 -1.0000
vn 0.3716 -0.8971 0.2392
vn -0.0000 0.0000 -1.0000
vn 0.8971 -0.3716 0.2392
vn -0.0000 0.0000 -1.0000
vn 0.8660 0.5000 0.0000
vn 0.0000 1.0000 0.0000
vn -0.8660 0.5000 0.0000
vn -0.8660 -0.5000 0.0000
vn 0.0000 -1.0000 0.0000
vn 0.8660 -0.5000 0.0000
vn 0.8971 0.3716 0.2392
vn 0.0000 -0.0000 -1.0000
vn 0.3716 0.8971 0.2392
vn 0.0000 0.0000 -1.0000
vn -0.3716 0.8971 0.2392
vn 0.0000 0.0000 -1.0000
vn -0.8971 0.3716 0.2392
vn 0.0000 0.0000 -1.0000
vn -0.8971 -0.3716 0.2392
vn 0.0000 0.0000 -1.0000
vn -0.3716 -0.8971 0.2392
vn 0.0000 0.0000 -1.0000
vn 0.3716 -0.8971 0.2392
vn -0.0000 0.0000 -1.0000
vn 0.8971 -0.3716 0.2392
vn -0.0000 0.0000 -1.0000
vn 0.8660 0.5000 0.0000
vn 0.0000 1.0000 0.0000
vn -0.8660 0.5000 0.0000
vn -0.8660 -0.5000 0.0000
vn 0.0000 -1.0000 0.0000
vn 0.8660 -0.5000 0.0000
vn 0.8971 0.3716 0.2392
vn 0.0000 -0.0000 -1.0000
vn 0.3716 0.8971 0.2392
vn 0.0000 0.0000 -1.0000
vn -0.3716 0.8971 0.2392
vn 0.0000 0.0000 -1.0000
vn -0.8971 0.3716 0.2392
vn 0.0000 0.0000 -1.0000
vn -0.8971 -0.3716 0.2392
vn 0.0000 0.0000 -1.0000
vn -0.3716 -0.8971 0.2392
vn 0.0000 0.0000 -1.0000
vn 0.3716 -0.8971 0.2392
vn -0.0000 0.0000 -1.0000
vn 0.8971 -0.3716 0.2392
vn -0.0000 0.0000 -1.0000
vn 0.8660 0.5000 0.0000
vn 0.0000 1.0000 0.0000
vn -0.8660 0.5000 0.0000
vn -0.8660 -0.5000 0.0000
vn 0.0000 -1.0000 0.0000
vn 0.8660 -0.5000 0.0000
vn 0.9460 0.2522 0.2039
vn 0.3647 0.8703 0.3309
vn 0.3054 0.3314 0.8927
vn 0.5847 0.6085 0.5366
vn -0.5993 0.7483 0.2845
vn -0.8322 0.4016 0.3823
vn -0.5934 0.2801 0.7546
vn -0.7536 0.4768 0.4524
vn -0.8477 -0.3602 0.3894
vn -0.5650 -0.7463 0.3519
vn -0.5830 -0.3325 0.7413
vn -0.7135 -0.4851 0.5056
vn 0.3622 -0.8431 0.3975
vn 0.9481 -0.2437 0.2043
vn 0.2980 -0.3906 0.8710
vn 0.5404 -0.6263 0.5619
vn 0.3571 0.8523 -0.3821
vn 0.8641 0.2303 -0.4475
vn 0.5192 0.3132 -0.7952
vn 0.6354 0.4375 -0.6363
vn -0.8318 0.4014 -0.3834
vn -0.5901 0.7367 -0.3303
vn -0.5591 0.3038 -0.7714
vn -0.7258 0.4985 -0.4740
vn -0.5208 -0.6880 -0.5053
vn -0.8473 -0.3600 -0.3905
vn -0.5156 -0.4774 -0.7115
vn -0.5964 -0.5601 -0.5750
vn 0.8657 -0.2226 -0.4483
vn 0.3272 -0.7616 -0.5593
vn 0.4766 -0.4898 -0.7300
vn 0.4982 -0.5112 -0.7003
vn 0.8660 0.5000 0.0000
vn 0.0000 1.0000 0.0000
vn -0.8660 0.5000 0.0000
vn -0.8660 -0.5000 0.0000
vn 0.0000 -1.0000 0.0000
vn 0.8660 -0.5000 0.0000
vn 0.8440 0.4047 0.3520
vn 0.4904 0.7467 0.4494
vn 0.5094 0.5283 0.6793
vn 0.5865 0.6042 0.5394
vn -0.2856 0.8211 0.4942
vn -0.8271 0.3400 0.4476
vn -0.4424 0.5505 0.7079
vn -0.4749 0.5814 0.6606
vn -0.7989 -0.4182 0.4323
vn -0.2959 -0.8268 0.4783
vn -0.4247 -0.5981 0.6796
vn -0.4600 -0.6300 0.6257
vn 0.3832 -0.7995 0.4625
vn 0.8617 -0.3582 0.3594
vn 0.4906 -0.5757 0.6541
vn 0.5267 -0.6097 0.5924
vn 0.4985 0.7590 -0.4188
vn 0.8808 0.4224 -0.2141
vn 0.2887 0.4414 -0.8496
vn 0.5531 0.6877 -0.4703
vn -0.8069 0.3316 -0.4889
vn -0.2913 0.8376 -0.4621
vn -0.4080 0.4209 -0.8102
vn -0.5218 0.5343 -0.6650
vn -0.3292 -0.9200 -0.2125
vn -0.7806 -0.4087 -0.4729
vn -0.4377 -0.2306 -0.8690
vn -0.6803 -0.4888 -0.5462
vn 0.9010 -0.3746 -0.2190
vn 0.4231 -0.8829 -0.2039
vn 0.3121 -0.2437 -0.9183
vn 0.6658 -0.6060 -0.4354
vn 0.8660 0.5000 0.0000
vn 0.0000 1.0000 0.0000
vn -0.8660 0.5000 0.0000
vn -0.8660 -0.5000 0.0000
vn 0.0000 -1.0000 0.0000
vn 0.8660 -0.5000 0.0000
vn 0.8971 0.3716 0.2392
vn 0.0000 -0.0000 -1.0000
vn 0.3716 0.8971 0.2392
vn 0.0000 0.0000 -1.0000
vn -0.3716 0.8971 0.2392
vn 0.0000 0.0000 -1.0000
vn -0.8971 0.3716 0.2392
vn 0.0000 0.0000 -1.0000
vn -0.8971 -0.3716 0.2392
vn 0.0000 0.0000 -1.0000
vn -0.3716 -0.8971 0.2392
vn 0.0000 0.0000 -1.0000
vn 0.3716 -0.8971 0.2392
vn -0.0000 0.0000 -1.0000
vn 0.8971 -0.3716 0.2392
vn -0.0000 0.0000 -1.0000
vn 0.8660 0.5000 0.0000
vn 0.0000 1.0000 0.0000
vn -0.8660 0.5000 0.0000
vn -0.8660 -0.5000 0.0000
vn 0.0000 -1.0000 0.0000
vn 0.8660 -0.5000 0.0000
vn 0.8971 0.3716 0.2392
vn 0.0000 -0.0000 -1.0000
vn 0.3716 0.8971 0.2392
vn 0.0000 0.0000 -1.0000
vn -0.3716 0.8971 0.2392
vn 0.0000 0.0000 -1.0000
vn -0.8971 0.3716 0.2392
vn 0.0000 0.0000 -1.0000
vn -0.8971 -0.3716 0.2392
vn 0.0000 0.0000 -1.0000
vn -0.3716 -0.8971 0.2392
vn 0.0000 0.0000 -1.0000
vn 0.3716 -0.8971 0.2392
vn -0.0000 0.0000 -1.0000
vn 0.8971 -0.3716 0.2392
vn -0.0000 0.0000 -1.0000
vn 0.8660 0.5000 0.0000
vn 0.0000 1.0000 0.0000
vn -0.8660 0.5000 0.0000
vn -0.8660 -0.5000 0.0000
vn 0.0000 -1.0000 0.0000
vn 0.8660 -0.5000 0.0000
vn 0.8971 0.3716 0.2392
vn 0.0000 -0.0000 -1.0000
vn 0.3716 0.8971 0.2392
vn 0.0000 0.0000 -1.0000
vn -0.3716 0.8971 0.2392
vn 0.0000 0.0000 -1.0000
vn -0.8971 0.3716 0.2392
vn 0.0000 0.0000 -1.0000
vn -0.8971 -0.3716 0.2392
vn 0.0000 0.0000 -1.0000
vn -0.3716 -0.8971 0.2392
vn 0.0000 0.0000 -1.0000
vn 0.3716 -0.8971 0.2392
vn -0.0000 0.0000 -1.0000
vn 0.8971 -0.3716 0.2392
vn -0.0000 0.0000 -1.0000
vn 0.8660 0.5000 0.0000
vn 0.0000 1.0000 0.0000
vn -0.8660 0.5000 0.0000
vn -0.8660 -0.5000 0.0000
vn 0.0000 -1.0000 0.0000
vn 0.8660 -0.5000 0.0000
vn 0.8971 0.3716 0.2392
vn 0.0000 -0.0000 -1.0000
vn 0.3716 0.8971 0.2392
vn 0.0000 0.0000 -1.0000
vn -0.3716 0.8971 0.2392
vn 0.0000 0.0000 -1.0000
vn -0.8971 0.3716 0.2392
vn 0.0000 0.0000 -1.0000
vn -0.8971 -0.3716 0.2392
vn 0.0000 0.0000 -1.0000
vn -0.3716 -0.8971 0.2392
vn 0.0000 0.0000 -1.0000
vn 0.3716 -0.8971 0.2392
vn -0.0000 0.0000 -1.0000
vn 0.8971 -0.3716 0.2392
vn -0.0000 0.0000 -1.0000
vn 0.8660 0.5000 0.0000
vn 0.0000 1.0000 0.0000
vn -0.8660 0.5000 0.0000
vn -0.8660 -0.5000 0.0000
vn 0.0000 -1.0000 0.0000
vn 0.8660 -0.5000 0.0000
vn 0.8971 0.3716 0.2392
vn 0.0000 -0.0000 -1.0000
vn 0.3716 0.8971 0.2392
vn 0.0000 0.0000 -1.0000
vn -0.3716 0.8971 0.2392
vn 0.0000 0.0000 -1.0000
vn -0.8971 0.3716 0.2392
vn 0.0000 0.0000 -1.0000
vn -0.8971 -0.3716 0.2392
vn 0.0000 0.0000 -1.0000
vn -0.3716 -0.8971 0.2392
vn 0.0000 0.0000 -1.0000
vn 0.3716 -0.8971 0.2392
vn -0.0000 0.0000 -1.0000
vn 0.8971 -0.3716 0.2392
vn -0.0000 0.0000 -1.0000
vn 0.8660 0.5000 0.0000
vn 0.0000 1.0000 0.0000
vn -0.8660 0.5000 0.0000
vn -0.8660 -0.5000 0.0000
vn 0.0000 -1.0000 0.0000
vn 0.8660 -0.5000 0.0000
vn 0.8971 0.3716 0.2392
vn 0.0000 -0.0000 -1.0000
vn 0.3716 0.8971 0.2392
vn 0.0000 0.0000 -1.0000
vn -0.3716 0.8971 0.2392
vn 0.0000 0.0000 -1.0000
vn -0.8971 0.3716 0.2392
vn 0.0000 0.0000 -1.0000
vn -0.8971 -0.3716 0.2392
vn 0.0000 0.0000 -1.0000
vn -0.3716 -0.8971 0.2392
vn 0.0000 0.0000 -1.0000
vn 0.3716 -0.8971 0.2392
vn -0.0000 0.0000 -1.0000
vn 0.8971 -0.3716 0.2392
vn -0.0000 0.0000 -1.0000
vn 0.8660 0.5000 0.0000
vn 0.0000 1.0000 0.0000
vn -0.8660 0.5000 0.0000
vn -0.8660 -0.5000 0.0000
vn 0.0000 -1.0000 0.0000
vn 0.8660 -0.5000 0.0000
vn 0.8223 0.4168 0.3875
vn 0.4502 0.8070 0.3823
vn 0.2202 0.1814 0.9584
vn 0.6145 0.5775 0.5375
vn -0.3597 0.8433 0.3995
vn -0.8225 0.3946 0.4095
vn -0.1598 0.1836 0.9699
vn -0.5616 0.5852 0.5850
vn -0.7391 -0.5642 0.3680
vn -0.4122 -0.8902 0.1939
vn -0.1613 -0.1243 0.9790
vn -0.6567 -0.6227 0.4255
vn 0.2422 -0.9480 0.2065
vn 0.8479 -0.3485 0.3996
vn 0.2222 -0.1228 0.9672
vn 0.6289 -0.5311 0.5678
vn 0.4537 0.8132 -0.3646
vn 0.7598 0.3851 -0.5239
vn 0.5777 0.3350 -0.7443
vn 0.6787 0.4491 -0.5811
vn -0.8172 0.3921 -0.4225
vn -0.3627 0.8504 -0.3812
vn -0.3927 0.3775 -0.8386
vn -0.5815 0.5672 -0.5832
vn -0.4045 -0.8735 -0.2708
vn -0.7352 -0.5612 -0.3802
vn -0.3838 -0.4257 -0.8195
vn -0.6081 -0.6448 -0.4630
vn 0.7798 -0.3205 -0.5377
vn 0.2371 -0.9279 -0.2877
vn 0.5673 -0.3796 -0.7308
vn 0.6246 -0.4420 -0.6438
vn 0.8660 0.5000 0.0000
vn 0.0000 1.0000 0.0000
vn -0.8660 0.5000 0.0000
vn -0.8660 -0.5000 0.0000
vn 0.0000 -1.0000 0.0000
vn 0.8660 -0.5000 0.0000
vn 0.8971 0.3716 0.2392
vn 0.0000 -0.0000 -1.0000
vn 0.3716 0.8971 0.2392
vn 0.0000 0.0000 -1.0000
vn -0.3716 0.8971 0.2392
vn 0.0000 0.0000 -1.0000
vn -0.8971 0.3716 0.2392
vn 0.0000 0.0000 -1.0000
vn -0.8971 -0.3716 0.2392
vn 0.0000 0.0000 -1.0000
vn -0.3716 -0.8971 0.2392
vn 0.0000 0.0000 -1.0000
vn 0.3716 -0.8971 0.2392
vn -0.0000 0.0000 -1.0000
vn 0.8971 -0.3716 0.2392
vn -0.0000 0.0000 -1.0000
vn 0.8660 0.5000 0.0000
vn 0.0000 1.0000 0.0000
vn -0.8660 0.5000 0.0000
vn -0.8660 -0.5000 0.0000
vn 0.0000 -1.0000 0.0000
vn 0.8660 -0.5000 0.0000
vn 0.7913 0.5036 0.3466
vn 0.4907 0.7119 0.5023
vn 0.4232 0.6040 0.6753
vn 0.5125 0.6816 0.5223
vn -0.4103 0.7451 0.5257
vn -0.7030 0.4313 0.5655
vn -0.5704 0.5475 0.6122
vn -0.5506 0.5274 0.6471
vn -0.7058 -0.4236 0.5678
vn -0.3569 -0.8085 0.4679
vn -0.5763 -0.5341 0.6185
vn -0.5600 -0.5172 0.6472
vn 0.4569 -0.7699 0.4455
vn 0.7880 -0.5097 0.3452
vn 0.4285 -0.5905 0.6839
vn 0.5279 -0.6780 0.5115
vn 0.5454 0.7912 -0.2768
vn 0.8168 0.5199 -0.2501
vn 0.3062 0.3098 -0.9002
vn 0.6521 0.6551 -0.3815
vn -0.7244 0.4444 -0.5270
vn -0.4612 0.8375 -0.2930
vn -0.5462 0.2726 -0.7921
vn -0.7086 0.4565 -0.5380
vn -0.3590 -0.8132 -0.4582
vn -0.7275 -0.4366 -0.5293
vn -0.4935 -0.4941 -0.7158
vn -0.5497 -0.5502 -0.6286
vn 0.8132 -0.5260 -0.2490
vn 0.4593 -0.7739 -0.4361
vn 0.2696 -0.5471 -0.7925
vn 0.4909 -0.7364 -0.4655
vn 0.8660 0.5000 0.0000
vn 0.0000 1.0000 0.0000
vn -0.8660 0.5000 0.0000
vn -0.8660 -0.5000 0.0000
vn 0.0000 -1.0000 0.0000
vn 0.8660 -0.5000 0.0000
vn 0.9062 0.2054 0.3695
vn 0.1873 0.9317 0.3111
vn 0.4898 0.4445 0.7500
vn 0.5581 0.5141 0.6514
vn -0.1402 0.9392 0.3135
vn -0.7387 0.4007 0.5420
vn -0.4339 0.4594 0.7751
vn -0.5173 0.5421 0.6622
vn -0.7049 -0.4855 0.5171
vn -0.4429 -0.8564 0.2651
vn -0.4743 -0.2392 0.8473
vn -0.7018 -0.4878 0.5192
vn 0.3638 -0.8898 0.2755
vn 0.9115 -0.1762 0.3717
vn 0.5321 -0.2300 0.8148
vn 0.6946 -0.4089 0.5919
vn 0.1920 0.9548 -0.2268
vn 0.9363 0.2122 -0.2797
vn 0.5364 0.4991 -0.6806
vn 0.5863 0.5503 -0.5945
vn -0.7763 0.4211 -0.4690
vn -0.1437 0.9628 -0.2287
vn -0.4886 0.5160 -0.7036
vn -0.5482 0.5746 -0.6076
vn -0.3996 -0.7727 -0.4932
vn -0.7374 -0.5078 -0.4455
vn -0.4519 -0.6101 -0.6508
vn -0.4947 -0.6482 -0.5789
vn 0.9421 -0.1822 -0.2814
vn 0.3259 -0.7969 -0.5086
vn 0.4984 -0.5930 -0.6324
vn 0.4876 -0.5828 -0.6501
vn 0.8660 0.5000 0.0000
vn 0.0000 1.0000 0.0000
vn -0.8660 0.5000 0.0000
vn -0.8660 -0.5000 0.0000
vn 0.0000 -1.0000 0.0000
vn 0.8660 -0.5000 0.0000
vn 0.8971 0.3716 0.2392
vn 0.0000 -0.0000 -1.0000
vn 0.3716 0.8971 0.2392
vn 0.0000 0.0000 -1.0000
vn -0.3716 0.8971 0.2392
vn 0.0000 0.0000 -1.0000
vn -0.8971 0.3716 0.2392
vn 0.0000 0.0000 -1.0000
vn -0.8971 -0.3716 0.2392
vn 0.0000 0.0000 -1.0000
vn -0.3716 -0.8971 0.2392
vn 0.0000 0.0000 -1.0000
vn 0.3716 -0.8971 0.2392
vn -0.0000 0.0000 -1.0000
vn 0.8971 -0.3716 0.2392
vn -0.0000 0.0000 -1.0000
vn 0.8660 0.5000 0.0000
vn 0.0000 1.0000 0.0000
vn -0.8660 0.5000 0.0000
vn -0.8660 -0.5000 0.0000
vn 0.0000 -1.0000 0.0000
vn 0.8660 -0.5000 0.0000
vn 0.8460 0.4037 0.3484
vn 0.5285 0.8064 0.2651
vn 0.5560 0.3327 0.7617
vn 0.7190 0.5219 0.4590
vn -0.4886 0.8289 0.2725
vn -0.8988 0.3009 0.3189
vn -0.5723 0.3283 0.7515
vn -0.7136 0.4926 0.4980
vn -0.9385 -0.0914 0.3329
vn -0.2479 -0.9180 0.3095
vn -0.5644 -0.3636 0.7411
vn -0.6243 -0.4285 0.6532
vn 0.3322 -0.8938 0.3013
vn 0.8992 -0.2332 0.3703
vn 0.5482 -0.3684 0.7509
vn 0.6469 -0.4761 0.5958
vn 0.5002 0.7632 -0.4092
vn 0.8378 0.3998 -0.3718
vn 0.4488 0.3862 -0.8059
vn 0.6271 0.5701 -0.5307
vn -0.9197 0.3079 -0.2437
vn -0.4610 0.7821 -0.4194
vn -0.3646 0.4024 -0.8397
vn -0.5813 0.6157 -0.5320
vn -0.2331 -0.8631 -0.4479
vn -0.9624 -0.0937 -0.2550
vn -0.3614 -0.4204 -0.8322
vn -0.4911 -0.5484 -0.6768
vn 0.8894 -0.2306 -0.3946
vn 0.3133 -0.8429 -0.4374
vn 0.4451 -0.4038 -0.7993
vn 0.5553 -0.5155 -0.6526
vn 0.8660 0.5000 0.0000
vn 0.0000 1.0000 0.0000
vn -0.8660 0.5000 0.0000
vn -0.8660 -0.5000 0.0000
vn 0.0000 -1.0000 0.0000
vn 0.8660 -0.5000 0.0000
vn 0.8971 0.3716 0.2392
vn 0.0000 -0.0000 -1.0000
vn 0.3716 0.8971 0.2392
vn 0.0000 0.0000 -1.0000
vn -0.3716 0.8971 0.2392
vn 0.0000 0.0000 -1.0000
vn -0.8971 0.3716 0.2392
vn 0.0000 0.0000 -1.0000
vn -0.8971 -0.3716 0.2392
vn 0.0000 0.0000 -1.0000
vn -0.3716 -0.8971 0.2392
vn 0.0000 0.0000 -1.0000
vn 0.3716 -0.8971 0.2392
vn -0.0000 0.0000 -1.0000
vn 0.8971 -0.3716 0.2392
vn -0.0000 0.0000 -1.0000
vn 0.8660 0.5000 0.0000
vn 0.0000 1.0000 0.0000
vn -0.8660 0.5000 0.0000
vn -0.8660 -0.5000 0.0000
vn 0.0000 -1.0000 0.0000
vn 0.8660 -0.5000 0.0000
vn 0.8971 0.3716 0.2392
vn 0.0000 -0.0000 -1.0000
vn 0.3716 0.8971 0.2392
vn 0.0000 0.0000 -1.0000
vn -0.3716 0.8971 0.2392
vn 0.0000 0.0000 -1.0000
vn -0.8971 0.3716 0.2392
vn 0.0000 0.0000 -1.0000
vn -0.8971 -0.3716 0.2392
vn 0.0000 0.0000 -1.0000
vn -0.3716 -0.8971 0.2392
vn 0.0000 0.0000 -1.0000
vn 0.3716 -0.8971 0.2392
vn -0.0000 0.0000 -1.0000
vn 0.8971 -0.3716 0.2392
vn -0.0000 0.0000 -1.0000
vn 0.8660 0.5000 0.0000
vn 0.0000 1.0000 0.0000
vn -0.8660 0.5000 0.0000
vn -0.8660 -0.5000 0.0000
vn 0.0000 -1.0000 0.0000
vn 0.8660 -0.5000 0.0000
vn 0.8971 0.3716 0.2392
vn 0.0000 -0.0000 -1.0000
vn 0.3716 0.8971 0.2392
vn 0.0000 0.0000 -1.0000
vn -0.3716 0.8971 0.2392
vn 0.0000 0.0000 -1.0000
vn -0.8971 0.3716 0.2392
vn 0.0000 0.0000 -1.0000
vn -0.8971 -0.3716 0.2392
vn 0.0000 0.0000 -1.0000
vn -0.3716 -0.8971 0.2392
vn 0.0000 0.0000 -1.0000
vn 0.3716 -0.8971 0.2392
vn -0.0000 0.0000 -1.0000
vn 0.8971 -0.3716 0.2392
vn -0.0000 0.0000 -1.0000
vn 0.8660 0.5000 0.0000
vn 0.0000 1.0000 0.0000
vn -0.8660 0.5000 0.0000
vn -0.8660 -0.5000 0.0000
vn 0.0000 -1.0000 0.0000
vn 0.8660 -0.5000 0.0000
vn 0.8971 0.3716 0.2392
vn 0.0000 -0.0000 -1.0000
vn 0.3716 0.8971 0.2392
vn 0.0000 0.0000 -1.0000
vn -0.3716 0.8971 0.2392
vn 0.0000 0.0000 -1.0000
vn -0.8971 0.3716 0.2392
vn 0.0000 0.0000 -1.0000
vn -0.8971 -0.3716 0.2392
vn 0.0000 0.0000 -1.0000
vn -0.3716 -0.8971 0.2392
vn 0.0000 0.0000 -1.0000
vn 0.3716 -0.8971 0.2392
vn -0.0000 0.0000 -1.0000
vn 0.8971 -0.3716 0.2392
vn -0.0000 0.0000 -1.0000
vn 0.8660 0.5000 0.0000
vn 0.0000 1.0000 0.0000
vn -0.8660 0.5000 0.0000
vn -0.8660 -0.5000 0.0000
vn 0.0000 -1.0000 0.0000
vn 0.8660 -0.5000 0.0000
vn 0.8971 0.3716 0.2392
vn 0.0000 -0.0000 -1.0000
vn 0.3716 0.8971 0.2392
vn 0.0000 0.0000 -1.0000
vn -0.3716 0.8971 0.2392
vn 0.0000 0.0000 -1.0000
vn -0.8971 0.3716 0.2392
vn 0.0000 0.0000 -1.0000
vn -0.8971 -0.3716 0.2392
vn 0.0000 0.0000 -1.0000
vn -0.3716 -0.8971 0.2392
vn 0.0000 0.0000 -1.0000
vn 0.3716 -0.8971 0.2392
vn -0.0000 0.0000 -1.0000
vn 0.8971 -0.3716 0.2392
vn -0.0000 0.0000 -1.0000
vn 0.8660 0.5000 0.0000
vn 0.0000 1.0000 0.0000
vn -0.8660 0.5000 0.0000
vn -0.8660 -0.5000 0.0000
vn 0.0000 -1.0000 0.0000
vn 0.8660 -0.5000 0.0000
vn 0.8629 0.2808 0.4201
vn 0.2616 0.8585 0.4411
vn 0.4564 0.5002 0.7358
vn 0.5087 0.5514 0.6612
vn -0.2454 0.8622 0.4431
vn -0.8540 0.3214 0.4091
vn -0.3974 0.5159 0.7589
vn -0.4764 0.5912 0.6508
vn -0.7988 -0.4642 0.3826
vn -0.5350 -0.7605 0.3681
vn -0.4355 -0.3446 0.8316
vn -0.6564 -0.5755 0.4878
vn 0.4425 -0.8072 0.3907
vn 0.8548 -0.3099 0.4162
vn 0.4972 -0.3321 0.8015
vn 0.6466 -0.4918 0.5831
vn 0.2807 0.9213 -0.2693
vn 0.9176 0.2986 -0.2625
vn 0.4217 0.4483 -0.7882
vn 0.5792 0.6037 -0.5478
vn -0.8255 0.3107 -0.4711
vn -0.2636 0.9259 -0.2706
vn -0.5744 0.4047 -0.7115
vn -0.6338 0.4698 -0.6144
vn -0.5355 -0.7612 -0.3657
vn -0.7754 -0.4505 -0.4425
vn -0.5746 -0.4040 -0.7118
vn -0.6811 -0.5244 -0.5110
vn 0.9079 -0.3291 -0.2597
vn 0.4430 -0.8081 -0.3882
vn 0.4218 -0.4476 -0.7885
vn 0.5896 -0.6130 -0.5260
vn 0.8660 0.5000 0.0000
vn 0.0000 1.0000 0.0000
vn -0.8660 0.5000 0.0000
vn -0.8660 -0.5000 0.0000
vn 0.0000 -1.0000 0.0000
vn 0.8660 -0.5000 0.0000
vn 0.7667 0.5523 0.3273
vn 0.4449 0.7957 0.4109
vn 0.3211 0.5260 0.7876
vn 0.5213 0.7040 0.4823
vn -0.3079 0.8454 0.4365
vn -0.8075 0.3866 0.4455
vn -0.4298 0.5015 0.7508
vn -0.5166 0.5855 0.6247
vn -0.8142 -0.3678 0.4492
vn -0.3438 -0.8470 0.4055
vn -0.4495 -0.4260 0.7852
vn -0.5703 -0.5481 0.6118
vn 0.4132 -0.8214 0.3932
vn 0.8115 -0.4706 0.3464
vn 0.3373 -0.4490 0.8274
vn 0.5507 -0.6519 0.5214
vn 0.4737 0.8472 -0.2405
vn 0.7211 0.5194 -0.4586
vn 0.4884 0.2908 -0.8228
vn 0.7053 0.5310 -0.4696
vn -0.7649 0.3662 -0.5299
vn -0.3307 0.9079 -0.2577
vn -0.5424 0.2799 -0.7921
vn -0.6812 0.4334 -0.5900
vn -0.3442 -0.8481 -0.4028
vn -0.7706 -0.3481 -0.5338
vn -0.5224 -0.3808 -0.7629
vn -0.6071 -0.4705 -0.6404
vn 0.7579 -0.4395 -0.4820
vn 0.4137 -0.8224 -0.3906
vn 0.4691 -0.3945 -0.7902
vn 0.6121 -0.5424 -0.5755
vn 0.8660 0.5000 0.0000
vn 0.0000 1.0000 0.0000
vn -0.8660 0.5000 0.0000
vn -0.8660 -0.5000 0.0000
vn 0.0000 -1.0000 0.0000
vn 0.8660 -0.5000 0.0000
vn 0.8542 0.3949 0.3381
vn 0.2001 0.9645 0.1721
vn 0.3830 0.3995 0.8329
vn 0.5897 0.6048 0.5353
vn -0.1725 0.9697 0.1730
vn -0.8267 0.2677 0.4949
vn -0.5993 0.3462 0.7218
vn -0.6597 0.4142 0.6270
vn -0.8182 -0.3012 0.4897
vn -0.3566 -0.7825 0.5104
vn -0.5481 -0.5139 0.6600
vn -0.5421 -0.5078 0.6696
vn 0.5435 -0.7031 0.4585
vn 0.7475 -0.5948 0.2958
vn 0.3411 -0.5775 0.7417
vn 0.5232 -0.7302 0.4394
vn 0.1943 0.9363 -0.2927
vn 0.8656 0.4002 -0.3009
vn 0.1258 0.3268 -0.9367
vn 0.4805 0.6732 -0.5621
vn -0.9262 0.2999 -0.2287
vn -0.1674 0.9410 -0.2941
vn -0.1179 0.3271 -0.9376
vn -0.4672 0.6696 -0.5774
vn -0.3827 -0.8397 -0.3852
vn -0.9142 -0.3366 -0.2257
vn -0.1209 -0.2459 -0.9617
vn -0.5372 -0.6571 -0.5288
vn 0.7551 -0.6008 -0.2624
vn 0.5749 -0.7437 -0.3412
vn 0.1290 -0.2457 -0.9607
vn 0.6045 -0.7054 -0.3701
vn 0.8660 0.5000 0.0000
vn 0.0000 1.0000 0.0000
vn -0.8660 0.5000 0.0000
vn -0.8660 -0.5000 0.0000
vn 0.0000 -1.0000 0.0000
vn 0.8660 -0.5000 0.0000
vn 0.8971 0.3716 0.2392
vn 0.0000 -0.0000 -1.0000
vn 0.3716 0.8971 0.2392
vn 0.0000 0.0000 -1.0000
vn -0.3716 0.8971 0.2392
vn 0.0000 0.0000 -1.0000
vn -0.8971 0.3716 0.2392
vn 0.0000 0.0000 -1.0000
vn -0.8971 -0.3716 0.2392
vn 0.0000 0.0000 -1.0000
vn -0.3716 -0.8971 0.2392
vn 0.0000 0.0000 -1.0000
vn 0.3716 -0.8971 0.2392
vn -0.0000 0.0000 -1.0000
vn 0.8971 -0.3716 0.2392
vn -0.0000 0.0000 -1.0000
vn 0.8660 0.5000 0.0000
vn 0.0000 1.0000 0.0000
vn -0.8660 0.5000 0.0000
vn -0.8660 -0.5000 0.0000
vn 0.0000 -1.0000 0.0000
vn 0.8660 -0.5000 0.0000
vn 0.7607 0.5925 0.2651
vn 0.3566 0.8734 0.3317
vn 0.1444 0.4624 0.8748
vn 0.4775 0.7579 0.4445
vn -0.0789 0.9319 0.3540
vn -0.8482 0.3233 0.4195
vn -0.2523 0.4522 0.8555
vn -0.4163 0.6109 0.6734
vn -0.7211 -0.5941 0.3566
vn -0.5523 -0.8063 0.2117
vn -0.2793 -0.1584 0.9471
vn -0.7072 -0.6044 0.3668
vn 0.2632 -0.9331 0.2449
vn 0.8897 -0.3351 0.3100
vn 0.1606 -0.1628 0.9735
vn 0.5897 -0.5918 0.5496
vn 0.3702 0.9066 -0.2026
vn 0.7101 0.5531 -0.4358
vn 0.3080 0.2361 -0.9216
vn 0.6548 0.5904 -0.4718
vn -0.8875 0.3382 -0.3130
vn -0.0824 0.9726 -0.2174
vn -0.0846 0.2473 -0.9652
vn -0.4798 0.6426 -0.5973
vn -0.5295 -0.7730 -0.3494
vn -0.7447 -0.6135 -0.2626
vn -0.0841 -0.2688 -0.9595
vn -0.5664 -0.7289 -0.3846
vn 0.8115 -0.3057 -0.4980
vn 0.2490 -0.8826 -0.3989
vn 0.3063 -0.2568 -0.9167
vn 0.5500 -0.5013 -0.6680
vn 0.8660 0.5000 0.0000
vn 0.0000 1.0000 0.0000
vn -0.8660 0.5000 0.0000
vn -0.8660 -0.5000 0.0000
vn 0.0000 -1.0000 0.0000
vn 0.8660 -0.5000 0.0000
vn 0.8971 0.3716 0.2392
vn 0.0000 -0.0000 -1.0000
vn 0.3716 0.8971 0.2392
vn 0.0000 0.0000 -1.0000
vn -0.3716 0.8971 0.2392
vn 0.0000 0.0000 -1.0000
vn -0.8971 0.3716 0.2392
vn 0.0000 0.0000 -1.0000
vn -0.8971 -0.3716 0.2392
vn 0.0000 0.0000 -1.0000
vn -0.3716 -0.8971 0.2392
vn 0.0000 0.0000 -1.0000
vn 0.3716 -0.8971 0.2392
vn -0.0000 0.0000 -1.0000
vn 0.8971 -0.3716 0.2392
vn -0.0000 0.0000 -1.0000
vn 0.8660 0.5000 0.0000
vn 0.0000 1.0000 0.0000
vn -0.8660 0.5000 0.0000
vn -0.8660 -0.5000 0.0000
vn 0.0000 -1.0000 0.0000
vn 0.8660 -0.5000 0.0000
vn 0.7914 0.4336 0.4308
vn 0.3095 0.9383 0.1544
vn 0.3309 0.1512 0.9315
vn 0.6857 0.5191 0.5102
vn -0.3529 0.9232 0.1519
vn -0.9313 0.3113 0.1892
vn -0.2411 0.1555 0.9580
vn -0.6694 0.5916 0.4494
vn -0.9626 -0.1872 0.1956
vn -0.2779 -0.8206 0.4994
vn -0.2170 -0.4573 0.8624
vn -0.4221 -0.6529 0.6289
vn 0.2979 -0.8155 0.4963
vn 0.8121 -0.3809 0.4421
vn 0.2994 -0.4470 0.8429
vn 0.4652 -0.6070 0.6444
vn 0.2849 0.8637 -0.4157
vn 0.7522 0.4121 -0.5141
vn 0.5321 0.5545 -0.6398
vn 0.5326 0.5550 -0.6390
vn -0.8807 0.2944 -0.3709
vn -0.3257 0.8520 -0.4100
vn -0.5409 0.5508 -0.6356
vn -0.5522 0.5621 -0.6158
vn -0.3015 -0.8902 -0.3415
vn -0.9071 -0.1764 -0.3821
vn -0.5901 -0.4135 -0.6934
vn -0.6246 -0.4515 -0.6372
vn 0.7699 -0.3611 -0.5262
vn 0.3228 -0.8837 -0.3390
vn 0.5812 -0.4168 -0.6989
vn 0.6285 -0.4686 -0.6209
vn 0.8660 0.5000 0.0000
vn 0.0000 1.0000 0.0000
vn -0.8660 0.5000 0.0000
vn -0.8660 -0.5000 0.0000
vn 0.0000 -1.0000 0.0000
vn 0.8660 -0.5000 0.0000
vn 0.8971 0.3716 0.2392
vn 0.0000 -0.0000 -1.0000
vn 0.3716 0.8971 0.2392
vn 0.0000 0.0000 -1.0000
vn -0.3716 0.8971 0.2392
vn 0.0000 0.0000 -1.0000
vn -0.8971 0.3716 0.2392
vn 0.0000 0.0000 -1.0000
vn -0.8971 -0.3716 0.2392
vn 0.0000 0.0000 -1.0000
vn -0.3716 -0.8971 0.2392
vn 0.0000 0.0000 -1.0000
vn 0.3716 -0.8971 0.2392
vn -0.0000 0.0000 -1.0000
vn 0.8971 -0.3716 0.2392
vn -0.0000 0.0000 -1.0000
vn 0.8660 0.5000 0.0000
vn 0.0000 1.0000 0.0000
vn -0.8660 0.5000 0.0000
vn -0.8660 -0.5000 0.0000
vn 0.0000 -1.0000 0.0000
vn 0.8660 -0.5000 0.0000
vn 0.8971 0.3716 0.2392
vn 0.0000 -0.0000 -1.0000
vn 0.3716 0.8971 0.2392
vn 0.0000 0.0000 -1.0000
vn -0.3716 0.8971 0.2392
vn 0.0000 0.0000 -1.0000
vn -0.8971 0.3716 0.2392
vn 0.0000 0.0000 -1.0000
vn -0.8971 -0.3716 0.2392
vn 0.0000 0.0000 -1.0000
vn -0.3716 -0.8971 0.2392
vn 0.0000 0.0000 -1.0000
vn 0.3716 -0.8971 0.2392
vn -0.0000 0.0000 -1.0000
vn 0.8971 -0.3716 0.2392
vn -0.0000 0.0000 -1.0000
vn 0.8660 0.5000 0.0000
vn 0.0000 1.0000 0.0000
vn -0.8660 0.5000 0.0000
vn -0.8660 -0.5000 0.0000
vn 0.0000 -1.0000 0.0000
vn 0.8660 -0.5000 0.0000
vn 0.7987 0.2725 0.5365
vn 0.3508 0.8759 0.3314
vn 0.4493 0.1463 0.8813
vn 0.6744 0.3803 0.6329
vn -0.4448 0.8377 0.3170
vn -0.8867 0.3851 0.2559
vn -0.1550 0.1618 0.9746
vn -0.6168 0.6232 0.4808
vn -0.8955 -0.3623 0.2584
vn -0.2524 -0.9583 0.1339
vn -0.1557 -0.1273 0.9796
vn -0.6316 -0.6043 0.4857
vn 0.2162 -0.9670 0.1351
vn 0.7896 -0.3084 0.5305
vn 0.4511 -0.1150 0.8850
vn 0.7053 -0.3822 0.5970
vn 0.3034 0.7576 -0.5779
vn 0.8865 0.3024 -0.3502
vn 0.2911 0.5437 -0.7871
vn 0.3959 0.6410 -0.6576
vn -0.8402 0.3649 -0.4012
vn -0.3890 0.7325 -0.5587
vn -0.3760 0.5267 -0.7624
vn -0.4718 0.6166 -0.6302
vn -0.2514 -0.9547 -0.1593
vn -0.8477 -0.3430 -0.4048
vn -0.4286 -0.2478 -0.8689
vn -0.6680 -0.5008 -0.5505
vn 0.8742 -0.3414 -0.3454
vn 0.2153 -0.9632 -0.1608
vn 0.3351 -0.2584 -0.9060
vn 0.6273 -0.5562 -0.5451
vn 0.8660 0.5000 0.0000
vn 0.0000 1.0000 0.0000
vn -0.8660 0.5000 0.0000
vn -0.8660 -0.5000 0.0000
vn 0.0000 -1.0000 0.0000
vn 0.8660 -0.5000 0.0000
vn 0.9343 0.3132 0.1701
vn 0.4590 0.7848 0.4164
vn 0.2794 0.4075 0.8694
vn 0.5510 0.6662 0.5026
vn -0.3438 0.8295 0.4401
vn -0.8393 0.3617 0.4060
vn -0.3421 0.3988 0.8508
vn -0.5325 0.5861 0.6107
vn -0.8355 -0.3723 0.4041
vn -0.3363 -0.8637 0.3755
vn -0.3489 -0.3546 0.8675
vn -0.5686 -0.5740 0.5893
vn 0.5491 -0.7665 0.3332
vn 0.8872 -0.4322 0.1615
vn 0.2851 -0.3627 0.8872
vn 0.6153 -0.6806 0.3977
vn 0.4504 0.7701 -0.4518
vn 0.9297 0.3117 -0.1963
vn 0.3756 0.5182 -0.7684
vn 0.5320 0.6625 -0.5273
vn -0.8635 0.3721 -0.3404
vn -0.3366 0.8122 -0.4765
vn -0.3398 0.5258 -0.7798
vn -0.4716 0.6477 -0.5983
vn -0.3269 -0.8394 -0.4343
vn -0.8594 -0.3830 -0.3388
vn -0.3443 -0.5073 -0.7900
vn -0.4918 -0.6450 -0.5849
vn 0.8832 -0.4303 -0.1865
vn 0.5368 -0.7494 -0.3877
vn 0.3804 -0.4997 -0.7782
vn 0.5838 -0.6868 -0.4330
vn 0.8660 0.5000 0.0000
vn 0.0000 1.0000 0.0000
vn -0.8660 0.5000 0.0000
vn -0.8660 -0.5000 0.0000
vn 0.0000 -1.0000 0.0000
vn 0.8660 -0.5000 0.0000
vn 0.9320 0.1936 0.3064
vn 0.4122 0.8480 0.3330
vn 0.2903 0.0989 0.9518
vn 0.6650 0.4781 0.5738
vn -0.3832 0.8597 0.3376
vn -0.7952 0.3605 0.4875
vn -0.2789 0.0993 0.9552
vn -0.6523 0.4750 0.5906
vn -0.6897 -0.5879 0.4228
vn -0.4258 -0.8811 0.2059
vn -0.2746 -0.2009 0.9403
vn -0.6678 -0.6025 0.4371
vn 0.1409 -0.9640 0.2253
vn 0.9396 -0.1478 0.3089
vn 0.2858 -0.2002 0.9371
vn 0.5849 -0.5008 0.6381
vn 0.3598 0.7402 -0.5680
vn 0.9382 0.1949 -0.2861
vn 0.3574 0.4974 -0.7905
vn 0.4622 0.5976 -0.6552
vn -0.7614 0.3452 -0.5487
vn -0.3334 0.7479 -0.5740
vn -0.4368 0.4791 -0.7614
vn -0.4849 0.5264 -0.6984
vn -0.4189 -0.8669 -0.2704
vn -0.6673 -0.5688 -0.4809
vn -0.4601 -0.3813 -0.8018
vn -0.6500 -0.5797 -0.4913
vn 0.9459 -0.1487 -0.2884
vn 0.1382 -0.9455 -0.2949
vn 0.3780 -0.3976 -0.8361
vn 0.5254 -0.5442 -0.6541
vn 0.8660 0.5000 0.0000
vn 0.0000 1.0000 0.0000
vn -0.8660 0.5000 0.0000
vn -0.8660 -0.5000 0.0000
vn 0.0000 -1.0000 0.0000
vn 0.8660 -0.5000 0.0000
vn 0.8971 0.3716 0.2392
vn 0.0000 -0.0000 -1.0000
vn 0.3716 0.8971 0.2392
vn 0.0000 0.0000 -1.0000
vn -0.3716 0.8971 0.2392
vn 0.0000 0.0000 -1.0000
vn -0.8971 0.3716 0.2392
vn 0.0000 0.0000 -1.0000
vn -0.8971 -0.3716 0.2392
vn 0.0000 0.0000 -1.0000
vn -0.3716 -0.8971 0.2392
vn 0.0000 0.0000 -1.0000
vn 0.3716 -0.8971 0.2392
vn -0.0000 0.0000 -1.0000
vn 0.8971 -0.3716 0.2392
vn -0.0000 0.0000 -1.0000
vn 0.8660 0.5000 0.0000
vn 0.0000 1.0000 0.0000
vn -0.8660 0.5000 0.0000
vn -0.8660 -0.5000 0.0000
vn 0.0000 -1.0000 0.0000
vn 0.8660 -0.5000 0.0000
vn 0.8016 0.4953 0.3349
vn 0.4959 0.7822 0.3772
vn 0.3452 0.3921 0.8527
vn 0.6004 0.6418 0.4771
vn -0.2865 0.8630 0.4161
vn -0.8417 0.2511 0.4780
vn -0.4752 0.3676 0.7994
vn -0.5740 0.4695 0.6708
vn -0.8062 -0.3749 0.4578
vn -0.2302 -0.9574 0.1745
vn -0.4844 -0.3183 0.8149
vn -0.6530 -0.4983 0.5703
vn 0.1646 -0.9704 0.1768
vn 0.8648 -0.3486 0.3613
vn 0.3528 -0.3405 0.8716
vn 0.5862 -0.5748 0.5709
vn 0.4988 0.7868 -0.3635
vn 0.7503 0.4636 -0.4714
vn 0.5629 0.4091 -0.7182
vn 0.6674 0.5251 -0.5281
vn -0.8850 0.2640 -0.3835
vn -0.2885 0.8692 -0.4015
vn -0.4486 0.4424 -0.7766
vn -0.5484 0.5425 -0.6364
vn -0.2329 -0.9688 -0.0846
vn -0.8440 -0.3924 -0.3657
vn -0.4747 -0.3149 -0.8219
vn -0.6798 -0.5364 -0.5001
vn 0.8014 -0.3230 -0.5035
vn 0.1666 -0.9823 -0.0858
vn 0.5906 -0.2887 -0.7536
vn 0.6986 -0.4125 -0.5846
vn 0.8660 0.5000 0.0000
vn 0.0000 1.0000 0.0000
vn -0.8660 0.5000 0.0000
vn -0.8660 -0.5000 0.0000
vn 0.0000 -1.0000 0.0000
vn 0.8660 -0.5000 0.0000
vn 0.7454 0.4432 0.4980
vn 0.3864 0.8654 0.3191
vn 0.2892 0.1543 0.9447
vn 0.6452 0.5157 0.5637
vn -0.5377 0.7911 0.2917
vn -0.9013 0.3985 0.1700
vn -0.1635 0.1591 0.9736
vn -0.6496 0.6457 0.4014
vn -0.9281 -0.3286 0.1751
vn -0.4540 -0.8545 0.2523
vn -0.1643 -0.1258 0.9784
vn -0.6518 -0.6161 0.4423
vn 0.2286 -0.9337 0.2756
vn 0.7863 -0.3251 0.5253
vn 0.2906 -0.1220 0.9490
vn 0.6220 -0.4537 0.6382
vn 0.3484 0.7804 -0.5191
vn 0.7473 0.4444 -0.4940
vn 0.4567 0.5807 -0.6739
vn 0.4813 0.6036 -0.6356
vn -0.8602 0.3803 -0.3398
vn -0.4925 0.7246 -0.4820
vn -0.5181 0.5583 -0.6479
vn -0.5695 0.6080 -0.5531
vn -0.4344 -0.8177 -0.3777
vn -0.8834 -0.3127 -0.3490
vn -0.5540 -0.4617 -0.6928
vn -0.6278 -0.5404 -0.5601
vn 0.7886 -0.3260 -0.5214
vn 0.2170 -0.8862 -0.4094
vn 0.4912 -0.4831 -0.7248
vn 0.5217 -0.5137 -0.6811
vn 0.8660 0.5000 0.0000
vn 0.0000 1.0000 0.0000
vn -0.8660 0.5000 0.0000
vn -0.8660 -0.5000 0.0000
vn 0.0000 -1.0000 0.0000
vn 0.8660 -0.5000 0.0000
vn 0.8971 0.3716 0.2392
vn 0.0000 -0.0000 -1.0000
vn 0.3716 0.8971 0.2392
vn 0.0000 0.0000 -1.0000
vn -0.3716 0.8971 0.2392
vn 0.0000 0.0000 -1.0000
vn -0.8971 0.3716 0.2392
vn 0.0000 0.0000 -1.0000
vn -0.8971 -0.3716 0.2392
vn 0.0000 0.0000 -1.0000
vn -0.3716 -0.8971 0.2392
vn 0.0000 0.0000 -1.0000
vn 0.3716 -0.8971 0.2392
vn -0.0000 0.0000 -1.0000
vn 0.8971 -0.3716 0.2392
vn -0.0000 0.0000 -1.0000
vn 0.8660 0.5000 0.0000
vn 0.0000 1.0000 0.0000
vn -0.8660 0.5000 0.0000
vn -0.8660 -0.5000 0.0000
vn 0.0000 -1.0000 0.0000
vn 0.8660 -0.5000 0.0000
vn 0.8971 0.3716 0.2392
vn 0.0000 -0.0000 -1.0000
vn 0.3716 0.8971 0.2392
vn 0.0000 0.0000 -1.0000
vn -0.3716 0.8971 0.2392
vn 0.0000 0.0000 -1.0000
vn -0.8971 0.3716 0.2392
vn 0.0000 0.0000 -1.0000
vn -0.8971 -0.3716 0.2392
vn 0.0000 0.0000 -1.0000
vn -0.3716 -0.8971 0.2392
vn 0.0000 0.0000 -1.0000
vn 0.3716 -0.8971 0.2392
vn -0.0000 0.0000 -1.0000
vn 0.8971 -0.3716 0.2392
vn -0.0000 0.0000 -1.0000
vn 0.8660 0.5000 0.0000
vn 0.0000 1.0000 0.0000
vn -0.8660 0.5000 0.0000
vn -0.8660 -0.5000 0.0000
vn 0.0000 -1.0000 0.0000
vn 0.8660 -0.5000 0.0000
vn 0.8971 0.3716 0.2392
vn 0.0000 -0.0000 -1.0000
vn 0.3716 0.8971 0.2392
vn 0.0000 0.0000 -1.0000
vn -0.3716 0.8971 0.2392
vn 0.0000 0.0000 -1.0000
vn -0.8971 0.3716 0.2392
vn 0.0000 0.0000 -1.0000
vn -0.8971 -0.3716 0.2392
vn 0.0000 0.0000 -1.0000
vn -0.3716 -0.8971 0.2392
vn 0.0000 0.0000 -1.0000
vn 0.3716 -0.8971 0.2392
vn -0.0000 0.0000 -1.0000
vn 0.8971 -0.3716 0.2392
vn -0.0000 0.0000 -1.0000
vn 0.8660 0.5000 0.0000
vn 0.0000 1.0000 0.0000
vn -0.8660 0.5000 0.0000
vn -0.8660 -0.5000 0.0000
vn 0.0000 -1.0000 0.0000
vn 0.8660 -0.5000 0.0000
vn 0.7002 0.5332 0.4747
vn 0.5548 0.6869 0.4694
vn 0.3533 0.3245 0.8774
vn 0.6142 0.5880 0.5263
vn -0.4638 0.7315 0.4998
vn -0.8187 0.4262 0.3848
vn -0.2481 0.3360 0.9086
vn -0.5391 0.6217 0.5682
vn -0.8553 -0.3268 0.4020
vn -0.1731 -0.9078 0.3821
vn -0.2429 -0.3866 0.8897
vn -0.4633 -0.6026 0.6499
vn 0.3575 -0.8608 0.3623
vn 0.7109 -0.5121 0.4820
vn 0.3465 -0.3739 0.8603
vn 0.5723 -0.5976 0.5616
vn 0.5474 0.6777 -0.4910
vn 0.7239 0.5512 -0.4149
vn 0.4899 0.5761 -0.6543
vn 0.5669 0.6474 -0.5094
vn -0.8627 0.4491 -0.2326
vn -0.4567 0.7204 -0.5220
vn -0.3202 0.6260 -0.7110
vn -0.4485 0.7309 -0.5144
vn -0.1764 -0.9252 -0.3360
vn -0.9058 -0.3461 -0.2442
vn -0.3271 -0.6046 -0.7263
vn -0.4307 -0.6940 -0.5769
vn 0.7357 -0.5300 -0.4217
vn 0.3637 -0.8756 -0.3179
vn 0.4988 -0.5545 -0.6661
vn 0.5780 -0.6301 -0.5185
vn 0.8660 0.5000 0.0000
vn 0.0000 1.0000 0.0000
vn -0.8660 0.5000 0.0000
vn -0.8660 -0.5000 0.0000
vn 0.0000 -1.0000 0.0000
vn 0.8660 -0.5000 0.0000
vn 0.8971 0.3716 0.2392
vn 0.0000 -0.0000 -1.0000
vn 0.3716 0.8971 0.2392
vn 0.0000 0.0000 -1.0000
vn -0.3716 0.8971 0.2392
vn 0.0000 0.0000 -1.0000
vn -0.8971 0.3716 0.2392
vn 0.0000 0.0000 -1.0000
vn -0.8971 -0.3716 0.2392
vn 0.0000 0.0000 -1.0000
vn -0.3716 -0.8971 0.2392
vn 0.0000 0.0000 -1.0000
vn 0.3716 -0.8971 0.2392
vn -0.0000 0.0000 -1.0000
vn 0.8971 -0.3716 0.2392
vn -0.0000 0.0000 -1.0000
vn 0.8660 0.5000 0.0000
vn 0.0000 1.0000 0.0000
vn -0.8660 0.5000 0.0000
vn -0.8660 -0.5000 0.0000
vn 0.0000 -1.0000 0.0000
vn 0.8660 -0.5000 0.0000
vn 0.8971 0.3716 0.2392
vn 0.0000 -0.0000 -1.0000
vn 0.3716 0.8971 0.2392
vn 0.0000 0.0000 -1.0000
vn -0.3716 0.8971 0.2392
vn 0.0000 0.0000 -1.0000
vn -0.8971 0.3716 0.2392
vn 0.0000 0.0000 -1.0000
vn -0.8971 -0.3716 0.2392
vn 0.0000 0.0000 -1.0000
vn -0.3716 -0.8971 0.2392
vn 0.0000 0.0000 -1.0000
vn 0.3716 -0.8971 0.2392
vn -0.0000 0.0000 -1.0000
vn 0.8971 -0.3716 0.2392
vn -0.0000 0.0000 -1.0000
vn 0.8660 0.5000 0.0000
vn 0.0000 1.0000 0.0000
vn -0.8660 0.5000 0.0000
vn -0.8660 -0.5000 0.0000
vn 0.0000 -1.0000 0.0000
vn 0.8660 -0.5000 0.0000
vn 0.7584 0.5578 0.3372
vn 0.5208 0.7778 0.3518
vn 0.1288 0.1819 0.9748
vn 0.6106 0.6595 0.4385
vn -0.4037 0.8336 0.3771
vn -0.9520 0.2407 0.1892
vn -0.1423 0.1816 0.9730
vn -0.5765 0.6147 0.5383
vn -0.9665 -0.1701 0.1921
vn -0.3672 -0.8296 0.4206
vn -0.1422 -0.1861 0.9722
vn -0.5499 -0.5936 0.5876
vn 0.3726 -0.8277 0.4196
vn 0.8436 -0.3844 0.3750
vn 0.1287 -0.1865 0.9740
vn 0.5469 -0.6044 0.5794
vn 0.4832 0.7216 -0.4958
vn 0.6976 0.5130 -0.5002
vn 0.4645 0.4903 -0.7374
vn 0.5674 0.5917 -0.5727
vn -0.9616 0.2431 -0.1276
vn -0.3707 0.7655 -0.5260
vn -0.2285 0.5391 -0.8107
vn -0.4179 0.7086 -0.5685
vn -0.3308 -0.7473 -0.5764
vn -0.9765 -0.1719 -0.1296
vn -0.2258 -0.5547 -0.8009
vn -0.3766 -0.6914 -0.6166
vn 0.7621 -0.3473 -0.5465
vn 0.3357 -0.7459 -0.5753
vn 0.4599 -0.5056 -0.7300
vn 0.4839 -0.5292 -0.6970
vn 0.8660 0.5000 0.0000
vn 0.0000 1.0000 0.0000
vn -0.8660 0.5000 0.0000
vn -0.8660 -0.5000 0.0000
vn 0.0000 -1.0000 0.0000
vn 0.8660 -0.5000 0.0000
vn 0.8971 0.3716 0.2392
vn 0.0000 -0.0000 -1.0000
vn 0.3716 0.8971 0.2392
vn 0.0000 0.0000 -1.0000
vn -0.3716 0.8971 0.2392
vn 0.0000 0.0000 -1.0000
vn -0.8971 0.3716 0.2392
vn 0.0000 0.0000 -1.0000
vn -0.8971 -0.3716 0.2392
vn 0.0000 0.0000 -1.0000
vn -0.3716 -0.8971 0.2392
vn 0.0000 0.0000 -1.0000
vn 0.3716 -0.8971 0.2392
vn -0.0000 0.0000 -1.0000
vn 0.8971 -0.3716 0.2392
vn -0.0000 0.0000 -1.0000
vn 0.8660 0.5000 0.0000
vn 0.0000 1.0000 0.0000
vn -0.8660 0.5000 0.0000
vn -0.8660 -0.5000 0.0000
vn 0.0000 -1.0000 0.0000
vn 0.8660 -0.5000 0.0000
vn 0.7761 0.4583 0.4331
vn 0.4637 0.7899 0.4012
vn 0.4840 0.4431 0.7546
vn 0.6128 0.5751 0.5420
vn -0.4046 0.8153 0.4141
vn -0.8288 0.3843 0.4067
vn -0.4619 0.4492 0.7648
vn -0.5828 0.5708 0.5784
vn -0.8241 -0.3966 0.4044
vn -0.2988 -0.8721 0.3875
vn -0.4407 -0.5229 0.7297
vn -0.5269 -0.6053 0.5967
vn 0.2669 -0.8807 0.3913
vn 0.8072 -0.3815 0.4505
vn 0.4623 -0.5165 0.7208
vn 0.5245 -0.5770 0.6261
vn 0.4393 0.7483 -0.4970
vn 0.8102 0.4784 -0.3388
vn 0.1957 0.4081 -0.8917
vn 0.4879 0.6849 -0.5412
vn -0.8601 0.3988 -0.3182
vn -0.3820 0.7698 -0.5113
vn -0.1822 0.4092 -0.8941
vn -0.4584 0.6734 -0.5799
vn -0.3044 -0.8882 -0.3442
vn -0.8549 -0.4113 -0.3163
vn -0.1886 -0.3280 -0.9257
vn -0.5227 -0.6537 -0.5472
vn 0.8457 -0.3997 -0.3537
vn 0.2719 -0.8973 -0.3477
vn 0.2026 -0.3271 -0.9230
vn 0.5165 -0.6348 -0.5746
vn 0.8660 0.5000 0.0000
vn 0.0000 1.0000 0.0000
vn -0.8660 0.5000 0.0000
vn -0.8660 -0.5000 0.0000
vn 0.0000 -1.0000 0.0000
vn 0.8660 -0.5000 0.0000
vn 0.8971 0.3716 0.2392
vn 0.0000 -0.0000 -1.0000
vn 0.3716 0.8971 0.2392
vn 0.0000 0.0000 -1.0000
vn -0.3716 0.8971 0.2392
vn 0.0000 0.0000 -1.0000
vn -0.8971 0.3716 0.2392
vn 0.0000 0.0000 -1.0000
vn -0.8971 -0.3716 0.2392
vn 0.0000 0.0000 -1.0000
vn -0.3716 -0.8971 0.2392
vn 0.0000 0.0000 -1.0000
vn 0.3716 -0.8971 0.2392
vn -0.0000 0.0000 -1.0000
vn 0.8971 -0.3716 0.2392
vn -0.0000 0.0000 -1.0000
vn 0.8660 0.5000 0.0000
vn 0.0000 1.0000 0.0000
vn -0.8660 0.5000 0.0000
vn -0.8660 -0.5000 0.0000
vn 0.0000 -1.0000 0.0000
vn 0.8660 -0.5000 0.0000
vn 0.8971 0.3716 0.2392
vn 0.0000 -0.0000 -1.0000
vn 0.3716 0.8971 0.2392
vn 0.0000 0.0000 -1.0000
vn -0.3716 0.8971 0.2392
vn 0.0000 0.0000 -1.0000
vn -0.8971 0.3716 0.2392
vn 0.0000 0.0000 -1.0000
vn -0.8971 -0.3716 0.2392
vn 0.0000 0.0000 -1.0000
vn -0.3716 -0.8971 0.2392
vn 0.0000 0.0000 -1.0000
vn 0.3716 -0.8971 0.2392
vn -0.0000 0.0000 -1.0000
vn 0.8971 -0.3716 0.2392
vn -0.0000 0.0000 -1.0000
vn 0.8660 0.5000 0.0000
vn 0.0000 1.0000 0.0000
vn -0.8660 0.5000 0.0000
vn -0.8660 -0.5000 0.0000
vn 0.0000 -1.0000 0.0000
vn 0.8660 -0.5000 0.0000
vn 0.8971 0.3716 0.2392
vn 0.0000 -0.0000 -1.0000
vn 0.3716 0.8971 0.2392
vn 0.0000 0.0000 -1.0000
vn -0.3716 0.8971 0.2392
vn 0.0000 0.0000 -1.0000
vn -0.8971 0.3716 0.2392
vn 0.0000 0.0000 -1.0000
vn -0.8971 -0.3716 0.2392
vn 0.0000 0.0000 -1.0000
vn -0.3716 -0.8971 0.2392
vn 0.0000 0.0000 -1.0000
vn 0.3716 -0.8971 0.2392
vn -0.0000 0.0000 -1.0000
vn 0.8971 -0.3716 0.2392
vn -0.0000 0.0000 -1.0000
vn 0.8660 0.5000 0.0000
vn 0.0000 1.0000 0.0000
vn -0.8660 0.5000 0.0000
vn -0.8660 -0.5000 0.0000
vn 0.0000 -1.0000 0.0000
vn 0.8660 -0.5000 0.0000
vn 0.8971 0.3716 0.2392
vn 0.0000 -0.0000 -1.0000
vn 0.3716 0.8971 0.2392
vn 0.0000 0.0000 -1.0000
vn -0.3716 0.8971 0.2392
vn 0.0000 0.0000 -1.0000
vn -0.8971 0.3716 0.2392
vn 0.0000 0.0000 -1.0000
vn -0.8971 -0.3716 0.2392
vn 0.0000 0.0000 -1.0000
vn -0.3716 -0.8971 0.2392
vn 0.0000 0.0000 -1.0000
vn 0.3716 -0.8971 0.2392
vn -0.0000 0.0000 -1.0000
vn 0.8971 -0.3716 0.2392
vn -0.0000 0.0000 -1.0000
vn 0.8660 0.5000 0.0000
vn 0.0000 1.0000 0.0000
vn -0.8660 0.5000 0.0000
vn -0.8660 -0.5000 0.0000
vn 0.0000 -1.0000 0.0000
vn 0.8660 -0.5000 0.0000
vn 0.8971 0.3716 0.2392
vn 0.0000 -0.0000 -1.0000
vn 0.3716 0.8971 0.2392
vn 0.0000 0.0000 -1.0000
vn -0.3716 0.8971 0.2392
vn 0.0000 0.0000 -1.0000
vn -0.8971 0.3716 0.2392
vn 0.0000 0.0000 -1.0000
vn -0.8971 -0.3716 0.2392
vn 0.0000 0.0000 -1.0000
vn -0.3716 -0.8971 0.2392
vn 0.0000 0.0000 -1.0000
vn 0.3716 -0.8971 0.2392
vn -0.0000 0.0000 -1.0000
vn 0.8971 -0.3716 0.2392
vn -0.0000 0.0000 -1.0000
vn 0.8660 0.5000 0.0000
vn 0.0000 1.0000 0.0000
vn -0.8660 0.5000 0.0000
vn -0.8660 -0.5000 0.0000
vn 0.0000 -1.0000 0.0000
vn 0.8660 -0.5000 0.0000
vn 0.8971 0.3716 0.2392
vn 0.0000 -0.0000 -1.0000
vn 0.3716 0.8971 0.2392
vn 0.0000 0.0000 -1.0000
vn -0.3716 0.8971 0.2392
vn 0.0000 0.0000 -1.0000
vn -0.8971 0.3716 0.2392
vn 0.0000 0.0000 -1.0000
vn -0.8971 -0.3716 0.2392
vn 0.0000 0.0000 -1.0000
vn -0.3716 -0.8971 0.2392
vn 0.0000 0.0000 -1.0000
vn 0.3716 -0.8971 0.2392
vn -0.0000 0.0000 -1.0000
vn 0.8971 -0.3716 0.2392
vn -0.0000 0.0000 -1.0000
vn 0.8660 0.5000 0.0000
vn 0.0000 1.0000 0.0000
vn -0.8660 0.5000 0.0000
vn -0.8660 -0.5000 0.0000
vn 0.0000 -1.0000 0.0000
vn 0.8660 -0.5000 0.0000
vn 0.8971 0.3716 0.2392
vn 0.0000 -0.0000 -1.0000
vn 0.3716 0.8971 0.2392
vn 0.0000 0.0000 -1.0000
vn -0.3716 0.8971 0.2392
vn 0.0000 0.0000 -1.0000
vn -0.8971 0.3716 0.2392
vn 0.0000 0.0000 -1.0000
vn -0.8971 -0.3716 0.2392
vn 0.0000 0.0000 -1.0000
vn -0.3716 -0.8971 0.2392
vn 0.0000 0.0000 -1.0000
vn 0.3716 -0.8971 0.2392
vn -0.0000 0.0000 -1.0000
vn 0.8971 -0.3716 0.2392
vn -0.0000 0.0000 -1.0000
vn 0.8660 0.5000 0.0000
vn 0.0000 1.0000 0.0000
vn -0.8660 0.5000 0.0000
vn -0.8660 -0.5000 0.0000
vn 0.0000 -1.0000 0.0000
vn 0.8660 -0.5000 0.0000
vn 0.8971 0.3716 0.2392
vn 0.0000 -0.0000 -1.0000
vn 0.3716 0.8971 0.2392
vn 0.0000 0.0000 -1.0000
vn -0.3716 0.8971 0.2392
vn 0.0000 0.0000 -1.0000
vn -0.8971 0.3716 0.2392
vn 0.0000 0.0000 -1.0000
vn -0.8971 -0.3716 0.2392
vn 0.0000 0.0000 -1.0000
vn -0.3716 -0.8971 0.2392
vn 0.0000 0.0000 -1.0000
vn 0.3716 -0.8971 0.2392
vn -0.0000 0.0000 -1.0000
vn 0.8971 -0.3716 0.2392
vn -0.0000 0.0000 -1.0000
vn 0.8660 0.5000 0.0000
vn 0.0000 1.0000 0.0000
vn -0.8660 0.5000 0.0000
vn -0.8660 -0.5000 0.0000
vn 0.0000 -1.0000 0.0000
vn 0.8660 -0.5000 0.0000
vn 0.9233 0.2815 0.2613
vn 0.1660 0.9065 0.3883
vn 0.1354 0.3957 0.9084
vn 0.4132 0.6664 0.6206
vn -0.2370 0.8930 0.3826
vn -0.9491 0.2741 0.1549
vn -0.1094 0.3970 0.9113
vn -0.4306 0.7046 0.5640
vn -0.9467 -0.2826 0.1545
vn -0.5105 -0.7948 0.3283
vn -0.1188 -0.0843 0.9893
vn -0.6446 -0.6114 0.4590
vn 0.4004 -0.8470 0.3498
vn 0.9332 -0.2435 0.2641
vn 0.1469 -0.0840 0.9856
vn 0.6190 -0.5555 0.5552
vn 0.1783 0.9739 -0.1402
vn 0.9034 0.2755 -0.3286
vn 0.3908 0.2791 -0.8771
vn 0.6333 0.5293 -0.5646
vn -0.9105 0.2629 -0.3192
vn -0.2540 0.9573 -0.1378
vn -0.4673 0.2681 -0.8425
vn -0.6802 0.4975 -0.5383
vn -0.4956 -0.7717 -0.3985
vn -0.9084 -0.2711 -0.3184
vn -0.4602 -0.3156 -0.8298
vn -0.6532 -0.5200 -0.5504
vn 0.9127 -0.2382 -0.3320
vn 0.3872 -0.8192 -0.4231
vn 0.3845 -0.3282 -0.8628
vn 0.5882 -0.5350 -0.6064
vn 0.8660 0.5000 0.0000
vn 0.0000 1.0000 0.0000
vn -0.8660 0.5000 0.0000
vn -0.8660 -0.5000 0.0000
vn 0.0000 -1.0000 0.0000
vn 0.8660 -0.5000 0.0000
vn 0.9898 0.0928 0.1078
vn 0.3736 0.8696 0.3229
vn 0.2877 0.2334 0.9289
vn 0.6155 0.5645 0.5500
vn -0.5163 0.8029 0.2981
vn -0.7408 0.4426 0.5053
vn -0.5111 0.2095 0.8336
vn -0.7278 0.4530 0.5148
vn -0.7601 -0.3916 0.5185
vn -0.3531 -0.8570 0.3754
vn -0.4862 -0.3672 0.7930
vn -0.6121 -0.4991 0.6134
vn 0.2477 -0.8874 0.3887
vn 0.9910 -0.0794 0.1079
vn 0.2705 -0.4045 0.8736
vn 0.4914 -0.6189 0.6127
vn 0.3741 0.8709 -0.3187
vn 0.9520 0.0893 -0.2929
vn 0.3526 0.0838 -0.9320
vn 0.6786 0.4142 -0.6066
vn -0.7977 0.4766 -0.3694
vn -0.5170 0.8039 -0.2942
vn -0.2069 0.0876 -0.9744
vn -0.6820 0.5702 -0.4580
vn -0.3637 -0.8827 -0.2975
vn -0.8220 -0.4235 -0.3807
vn -0.2045 -0.1750 -0.9631
vn -0.6129 -0.5846 -0.5316
vn 0.9530 -0.0764 -0.2932
vn 0.2557 -0.9161 -0.3087
vn 0.3489 -0.1675 -0.9221
vn 0.6223 -0.4442 -0.6446
vn 0.8660 0.5000 0.0000
vn 0.0000 1.0000 0.0000
vn -0.8660 0.5000 0.0000
vn -0.8660 -0.5000 0.0000
vn 0.0000 -1.0000 0.0000
vn 0.8660 -0.5000 0.0000
vn 0.8642 0.3790 0.3309
vn 0.3330 0.9136 0.2332
vn 0.5015 0.4391 0.7455
vn 0.6335 0.5766 0.5160
vn -0.3614 0.9034 0.2306
vn -0.7846 0.5022 0.3637
vn -0.4559 0.4517 0.7669
vn -0.6234 0.6196 0.4769
vn -0.8699 -0.2841 0.4033
vn -0.3805 -0.8495 0.3654
vn -0.4808 -0.3384 0.8089
vn -0.6301 -0.4959 0.5975
vn 0.6249 -0.7171 0.3085
vn 0.8329 -0.4523 0.3189
vn 0.5273 -0.3279 0.7839
vn 0.7232 -0.5531 0.4137
vn 0.3287 0.9018 -0.2807
vn 0.8774 0.3848 -0.2865
vn 0.4152 0.4672 -0.7806
vn 0.5813 0.6284 -0.5169
vn -0.7763 0.4969 -0.3880
vn -0.3568 0.8920 -0.2776
vn -0.4394 0.4613 -0.7708
vn -0.6000 0.6198 -0.5059
vn -0.3741 -0.8352 -0.4031
vn -0.8586 -0.2804 -0.4291
vn -0.4659 -0.3389 -0.8173
vn -0.6118 -0.4909 -0.6202
vn 0.8447 -0.4588 -0.2758
vn 0.6174 -0.7085 -0.3420
vn 0.4410 -0.3438 -0.8291
vn 0.6843 -0.6020 -0.4115
vn 0.8660 0.5000 0.0000
vn 0.0000 1.0000 0.0000
vn -0.8660 0.5000 0.0000
vn -0.8660 -0.5000 0.0000
vn 0.0000 -1.0000 0.0000
vn 0.8660 -0.5000 0.0000
vn 0.8971 0.3716 0.2392
vn 0.0000 -0.0000 -1.0000
vn 0.3716 0.8971 0.2392
vn 0.0000 0.0000 -1.0000
vn -0.3716 0.8971 0.2392
vn 0.0000 0.0000 -1.0000
vn -0.8971 0.3716 0.2392
vn 0.0000 0.0000 -1.0000
vn -0.8971 -0.3716 0.2392
vn 0.0000 0.0000 -1.0000
vn -0.3716 -0.8971 0.2392
vn 0.0000 0.0000 -1.0000
vn 0.3716 -0.8971 0.2392
vn -0.0000 0.0000 -1.0000
vn 0.8971 -0.3716 0.2392
vn -0.0000 0.0000 -1.0000
vn 0.8660 0.5000 0.0000
vn 0.0000 1.0000 0.0000
vn -0.8660 0.5000 0.0000
vn -0.8660 -0.5000 0.0000
vn 0.0000 -1.0000 0.0000
vn 0.8660 -0.5000 0.0000
vn 0.8971 0.3716 0.2392
vn 0.0000 -0.0000 -1.0000
vn 0.3716 0.8971 0.2392
vn 0.0000 0.0000 -1.0000
vn -0.3716 0.8971 0.2392
vn 0.0000 0.0000 -1.0000
vn -0.8971 0.3716 0.2392
vn 0.0000 0.0000 -1.0000
vn -0.8971 -0.3716 0.2392
vn 0.0000 0.0000 -1.0000
vn -0.3716 -0.8971 0.2392
vn 0.0000 0.0000 -1.0000
vn 0.3716 -0.8971 0.2392
vn -0.0000 0.0000 -1.0000
vn 0.8971 -0.3716 0.2392
vn -0.0000 0.0000 -1.0000
vn 0.8660 0.5000 0.0000
vn 0.0000 1.0000 0.0000
vn -0.8660 0.5000 0.0000
vn -0.8660 -0.5000 0.0000
vn 0.0000 -1.0000 0.0000
vn 0.8660 -0.5000 0.0000
vn 0.8651 0.4185 0.2764
vn 0.3943 0.8038 0.4454
vn 0.2876 0.4992 0.8173
vn 0.4922 0.6862 0.5356
vn -0.4957 0.7596 0.4210
vn -0.8812 0.4448 0.1600
vn -0.2582 0.5036 0.8245
vn -0.5185 0.7318 0.4424
vn -0.9460 -0.2751 0.1717
vn -0.3580 -0.7534 0.5516
vn -0.2443 -0.5761 0.7800
vn -0.3950 -0.7087 0.5846
vn 0.3267 -0.7626 0.5583
vn 0.8993 -0.3296 0.2874
vn 0.2724 -0.5716 0.7740
vn 0.3939 -0.6807 0.6176
vn 0.4173 0.8508 -0.3195
vn 0.8375 0.4052 -0.3667
vn 0.2763 0.2126 -0.9372
vn 0.6316 0.5723 -0.5230
vn -0.8703 0.4394 -0.2225
vn -0.5213 0.7989 -0.3000
vn -0.2132 0.2162 -0.9528
vn -0.6414 0.6440 -0.4169
vn -0.3837 -0.8075 -0.4480
vn -0.9325 -0.2712 -0.2384
vn -0.2068 -0.3208 -0.9243
vn -0.5221 -0.6305 -0.5743
vn 0.8684 -0.3182 -0.3802
vn 0.3508 -0.8188 -0.4543
vn 0.2683 -0.3159 -0.9101
vn 0.5327 -0.5784 -0.6178
vn 0.8660 0.5000 0.0000
vn 0.0000 1.0000 0.0000
vn -0.8660 0.5000 0.0000
vn -0.8660 -0.5000 0.0000
vn 0.0000 -1.0000 0.0000
vn 0.8660 -0.5000 0.0000
vn 0.8971 0.3716 0.2392
vn 0.0000 -0.0000 -1.0000
vn 0.3716 0.8971 0.2392
vn 0.0000 0.0000 -1.0000
vn -0.3716 0.8971 0.2392
vn 0.0000 0.0000 -1.0000
vn -0.8971 0.3716 0.2392
vn 0.0000 0.0000 -1.0000
vn -0.8971 -0.3716 0.2392
vn 0.0000 0.0000 -1.0000
vn -0.3716 -0.8971 0.2392
vn 0.0000 0.0000 -1.0000
vn 0.3716 -0.8971 0.2392
vn -0.0000 0.0000 -1.0000
vn 0.8971 -0.3716 0.2392
vn -0.0000 0.0000 -1.0000
vn 0.8660 0.5000 0.0000
vn 0.0000 1.0000 0.0000
vn -0.8660 0.5000 0.0000
vn -0.8660 -0.5000 0.0000
vn 0.0000 -1.0000 0.0000
vn 0.8660 -0.5000 0.0000
vn 0.8971 0.3716 0.2392
vn 0.0000 -0.0000 -1.0000
vn 0.3716 0.8971 0.2392
vn 0.0000 0.0000 -1.0000
vn -0.3716 0.8971 0.2392
vn 0.0000 0.0000 -1.0000
vn -0.8971 0.3716 0.2392
vn 0.0000 0.0000 -1.0000
vn -0.8971 -0.3716 0.2392
vn 0.0000 0.0000 -1.0000
vn -0.3716 -0.8971 0.2392
vn 0.0000 0.0000 -1.0000
vn 0.3716 -0.8971 0.2392
vn -0.0000 0.0000 -1.0000
vn 0.8971 -0.3716 0.2392
vn -0.0000 0.0000 -1.0000
vn 0.8660 0.5000 0.0000
vn 0.0000 1.0000 0.0000
vn -0.8660 0.5000 0.0000
vn -0.8660 -0.5000 0.0000
vn 0.0000 -1.0000 0.0000
vn 0.8660 -0.5000 0.0000
vn 0.8971 0.3716 0.2392
vn 0.0000 -0.0000 -1.0000
vn 0.3716 0.8971 0.2392
vn 0.0000 0.0000 -1.0000
vn -0.3716 0.8971 0.2392
vn 0.0000 0.0000 -1.0000
vn -0.8971 0.3716 0.2392
vn 0.0000 0.0000 -1.0000
vn -0.8971 -0.3716 0.2392
vn 0.0000 0.0000 -1.0000
vn -0.3716 -0.8971 0.2392
vn 0.0000 0.0000 -1.0000
vn 0.3716 -0.8971 0.2392
vn -0.0000 0.0000 -1.0000
vn 0.8971 -0.3716 0.2392
vn -0.0000 0.0000 -1.0000
vn 0.8660 0.5000 0.0000
vn 0.0000 1.0000 0.0000
vn -0.8660 0.5000 0.0000
vn -0.8660 -0.5000 0.0000
vn 0.0000 -1.0000 0.0000
vn 0.8660 -0.5000 0.0000
vn 0.8623 0.3666 0.3492
vn 0.2008 0.9504 0.2375
vn 0.2722 0.3222 0.9067
vn 0.5569 0.6039 0.5703
vn -0.3699 0.9013 0.2252
vn -0.7751 0.5009 0.3851
vn -0.3574 0.3127 0.8800
vn -0.6398 0.6001 0.4801
vn -0.8150 -0.4145 0.4049
vn -0.2587 -0.9108 0.3217
vn -0.3426 -0.4136 0.8435
vn -0.5404 -0.6067 0.5830
vn 0.2374 -0.9160 0.3235
vn 0.8435 -0.4145 0.3416
vn 0.2602 -0.4251 0.8670
vn 0.4998 -0.6535 0.5684
vn 0.2021 0.9567 -0.2096
vn 0.8897 0.3782 -0.2558
vn 0.2507 0.3837 -0.8888
vn 0.5383 0.6600 -0.5241
vn -0.8167 0.5277 -0.2333
vn -0.3721 0.9067 -0.1986
vn -0.2580 0.3829 -0.8870
vn -0.5922 0.6980 -0.4027
vn -0.2621 -0.9227 -0.2828
vn -0.8638 -0.4394 -0.2468
vn -0.2464 -0.4713 -0.8469
vn -0.5000 -0.7032 -0.5055
vn 0.8690 -0.4270 -0.2499
vn 0.2405 -0.9280 -0.2845
vn 0.2393 -0.4722 -0.8484
vn 0.4895 -0.7014 -0.5180
vn 0.8660 0.5000 0.0000
vn 0.0000 1.0000 0.0000
vn -0.8660 0.5000 0.0000
vn -0.8660 -0.5000 0.0000
vn 0.0000 -1.0000 0.0000
vn 0.8660 -0.5000 0.0000
vn 0.8971 0.3716 0.2392
vn 0.0000 -0.0000 -1.0000
vn 0.3716 0.8971 0.2392
vn 0.0000 0.0000 -1.0000
vn -0.3716 0.8971 0.2392
vn 0.0000 0.0000 -1.0000
vn -0.8971 0.3716 0.2392
vn 0.0000 0.0000 -1.0000
vn -0.8971 -0.3716 0.2392
vn 0.0000 0.0000 -1.0000
vn -0.3716 -0.8971 0.2392
vn 0.0000 0.0000 -1.0000
vn 0.3716 -0.8971 0.2392
vn -0.0000 0.0000 -1.0000
vn 0.8971 -0.3716 0.2392
vn -0.0000 0.0000 -1.0000
vn 0.8660 0.5000 0.0000
vn 0.0000 1.0000 0.0000
vn -0.8660 0.5000 0.0000
vn -0.8660 -0.5000 0.0000
vn 0.0000 -1.0000 0.0000
vn 0.8660 -0.5000 0.0000
vn 0.8971 0.3716 0.2392
vn 0.0000 -0.0000 -1.0000
vn 0.3716 0.8971 0.2392
vn 0.0000 0.0000 -1.0000
vn -0.3716 0.8971 0.2392
vn 0.0000 0.0000 -1.0000
vn -0.8971 0.3716 0.2392
vn 0.0000 0.0000 -1.0000
vn -0.8971 -0.3716 0.2392
vn 0.0000 0.0000 -1.0000
vn -0.3716 -0.8971 0.2392
vn 0.0000 0.0000 -1.0000
vn 0.3716 -0.8971 0.2392
vn -0.0000 0.0000 -1.0000
vn 0.8971 -0.3716 0.2392
vn -0.0000 0.0000 -1.0000
vn 0.8660 0.5000 0.0000
vn 0.0000 1.0000 0.0000
vn -0.8660 0.5000 0.0000
vn -0.8660 -0.5000 0.0000
vn 0.0000 -1.0000 0.0000
vn 0.8660 -0.5000 0.0000
vn 0.9573 0.2088 0.1999
vn 0.2239 0.8942 0.3875
vn 0.3502 0.5436 0.7628
vn 0.4617 0.6460 0.6078
vn -0.2483 0.8888 0.3852
vn -0.8050 0.2688 0.5289
vn -0.5994 0.4645 0.6519
vn -0.5814 0.4451 0.6811
vn -0.8059 -0.2652 0.5294
vn -0.1487 -0.9674 0.2052
vn -0.6224 -0.3931 0.6769
vn -0.6356 -0.4079 0.6554
vn 0.2919 -0.9356 0.1985
vn 0.9078 -0.3741 0.1896
vn 0.3690 -0.4667 0.8037
vn 0.5808 -0.6667 0.4670
vn 0.2182 0.8715 -0.4392
vn 0.9543 0.2081 -0.2145
vn 0.2593 0.4987 -0.8271
vn 0.4236 0.6528 -0.6280
vn -0.8981 0.2999 -0.3216
vn -0.2420 0.8665 -0.4367
vn -0.3031 0.4921 -0.8161
vn -0.4522 0.6329 -0.6285
vn -0.1488 -0.9684 -0.1999
vn -0.8993 -0.2959 -0.3220
vn -0.3265 -0.3478 -0.8789
vn -0.5622 -0.5822 -0.5873
vn 0.9052 -0.3730 -0.2035
vn 0.2922 -0.9366 -0.1934
vn 0.2799 -0.3532 -0.8927
vn 0.5905 -0.6555 -0.4707
vn 0.8660 0.5000 0.0000
vn 0.0000 1.0000 0.0000
vn -0.8660 0.5000 0.0000
vn -0.8660 -0.5000 0.0000
vn 0.0000 -1.0000 0.0000
vn 0.8660 -0.5000 0.0000
vn 0.8971 0.3716 0.2392
vn 0.0000 -0.0000 -1.0000
vn 0.3716 0.8971 0.2392
vn 0.0000 0.0000 -1.0000
vn -0.3716 0.8971 0.2392
vn 0.0000 0.0000 -1.0000
vn -0.8971 0.3716 0.2392
vn 0.0000 0.0000 -1.0000
vn -0.8971 -0.3716 0.2392
vn 0.0000 0.0000 -1.0000
vn -0.3716 -0.8971 0.2392
vn 0.0000 0.0000 -1.0000
vn 0.3716 -0.8971 0.2392
vn -0.0000 0.0000 -1.0000
vn 0.8971 -0.3716 0.2392
vn -0.0000 0.0000 -1.0000
vn 0.8660 0.5000 0.0000
vn 0.0000 1.0000 0.0000
vn -0.8660 0.5000 0.0000
vn -0.8660 -0.5000 0.0000
vn 0.0000 -1.0000 0.0000
vn 0.8660 -0.5000 0.0000
vn 0.9315 0.3365 0.1380
vn 0.3311 0.9321 0.1471
vn 0.3874 0.4045 0.8284
vn 0.6324 0.6469 0.4262
vn -0.3188 0.9362 0.1477
vn -0.8897 0.4012 0.2179
vn -0.3992 0.4022 0.8239
vn -0.6337 0.6363 0.4398
vn -0.9532 -0.1924 0.2334
vn -0.3152 -0.7589 0.5698
vn -0.3513 -0.5925 0.7249
vn -0.4069 -0.6427 0.6492
vn 0.3227 -0.7569 0.5683
vn 0.9818 -0.1218 0.1455
vn 0.3405 -0.5951 0.7280
vn 0.4051 -0.6530 0.6399
vn 0.3193 0.8988 -0.3004
vn 0.8993 0.3248 -0.2927
vn 0.3646 0.3791 -0.8505
vn 0.5847 0.5981 -0.5481
vn -0.8501 0.3833 -0.3611
vn -0.3073 0.9025 -0.3016
vn -0.3658 0.3789 -0.8501
vn -0.5813 0.5933 -0.5569
vn -0.3575 -0.8608 -0.3622
vn -0.9049 -0.1827 -0.3844
vn -0.3888 -0.1808 -0.9034
vn -0.6431 -0.4417 -0.6256
vn 0.9443 -0.1171 -0.3074
vn 0.3658 -0.8579 -0.3609
vn 0.3875 -0.1809 -0.9040
vn 0.6456 -0.4460 -0.6199
vn 0.8660 0.5000 0.0000
vn 0.0000 1.0000 0.0000
vn -0.8660 0.5000 0.0000
vn -0.8660 -0.5000 0.0000
vn 0.0000 -1.0000 0.0000
vn 0.8660 -0.5000 0.0000
vn 0.8835 0.2724 0.3810
vn 0.2295 0.9471 0.2246
vn 0.4335 0.3037 0.8484
vn 0.6263 0.5042 0.5946
vn -0.2302 0.9469 0.2245
vn -0.8771 0.2954 0.3787
vn -0.4111 0.3072 0.8583
vn -0.6190 0.5216 0.5871
vn -0.8425 -0.3974 0.3638
vn -0.2912 -0.9105 0.2935
vn -0.3913 -0.4238 0.8169
vn -0.5727 -0.6027 0.5557
vn 0.2545 -0.9204 0.2967
vn 0.8635 -0.3403 0.3724
vn 0.4130 -0.4194 0.8084
vn 0.5687 -0.5747 0.5884
vn 0.2236 0.9228 -0.3138
vn 0.8884 0.2739 -0.3684
vn 0.4258 0.4192 -0.8018
vn 0.5571 0.5508 -0.6215
vn -0.9048 0.3047 -0.2976
vn -0.2243 0.9226 -0.3137
vn -0.3328 0.4369 -0.8357
vn -0.5204 0.6180 -0.5893
vn -0.3029 -0.9472 -0.1046
vn -0.8669 -0.4089 -0.2851
vn -0.3578 -0.2549 -0.8983
vn -0.6748 -0.5846 -0.4504
vn 0.8680 -0.3421 -0.3599
vn 0.2650 -0.9584 -0.1059
vn 0.4549 -0.2431 -0.8567
vn 0.6962 -0.5043 -0.5110
vn 0.8660 0.5000 0.0000
vn 0.0000 1.0000 0.0000
vn -0.8660 0.5000 0.0000
vn -0.8660 -0.5000 0.0000
vn 0.0000 -1.0000 0.0000
vn 0.8660 -0.5000 0.0000
vn 0.8971 0.3716 0.2392
vn 0.0000 -0.0000 -1.0000
vn 0.3716 0.8971 0.2392
vn 0.0000 0.0000 -1.0000
vn -0.3716 0.8971 0.2392
vn 0.0000 0.0000 -1.0000
vn -0.8971 0.3716 0.2392
vn 0.0000 0.0000 -1.0000
vn -0.8971 -0.3716 0.2392
vn 0.0000 0.0000 -1.0000
vn -0.3716 -0.8971 0.2392
vn 0.0000 0.0000 -1.0000
vn 0.3716 -0.8971 0.2392
vn -0.0000 0.0000 -1.0000
vn 0.8971 -0.3716 0.2392
vn -0.0000 0.0000 -1.0000
vn 0.8660 0.5000 0.0000
vn 0.0000 1.0000 0.0000
vn -0.8660 0.5000 0.0000
vn -0.8660 -0.5000 0.0000
vn 0.0000 -1.0000 0.0000
vn 0.8660 -0.5000 0.0000
vn 0.8971 0.3716 0.2392
vn 0.0000 -0.0000 -1.0000
vn 0.3716 0.8971 0.2392
vn 0.0000 0.0000 -1.0000
vn -0.3716 0.8971 0.2392
vn 0.0000 0.0000 -1.0000
vn -0.8971 0.3716 0.2392
vn 0.0000 0.0000 -1.0000
vn -0.8971 -0.3716 0.2392
vn 0.0000 0.0000 -1.0000
vn -0.3716 -0.8971 0.2392
vn 0.0000 0.0000 -1.0000
vn 0.3716 -0.8971 0.2392
vn -0.0000 0.0000 -1.0000
vn 0.8971 -0.3716 0.2392
vn -0.0000 0.0000 -1.0000
vn 0.8660 0.5000 0.0000
vn 0.0000 1.0000 0.0000
vn -0.8660 0.5000 0.0000
vn -0.8660 -0.5000 0.0000
vn 0.0000 -1.0000 0.0000
vn 0.8660 -0.5000 0.0000
vn 0.8971 0.3716 0.2392
vn 0.0000 -0.0000 -1.0000
vn 0.3716 0.8971 0.2392
vn 0.0000 0.0000 -1.0000
vn -0.3716 0.8971 0.2392
vn 0.0000 0.0000 -1.0000
vn -0.8971 0.3716 0.2392
vn 0.0000 0.0000 -1.0000
vn -0.8971 -0.3716 0.2392
vn 0.0000 0.0000 -1.0000
vn -0.3716 -0.8971 0.2392
vn 0.0000 0.0000 -1.0000
vn 0.3716 -0.8971 0.2392
vn -0.0000 0.0000 -1.0000
vn 0.8971 -0.3716 0.2392
vn -0.0000 0.0000 -1.0000
vn 0.8660 0.5000 0.0000
vn 0.0000 1.0000 0.0000
vn -0.8660 0.5000 0.0000
vn -0.8660 -0.5000 0.0000
vn 0.0000 -1.0000 0.0000
vn 0.8660 -0.5000 0.0000
vn 0.8320 0.4626 0.3062
vn 0.3641 0.8416 0.3989
vn 0.2870 0.4909 0.8226
vn 0.5012 0.6871 0.5261
vn -0.2929 0.8640 0.4095
vn -0.9304 0.1873 0.3149
vn -0.4634 0.4541 0.7609
vn -0.5481 0.5392 0.6395
vn -0.9238 -0.2211 0.3127
vn -0.3386 -0.9222 0.1866
vn -0.5050 -0.2396 0.8292
vn -0.7053 -0.4610 0.5386
vn 0.4628 -0.8689 0.1758
vn 0.7904 -0.5391 0.2909
vn 0.3178 -0.2632 0.9109
vn 0.6765 -0.6308 0.3800
vn 0.3607 0.8339 -0.4178
vn 0.8241 0.4582 -0.3331
vn 0.1509 0.3397 -0.9284
vn 0.4976 0.6756 -0.5440
vn -0.9109 0.1834 -0.3697
vn -0.2901 0.8556 -0.4286
vn -0.3702 0.3192 -0.8724
vn -0.5537 0.5043 -0.6626
vn -0.3313 -0.9023 -0.2758
vn -0.9046 -0.2166 -0.3671
vn -0.3852 -0.1662 -0.9077
vn -0.6656 -0.4561 -0.5908
vn 0.7836 -0.5344 -0.3167
vn 0.4539 -0.8522 -0.2604
vn 0.1579 -0.1778 -0.9713
vn 0.6299 -0.6480 -0.4282
vn 0.8660 0.5000 0.0000
vn 0.0000 1.0000 0.0000
vn -0.8660 0.5000 0.0000
vn -0.8660 -0.5000 0.0000
vn 0.0000 -1.0000 0.0000
vn 0.8660 -0.5000 0.0000
vn 0.9298 0.3107 0.1974
vn 0.2810 0.9461 0.1610
vn 0.1645 0.1535 0.9744
vn 0.6251 0.6147 0.4811
vn -0.3955 0.9054 0.1541
vn -0.9006 0.4172 0.1218
vn -0.0954 0.1549 0.9833
vn -0.6296 0.6828 0.3707
vn -0.9631 -0.2357 0.1302
vn -0.3606 -0.7380 0.5703
vn -0.0868 -0.4374 0.8951
vn -0.3786 -0.7161 0.5864
vn 0.5128 -0.6793 0.5250
vn 0.8847 -0.4266 0.1878
vn 0.1500 -0.4341 0.8883
vn 0.4742 -0.7318 0.4895
vn 0.2717 0.9146 -0.2996
vn 0.9128 0.3050 -0.2717
vn 0.2386 0.3044 -0.9222
vn 0.5532 0.6152 -0.5617
vn -0.8310 0.3850 -0.4014
vn -0.3834 0.8777 -0.2875
vn -0.4107 0.2858 -0.8658
vn -0.6496 0.5349 -0.5403
vn -0.3738 -0.7651 -0.5243
vn -0.8793 -0.2153 -0.4248
vn -0.4024 -0.3443 -0.8483
vn -0.5498 -0.4935 -0.6739
vn 0.8700 -0.4195 -0.2590
vn 0.5285 -0.7002 -0.4799
vn 0.2332 -0.3657 -0.9010
vn 0.5496 -0.6696 -0.4996
vn 0.8660 0.5000 0.0000
vn 0.0000 1.0000 0.0000
vn -0.8660 0.5000 0.0000
vn -0.8660 -0.5000 0.0000
vn 0.0000 -1.0000 0.0000
vn 0.8660 -0.5000 0.0000
vn 0.8971 0.3716 0.2392
vn 0.0000 -0.0000 -1.0000
vn 0.3716 0.8971 0.2392
vn 0.0000 0.0000 -1.0000
vn -0.3716 0.8971 0.2392
vn 0.0000 0.0000 -1.0000
vn -0.8971 0.3716 0.2392
vn 0.0000 0.0000 -1.0000
vn -0.8971 -0.3716 0.2392
vn 0.0000 0.0000 -1.0000
vn -0.3716 -0.8971 0.2392
vn 0.0000 0.0000 -1.0000
vn 0.3716 -0.8971 0.2392
vn -0.0000 0.0000 -1.0000
vn 0.8971 -0.3716 0.2392
vn -0.0000 0.0000 -1.0000
vn 0.8660 0.5000 0.0000
vn 0.0000 1.0000 0.0000
vn -0.8660 0.5000 0.0000
vn -0.8660 -0.5000 0.0000
vn 0.0000 -1.0000 0.0000
vn 0.8660 -0.5000 0.0000
vn 0.8337 0.4684 0.2925
vn 0.3605 0.8839 0.2980
vn 0.4188 0.5362 0.7329
vn 0.5625 0.6682 0.4869
vn -0.2052 0.9274 0.3127
vn -0.9447 0.1679 0.2816
vn -0.5132 0.5068 0.6927
vn -0.5512 0.5450 0.6318
vn -0.8968 -0.3527 0.2673
vn -0.4867 -0.8255 0.2859
vn -0.5397 -0.4221 0.7284
vn -0.6744 -0.5695 0.4699
vn 0.4051 -0.8639 0.2992
vn 0.8592 -0.4135 0.3015
vn 0.4432 -0.4494 0.7756
vn 0.6118 -0.6173 0.4946
vn 0.3756 0.9208 -0.1052
vn 0.8555 0.4807 -0.1923
vn 0.3055 0.3100 -0.9003
vn 0.6568 0.6605 -0.3638
vn -0.9541 0.1695 -0.2469
vn -0.2147 0.9704 -0.1109
vn -0.4929 0.2833 -0.8227
vn -0.6806 0.4874 -0.5470
vn -0.5010 -0.8498 -0.1642
vn -0.9047 -0.3558 -0.2341
vn -0.4964 -0.2588 -0.8286
vn -0.7398 -0.5386 -0.4033
vn 0.8832 -0.4250 -0.1985
vn 0.4182 -0.8919 -0.1723
vn 0.3081 -0.2836 -0.9081
vn 0.6587 -0.6379 -0.3990
vn 0.8660 0.5000 0.0000
vn 0.0000 1.0000 0.0000
vn -0.8660 0.5000 0.0000
vn -0.8660 -0.5000 0.0000
vn 0.0000 -1.0000 0.0000
vn 0.8660 -0.5000 0.0000
vn 0.8224 0.4372 0.3640
vn 0.4484 0.8632 0.2321
vn 0.3786 0.2185 0.8994
vn 0.6916 0.5492 0.4692
vn -0.4544 0.8602 0.2313
vn -0.7696 0.5076 0.3873
vn -0.3422 0.2218 0.9131
vn -0.6817 0.5754 0.4519
vn -0.8561 -0.2855 0.4308
vn -0.1828 -0.8949 0.4071
vn -0.3205 -0.4071 0.8553
vn -0.4782 -0.5623 0.6746
vn 0.3351 -0.8576 0.3901
vn 0.8512 -0.3654 0.3767
vn 0.3552 -0.4018 0.8440
vn 0.5500 -0.5936 0.5875
vn 0.4410 0.8489 -0.2912
vn 0.8489 0.4512 -0.2752
vn 0.3857 0.4148 -0.8241
vn 0.6160 0.6413 -0.4575
vn -0.7711 0.5086 -0.3830
vn -0.4470 0.8462 -0.2902
vn -0.4431 0.4030 -0.8008
vn -0.6397 0.6043 -0.4749
vn -0.1897 -0.9284 -0.3194
vn -0.8581 -0.2862 -0.4263
vn -0.4384 -0.4243 -0.7923
vn -0.5460 -0.5324 -0.6469
vn 0.8807 -0.3780 -0.2855
vn 0.3466 -0.8870 -0.3051
vn 0.3814 -0.4364 -0.8149
vn 0.5779 -0.6278 -0.5215
vn 0.8660 0.5000 0.0000
vn 0.0000 1.0000 0.0000
vn -0.8660 0.5000 0.0000
vn -0.8660 -0.5000 0.0000
vn 0.0000 -1.0000 0.0000
vn 0.8660 -0.5000 0.0000
vn 0.8971 0.3716 0.2392
vn 0.0000 -0.0000 -1.0000
vn 0.3716 0.8971 0.2392
vn 0.0000 0.0000 -1.0000
vn -0.3716 0.8971 0.2392
vn 0.0000 0.0000 -1.0000
vn -0.8971 0.3716 0.2392
vn 0.0000 0.0000 -1.0000
vn -0.8971 -0.3716 0.2392
vn 0.0000 0.0000 -1.0000
vn -0.3716 -0.8971 0.2392
vn 0.0000 0.0000 -1.0000
vn 0.3716 -0.8971 0.2392
vn -0.0000 0.0000 -1.0000
vn 0.8971 -0.3716 0.2392
vn -0.0000 0.0000 -1.0000
vn 0.8660 0.5000 0.0000
vn 0.0000 1.0000 0.0000
vn -0.8660 0.5000 0.0000
vn -0.8660 -0.5000 0.0000
vn 0.0000 -1.0000 0.0000
vn 0.8660 -0.5000 0.0000
vn 0.8971 0.3716 0.2392
vn 0.0000 -0.0000 -1.0000
vn 0.3716 0.8971 0.2392
vn 0.0000 0.0000 -1.0000
vn -0.3716 0.8971 0.2392
vn 0.0000 0.0000 -1.0000
vn -0.8971 0.3716 0.2392
vn 0.0000 0.0000 -1.0000
vn -0.8971 -0.3716 0.2392
vn 0.0000 0.0000 -1.0000
vn -0.3716 -0.8971 0.2392
vn 0.0000 0.0000 -1.0000
vn 0.3716 -0.8971 0.2392
vn -0.0000 0.0000 -1.0000
vn 0.8971 -0.3716 0.2392
vn -0.0000 0.0000 -1.0000
vn 0.8660 0.5000 0.0000
vn 0.0000 1.0000 0.0000
vn -0.8660 0.5000 0.0000
vn -0.8660 -0.5000 0.0000
vn 0.0000 -1.0000 0.0000
vn 0.8660 -0.5000 0.0000
vn 0.8971 0.3716 0.2392
vn 0.0000 -0.0000 -1.0000
vn 0.3716 0.8971 0.2392
vn 0.0000 0.0000 -1.0000
vn -0.3716 0.8971 0.2392
vn 0.0000 0.0000 -1.0000
vn -0.8971 0.3716 0.2392
vn 0.0000 0.0000 -1.0000
vn -0.8971 -0.3716 0.2392
vn 0.0000 0.0000 -1.0000
vn -0.3716 -0.8971 0.2392
vn 0.0000 0.0000 -1.0000
vn 0.3716 -0.8971 0.2392
vn -0.0000 0.0000 -1.0000
vn 0.8971 -0.3716 0.2392
vn -0.0000 0.0000 -1.0000
vn 0.8660 0.5000 0.0000
vn 0.0000 1.0000 0.0000
vn -0.8660 0.5000 0.0000
vn -0.8660 -0.5000 0.0000
vn 0.0000 -1.0000 0.0000
vn 0.8660 -0.5000 0.0000
vn 0.8971 0.3716 0.2392
vn 0.0000 -0.0000 -1.0000
vn 0.3716 0.8971 0.2392
vn 0.0000 0.0000 -1.0000
vn -0.3716 0.8971 0.2392
vn 0.0000 0.0000 -1.0000
vn -0.8971 0.3716 0.2392
vn 0.0000 0.0000 -1.0000
vn -0.8971 -0.3716 0.2392
vn 0.0000 0.0000 -1.0000
vn -0.3716 -0.8971 0.2392
vn 0.0000 0.0000 -1.0000
vn 0.3716 -0.8971 0.2392
vn -0.0000 0.0000 -1.0000
vn 0.8971 -0.3716 0.2392
vn -0.0000 0.0000 -1.0000
vn 0.8660 0.5000 0.0000
vn 0.0000 1.0000 0.0000
vn -0.8660 0.5000 0.0000
vn -0.8660 -0.5000 0.0000
vn 0.0000 -1.0000 0.0000
vn 0.8660 -0.5000 0.0000
vn 0.9533 0.2249 0.2015
vn 0.3678 0.7769 0.5111
vn 0.3856 0.5777 0.7194
vn 0.4665 0.6506 0.5992
vn -0.3904 0.7691 0.5060
vn -0.9810 0.1700 0.0940
vn -0.3545 0.5855 0.7291
vn -0.4616 0.6796 0.5702
vn -0.9906 -0.0989 0.0949
vn -0.1435 -0.9809 0.1313
vn -0.4017 -0.3953 0.8261
vn -0.5931 -0.5872 0.5508
vn 0.2389 -0.9625 0.1288
vn 0.9410 -0.2738 0.1989
vn 0.4353 -0.3886 0.8121
vn 0.6345 -0.5928 0.4960
vn 0.3983 0.8413 -0.3655
vn 0.9149 0.2159 -0.3411
vn 0.3187 0.1582 -0.9346
vn 0.6416 0.4863 -0.5932
vn -0.9286 0.1609 -0.3343
vn -0.4221 0.8315 -0.3612
vn -0.3950 0.1533 -0.9058
vn -0.6711 0.4391 -0.5974
vn -0.1371 -0.9373 -0.3203
vn -0.9367 -0.0936 -0.3373
vn -0.3801 -0.3090 -0.8718
vn -0.5447 -0.4752 -0.6910
vn 0.9040 -0.2630 -0.3371
vn 0.2287 -0.9212 -0.3148
vn 0.3060 -0.3181 -0.8973
vn 0.5524 -0.5639 -0.6139
vn 0.8660 0.5000 0.0000
vn 0.0000 1.0000 0.0000
vn -0.8660 0.5000 0.0000
vn -0.8660 -0.5000 0.0000
vn 0.0000 -1.0000 0.0000
vn 0.8660 -0.5000 0.0000
vn 0.8527 0.4220 0.3079
vn 0.2584 0.9321 0.2539
vn 0.3729 0.4832 0.7921
vn 0.5493 0.6497 0.5255
vn -0.3077 0.9180 0.2501
vn -0.7542 0.4689 0.4597
vn -0.5129 0.4470 0.7329
vn -0.6226 0.5613 0.5452
vn -0.7409 -0.4971 0.4516
vn -0.4609 -0.8323 0.3081
vn -0.5247 -0.4034 0.7497
vn -0.6631 -0.5532 0.5042
vn 0.3338 -0.8840 0.3273
vn 0.8726 -0.3731 0.3151
vn 0.3829 -0.4377 0.8135
vn 0.5673 -0.6175 0.5448
vn 0.2618 0.9443 -0.1993
vn 0.8042 0.3980 -0.4415
vn 0.5233 0.3949 -0.7551
vn 0.6439 0.5243 -0.5573
vn -0.8143 0.5063 -0.2840
vn -0.3116 0.9297 -0.1962
vn -0.3335 0.4369 -0.8354
vn -0.5850 0.6748 -0.4499
vn -0.4587 -0.8284 -0.3215
vn -0.7976 -0.5352 -0.2782
vn -0.3291 -0.4606 -0.8244
vn -0.5779 -0.6910 -0.4342
vn 0.8208 -0.3510 -0.4506
vn 0.3320 -0.8793 -0.3413
vn 0.5176 -0.4173 -0.7469
vn 0.6114 -0.5160 -0.5999
vn 0.8660 0.5000 0.0000
vn 0.0000 1.0000 0.0000
vn -0.8660 0.5000 0.0000
vn -0.8660 -0.5000 0.0000
vn 0.0000 -1.0000 0.0000
vn 0.8660 -0.5000 0.0000
vn 0.8971 0.3716 0.2392
vn 0.0000 -0.0000 -1.0000
vn 0.3716 0.8971 0.2392
vn 0.0000 0.0000 -1.0000
vn -0.3716 0.8971 0.2392
vn 0.0000 0.0000 -1.0000
vn -0.8971 0.3716 0.2392
vn 0.0000 0.0000 -1.0000
vn -0.8971 -0.3716 0.2392
vn 0.0000 0.0000 -1.0000
vn -0.3716 -0.8971 0.2392
vn 0.0000 0.0000 -1.0000
vn 0.3716 -0.8971 0.2392
vn -0.0000 0.0000 -1.0000
vn 0.8971 -0.3716 0.2392
vn -0.0000 0.0000 -1.0000
vn 0.8660 0.5000 0.0000
vn 0.0000 1.0000 0.0000
vn -0.8660 0.5000 0.0000
vn -0.8660 -0.5000 0.0000
vn 0.0000 -1.0000 0.0000
vn 0.8660 -0.5000 0.0000
vn 0.8971 0.3716 0.2392
vn 0.0000 -0.0000 -1.0000
vn 0.3716 0.8971 0.2392
vn 0.0000 0.0000 -1.0000
vn -0.3716 0.8971 0.2392
vn 0.0000 0.0000 -1.0000
vn -0.8971 0.3716 0.2392
vn 0.0000 0.0000 -1.0000
vn -0.8971 -0.3716 0.2392
vn 0.0000 0.0000 -1.0000
vn -0.3716 -0.8971 0.2392
vn 0.0000 0.0000 -1.0000
vn 0.3716 -0.8971 0.2392
vn -0.0000 0.0000 -1.0000
vn 0.8971 -0.3716 0.2392
vn -0.0000 0.0000 -1.0000
vn 0.8660 0.5000 0.0000
vn 0.0000 1.0000 0.0000
vn -0.8660 0.5000 0.0000
vn -0.8660 -0.5000 0.0000
vn 0.0000 -1.0000 0.0000
vn 0.8660 -0.5000 0.0000
vn 0.7907 0.4360 0.4297
vn 0.5757 0.7350 0.3583
vn 0.4956 0.2706 0.8253
vn 0.7072 0.5055 0.4943
vn -0.5799 0.7323 0.3570
vn -0.7343 0.5788 0.3548
vn -0.2963 0.2976 0.9075
vn -0.6416 0.6427 0.4185
vn -0.8243 -0.4023 0.3983
vn -0.3472 -0.8777 0.3303
vn -0.2980 -0.2799 0.9126
vn -0.5940 -0.5771 0.5604
vn 0.4429 -0.8391 0.3158
vn 0.8243 -0.3462 0.4480
vn 0.4979 -0.2543 0.8291
vn 0.6897 -0.4639 0.5560
vn 0.5651 0.7215 -0.4001
vn 0.7995 0.4408 -0.4081
vn 0.5628 0.4260 -0.7083
vn 0.6698 0.5445 -0.5049
vn -0.6946 0.5475 -0.4667
vn -0.5693 0.7189 -0.3987
vn -0.5341 0.4358 -0.7245
vn -0.6596 0.5708 -0.4890
vn -0.3543 -0.8955 -0.2695
vn -0.7693 -0.3754 -0.5170
vn -0.5633 -0.3142 -0.7642
vn -0.6811 -0.4462 -0.5805
vn 0.8342 -0.3504 -0.4259
vn 0.4511 -0.8546 -0.2572
vn 0.5922 -0.3065 -0.7453
vn 0.7193 -0.4562 -0.5239
vn 0.8660 0.5000 0.0000
vn 0.0000 1.0000 0.0000
vn -0.8660 0.5000 0.0000
vn -0.8660 -0.5000 0.0000
vn 0.0000 -1.0000 0.0000
vn 0.8660 -0.5000 0.0000
vn 0.8971 0.3716 0.2392
vn 0.0000 -0.0000 -1.0000
vn 0.3716 0.8971 0.2392
vn 0.0000 0.0000 -1.0000
vn -0.3716 0.8971 0.2392
vn 0.0000 0.0000 -1.0000
vn -0.8971 0.3716 0.2392
vn 0.0000 0.0000 -1.0000
vn -0.8971 -0.3716 0.2392
vn 0.0000 0.0000 -1.0000
vn -0.3716 -0.8971 0.2392
vn 0.0000 0.0000 -1.0000
vn 0.3716 -0.8971 0.2392
vn -0.0000 0.0000 -1.0000
vn 0.8971 -0.3716 0.2392
vn -0.0000 0.0000 -1.0000
vn 0.8660 0.5000 0.0000
vn 0.0000 1.0000 0.0000
vn -0.8660 0.5000 0.0000
vn -0.8660 -0.5000 0.0000
vn 0.0000 -1.0000 0.0000
vn 0.8660 -0.5000 0.0000
vn 0.9497 0.2019 0.2393
vn 0.3340 0.8669 0.3700
vn 0.4153 0.4209 0.8065
vn 0.5697 0.5750 0.5872
vn -0.3293 0.8684 0.3706
vn -0.8821 0.3251 0.3409
vn -0.3962 0.4248 0.8140
vn -0.5605 0.5873 0.5838
vn -0.8074 -0.5007 0.3120
vn -0.5719 -0.7270 0.3800
vn -0.4009 -0.4014 0.8235
vn -0.6342 -0.6346 0.4417
vn 0.3946 -0.8143 0.4256
vn 0.9540 -0.1790 0.2404
vn 0.4201 -0.3976 0.8158
vn 0.5791 -0.5580 0.5944
vn 0.3202 0.8311 -0.4547
vn 0.9113 0.1938 -0.3633
vn 0.3408 0.3058 -0.8890
vn 0.5496 0.5157 -0.6572
vn -0.8425 0.3105 -0.4402
vn -0.3157 0.8324 -0.4555
vn -0.2989 0.3104 -0.9024
vn -0.5328 0.5440 -0.6482
vn -0.5549 -0.7054 -0.4410
vn -0.7767 -0.4817 -0.4058
vn -0.3032 -0.2656 -0.9152
vn -0.6254 -0.5911 -0.5094
vn 0.9151 -0.1717 -0.3648
vn 0.3801 -0.7843 -0.4903
vn 0.3455 -0.2616 -0.9012
vn 0.5720 -0.4903 -0.6575
vn 0.8660 0.5000 0.0000
vn 0.0000 1.0000 0.0000
vn -0.8660 0.5000 0.0000
vn -0.8660 -0.5000 0.0000
vn 0.0000 -1.0000 0.0000
vn 0.8660 -0.5000 0.0000
vn 0.8971 0.3716 0.2392
vn 0.0000 -0.0000 -1.0000
vn 0.3716 0.8971 0.2392
vn 0.0000 0.0000 -1.0000
vn -0.3716 0.8971 0.2392
vn 0.0000 0.0000 -1.0000
vn -0.8971 0.3716 0.2392
vn 0.0000 0.0000 -1.0000
vn -0.8971 -0.3716 0.2392
vn 0.0000 0.0000 -1.0000
vn -0.3716 -0.8971 0.2392
vn 0.0000 0.0000 -1.0000
vn 0.3716 -0.8971 0.2392
vn -0.0000 0.0000 -1.0000
vn 0.8971 -0.3716 0.2392
vn -0.0000 0.0000 -1.0000
vn 0.8660 0.5000 0.0000
vn 0.0000 1.0000 0.0000
vn -0.8660 0.5000 0.0000
vn -0.8660 -0.5000 0.0000
vn 0.0000 -1.0000 0.0000
vn 0.8660 -0.5000 0.0000
vn 0.8971 0.3716 0.2392
vn 0.0000 -0.0000 -1.0000
vn 0.3716 0.8971 0.2392
vn 0.0000 0.0000 -1.0000
vn -0.3716 0.8971 0.2392
vn 0.0000 0.0000 -1.0000
vn -0.8971 0.3716 0.2392
vn 0.0000 0.0000 -1.0000
vn -0.8971 -0.3716 0.2392
vn 0.0000 0.0000 -1.0000
vn -0.3716 -0.8971 0.2392
vn 0.0000 0.0000 -1.0000
vn 0.3716 -0.8971 0.2392
vn -0.0000 0.0000 -1.0000
vn 0.8971 -0.3716 0.2392
vn -0.0000 0.0000 -1.0000
vn 0.8660 0.5000 0.0000
vn 0.0000 1.0000 0.0000
vn -0.8660 0.5000 0.0000
vn -0.8660 -0.5000 0.0000
vn 0.0000 -1.0000 0.0000
vn 0.8660 -0.5000 0.0000
vn 0.8727 0.3831 0.3027
vn 0.3043 0.7960 0.5232
vn 0.2840 0.6020 0.7463
vn 0.3917 0.6958 0.6020
vn -0.4241 0.7568 0.4974
vn -0.8581 0.4035 0.3176
vn -0.4007 0.5752 0.7131
vn -0.4963 0.6610 0.5628
vn -0.8254 -0.4748 0.3055
vn -0.4400 -0.8854 0.1498
vn -0.4647 -0.3163 0.8270
vn -0.7059 -0.5806 0.4057
vn 0.3443 -0.9257 0.1566
vn 0.8235 -0.4901 0.2857
vn 0.3349 -0.3366 0.8801
vn 0.6378 -0.6392 0.4296
vn 0.3369 0.8811 -0.3320
vn 0.8338 0.3660 -0.4132
vn 0.2906 0.2320 -0.9283
vn 0.6034 0.5476 -0.5797
vn -0.8601 0.4044 -0.3111
vn -0.4644 0.8287 -0.3122
vn -0.2921 0.2319 -0.9278
vn -0.6447 0.5901 -0.4859
vn -0.4284 -0.8622 -0.2704
vn -0.8271 -0.4758 -0.2991
vn -0.2862 -0.3030 -0.9090
vn -0.6224 -0.6372 -0.4546
vn 0.7906 -0.4705 -0.3918
vn 0.3345 -0.8992 -0.2820
vn 0.2847 -0.3031 -0.9094
vn 0.5935 -0.6104 -0.5245
vn 0.8660 0.5000 0.0000
vn 0.0000 1.0000 0.0000
vn -0.8660 0.5000 0.0000
vn -0.8660 -0.5000 0.0000
vn 0.0000 -1.0000 0.0000
vn 0.8660 -0.5000 0.0000
vn 0.8971 0.3716 0.2392
vn 0.0000 -0.0000 -1.0000
vn 0.3716 0.8971 0.2392
vn 0.0000 0.0000 -1.0000
vn -0.3716 0.8971 0.2392
vn 0.0000 0.0000 -1.0000
vn -0.8971 0.3716 0.2392
vn 0.0000 0.0000 -1.0000
vn -0.8971 -0.3716 0.2392
vn 0.0000 0.0000 -1.0000
vn -0.3716 -0.8971 0.2392
vn 0.0000 0.0000 -1.0000
vn 0.3716 -0.8971 0.2392
vn -0.0000 0.0000 -1.0000
vn 0.8971 -0.3716 0.2392
vn -0.0000 0.0000 -1.0000
vn 0.8660 0.5000 0.0000
vn 0.0000 1.0000 0.0000
vn -0.8660 0.5000 0.0000
vn -0.8660 -0.5000 0.0000
vn 0.0000 -1.0000 0.0000
vn 0.8660 -0.5000 0.0000
vn 0.8276 0.4194 0.3732
vn 0.3812 0.8439 0.3776
vn 0.3256 0.3699 0.8702
vn 0.5689 0.6098 0.5519
vn -0.4041 0.8349 0.3736
vn -0.7720 0.5692 0.2829
vn -0.1205 0.3884 0.9136
vn -0.4960 0.7368 0.4594
vn -0.8662 -0.3859 0.3174
vn -0.2730 -0.9041 0.3288
vn -0.1266 -0.2512 0.9596
vn -0.5220 -0.6430 0.5604
vn 0.4971 -0.8154 0.2965
vn 0.8046 -0.4702 0.3628
vn 0.3403 -0.2381 0.9097
vn 0.6695 -0.5787 0.4657
vn 0.3987 0.8826 -0.2492
vn 0.8646 0.4381 -0.2461
vn 0.3192 0.3645 -0.8748
vn 0.6116 0.6509 -0.4497
vn -0.7333 0.5406 -0.4123
vn -0.4222 0.8724 -0.2463
vn -0.4137 0.3501 -0.8404
vn -0.6527 0.5969 -0.4666
vn -0.2698 -0.8933 -0.3594
vn -0.8126 -0.3620 -0.4568
vn -0.4058 -0.3948 -0.8243
vn -0.5582 -0.5478 -0.6232
vn 0.8384 -0.4900 -0.2386
vn 0.4923 -0.8075 -0.3248
vn 0.3126 -0.4104 -0.8567
vn 0.5970 -0.6805 -0.4249
vn 0.8660 0.5000 0.0000
vn 0.0000 1.0000 0.0000
vn -0.8660 0.5000 0.0000
vn -0.8660 -0.5000 0.0000
vn 0.0000 -1.0000 0.0000
vn 0.8660 -0.5000 0.0000
vn 0.8971 0.3716 0.2392
vn 0.0000 -0.0000 -1.0000
vn 0.3716 0.8971 0.2392
vn 0.0000 0.0000 -1.0000
vn -0.3716 0.8971 0.2392
vn 0.0000 0.0000 -1.0000
vn -0.8971 0.3716 0.2392
vn 0.0000 0.0000 -1.0000
vn -0.8971 -0.3716 0.2392
vn 0.0000 0.0000 -1.0000
vn -0.3716 -0.8971 0.2392
vn 0.0000 0.0000 -1.0000
vn 0.3716 -0.8971 0.2392
vn -0.0000 0.0000 -1.0000
vn 0.8971 -0.3716 0.2392
vn -0.0000 0.0000 -1.0000
vn 0.8660 0.5000 0.0000
vn 0.0000 1.0000 0.0000
vn -0.8660 0.5000 0.0000
vn -0.8660 -0.5000 0.0000
vn 0.0000 -1.0000 0.0000
vn 0.8660 -0.5000 0.0000
vn 0.8971 0.3716 0.2392
vn 0.0000 -0.0000 -1.0000
vn 0.3716 0.8971 0.2392
vn 0.0000 0.0000 -1.0000
vn -0.3716 0.8971 0.2392
vn 0.0000 0.0000 -1.0000
vn -0.8971 0.3716 0.2392
vn 0.0000 0.0000 -1.0000
vn -0.8971 -0.3716 0.2392
vn 0.0000 0.0000 -1.0000
vn -0.3716 -0.8971 0.2392
vn 0.0000 0.0000 -1.0000
vn 0.3716 -0.8971 0.2392
vn -0.0000 0.0000 -1.0000
vn 0.8971 -0.3716 0.2392
vn -0.0000 0.0000 -1.0000
vn 0.8660 0.5000 0.0000
vn 0.0000 1.0000 0.0000
vn -0.8660 0.5000 0.0000
vn -0.8660 -0.5000 0.0000
vn 0.0000 -1.0000 0.0000
vn 0.8660 -0.5000 0.0000
vn 0.8971 0.3716 0.2392
vn 0.0000 -0.0000 -1.0000
vn 0.3716 0.8971 0.2392
vn 0.0000 0.0000 -1.0000
vn -0.3716 0.8971 0.2392
vn 0.0000 0.0000 -1.0000
vn -0.8971 0.3716 0.2392
vn 0.0000 0.0000 -1.0000
vn -0.8971 -0.3716 0.2392
vn 0.0000 0.0000 -1.0000
vn -0.3716 -0.8971 0.2392
vn 0.0000 0.0000 -1.0000
vn 0.3716 -0.8971 0.2392
vn -0.0000 0.0000 -1.0000
vn 0.8971 -0.3716 0.2392
vn -0.0000 0.0000 -1.0000
vn 0.8660 0.5000 0.0000
vn 0.0000 1.0000 0.0000
vn -0.8660 0.5000 0.0000
vn -0.8660 -0.5000 0.0000
vn 0.0000 -1.0000 0.0000
vn 0.8660 -0.5000 0.0000
vn 0.8734 0.4020 0.2750
vn 0.3644 0.8795 0.3062
vn 0.3921 0.4667 0.7928
vn 0.5761 0.6432 0.5044
vn -0.1618 0.9320 0.3244
vn -0.9663 0.0530 0.2519
vn -0.4885 0.4427 0.7520
vn -0.5445 0.4996 0.6737
vn -0.9222 -0.3030 0.2404
vn -0.4503 -0.8539 0.2610
vn -0.5050 -0.3748 0.7775
vn -0.6756 -0.5598 0.4797
vn 0.3596 -0.8923 0.2728
vn 0.8906 -0.3580 0.2804
vn 0.4070 -0.3967 0.8228
vn 0.6126 -0.6033 0.5107
vn 0.3779 0.9121 -0.1589
vn 0.8753 0.4029 -0.2673
vn 0.2474 0.1497 -0.9573
vn 0.6770 0.5887 -0.4417
vn -0.9589 0.0526 -0.2787
vn -0.1686 0.9711 -0.1691
vn -0.3974 0.1417 -0.9066
vn -0.6607 0.4117 -0.6277
vn -0.4472 -0.8481 -0.2841
vn -0.9158 -0.3008 -0.2662
vn -0.3880 -0.2562 -0.8853
vn -0.6692 -0.5505 -0.4991
vn 0.8927 -0.3589 -0.2726
vn 0.3569 -0.8857 -0.2967
vn 0.2410 -0.2698 -0.9323
vn 0.5918 -0.6185 -0.5169
vn 0.8660 0.5000 0.0000
vn 0.0000 1.0000 0.0000
vn -0.8660 0.5000 0.0000
vn -0.8660 -0.5000 0.0000
vn 0.0000 -1.0000 0.0000
vn 0.8660 -0.5000 0.0000
vn 0.8971 0.3716 0.2392
vn 0.0000 -0.0000 -1.0000
vn 0.3716 0.8971 0.2392
vn 0.0000 0.0000 -1.0000
vn -0.3716 0.8971 0.2392
vn 0.0000 0.0000 -1.0000
vn -0.8971 0.3716 0.2392
vn 0.0000 0.0000 -1.0000
vn -0.8971 -0.3716 0.2392
vn 0.0000 0.0000 -1.0000
vn -0.3716 -0.8971 0.2392
vn 0.0000 0.0000 -1.0000
vn 0.3716 -0.8971 0.2392
vn -0.0000 0.0000 -1.0000
vn 0.8971 -0.3716 0.2392
vn -0.0000 0.0000 -1.0000
vn 0.8660 0.5000 0.0000
vn 0.0000 1.0000 0.0000
vn -0.8660 0.5000 0.0000
vn -0.8660 -0.5000 0.0000
vn 0.0000 -1.0000 0.0000
vn 0.8660 -0.5000 0.0000
vn 0.9368 0.2498 0.2449
vn 0.2794 0.9495 0.1426
vn 0.4251 0.2735 0.8628
vn 0.6723 0.5352 0.5114
vn -0.1304 0.9805 0.1473
vn -0.9798 0.1147 0.1640
vn -0.3238 0.2859 0.9019
vn -0.5934 0.5577 0.5804
vn -0.9115 -0.3821 0.1526
vn -0.5501 -0.7819 0.2933
vn -0.3214 -0.3090 0.8951
vn -0.6544 -0.6440 0.3962
vn 0.3855 -0.8639 0.3241
vn 0.9506 -0.1862 0.2485
vn 0.4222 -0.2958 0.8569
vn 0.6397 -0.5224 0.5639
vn 0.2670 0.9075 -0.3243
vn 0.9446 0.2519 -0.2104
vn 0.3252 0.4386 -0.8378
vn 0.5276 0.6329 -0.5667
vn -0.9848 0.1153 -0.1296
vn -0.1242 0.9344 -0.3340
vn -0.2271 0.4517 -0.8628
vn -0.4328 0.6481 -0.6266
vn -0.5350 -0.7605 -0.3680
vn -0.9155 -0.3838 -0.1205
vn -0.2368 -0.3671 -0.8995
vn -0.5847 -0.6966 -0.4158
vn 0.9587 -0.1878 -0.2135
vn 0.3727 -0.8353 -0.4042
vn 0.3382 -0.3556 -0.8713
vn 0.5666 -0.5829 -0.5824
vn 0.8660 0.5000 0.0000
vn 0.0000 1.0000 0.0000
vn -0.8660 0.5000 0.0000
vn -0.8660 -0.5000 0.0000
vn 0.0000 -1.0000 0.0000
vn 0.8660 -0.5000 0.0000
vn 0.8971 0.3716 0.2392
vn 0.0000 -0.0000 -1.0000
vn 0.3716 0.8971 0.2392
vn 0.0000 0.0000 -1.0000
vn -0.3716 0.8971 0.2392
vn 0.0000 0.0000 -1.0000
vn -0.8971 0.3716 0.2392
vn 0.0000 0.0000 -1.0000
vn -0.8971 -0.3716 0.2392
vn 0.0000 0.0000 -1.0000
vn -0.3716 -0.8971 0.2392
vn 0.0000 0.0000 -1.0000
vn 0.3716 -0.8971 0.2392
vn -0.0000 0.0000 -1.0000
vn 0.8971 -0.3716 0.2392
vn -0.0000 0.0000 -1.0000
vn 0.8660 0.5000 0.0000
vn 0.0000 1.0000 0.0000
vn -0.8660 0.5000 0.0000
vn -0.8660 -0.5000 0.0000
vn 0.0000 -1.0000 0.0000
vn 0.8660 -0.5000 0.0000
vn 0.8971 0.3716 0.2392
vn 0.0000 -0.0000 -1.0000
vn 0.3716 0.8971 0.2392
vn 0.0000 0.0000 -1.0000
vn -0.3716 0.8971 0.2392
vn 0.0000 0.0000 -1.0000
vn -0.8971 0.3716 0.2392
vn 0.0000 0.0000 -1.0000
vn -0.8971 -0.3716 0.2392
vn 0.0000 0.0000 -1.0000
vn -0.3716 -0.8971 0.2392
vn 0.0000 0.0000 -1.0000
vn 0.3716 -0.8971 0.2392
vn -0.0000 0.0000 -1.0000
vn 0.8971 -0.3716 0.2392
vn -0.0000 0.0000 -1.0000
vn 0.8660 0.5000 0.0000
vn 0.0000 1.0000 0.0000
vn -0.8660 0.5000 0.0000
vn -0.8660 -0.5000 0.0000
vn 0.0000 -1.0000 0.0000
vn 0.8660 -0.5000 0.0000
vn 0.9112 0.1577 0.3807
vn 0.3084 0.8688 0.3873
vn 0.4584 0.3008 0.8363
vn 0.6052 0.4533 0.6544
vn -0.5784 0.7451 0.3322
vn -0.7419 0.5821 0.3328
vn -0.3175 0.3209 0.8923
vn -0.6466 0.6495 0.4001
vn -0.8682 -0.3073 0.3895
vn -0.2397 -0.9387 0.2478
vn -0.3254 -0.2399 0.9146
vn -0.6092 -0.5277 0.5919
vn 0.3570 -0.9031 0.2384
vn 0.8899 -0.2641 0.3718
vn 0.4684 -0.2241 0.8546
vn 0.6897 -0.4627 0.5570
vn 0.2820 0.7943 -0.5381
vn 0.9190 0.1590 -0.3607
vn 0.4117 0.4762 -0.7770
vn 0.4729 0.5362 -0.6991
vn -0.7159 0.5618 -0.4146
vn -0.5407 0.6965 -0.4718
vn -0.3939 0.4803 -0.7837
vn -0.5718 0.6494 -0.5013
vn -0.2222 -0.8701 -0.4399
vn -0.8274 -0.2929 -0.4792
vn -0.4039 -0.4370 -0.8037
vn -0.4989 -0.5311 -0.6849
vn 0.8973 -0.2662 -0.3521
vn 0.3327 -0.8416 -0.4255
vn 0.4220 -0.4331 -0.7965
vn 0.5490 -0.5595 -0.6209
vn 0.8660 0.5000 0.0000
vn 0.0000 1.0000 0.0000
vn -0.8660 0.5000 0.0000
vn -0.8660 -0.5000 0.0000
vn 0.0000 -1.0000 0.0000
vn 0.8660 -0.5000 0.0000
vn 0.8971 0.3716 0.2392
vn 0.0000 -0.0000 -1.0000
vn 0.3716 0.8971 0.2392
vn 0.0000 0.0000 -1.0000
vn -0.3716 0.8971 0.2392
vn 0.0000 0.0000 -1.0000
vn -0.8971 0.3716 0.2392
vn 0.0000 0.0000 -1.0000
vn -0.8971 -0.3716 0.2392
vn 0.0000 0.0000 -1.0000
vn -0.3716 -0.8971 0.2392
vn 0.0000 0.0000 -1.0000
vn 0.3716 -0.8971 0.2392
vn -0.0000 0.0000 -1.0000
vn 0.8971 -0.3716 0.2392
vn -0.0000 0.0000 -1.0000
vn 0.8660 0.5000 0.0000
vn 0.0000 1.0000 0.0000
vn -0.8660 0.5000 0.0000
vn -0.8660 -0.5000 0.0000
vn 0.0000 -1.0000 0.0000
vn 0.8660 -0.5000 0.0000
vn 0.8971 0.3716 0.2392
vn 0.0000 -0.0000 -1.0000
vn 0.3716 0.8971 0.2392
vn 0.0000 0.0000 -1.0000
vn -0.3716 0.8971 0.2392
vn 0.0000 0.0000 -1.0000
vn -0.8971 0.3716 0.2392
vn 0.0000 0.0000 -1.0000
vn -0.8971 -0.3716 0.2392
vn 0.0000 0.0000 -1.0000
vn -0.3716 -0.8971 0.2392
vn 0.0000 0.0000 -1.0000
vn 0.3716 -0.8971 0.2392
vn -0.0000 0.0000 -1.0000
vn 0.8971 -0.3716 0.2392
vn -0.0000 0.0000 -1.0000
vn 0.8660 0.5000 0.0000
vn 0.0000 1.0000 0.0000
vn -0.8660 0.5000 0.0000
vn -0.8660 -0.5000 0.0000
vn 0.0000 -1.0000 0.0000
vn 0.8660 -0.5000 0.0000
vn 0.9393 0.3231 0.1154
vn 0.4963 0.8170 0.2935
vn 0.1253 0.1525 0.9803
vn 0.6287 0.6538 0.4211
vn -0.5608 0.7792 0.2799
vn -0.8926 0.4323 0.1279
vn -0.1107 0.1528 0.9820
vn -0.6413 0.6783 0.3587
vn -0.9241 -0.3585 0.1325
vn -0.4992 -0.8272 0.2579
vn -0.1113 -0.1126 0.9874
vn -0.6472 -0.6484 0.4009
vn 0.4385 -0.8580 0.2675
vn 0.9594 -0.2563 0.1179
vn 0.1259 -0.1124 0.9857
vn 0.6358 -0.6229 0.4558
vn 0.4781 0.7870 -0.3900
vn 0.9192 0.3162 -0.2345
vn 0.4337 0.4404 -0.7861
vn 0.6050 0.6110 -0.5106
vn -0.8831 0.4277 -0.1928
vn -0.5420 0.7530 -0.3731
vn -0.3670 0.4546 -0.8116
vn -0.6000 0.6751 -0.4293
vn -0.4929 -0.8166 -0.3005
vn -0.9136 -0.3545 -0.1994
vn -0.3850 -0.3565 -0.8513
vn -0.6445 -0.6199 -0.4475
vn 0.9381 -0.2506 -0.2393
vn 0.4325 -0.8462 -0.3114
vn 0.4536 -0.3443 -0.8220
vn 0.6511 -0.5521 -0.5208
vn 0.8660 0.5000 0.0000
vn 0.0000 1.0000 0.0000
vn -0.8660 0.5000 0.0000
vn -0.8660 -0.5000 0.0000
vn 0.0000 -1.0000 0.0000
vn 0.8660 -0.5000 0.0000
vn 0.7335 0.4438 0.5148
vn 0.4572 0.7184 0.5244
vn 0.4038 0.4008 0.8224
vn 0.5592 0.5563 0.6146
vn -0.3170 0.7660 0.5592
vn -0.9272 0.2261 0.2985
vn -0.2323 0.4261 0.8744
vn -0.4307 0.6187 0.6570
vn -0.9130 -0.2829 0.2939
vn -0.3320 -0.8976 0.2901
vn -0.2517 -0.1975 0.9474
vn -0.6139 -0.5622 0.5541
vn 0.2845 -0.9122 0.2948
vn 0.7782 -0.3101 0.5462
vn 0.4332 -0.1839 0.8823
vn 0.6531 -0.4118 0.6355
vn 0.5100 0.8014 -0.3125
vn 0.8099 0.4900 -0.3226
vn 0.4299 0.3969 -0.8110
vn 0.6470 0.6184 -0.4460
vn -0.8770 0.2139 -0.4302
vn -0.3598 0.8693 -0.3389
vn -0.6012 0.3513 -0.7178
vn -0.6621 0.4200 -0.6207
vn -0.3028 -0.8188 -0.4878
vn -0.8650 -0.2681 -0.4243
vn -0.5306 -0.5631 -0.6335
vn -0.5095 -0.5425 -0.6679
vn 0.8712 -0.3472 -0.3470
vn 0.2588 -0.8298 -0.4943
vn 0.3683 -0.6177 -0.6948
vn 0.4119 -0.6560 -0.6324
vn 0.8660 0.5000 0.0000
vn 0.0000 1.0000 0.0000
vn -0.8660 0.5000 0.0000
vn -0.8660 -0.5000 0.0000
vn 0.0000 -1.0000 0.0000
vn 0.8660 -0.5000 0.0000
vn 0.8971 0.3716 0.2392
vn 0.0000 -0.0000 -1.0000
vn 0.3716 0.8971 0.2392
vn 0.0000 0.0000 -1.0000
vn -0.3716 0.8971 0.2392
vn 0.0000 0.0000 -1.0000
vn -0.8971 0.3716 0.2392
vn 0.0000 0.0000 -1.0000
vn -0.8971 -0.3716 0.2392
vn 0.0000 0.0000 -1.0000
vn -0.3716 -0.8971 0.2392
vn 0.0000 0.0000 -1.0000
vn 0.3716 -0.8971 0.2392
vn -0.0000 0.0000 -1.0000
vn 0.8971 -0.3716 0.2392
vn -0.0000 0.0000 -1.0000
vn 0.8660 0.5000 0.0000
vn 0.0000 1.0000 0.0000
vn -0.8660 0.5000 0.0000
vn -0.8660 -0.5000 0.0000
vn 0.0000 -1.0000 0.0000
vn 0.8660 -0.5000 0.0000
vn 0.9353 0.2956 0.1947
vn 0.3707 0.8984 0.2355
vn 0.2303 0.1999 0.9524
vn 0.6329 0.6050 0.4830
vn -0.4383 0.8694 0.2279
vn -0.8812 0.4217 0.2139
vn -0.2022 0.2012 0.9585
vn -0.6417 0.6409 0.4212
vn -0.9636 -0.1298 0.2339
vn -0.2659 -0.8721 0.4107
vn -0.2000 -0.2466 0.9483
vn -0.5197 -0.5658 0.6401
vn 0.4879 -0.7897 0.3719
vn 0.9307 -0.3102 0.1937
vn 0.2278 -0.2450 0.9424
vn 0.6093 -0.6250 0.4880
vn 0.3668 0.8889 -0.2743
vn 0.9072 0.2867 -0.3079
vn 0.5364 0.4161 -0.7343
vn 0.6480 0.5364 -0.5407
vn -0.8966 0.4291 -0.1093
vn -0.4340 0.8609 -0.2657
vn -0.2871 0.4722 -0.8334
vn -0.5685 0.7235 -0.3915
vn -0.2581 -0.8465 -0.4657
vn -0.9839 -0.1325 -0.1200
vn -0.2764 -0.5291 -0.8023
vn -0.4231 -0.6642 -0.6163
vn 0.9030 -0.3010 -0.3065
vn 0.4760 -0.7705 -0.4239
vn 0.5206 -0.4701 -0.7127
vn 0.6126 -0.5652 -0.5525
vn 0.8660 0.5000 0.0000
vn 0.0000 1.0000 0.0000
vn -0.8660 0.5000 0.0000
vn -0.8660 -0.5000 0.0000
vn 0.0000 -1.0000 0.0000
vn 0.8660 -0.5000 0.0000
vn 0.8971 0.3716 0.2392
vn 0.0000 -0.0000 -1.0000
vn 0.3716 0.8971 0.2392
vn 0.0000 0.0000 -1.0000
vn -0.3716 0.8971 0.2392
vn 0.0000 0.0000 -1.0000
vn -0.8971 0.3716 0.2392
vn 0.0000 0.0000 -1.0000
vn -0.8971 -0.3716 0.2392
vn 0.0000 0.0000 -1.0000
vn -0.3716 -0.8971 0.2392
vn 0.0000 0.0000 -1.0000
vn 0.3716 -0.8971 0.2392
vn -0.0000 0.0000 -1.0000
vn 0.8971 -0.3716 0.2392
vn -0.0000 0.0000 -1.0000
vn 0.8660 0.5000 0.0000
vn 0.0000 1.0000 0.0000
vn -0.8660 0.5000 0.0000
vn -0.8660 -0.5000 0.0000
vn 0.0000 -1.0000 0.0000
vn 0.8660 -0.5000 0.0000
vn 0.9240 0.3363 0.1820
vn 0.3374 0.8698 0.3599
vn 0.0970 0.2884 0.9526
vn 0.5071 0.6889 0.5179
vn -0.2345 0.8983 0.3716
vn -0.9475 0.1497 0.2824
vn -0.2730 0.2787 0.9208
vn -0.5367 0.5423 0.6465
vn -0.9310 -0.2371 0.2775
vn -0.3133 -0.9069 0.2817
vn -0.2783 -0.2037 0.9386
vn -0.6174 -0.5463 0.5660
vn 0.1694 -0.9412 0.2923
vn 0.9666 -0.1716 0.1904
vn 0.0991 -0.2111 0.9724
vn 0.5035 -0.6166 0.6052
vn 0.3543 0.9132 -0.2013
vn 0.9301 0.3385 -0.1427
vn 0.0838 0.1333 -0.9875
vn 0.6108 0.6578 -0.4406
vn -0.9346 0.1477 -0.3235
vn -0.2470 0.9463 -0.2086
vn -0.3568 0.1250 -0.9258
vn -0.6662 0.4409 -0.6015
vn -0.3050 -0.8829 -0.3570
vn -0.9188 -0.2339 -0.3180
vn -0.3420 -0.3096 -0.8872
vn -0.5771 -0.5463 -0.6071
vn 0.9736 -0.1729 -0.1493
vn 0.1646 -0.9144 -0.3698
vn 0.0799 -0.3284 -0.9412
vn 0.4221 -0.6684 -0.6124
vn 0.8660 0.5000 0.0000
vn 0.0000 1.0000 0.0000
vn -0.8660 0.5000 0.0000
vn -0.8660 -0.5000 0.0000
vn 0.0000 -1.0000 0.0000
vn 0.8660 -0.5000 0.0000
vn 0.8971 0.3716 0.2392
vn 0.0000 -0.0000 -1.0000
vn 0.3716 0.8971 0.2392
vn 0.0000 0.0000 -1.0000
vn -0.3716 0.8971 0.2392
vn 0.0000 0.0000 -1.0000
vn -0.8971 0.3716 0.2392
vn 0.0000 0.0000 -1.0000
vn -0.8971 -0.3716 0.2392
vn 0.0000 0.0000 -1.0000
vn -0.3716 -0.8971 0.2392
vn 0.0000 0.0000 -1.0000
vn 0.3716 -0.8971 0.2392
vn -0.0000 0.0000 -1.0000
vn 0.8971 -0.3716 0.2392
vn -0.0000 0.0000 -1.0000
vn 0.8660 0.5000 0.0000
vn 0.0000 1.0000 0.0000
vn -0.8660 0.5000 0.0000
vn -0.8660 -0.5000 0.0000
vn 0.0000 -1.0000 0.0000
vn 0.8660 -0.5000 0.0000
vn 0.7456 0.3393 0.5736
vn 0.3675 0.8207 0.4376
vn 0.4402 0.2573 0.8602
vn 0.6142 0.4371 0.6570
vn -0.3961 0.8102 0.4320
vn -0.9015 0.3496 0.2553
vn -0.1406 0.2837 0.9486
vn -0.5200 0.6567 0.5462
vn -0.8529 -0.4628 0.2415
vn -0.3628 -0.8653 0.3458
vn -0.1372 -0.3528 0.9256
vn -0.5120 -0.7090 0.4850
vn 0.2753 -0.8927 0.3567
vn 0.7300 -0.3894 0.5616
vn 0.4314 -0.3213 0.8430
vn 0.5913 -0.4856 0.6439
vn 0.3540 0.7905 -0.4997
vn 0.8462 0.3851 -0.3682
vn 0.2449 0.4217 -0.8730
vn 0.4724 0.6404 -0.6056
vn -0.8796 0.3411 -0.3317
vn -0.3819 0.7812 -0.4938
vn -0.2806 0.4175 -0.8643
vn -0.4983 0.6276 -0.5981
vn -0.3705 -0.8838 -0.2856
vn -0.8343 -0.4527 -0.3146
vn -0.2901 -0.3427 -0.8936
vn -0.5912 -0.6384 -0.4928
vn 0.8237 -0.4394 -0.3584
vn 0.2816 -0.9130 -0.2951
vn 0.2534 -0.3464 -0.9032
vn 0.5487 -0.6348 -0.5440
vn 0.8660 0.5000 0.0000
vn 0.0000 1.0000 0.0000
vn -0.8660 0.5000 0.0000
vn -0.8660 -0.5000 0.0000
vn 0.0000 -1.0000 0.0000
vn 0.8660 -0.5000 0.0000
vn 0.8971 0.3716 0.2392
vn 0.0000 -0.0000 -1.0000
vn 0.3716 0.8971 0.2392
vn 0.0000 0.0000 -1.0000
vn -0.3716 0.8971 0.2392
vn 0.0000 0.0000 -1.0000
vn -0.8971 0.3716 0.2392
vn 0.0000 0.0000 -1.0000
vn -0.8971 -0.3716 0.2392
vn 0.0000 0.0000 -1.0000
vn -0.3716 -0.8971 0.2392
vn 0.0000 0.0000 -1.0000
vn 0.3716 -0.8971 0.2392
vn -0.0000 0.0000 -1.0000
vn 0.8971 -0.3716 0.2392
vn -0.0000 0.0000 -1.0000
vn 0.8660 0.5000 0.0000
vn 0.0000 1.0000 0.0000
vn -0.8660 0.5000 0.0000
vn -0.8660 -0.5000 0.0000
vn 0.0000 -1.0000 0.0000
vn 0.8660 -0.5000 0.0000
vn 0.8971 0.3716 0.2392
vn 0.0000 -0.0000 -1.0000
vn 0.3716 0.8971 0.2392
vn 0.0000 0.0000 -1.0000
vn -0.3716 0.8971 0.2392
vn 0.0000 0.0000 -1.0000
vn -0.8971 0.3716 0.2392
vn 0.0000 0.0000 -1.0000
vn -0.8971 -0.3716 0.2392
vn 0.0000 0.0000 -1.0000
vn -0.3716 -0.8971 0.2392
vn 0.0000 0.0000 -1.0000
vn 0.3716 -0.8971 0.2392
vn -0.0000 0.0000 -1.0000
vn 0.8971 -0.3716 0.2392
vn -0.0000 0.0000 -1.0000
vn 0.8660 0.5000 0.0000
vn 0.0000 1.0000 0.0000
vn -0.8660 0.5000 0.0000
vn -0.8660 -0.5000 0.0000
vn 0.0000 -1.0000 0.0000
vn 0.8660 -0.5000 0.0000
vn 0.8561 0.3914 0.3374
vn 0.3325 0.9133 0.2353
vn 0.3682 0.3139 0.8752
vn 0.6301 0.5810 0.5152
vn -0.2808 0.9294 0.2395
vn -0.8936 0.1856 0.4087
vn -0.5658 0.2784 0.7761
vn -0.6787 0.4040 0.6133
vn -0.8546 -0.3419 0.3908
vn -0.2378 -0.9558 0.1730
vn -0.5389 -0.4036 0.7393
vn -0.6474 -0.5210 0.5563
vn 0.1176 -0.9772 0.1769
vn 0.8591 -0.3838 0.3386
vn 0.3464 -0.4495 0.8234
vn 0.5322 -0.6280 0.5678
vn 0.3282 0.9013 -0.2827
vn 0.7713 0.3527 -0.5298
vn 0.6091 0.3669 -0.7031
vn 0.6687 0.4350 -0.6030
vn -0.9232 0.1917 -0.3329
vn -0.2770 0.9168 -0.2876
vn -0.5332 0.3913 -0.7500
vn -0.6242 0.4886 -0.6097
vn -0.2297 -0.9232 -0.3080
vn -0.8804 -0.3523 -0.3175
vn -0.4699 -0.5851 -0.6610
vn -0.5189 -0.6301 -0.5776
vn 0.7735 -0.3456 -0.5313
vn 0.1134 -0.9425 -0.3144
vn 0.5442 -0.5561 -0.6282
vn 0.5113 -0.5235 -0.6816
vn 0.8660 0.5000 0.0000
vn 0.0000 1.0000 0.0000
vn -0.8660 0.5000 0.0000
vn -0.8660 -0.5000 0.0000
vn 0.0000 -1.0000 0.0000
vn 0.8660 -0.5000 0.0000
vn 0.8971 0.3716 0.2392
vn 0.0000 -0.0000 -1.0000
vn 0.3716 0.8971 0.2392
vn 0.0000 0.0000 -1.0000
vn -0.3716 0.8971 0.2392
vn 0.0000 0.0000 -1.0000
vn -0.8971 0.3716 0.2392
vn 0.0000 0.0000 -1.0000
vn -0.8971 -0.3716 0.2392
vn 0.0000 0.0000 -1.0000
vn -0.3716 -0.8971 0.2392
vn 0.0000 0.0000 -1.0000
vn 0.3716 -0.8971 0.2392
vn -0.0000 0.0000 -1.0000
vn 0.8971 -0.3716 0.2392
vn -0.0000 0.0000 -1.0000
vn 0.8660 0.5000 0.0000
vn 0.0000 1.0000 0.0000
vn -0.8660 0.5000 0.0000
vn -0.8660 -0.5000 0.0000
vn 0.0000 -1.0000 0.0000
vn 0.8660 -0.5000 0.0000
vn 0.8880 0.3275 0.3227
vn 0.3102 0.7984 0.5160
vn 0.1825 0.4114 0.8930
vn 0.4311 0.6520 0.6237
vn -0.4788 0.7374 0.4765
vn -0.8535 0.4598 0.2451
vn -0.1766 0.4119 0.8940
vn -0.4985 0.7118 0.4948
vn -0.8831 -0.3947 0.2536
vn -0.3606 -0.9191 0.1588
vn -0.1924 -0.1204 0.9739
vn -0.6655 -0.5989 0.4454
vn 0.1525 -0.9739 0.1682
vn 0.9110 -0.2460 0.3310
vn 0.1988 -0.1202 0.9726
vn 0.6074 -0.5287 0.5930
vn 0.3117 0.8024 -0.5090
vn 0.8732 0.3220 -0.3659
vn 0.2662 0.4356 -0.8599
vn 0.4573 0.6200 -0.6376
vn -0.8425 0.4538 -0.2902
vn -0.4808 0.7404 -0.4697
vn -0.2644 0.4358 -0.8603
vn -0.5253 0.6804 -0.5110
vn -0.3558 -0.9069 -0.2256
vn -0.8709 -0.3892 -0.3000
vn -0.2855 -0.2360 -0.9289
vn -0.6378 -0.5929 -0.4916
vn 0.8950 -0.2417 -0.3750
vn 0.1502 -0.9594 -0.2387
vn 0.2873 -0.2359 -0.9283
vn 0.5727 -0.5225 -0.6317
vn 0.8660 0.5000 0.0000
vn 0.0000 1.0000 0.0000
vn -0.8660 0.5000 0.0000
vn -0.8660 -0.5000 0.0000
vn 0.0000 -1.0000 0.0000
vn 0.8660 -0.5000 0.0000
vn 0.7941 0.3481 0.4982
vn 0.4110 0.8557 0.3143
vn 0.5085 0.2434 0.8259
vn 0.6870 0.4382 0.5797
vn -0.3790 0.8687 0.3191
vn -0.9346 0.2431 0.2597
vn -0.3414 0.2657 0.9016
vn -0.6246 0.5543 0.5502
vn -0.9231 -0.2864 0.2565
vn -0.1993 -0.9208 0.3352
vn -0.3086 -0.4904 0.8150
vn -0.4765 -0.6477 0.5945
vn 0.1598 -0.9276 0.3377
vn 0.8026 -0.3198 0.5035
vn 0.4666 -0.4560 0.7579
vn 0.5277 -0.5173 0.6737
vn 0.3553 0.7399 -0.5712
vn 0.8011 0.3511 -0.4848
vn 0.4570 0.5499 -0.6991
vn 0.4755 0.5676 -0.6720
vn -0.9407 0.2446 -0.2351
vn -0.3264 0.7482 -0.5776
vn -0.2986 0.5900 -0.7501
vn -0.3887 0.6705 -0.6319
vn -0.2058 -0.9507 -0.2320
vn -0.9290 -0.2882 -0.2322
vn -0.3350 -0.4237 -0.8416
vn -0.5475 -0.6292 -0.5517
vn 0.8098 -0.3227 -0.4901
vn 0.1651 -0.9582 -0.2338
vn 0.5042 -0.3883 -0.7713
vn 0.5987 -0.4872 -0.6358
vn 0.8660 0.5000 0.0000
vn 0.0000 1.0000 0.0000
vn -0.8660 0.5000 0.0000
vn -0.8660 -0.5000 0.0000
vn 0.0000 -1.0000 0.0000
vn 0.8660 -0.5000 0.0000
vn 0.8971 0.3716 0.2392
vn 0.0000 -0.0000 -1.0000
vn 0.3716 0.8971 0.2392
vn 0.0000 0.0000 -1.0000
vn -0.3716 0.8971 0.2392
vn 0.0000 0.0000 -1.0000
vn -0.8971 0.3716 0.2392
vn 0.0000 0.0000 -1.0000
vn -0.8971 -0.3716 0.2392
vn 0.0000 0.0000 -1.0000
vn -0.3716 -0.8971 0.2392
vn 0.0000 0.0000 -1.0000
vn 0.3716 -0.8971 0.2392
vn -0.0000 0.0000 -1.0000
vn 0.8971 -0.3716 0.2392
vn -0.0000 0.0000 -1.0000
usemtl trunk
f 1/1/1 2/2/1 3/3/1 4/4/1
f 5/5/2 6/6/2 7/7/2 8/8/2
f 9/9/3 10/10/3 11/11/3 12/12/3
f 13/13/4 14/14/4 15/15/4 16/16/4
f 17/17/5 18/18/5 19/19/5 20/20/5
f 21/21/6 22/22/6 23/23/6 24/24/6
f 73/73/23 74/74/23 75/75/23 76/76/23
f 77/77/24 78/78/24 79/79/24 80/80/24
f 81/81/25 82/82/25 83/83/25 84/84/25
f 85/85/26 86/86/26 87/87/26 88/88/26
f 89/89/27 90/90/27 91/91/27 92/92/27
f 93/93/28 94/94/28 95/95/28 96/96/28
f 145/145/45 146/146/45 147/147/45 148/148/45
f 149/149/46 150/150/46 151/151/46 152/152/46
f 153/153/47 154/154/47 155/155/47 156/156/47
f 157/157/48 158/158/48 159/159/48 160/160/48
f 161/161/49 162/162/49 163/163/49 164/164/49
f 165/165/50 166/166/50 167/167/50 168/168/50
f 217/217/67 218/218/67 219/219/67 220/220/67
f 221/221/68 222/222/68 223/223/68 224/224/68
f 225/225/69 226/226/69 227/227/69 228/228/69
f 229/229/70 230/230/70 231/231/70 232/232/70
f 233/233/71 234/234/71 235/235/71 236/236/71
f 237/237/72 238/238/72 239/239/72 240/240/72
f 289/289/89 290/290/89 291/291/89 292/292/89
f 293/293/90 294/294/90 295/295/90 296/296/90
f 297/297/91 298/298/91 299/299/91 300/300/91
f 301/301/92 302/302/92 303/303/92 304/304/92
f 305/305/93 306/306/93 307/307/93 308/308/93
f 309/309/94 310/310/94 311/311/94 312/312/94
f 361/361/111 362/362/111 363/363/111 364/364/111
f 365/365/112 366/366/112 367/367/112 368/368/112
f 369/369/113 370/370/113 371/371/113 372/372/113
f 373/373/114 374/374/114 375/375/114 376/376/114
f 377/377/115 378/378/115 379/379/115 380/380/115
f 381/381/116 382/382/116 383/383/116 384/384/116
f 481/481/149 482/482/149 483/483/149 484/484/149
f 485/485/150 486/486/150 487/487/150 488/488/150
f 489/489/151 490/490/151 491/491/151 492/492/151
f 493/493/152 494/494/152 495/495/152 496/496/152
f 497/497/153 498/498/153 499/499/153 500/500/153
f 501/501/154 502/502/154 503/503/154 504/504/154
f 601/601/187 602/602/187 603/603/187 604/604/187
f 605/605/188 606/606/188 607/607/188 608/608/188
f 609/609/189 610/610/189 611/611/189 612/612/189
f 613/613/190 614/614/190 615/615/190 616/616/190
f 617/617/191 618/618/191 619/619/191 620/620/191
f 621/621/192 622/622/192 623/623/192 624/624/192
f 721/721/225 722/722/225 723/723/225 724/724/225
f 725/725/226 726/726/226 727/727/226 728/728/226
f 729/729/227 730/730/227 731/731/227 732/732/227
f 733/733/228 734/734/228 735/735/228 736/736/228
f 737/737/229 738/738/229 739/739/229 740/740/229
f 741/741/230 742/742/230 743/743/230 744/744/230
f 841/841/263 842/842/263 843/843/263 844/844/263
f 845/845/264 846/846/264 847/847/264 848/848/264
f 849/849/265 850/850/265 851/851/265 852/852/265
f 853/853/266 854/854/266 855/855/266 856/856/266
f 857/857/267 858/858/267 859/859/267 860/860/267
f 861/861/268 862/862/268 863/863/268 864/864/268
f 913/913/285 914/914/285 915/915/285 916/916/285
f 917/917/286 918/918/286 919/919/286 920/920/286
f 921/921/287 922/922/287 923/923/287 924/924/287
f 925/925/288 926/926/288 927/927/288 928/928/288
f 929/929/289 930/930/289 931/931/289 932/932/289
f 933/933/290 934/934/290 935/935/290 936/936/290
f 985/985/307 986/986/307 987/987/307 988/988/307
f 989/989/308 990/990/308 991/991/308 992/992/308
f 993/993/309 994/994/309 995/995/309 996/996/309
f 997/997/310 998/998/310 999/999/310 1000/1000/310
f 1001/1001/311 1002/1002/311 1003/1003/311 1004/1004/311
f 1005/1005/312 1006/1006/312 1007/1007/312 1008/1008/312
f 1057/1057/329 1058/1058/329 1059/1059/329 1060/1060/329
f 1061/1061/330 1062/1062/330 1063/1063/330 1064/1064/330
f 1065/1065/331 1066/1066/331 1067/1067/331 1068/1068/331
f 1069/1069/332 1070/1070/332 1071/1071/332 1072/1072/332
f 1073/1073/333 1074/1074/333 1075/1075/333 1076/1076/333
f 1077/1077/334 1078/1078/334 1079/1079/334 1080/1080/334
f 1129/1129/351 1130/1130/351 1131/1131/351 1132/1132/351
f 1133/1133/352 1134/1134/352 1135/1135/352 1136/1136/352
f 1137/1137/353 1138/1138/353 1139/1139/353 1140/1140/353
f 1141/1141/354 1142/1142/354 1143/1143/354 1144/1144/354
f 1145/1145/355 1146/1146/355 1147/1147/355 1148/1148/355
f 1149/1149/356 1150/1150/356 1151/1151/356 1152/1152/356
f 1201/1201/373 1202/1202/373 1203/1203/373 1204/1204/373
f 1205/1205/374 1206/1206/374 1207/1207/374 1208/1208/374
f 1209/1209/375 1210/1210/375 1211/1211/375 1212/1212/375
f 1213/1213/376 1214/1214/376 1215/1215/376 1216/1216/376
f 1217/1217/377 1218/1218/377 1219/1219/377 1220/1220/377
f 1221/1221/378 1222/1222/378 1223/1223/378 1224/1224/378
f 1273/1273/395 1274/1274/395 1275/1275/395 1276/1276/395
f 1277/1277/396 1278/1278/396 1279/1279/396 1280/1280/396
f 1281/1281/397 1282/1282/397 1283/1283/397 1284/1284/397
f 1285/1285/398 1286/1286/398 1287/1287/398 1288/1288/398
f 1289/1289/399 1290/1290/399 1291/1291/399 1292/1292/399
f 1293/1293/400 1294/1294/400 1295/1295/400 1296/1296/400
f 1345/1345/417 1346/1346/417 1347/1347/417 1348/1348/417
f 1349/1349/418 1350/1350/418 1351/1351/418 1352/1352/418
f 1353/1353/419 1354/1354/419 1355/1355/419 1356/1356/419
f 1357/1357/420 1358/1358/420 1359/1359/420 1360/1360/420
f 1361/1361/421 1362/1362/421 1363/1363/421 1364/1364/421
f 1365/1365/422 1366/1366/422 1367/1367/422 1368/1368/422
f 1465/1465/455 1466/1466/455 1467/1467/455 1468/1468/455
f 1469/1469/456 1470/1470/456 1471/1471/456 1472/1472/456
f 1473/1473/457 1474/1474/457 1475/1475/457 1476/1476/457
f 1477/1477/458 1478/1478/458 1479/1479/458 1480/1480/458
f 1481/1481/459 1482/1482/459 1483/1483/459 1484/1484/459
f 1485/1485/460 1486/1486/460 1487/1487/460 1488/1488/460
f 1585/1585/493 1586/1586/493 1587/1587/493 1588/1588/493
f 1589/1589/494 1590/1590/494 1591/1591/494 1592/1592/494
f 1593/1593/495 1594/1594/495 1595/1595/495 1596/1596/495
f 1597/1597/496 1598/1598/496 1599/1599/496 1600/1600/496
f 1601/1601/497 1602/1602/497 1603/1603/497 1604/1604/497
f 1605/1605/498 1606/1606/498 1607/1607/498 1608/1608/498
f 1705/1705/531 1706/1706/531 1707/1707/531 1708/1708/531
f 1709/1709/532 1710/1710/532 1711/1711/532 1712/1712/532
f 1713/1713/533 1714/1714/533 1715/1715/533 1716/1716/533
f 1717/1717/534 1718/1718/534 1719/1719/534 1720/1720/534
f 1721/1721/535 1722/1722/535 1723/1723/535 1724/1724/535
f 1725/1725/536 1726/1726/536 1727/1727/536 1728/1728/536
f 1777/1777/553 1778/1778/553 1779/1779/553 1780/1780/553
f 1781/1781/554 1782/1782/554 1783/1783/554 1784/1784/554
f 1785/1785/555 1786/1786/555 1787/1787/555 1788/1788/555
f 1789/1789/556 1790/1790/556 1791/1791/556 1792/1792/556
f 1793/1793/557 1794/1794/557 1795/1795/557 1796/1796/557
f 1797/1797/558 1798/1798/558 1799/1799/558 1800/1800/558
f 1897/1897/591 1898/1898/591 1899/1899/591 1900/1900/591
f 1901/1901/592 1902/1902/592 1903/1903/592 1904/1904/592
f 1905/1905/593 1906/1906/593 1907/1907/593 1908/1908/593
f 1909/1909/594 1910/1910/594 1911/1911/594 1912/1912/594
f 1913/1913/595 1914/1914/595 1915/1915/595 1916/1916/595
f 1917/1917/596 1918/1918/596 1919/1919/596 1920/1920/596
f 2017/2017/629 2018/2018/629 2019/2019/629 2020/2020/629
f 2021/2021/630 2022/2022/630 2023/2023/630 2024/2024/630
f 2025/2025/631 2026/2026/631 2027/2027/631 2028/2028/631
f 2029/2029/632 2030/2030/632 2031/2031/632 2032/2032/632
f 2033/2033/633 2034/2034/633 2035/2035/633 2036/2036/633
f 2037/2037/634 2038/2038/634 2039/2039/634 2040/2040/634
f 2089/2089/651 2090/2090/651 2091/2091/651 2092/2092/651
f 2093/2093/652 2094/2094/652 2095/2095/652 2096/2096/652
f 2097/2097/653 2098/2098/653 2099/2099/653 2100/2100/653
f 2101/2101/654 2102/2102/654 2103/2103/654 2104/2104/654
f 2105/2105/655 2106/2106/655 2107/2107/655 2108/2108/655
f 2109/2109/656 2110/2110/656 2111/2111/656 2112/2112/656
f 2209/2209/689 2210/2210/689 2211/2211/689 2212/2212/689
f 2213/2213/690 2214/2214/690 2215/2215/690 2216/2216/690
f 2217/2217/691 2218/2218/691 2219/2219/691 2220/2220/691
f 2221/2221/692 2222/2222/692 2223/2223/692 2224/2224/692
f 2225/2225/693 2226/2226/693 2227/2227/693 2228/2228/693
f 2229/2229/694 2230/2230/694 2231/2231/694 2232/2232/694
f 2329/2329/727 2330/2330/727 2331/2331/727 2332/2332/727
f 2333/2333/728 2334/2334/728 2335/2335/728 2336/2336/728
f 2337/2337/729 2338/2338/729 2339/2339/729 2340/2340/729
f 2341/2341/730 2342/2342/730 2343/2343/730 2344/2344/730
f 2345/2345/731 2346/2346/731 2347/2347/731 2348/2348/731
f 2349/2349/732 2350/2350/732 2351/2351/732 2352/2352/732
f 2401/2401/749 2402/2402/749 2403/2403/749 2404/2404/749
f 2405/2405/750 2406/2406/750 2407/2407/750 2408/2408/750
f 2409/2409/751 2410/2410/751 2411/2411/751 2412/2412/751
f 2413/2413/752 2414/2414/752 2415/2415/752 2416/2416/752
f 2417/2417/753 2418/2418/753 2419/2419/753 2420/2420/753
f 2421/2421/754 2422/2422/754 2423/2423/754 2424/2424/754
f 2521/2521/787 2522/2522/787 2523/2523/787 2524/2524/787
f 2525/2525/788 2526/2526/788 2527/2527/788 2528/2528/788
f 2529/2529/789 2530/2530/789 2531/2531/789 2532/2532/789
f 2533/2533/790 2534/2534/790 2535/2535/790 2536/2536/790
f 2537/2537/791 2538/2538/791 2539/2539/791 2540/2540/791
f 2541/2541/792 2542/2542/792 2543/2543/792 2544/2544/792
f 2641/2641/825 2642/2642/825 2643/2643/825 2644/2644/825
f 2645/2645/826 2646/2646/826 2647/2647/826 2648/2648/826
f 2649/2649/827 2650/2650/827 2651/2651/827 2652/2652/827
f 2653/2653/828 2654/2654/828 2655/2655/828 2656/2656/828
f 2657/2657/829 2658/2658/829 2659/2659/829 2660/2660/829
f 2661/2661/830 2662/2662/830 2663/2663/830 2664/2664/830
f 2713/2713/847 2714/2714/847 2715/2715/847 2716/2716/847
f 2717/2717/848 2718/2718/848 2719/2719/848 2720/2720/848
f 2721/2721/849 2722/2722/849 2723/2723/849 2724/2724/849
f 2725/2725/850 2726/2726/850 2727/2727/850 2728/2728/850
f 2729/2729/851 2730/2730/851 2731/2731/851 2732/2732/851
f 2733/2733/852 2734/2734/852 2735/2735/852 2736/2736/852
f 2785/2785/869 2786/2786/869 2787/2787/869 2788/2788/869
f 2789/2789/870 2790/2790/870 2791/2791/870 2792/2792/870
f 2793/2793/871 2794/2794/871 2795/2795/871 2796/2796/871
f 2797/2797/872 2798/2798/872 2799/2799/872 2800/2800/872
f 2801/2801/873 2802/2802/873 2803/2803/873 2804/2804/873
f 2805/2805/874 2806/2806/874 2807/2807/874 2808/2808/874
f 2905/2905/907 2906/2906/907 2907/2907/907 2908/2908/907
f 2909/2909/908 2910/2910/908 2911/2911/908 2912/2912/908
f 2913/2913/909 2914/2914/909 2915/2915/909 2916/2916/909
f 2917/2917/910 2918/2918/910 2919/2919/910 2920/2920/910
f 2921/2921/911 2922/2922/911 2923/2923/911 2924/2924/911
f 2925/2925/912 2926/2926/912 2927/2927/912 2928/2928/912
f 2977/2977/929 2978/2978/929 2979/2979/929 2980/2980/929
f 2981/2981/930 2982/2982/930 2983/2983/930 2984/2984/930
f 2985/2985/931 2986/2986/931 2987/2987/931 2988/2988/931
f 2989/2989/932 2990/2990/932 2991/2991/932 2992/2992/932
f 2993/2993/933 2994/2994/933 2995/2995/933 2996/2996/933
f 2997/2997/934 2998/2998/934 2999/2999/934 3000/3000/934
f 3049/3049/951 3050/3050/951 3051/3051/951 3052/3052/951
f 3053/3053/952 3054/3054/952 3055/3055/952 3056/3056/952
f 3057/3057/953 3058/3058/953 3059/3059/953 3060/3060/953
f 3061/3061/954 3062/3062/954 3063/3063/954 3064/3064/954
f 3065/3065/955 3066/3066/955 3067/3067/955 3068/3068/955
f 3069/3069/956 3070/3070/956 3071/3071/956 3072/3072/956
f 3169/3169/989 3170/3170/989 3171/3171/989 3172/3172/989
f 3173/3173/990 3174/3174/990 3175/3175/990 3176/3176/990
f 3177/3177/991 3178/3178/991 3179/3179/991 3180/3180/991
f 3181/3181/992 3182/3182/992 3183/3183/992 3184/3184/992
f 3185/3185/993 3186/3186/993 3187/3187/993 3188/3188/993
f 3189/3189/994 3190/3190/994 3191/3191/994 3192/3192/994
f 3241/3241/1011 3242/3242/1011 3243/3243/1011 3244/3244/1011
f 3245/3245/1012 3246/3246/1012 3247/3247/1012 3248/3248/1012
f 3249/3249/1013 3250/3250/1013 3251/3251/1013 3252/3252/1013
f 3253/3253/1014 3254/3254/1014 3255/3255/1014 3256/3256/1014
f 3257/3257/1015 3258/3258/1015 3259/3259/1015 3260/3260/1015
f 3261/3261/1016 3262/3262/1016 3263/3263/1016 3264/3264/1016
f 3313/3313/1033 3314/3314/1033 3315/3315/1033 3316/3316/1033
f 3317/3317/1034 3318/3318/1034 3319/3319/1034 3320/3320/1034
f 3321/3321/1035 3322/3322/1035 3323/3323/1035 3324/3324/1035
f 3325/3325/1036 3326/3326/1036 3327/3327/1036 3328/3328/1036
f 3329/3329/1037 3330/3330/1037 3331/3331/1037 3332/3332/1037
f 3333/3333/1038 3334/3334/1038 3335/3335/1038 3336/3336/1038
f 3433/3433/1071 3434/3434/1071 3435/3435/1071 3436/3436/1071
f 3437/3437/1072 3438/3438/1072 3439/3439/1072 3440/3440/1072
f 3441/3441/1073 3442/3442/1073 3443/3443/1073 3444/3444/1073
f 3445/3445/1074 3446/3446/1074 3447/3447/1074 3448/3448/1074
f 3449/3449/1075 3450/3450/1075 3451/3451/1075 3452/3452/1075
f 3453/3453/1076 3454/3454/1076 3455/3455/1076 3456/3456/1076
f 3505/3505/1093 3506/3506/1093 3507/3507/1093 3508/3508/1093
f 3509/3509/1094 3510/3510/1094 3511/3511/1094 3512/3512/1094
f 3513/3513/1095 3514/3514/1095 3515/3515/1095 3516/3516/1095
f 3517/3517/1096 3518/3518/1096 3519/3519/1096 3520/3520/1096
f 3521/3521/1097 3522/3522/1097 3523/3523/1097 3524/3524/1097
f 3525/3525/1098 3526/3526/1098 3527/3527/1098 3528/3528/1098
f 3625/3625/1131 3626/3626/1131 3627/3627/1131 3628/3628/1131
f 3629/3629/1132 3630/3630/1132 3631/3631/1132 3632/3632/1132
f 3633/3633/1133 3634/3634/1133 3635/3635/1133 3636/3636/1133
f 3637/3637/1134 3638/3638/1134 3639/3639/1134 3640/3640/1134
f 3641/3641/1135 3642/3642/1135 3643/3643/1135 3644/3644/1135
f 3645/3645/1136 3646/3646/1136 3647/3647/1136 3648/3648/1136
f 3697/3697/1153 3698/3698/1153 3699/3699/1153 3700/3700/1153
f 3701/3701/1154 3702/3702/1154 3703/3703/1154 3704/3704/1154
f 3705/3705/1155 3706/3706/1155 3707/3707/1155 3708/3708/1155
f 3709/3709/1156 3710/3710/1156 3711/3711/1156 3712/3712/1156
f 3713/3713/1157 3714/3714/1157 3715/3715/1157 3716/3716/1157
f 3717/3717/1158 3718/3718/1158 3719/3719/1158 3720/3720/1158
f 3817/3817/1191 3818/3818/1191 3819/3819/1191 3820/3820/1191
f 3821/3821/1192 3822/3822/1192 3823/3823/1192 3824/3824/1192
f 3825/3825/1193 3826/3826/1193 3827/3827/1193 3828/3828/1193
f 3829/3829/1194 3830/3830/1194 3831/3831/1194 3832/3832/1194
f 3833/3833/1195 3834/3834/1195 3835/3835/1195 3836/3836/1195
f 3837/3837/1196 3838/3838/1196 3839/3839/1196 3840/3840/1196
f 3937/3937/1229 3938/3938/1229 3939/3939/1229 3940/3940/1229
f 3941/3941/1230 3942/3942/1230 3943/3943/1230 3944/3944/1230
f 3945/3945/1231 3946/3946/1231 3947/3947/1231 3948/3948/1231
f 3949/3949/1232 3950/3950/1232 3951/3951/1232 3952/3952/1232
f 3953/3953/1233 3954/3954/1233 3955/3955/1233 3956/3956/1233
f 3957/3957/1234 3958/3958/1234 3959/3959/1234 3960/3960/1234
f 4057/4057/1267 4058/4058/1267 4059/4059/1267 4060/4060/1267
f 4061/4061/1268 4062/4062/1268 4063/4063/1268 4064/4064/1268
f 4065/4065/1269 4066/4066/1269 4067/4067/1269 4068/4068/1269
f 4069/4069/1270 4070/4070/1270 4071/4071/1270 4072/4072/1270
f 4073/4073/1271 4074/4074/1271 4075/4075/1271 4076/4076/1271
f 4077/4077/1272 4078/4078/1272 4079/4079/1272 4080/4080/1272
f 4129/4129/1289 4130/4130/1289 4131/4131/1289 4132/4132/1289
f 4133/4133/1290 4134/4134/1290 4135/4135/1290 4136/4136/1290
f 4137/4137/1291 4138/4138/1291 4139/4139/1291 4140/4140/1291
f 4141/4141/1292 4142/4142/1292 4143/4143/1292 4144/4144/1292
f 4145/4145/1293 4146/4146/1293 4147/4147/1293 4148/4148/1293
f 4149/4149/1294 4150/4150/1294 4151/4151/1294 4152/4152/1294
f 4249/4249/1327 4250/4250/1327 4251/4251/1327 4252/4252/1327
f 4253/4253/1328 4254/4254/1328 4255/4255/1328 4256/4256/1328
f 4257/4257/1329 4258/4258/1329 4259/4259/1329 4260/4260/1329
f 4261/4261/1330 4262/4262/1330 4263/4263/1330 4264/4264/1330
f 4265/4265/1331 4266/4266/1331 4267/4267/1331 4268/4268/1331
f 4269/4269/1332 4270/4270/1332 4271/4271/1332 4272/4272/1332
f 4321/4321/1349 4322/4322/1349 4323/4323/1349 4324/4324/1349
f 4325/4325/1350 4326/4326/1350 4327/4327/1350 4328/4328/1350
f 4329/4329/1351 4330/4330/1351 4331/4331/1351 4332/4332/1351
f 4333/4333/1352 4334/4334/1352 4335/4335/1352 4336/4336/1352
f 4337/4337/1353 4338/4338/1353 4339/4339/1353 4340/4340/1353
f 4341/4341/1354 4342/4342/1354 4343/4343/1354 4344/4344/1354
f 4393/4393/1371 4394/4394/1371 4395/4395/1371 4396/4396/1371
f 4397/4397/1372 4398/4398/1372 4399/4399/1372 4400/4400/1372
f 4401/4401/1373 4402/4402/1373 4403/4403/1373 4404/4404/1373
f 4405/4405/1374 4406/4406/1374 4407/4407/1374 4408/4408/1374
f 4409/4409/1375 4410/4410/1375 4411/4411/1375 4412/4412/1375
f 4413/4413/1376 4414/4414/1376 4415/4415/1376 4416/4416/1376
f 4465/4465/1393 4466/4466/1393 4467/4467/1393 4468/4468/1393
f 4469/4469/1394 4470/4470/1394 4471/4471/1394 4472/4472/1394
f 4473/4473/1395 4474/4474/1395 4475/4475/1395 4476/4476/1395
f 4477/4477/1396 4478/4478/1396 4479/4479/1396 4480/4480/1396
f 4481/4481/1397 4482/4482/1397 4483/4483/1397 4484/4484/1397
f 4485/4485/1398 4486/4486/1398 4487/4487/1398 4488/4488/1398
f 4537/4537/1415 4538/4538/1415 4539/4539/1415 4540/4540/1415
f 4541/4541/1416 4542/4542/1416 4543/4543/1416 4544/4544/1416
f 4545/4545/1417 4546/4546/1417 4547/4547/1417 4548/4548/1417
f 4549/4549/1418 4550/4550/1418 4551/4551/1418 4552/4552/1418
f 4553/4553/1419 4554/4554/1419 4555/4555/1419 4556/4556/1419
f 4557/4557/1420 4558/4558/1420 4559/4559/1420 4560/4560/1420
f 4609/4609/1437 4610/4610/1437 4611/4611/1437 4612/4612/1437
f 4613/4613/1438 4614/4614/1438 4615/4615/1438 4616/4616/1438
f 4617/4617/1439 4618/4618/1439 4619/4619/1439 4620/4620/1439
f 4621/4621/1440 4622/4622/1440 4623/4623/1440 4624/4624/1440
f 4625/4625/1441 4626/4626/1441 4627/4627/1441 4628/4628/1441
f 4629/4629/1442 4630/4630/1442 4631/4631/1442 4632/4632/1442
f 4729/4729/1475 4730/4730/1475 4731/4731/1475 4732/4732/1475
f 4733/4733/1476 4734/4734/1476 4735/4735/1476 4736/4736/1476
f 4737/4737/1477 4738/4738/1477 4739/4739/1477 4740/4740/1477
f 4741/4741/1478 4742/4742/1478 4743/4743/1478 4744/4744/1478
f 4745/4745/1479 4746/4746/1479 4747/4747/1479 4748/4748/1479
f 4749/4749/1480 4750/4750/1480 4751/4751/1480 4752/4752/1480
f 4849/4849/1513 4850/4850/1513 4851/4851/1513 4852/4852/1513
f 4853/4853/1514 4854/4854/1514 4855/4855/1514 4856/4856/1514
f 4857/4857/1515 4858/4858/1515 4859/4859/1515 4860/4860/1515
f 4861/4861/1516 4862/4862/1516 4863/4863/1516 4864/4864/1516
f 4865/4865/1517 4866/4866/1517 4867/4867/1517 4868/4868/1517
f 4869/4869/1518 4870/4870/1518 4871/4871/1518 4872/4872/1518
f 4921/4921/1535 4922/4922/1535 4923/4923/1535 4924/4924/1535
f 4925/4925/1536 4926/4926/1536 4927/4927/1536 4928/4928/1536
f 4929/4929/1537 4930/4930/1537 4931/4931/1537 4932/4932/1537
f 4933/4933/1538 4934/4934/1538 4935/4935/1538 4936/4936/1538
f 4937/4937/1539 4938/4938/1539 4939/4939/1539 4940/4940/1539
f 4941/4941/1540 4942/4942/1540 4943/4943/1540 4944/4944/1540
f 4993/4993/1557 4994/4994/1557 4995/4995/1557 4996/4996/1557
f 4997/4997/1558 4998/4998/1558 4999/4999/1558 5000/5000/1558
f 5001/5001/1559 5002/5002/1559 5003/5003/1559 5004/5004/1559
f 5005/5005/1560 5006/5006/1560 5007/5007/1560 5008/5008/1560
f 5009/5009/1561 5010/5010/1561 5011/5011/1561 5012/5012/1561
f 5013/5013/1562 5014/5014/1562 5015/5015/1562 5016/5016/1562
f 5065/5065/1579 5066/5066/1579 5067/5067/1579 5068/5068/1579
f 5069/5069/1580 5070/5070/1580 5071/5071/1580 5072/5072/1580
f 5073/5073/1581 5074/5074/1581 5075/5075/1581 5076/5076/1581
f 5077/5077/1582 5078/5078/1582 5079/5079/1582 5080/5080/1582
f 5081/5081/1583 5082/5082/1583 5083/5083/1583 5084/5084/1583
f 5085/5085/1584 5086/5086/1584 5087/5087/1584 5088/5088/1584
f 5137/5137/1601 5138/5138/1601 5139/5139/1601 5140/5140/1601
f 5141/5141/1602 5142/5142/1602 5143/5143/1602 5144/5144/1602
f 5145/5145/1603 5146/5146/1603 5147/5147/1603 5148/5148/1603
f 5149/5149/1604 5150/5150/1604 5151/5151/1604 5152/5152/1604
f 5153/5153/1605 5154/5154/1605 5155/5155/1605 5156/5156/1605
f 5157/5157/1606 5158/5158/1606 5159/5159/1606 5160/5160/1606
f 5209/5209/1623 5210/5210/1623 5211/5211/1623 5212/5212/1623
f 5213/5213/1624 5214/5214/1624 5215/5215/1624 5216/5216/1624
f 5217/5217/1625 5218/5218/1625 5219/5219/1625 5220/5220/1625
f 5221/5221/1626 5222/5222/1626 5223/5223/1626 5224/5224/1626
f 5225/5225/1627 5226/5226/1627 5227/5227/1627 5228/5228/1627
f 5229/5229/1628 5230/5230/1628 5231/5231/1628 5232/5232/1628
f 5281/5281/1645 5282/5282/1645 5283/5283/1645 5284/5284/1645
f 5285/5285/1646 5286/5286/1646 5287/5287/1646 5288/5288/1646
f 5289/5289/1647 5290/5290/1647 5291/5291/1647 5292/5292/1647
f 5293/5293/1648 5294/5294/1648 5295/5295/1648 5296/5296/1648
f 5297/5297/1649 5298/5298/1649 5299/5299/1649 5300/5300/1649
f 5301/5301/1650 5302/5302/1650 5303/5303/1650 5304/5304/1650
f 5401/5401/1683 5402/5402/1683 5403/5403/1683 5404/5404/1683
f 5405/5405/1684 5406/5406/1684 5407/5407/1684 5408/5408/1684
f 5409/5409/1685 5410/5410/1685 5411/5411/1685 5412/5412/1685
f 5413/5413/1686 5414/5414/1686 5415/5415/1686 5416/5416/1686
f 5417/5417/1687 5418/5418/1687 5419/5419/1687 5420/5420/1687
f 5421/5421/1688 5422/5422/1688 5423/5423/1688 5424/5424/1688
f 5473/5473/1705 5474/5474/1705 5475/5475/1705 5476/5476/1705
f 5477/5477/1706 5478/5478/1706 5479/5479/1706 5480/5480/1706
f 5481/5481/1707 5482/5482/1707 5483/5483/1707 5484/5484/1707
f 5485/5485/1708 5486/5486/1708 5487/5487/1708 5488/5488/1708
f 5489/5489/1709 5490/5490/1709 5491/5491/1709 5492/5492/1709
f 5493/5493/1710 5494/5494/1710 5495/5495/1710 5496/5496/1710
f 5593/5593/1743 5594/5594/1743 5595/5595/1743 5596/5596/1743
f 5597/5597/1744 5598/5598/1744 5599/5599/1744 5600/5600/1744
f 5601/5601/1745 5602/5602/1745 5603/5603/1745 5604/5604/1745
f 5605/5605/1746 5606/5606/1746 5607/5607/1746 5608/5608/1746
f 5609/5609/1747 5610/5610/1747 5611/5611/1747 5612/5612/1747
f 5613/5613/1748 5614/5614/1748 5615/5615/1748 5616/5616/1748
f 5713/5713/1781 5714/5714/1781 5715/5715/1781 5716/5716/1781
f 5717/5717/1782 5718/5718/1782 5719/5719/1782 5720/5720/1782
f 5721/5721/1783 5722/5722/1783 5723/5723/1783 5724/5724/1783
f 5725/5725/1784 5726/5726/1784 5727/5727/1784 5728/5728/1784
f 5729/5729/1785 5730/5730/1785 5731/5731/1785 5732/5732/1785
f 5733/5733/1786 5734/5734/1786 5735/5735/1786 5736/5736/1786
f 5785/5785/1803 5786/5786/1803 5787/5787/1803 5788/5788/1803
f 5789/5789/1804 5790/5790/1804 5791/5791/1804 5792/5792/1804
f 5793/5793/1805 5794/5794/1805 5795/5795/1805 5796/5796/1805
f 5797/5797/1806 5798/5798/1806 5799/5799/1806 5800/5800/1806
f 5801/5801/1807 5802/5802/1807 5803/5803/1807 5804/5804/1807
f 5805/5805/1808 5806/5806/1808 5807/5807/1808 5808/5808/1808
f 5905/5905/1841 5906/5906/1841 5907/5907/1841 5908/5908/1841
f 5909/5909/1842 5910/5910/1842 5911/5911/1842 5912/5912/1842
f 5913/5913/1843 5914/5914/1843 5915/5915/1843 5916/5916/1843
f 5917/5917/1844 5918/5918/1844 5919/5919/1844 5920/5920/1844
f 5921/5921/1845 5922/5922/1845 5923/5923/1845 5924/5924/1845
f 5925/5925/1846 5926/5926/1846 5927/5927/1846 5928/5928/1846
f 5977/5977/1863 5978/5978/1863 5979/5979/1863 5980/5980/1863
f 5981/5981/1864 5982/5982/1864 5983/5983/1864 5984/5984/1864
f 5985/5985/1865 5986/5986/1865 5987/5987/1865 5988/5988/1865
f 5989/5989/1866 5990/5990/1866 5991/5991/1866 5992/5992/1866
f 5993/5993/1867 5994/5994/1867 5995/5995/1867 5996/5996/1867
f 5997/5997/1868 5998/5998/1868 5999/5999/1868 6000/6000/1868
f 6049/6049/1885 6050/6050/1885 6051/6051/1885 6052/6052/1885
f 6053/6053/1886 6054/6054/1886 6055/6055/1886 6056/6056/1886
f 6057/6057/1887 6058/6058/1887 6059/6059/1887 6060/6060/1887
f 6061/6061/1888 6062/6062/1888 6063/6063/1888 6064/6064/1888
f 6065/6065/1889 6066/6066/1889 6067/6067/1889 6068/6068/1889
f 6069/6069/1890 6070/6070/1890 6071/6071/1890 6072/6072/1890
f 6121/6121/1907 6122/6122/1907 6123/6123/1907 6124/6124/1907
f 6125/6125/1908 6126/6126/1908 6127/6127/1908 6128/6128/1908
f 6129/6129/1909 6130/6130/1909 6131/6131/1909 6132/6132/1909
f 6133/6133/1910 6134/6134/1910 6135/6135/1910 6136/6136/1910
f 6137/6137/1911 6138/6138/1911 6139/6139/1911 6140/6140/1911
f 6141/6141/1912 6142/6142/1912 6143/6143/1912 6144/6144/1912
f 6193/6193/1929 6194/6194/1929 6195/6195/1929 6196/6196/1929
f 6197/6197/1930 6198/6198/1930 6199/6199/1930 6200/6200/1930
f 6201/6201/1931 6202/6202/1931 6203/6203/1931 6204/6204/1931
f 6205/6205/1932 6206/6206/1932 6207/6207/1932 6208/6208/1932
f 6209/6209/1933 6210/6210/1933 6211/6211/1933 6212/6212/1933
f 6213/6213/1934 6214/6214/1934 6215/6215/1934 6216/6216/1934
f 6265/6265/1951 6266/6266/1951 6267/6267/1951 6268/6268/1951
f 6269/6269/1952 6270/6270/1952 6271/6271/1952 6272/6272/1952
f 6273/6273/1953 6274/6274/1953 6275/6275/1953 6276/6276/1953
f 6277/6277/1954 6278/6278/1954 6279/6279/1954 6280/6280/1954
f 6281/6281/1955 6282/6282/1955 6283/6283/1955 6284/6284/1955
f 6285/6285/1956 6286/6286/1956 6287/6287/1956 6288/6288/1956
f 6385/6385/1989 6386/6386/1989 6387/6387/1989 6388/6388/1989
f 6389/6389/1990 6390/6390/1990 6391/6391/1990 6392/6392/1990
f 6393/6393/1991 6394/6394/1991 6395/6395/1991 6396/6396/1991
f 6397/6397/1992 6398/6398/1992 6399/6399/1992 6400/6400/1992
f 6401/6401/1993 6402/6402/1993 6403/6403/1993 6404/6404/1993
f 6405/6405/1994 6406/6406/1994 6407/6407/1994 6408/6408/1994
f 6505/6505/2027 6506/6506/2027 6507/6507/2027 6508/6508/2027
f 6509/6509/2028 6510/6510/2028 6511/6511/2028 6512/6512/2028
f 6513/6513/2029 6514/6514/2029 6515/6515/2029 6516/6516/2029
f 6517/6517/2030 6518/6518/2030 6519/6519/2030 6520/6520/2030
f 6521/6521/2031 6522/6522/2031 6523/6523/2031 6524/6524/2031
f 6525/6525/2032 6526/6526/2032 6527/6527/2032 6528/6528/2032
f 6625/6625/2065 6626/6626/2065 6627/6627/2065 6628/6628/2065
f 6629/6629/2066 6630/6630/2066 6631/6631/2066 6632/6632/2066
f 6633/6633/2067 6634/6634/2067 6635/6635/2067 6636/6636/2067
f 6637/6637/2068 6638/6638/2068 6639/6639/2068 6640/6640/2068
f 6641/6641/2069 6642/6642/2069 6643/6643/2069 6644/6644/2069
f 6645/6645/2070 6646/6646/2070 6647/6647/2070 6648/6648/2070
f 6697/6697/2087 6698/6698/2087 6699/6699/2087 6700/6700/2087
f 6701/6701/2088 6702/6702/2088 6703/6703/2088 6704/6704/2088
f 6705/6705/2089 6706/6706/2089 6707/6707/2089 6708/6708/2089
f 6709/6709/2090 6710/6710/2090 6711/6711/2090 6712/6712/2090
f 6713/6713/2091 6714/6714/2091 6715/6715/2091 6716/6716/2091
f 6717/6717/2092 6718/6718/2092 6719/6719/2092 6720/6720/2092
f 6817/6817/2125 6818/6818/2125 6819/6819/2125 6820/6820/2125
f 6821/6821/2126 6822/6822/2126 6823/6823/2126 6824/6824/2126
f 6825/6825/2127 6826/6826/2127 6827/6827/2127 6828/6828/2127
f 6829/6829/2128 6830/6830/2128 6831/6831/2128 6832/6832/2128
f 6833/6833/2129 6834/6834/2129 6835/6835/2129 6836/6836/2129
f 6837/6837/2130 6838/6838/2130 6839/6839/2130 6840/6840/2130
f 6889/6889/2147 6890/6890/2147 6891/6891/2147 6892/6892/2147
f 6893/6893/2148 6894/6894/2148 6895/6895/2148 6896/6896/2148
f 6897/6897/2149 6898/6898/2149 6899/6899/2149 6900/6900/2149
f 6901/6901/2150 6902/6902/2150 6903/6903/2150 6904/6904/2150
f 6905/6905/2151 6906/6906/2151 6907/6907/2151 6908/6908/2151
f 6909/6909/2152 6910/6910/2152 6911/6911/2152 6912/6912/2152
f 7009/7009/2185 7010/7010/2185 7011/7011/2185 7012/7012/2185
f 7013/7013/2186 7014/7014/2186 7015/7015/2186 7016/7016/2186
f 7017/7017/2187 7018/7018/2187 7019/7019/2187 7020/7020/2187
f 7021/7021/2188 7022/7022/2188 7023/7023/2188 7024/7024/2188
f 7025/7025/2189 7026/7026/2189 7027/7027/2189 7028/7028/2189
f 7029/7029/2190 7030/7030/2190 7031/7031/2190 7032/7032/2190
f 7081/7081/2207 7082/7082/2207 7083/7083/2207 7084/7084/2207
f 7085/7085/2208 7086/7086/2208 7087/7087/2208 7088/7088/2208
f 7089/7089/2209 7090/7090/2209 7091/7091/2209 7092/7092/2209
f 7093/7093/2210 7094/7094/2210 7095/7095/2210 7096/7096/2210
f 7097/7097/2211 7098/7098/2211 7099/7099/2211 7100/7100/2211
f 7101/7101/2212 7102/7102/2212 7103/7103/2212 7104/7104/2212
f 7153/7153/2229 7154/7154/2229 7155/7155/2229 7156/7156/2229
f 7157/7157/2230 7158/7158/2230 7159/7159/2230 7160/7160/2230
f 7161/7161/2231 7162/7162/2231 7163/7163/2231 7164/7164/2231
f 7165/7165/2232 7166/7166/2232 7167/7167/2232 7168/7168/2232
f 7169/7169/2233 7170/7170/2233 7171/7171/2233 7172/7172/2233
f 7173/7173/2234 7174/7174/2234 7175/7175/2234 7176/7176/2234
f 7273/7273/2267 7274/7274/2267 7275/7275/2267 7276/7276/2267
f 7277/7277/2268 7278/7278/2268 7279/7279/2268 7280/7280/2268
f 7281/7281/2269 7282/7282/2269 7283/7283/2269 7284/7284/2269
f 7285/7285/2270 7286/7286/2270 7287/7287/2270 7288/7288/2270
f 7289/7289/2271 7290/7290/2271 7291/7291/2271 7292/7292/2271
f 7293/7293/2272 7294/7294/2272 7295/7295/2272 7296/7296/2272
f 7393/7393/2305 7394/7394/2305 7395/7395/2305 7396/7396/2305
f 7397/7397/2306 7398/7398/2306 7399/7399/2306 7400/7400/2306
f 7401/7401/2307 7402/7402/2307 7403/7403/2307 7404/7404/2307
f 7405/7405/2308 7406/7406/2308 7407/7407/2308 7408/7408/2308
f 7409/7409/2309 7410/7410/2309 7411/7411/2309 7412/7412/2309
f 7413/7413/2310 7414/7414/2310 7415/7415/2310 7416/7416/2310
f 7513/7513/2343 7514/7514/2343 7515/7515/2343 7516/7516/2343
f 7517/7517/2344 7518/7518/2344 7519/7519/2344 7520/7520/2344
f 7521/7521/2345 7522/7522/2345 7523/7523/2345 7524/7524/2345
f 7525/7525/2346 7526/7526/2346 7527/7527/2346 7528/7528/2346
f 7529/7529/2347 7530/7530/2347 7531/7531/2347 7532/7532/2347
f 7533/7533/2348 7534/7534/2348 7535/7535/2348 7536/7536/2348
f 7585/7585/2365 7586/7586/2365 7587/7587/2365 7588/7588/2365
f 7589/7589/2366 7590/7590/2366 7591/7591/2366 7592/7592/2366
f 7593/7593/2367 7594/7594/2367 7595/7595/2367 7596/7596/2367
f 7597/7597/2368 7598/7598/2368 7599/7599/2368 7600/7600/2368
f 7601/7601/2369 7602/7602/2369 7603/7603/2369 7604/7604/2369
f 7605/7605/2370 7606/7606/2370 7607/7607/2370 7608/7608/2370
f 7705/7705/2403 7706/7706/2403 7707/7707/2403 7708/7708/2403
f 7709/7709/2404 7710/7710/2404 7711/7711/2404 7712/7712/2404
f 7713/7713/2405 7714/7714/2405 7715/7715/2405 7716/7716/2405
f 7717/7717/2406 7718/7718/2406 7719/7719/2406 7720/7720/2406
f 7721/7721/2407 7722/7722/2407 7723/7723/2407 7724/7724/2407
f 7725/7725/2408 7726/7726/2408 7727/7727/2408 7728/7728/2408
f 7825/7825/2441 7826/7826/2441 7827/7827/2441 7828/7828/2441
f 7829/7829/2442 7830/7830/2442 7831/7831/2442 7832/7832/2442
f 7833/7833/2443 7834/7834/2443 7835/7835/2443 7836/7836/2443
f 7837/7837/2444 7838/7838/2444 7839/7839/2444 7840/7840/2444
f 7841/7841/2445 7842/7842/2445 7843/7843/2445 7844/7844/2445
f 7845/7845/2446 7846/7846/2446 7847/7847/2446 7848/7848/2446
f 7897/7897/2463 7898/7898/2463 7899/7899/2463 7900/7900/2463
f 7901/7901/2464 7902/7902/2464 7903/7903/2464 7904/7904/2464
f 7905/7905/2465 7906/7906/2465 7907/7907/2465 7908/7908/2465
f 7909/7909/2466 7910/7910/2466 7911/7911/2466 7912/7912/2466
f 7913/7913/2467 7914/7914/2467 7915/7915/2467 7916/7916/2467
f 7917/7917/2468 7918/7918/2468 7919/7919/2468 7920/7920/2468
f 7969/7969/2485 7970/7970/2485 7971/7971/2485 7972/7972/2485
f 7973/7973/2486 7974/7974/2486 7975/7975/2486 7976/7976/2486
f 7977/7977/2487 7978/7978/2487 7979/7979/2487 7980/7980/2487
f 7981/7981/2488 7982/7982/2488 7983/7983/2488 7984/7984/2488
f 7985/7985/2489 7986/7986/2489 7987/7987/2489 7988/7988/2489
f 7989/7989/2490 7990/7990/2490 7991/7991/2490 7992/7992/2490
f 8041/8041/2507 8042/8042/2507 8043/8043/2507 8044/8044/2507
f 8045/8045/2508 8046/8046/2508 8047/8047/2508 8048/8048/2508
f 8049/8049/2509 8050/8050/2509 8051/8051/2509 8052/8052/2509
f 8053/8053/2510 8054/8054/2510 8055/8055/2510 8056/8056/2510
f 8057/8057/2511 8058/8058/2511 8059/8059/2511 8060/8060/2511
f 8061/8061/2512 8062/8062/2512 8063/8063/2512 8064/8064/2512
f 8161/8161/2545 8162/8162/2545 8163/8163/2545 8164/8164/2545
f 8165/8165/2546 8166/8166/2546 8167/8167/2546 8168/8168/2546
f 8169/8169/2547 8170/8170/2547 8171/8171/2547 8172/8172/2547
f 8173/8173/2548 8174/8174/2548 8175/8175/2548 8176/8176/2548
f 8177/8177/2549 8178/8178/2549 8179/8179/2549 8180/8180/2549
f 8181/8181/2550 8182/8182/2550 8183/8183/2550 8184/8184/2550
f 8233/8233/2567 8234/8234/2567 8235/8235/2567 8236/8236/2567
f 8237/8237/2568 8238/8238/2568 8239/8239/2568 8240/8240/2568
f 8241/8241/2569 8242/8242/2569 8243/8243/2569 8244/8244/2569
f 8245/8245/2570 8246/8246/2570 8247/8247/2570 8248/8248/2570
f 8249/8249/2571 8250/8250/2571 8251/8251/2571 8252/8252/2571
f 8253/8253/2572 8254/8254/2572 8255/8255/2572 8256/8256/2572
f 8305/8305/2589 8306/8306/2589 8307/8307/2589 8308/8308/2589
f 8309/8309/2590 8310/8310/2590 8311/8311/2590 8312/8312/2590
f 8313/8313/2591 8314/8314/2591 8315/8315/2591 8316/8316/2591
f 8317/8317/2592 8318/8318/2592 8319/8319/2592 8320/8320/2592
f 8321/8321/2593 8322/8322/2593 8323/8323/2593 8324/8324/2593
f 8325/8325/2594 8326/8326/2594 8327/8327/2594 8328/8328/2594
f 8425/8425/2627 8426/8426/2627 8427/8427/2627 8428/8428/2627
f 8429/8429/2628 8430/8430/2628 8431/8431/2628 8432/8432/2628
f 8433/8433/2629 8434/8434/2629 8435/8435/2629 8436/8436/2629
f 8437/8437/2630 8438/8438/2630 8439/8439/2630 8440/8440/2630
f 8441/8441/2631 8442/8442/2631 8443/8443/2631 8444/8444/2631
f 8445/8445/2632 8446/8446/2632 8447/8447/2632 8448/8448/2632
f 8497/8497/2649 8498/8498/2649 8499/8499/2649 8500/8500/2649
f 8501/8501/2650 8502/8502/2650 8503/8503/2650 8504/8504/2650
f 8505/8505/2651 8506/8506/2651 8507/8507/2651 8508/8508/2651
f 8509/8509/2652 8510/8510/2652 8511/8511/2652 8512/8512/2652
f 8513/8513/2653 8514/8514/2653 8515/8515/2653 8516/8516/2653
f 8517/8517/2654 8518/8518/2654 8519/8519/2654 8520/8520/2654
f 8617/8617/2687 8618/8618/2687 8619/8619/2687 8620/8620/2687
f 8621/8621/2688 8622/8622/2688 8623/8623/2688 8624/8624/2688
f 8625/8625/2689 8626/8626/2689 8627/8627/2689 8628/8628/2689
f 8629/8629/2690 8630/8630/2690 8631/8631/2690 8632/8632/2690
f 8633/8633/2691 8634/8634/2691 8635/8635/2691 8636/8636/2691
f 8637/8637/2692 8638/8638/2692 8639/8639/2692 8640/8640/2692
f 8689/8689/2709 8690/8690/2709 8691/8691/2709 8692/8692/2709
f 8693/8693/2710 8694/8694/2710 8695/8695/2710 8696/8696/2710
f 8697/8697/2711 8698/8698/2711 8699/8699/2711 8700/8700/2711
f 8701/8701/2712 8702/8702/2712 8703/8703/2712 8704/8704/2712
f 8705/8705/2713 8706/8706/2713 8707/8707/2713 8708/8708/2713
f 8709/8709/2714 8710/8710/2714 8711/8711/2714 8712/8712/2714
f 8761/8761/2731 8762/8762/2731 8763/8763/2731 8764/8764/2731
f 8765/8765/2732 8766/8766/2732 8767/8767/2732 8768/8768/2732
f 8769/8769/2733 8770/8770/2733 8771/8771/2733 8772/8772/2733
f 8773/8773/2734 8774/8774/2734 8775/8775/2734 8776/8776/2734
f 8777/8777/2735 8778/8778/2735 8779/8779/2735 8780/8780/2735
f 8781/8781/2736 8782/8782/2736 8783/8783/2736 8784/8784/2736
f 8833/8833/2753 8834/8834/2753 8835/8835/2753 8836/8836/2753
f 8837/8837/2754 8838/8838/2754 8839/8839/2754 8840/8840/2754
f 8841/8841/2755 8842/8842/2755 8843/8843/2755 8844/8844/2755
f 8845/8845/2756 8846/8846/2756 8847/8847/2756 8848/8848/2756
f 8849/8849/2757 8850/8850/2757 8851/8851/2757 8852/8852/2757
f 8853/8853/2758 8854/8854/2758 8855/8855/2758 8856/8856/2758
f 8905/8905/2775 8906/8906/2775 8907/8907/2775 8908/8908/2775
f 8909/8909/2776 8910/8910/2776 8911/8911/2776 8912/8912/2776
f 8913/8913/2777 8914/8914/2777 8915/8915/2777 8916/8916/2777
f 8917/8917/2778 8918/8918/2778 8919/8919/2778 8920/8920/2778
f 8921/8921/2779 8922/8922/2779 8923/8923/2779 8924/8924/2779
f 8925/8925/2780 8926/8926/2780 8927/8927/2780 8928/8928/2780
f 8977/8977/2797 8978/8978/2797 8979/8979/2797 8980/8980/2797
f 8981/8981/2798 8982/8982/2798 8983/8983/2798 8984/8984/2798
f 8985/8985/2799 8986/8986/2799 8987/8987/2799 8988/8988/2799
f 8989/8989/2800 8990/8990/2800 8991/8991/2800 8992/8992/2800
f 8993/8993/2801 8994/8994/2801 8995/8995/2801 8996/8996/2801
f 8997/8997/2802 8998/8998/2802 8999/8999/2802 9000/9000/2802
f 9049/9049/2819 9050/9050/2819 9051/9051/2819 9052/9052/2819
f 9053/9053/2820 9054/9054/2820 9055/9055/2820 9056/9056/2820
f 9057/9057/2821 9058/9058/2821 9059/9059/2821 9060/9060/2821
f 9061/9061/2822 9062/9062/2822 9063/9063/2822 9064/9064/2822
f 9065/9065/2823 9066/9066/2823 9067/9067/2823 9068/9068/2823
f 9069/9069/2824 9070/9070/2824 9071/9071/2824 9072/9072/2824
f 9121/9121/2841 9122/9122/2841 9123/9123/2841 9124/9124/2841
f 9125/9125/2842 9126/9126/2842 9127/9127/2842 9128/9128/2842
f 9129/9129/2843 9130/9130/2843 9131/9131/2843 9132/9132/2843
f 9133/9133/2844 9134/9134/2844 9135/9135/2844 9136/9136/2844
f 9137/9137/2845 9138/9138/2845 9139/9139/2845 9140/9140/2845
f 9141/9141/2846 9142/9142/2846 9143/9143/2846 9144/9144/2846
f 9193/9193/2863 9194/9194/2863 9195/9195/2863 9196/9196/2863
f 9197/9197/2864 9198/9198/2864 9199/9199/2864 9200/9200/2864
f 9201/9201/2865 9202/9202/2865 9203/9203/2865 9204/9204/2865
f 9205/9205/2866 9206/9206/2866 9207/9207/2866 9208/9208/2866
f 9209/9209/2867 9210/9210/2867 9211/9211/2867 9212/9212/2867
f 9213/9213/2868 9214/9214/2868 9215/9215/2868 9216/9216/2868
f 9313/9313/2901 9314/9314/2901 9315/9315/2901 9316/9316/2901
f 9317/9317/2902 9318/9318/2902 9319/9319/2902 9320/9320/2902
f 9321/9321/2903 9322/9322/2903 9323/9323/2903 9324/9324/2903
f 9325/9325/2904 9326/9326/2904 9327/9327/2904 9328/9328/2904
f 9329/9329/2905 9330/9330/2905 9331/9331/2905 9332/9332/2905
f 9333/9333/2906 9334/9334/2906 9335/9335/2906 9336/9336/2906
f 9433/9433/2939 9434/9434/2939 9435/9435/2939 9436/9436/2939
f 9437/9437/2940 9438/9438/2940 9439/9439/2940 9440/9440/2940
f 9441/9441/2941 9442/9442/2941 9443/9443/2941 9444/9444/2941
f 9445/9445/2942 9446/9446/2942 9447/9447/2942 9448/9448/2942
f 9449/9449/2943 9450/9450/2943 9451/9451/2943 9452/9452/2943
f 9453/9453/2944 9454/9454/2944 9455/9455/2944 9456/9456/2944
f 9553/9553/2977 9554/9554/2977 9555/9555/2977 9556/9556/2977
f 9557/9557/2978 9558/9558/2978 9559/9559/2978 9560/9560/2978
f 9561/9561/2979 9562/9562/2979 9563/9563/2979 9564/9564/2979
f 9565/9565/2980 9566/9566/2980 9567/9567/2980 9568/9568/2980
f 9569/9569/2981 9570/9570/2981 9571/9571/2981 9572/9572/2981
f 9573/9573/2982 9574/9574/2982 9575/9575/2982 9576/9576/2982
f 9625/9625/2999 9626/9626/2999 9627/9627/2999 9628/9628/2999
f 9629/9629/3000 9630/9630/3000 9631/9631/3000 9632/9632/3000
f 9633/9633/3001 9634/9634/3001 9635/9635/3001 9636/9636/3001
f 9637/9637/3002 9638/9638/3002 9639/9639/3002 9640/9640/3002
f 9641/9641/3003 9642/9642/3003 9643/9643/3003 9644/9644/3003
f 9645/9645/3004 9646/9646/3004 9647/9647/3004 9648/9648/3004
f 9697/9697/3021 9698/9698/3021 9699/9699/3021 9700/9700/3021
f 9701/9701/3022 9702/9702/3022 9703/9703/3022 9704/9704/3022
f 9705/9705/3023 9706/9706/3023 9707/9707/3023 9708/9708/3023
f 9709/9709/3024 9710/9710/3024 9711/9711/3024 9712/9712/3024
f 9713/9713/3025 9714/9714/3025 9715/9715/3025 9716/9716/3025
f 9717/9717/3026 9718/9718/3026 9719/9719/3026 9720/9720/3026
f 9817/9817/3059 9818/9818/3059 9819/9819/3059 9820/9820/3059
f 9821/9821/3060 9822/9822/3060 9823/9823/3060 9824/9824/3060
f 9825/9825/3061 9826/9826/3061 9827/9827/3061 9828/9828/3061
f 9829/9829/3062 9830/9830/3062 9831/9831/3062 9832/9832/3062
f 9833/9833/3063 9834/9834/3063 9835/9835/3063 9836/9836/3063
f 9837/9837/3064 9838/9838/3064 9839/9839/3064 9840/9840/3064
f 9889/9889/3081 9890/9890/3081 9891/9891/3081 9892/9892/3081
f 9893/9893/3082 9894/9894/3082 9895/9895/3082 9896/9896/3082
f 9897/9897/3083 9898/9898/3083 9899/9899/3083 9900/9900/3083
f 9901/9901/3084 9902/9902/3084 9903/9903/3084 9904/9904/3084
f 9905/9905/3085 9906/9906/3085 9907/9907/3085 9908/9908/3085
f 9909/9909/3086 9910/9910/3086 9911/9911/3086 9912/9912/3086
f 9961/9961/3103 9962/9962/3103 9963/9963/3103 9964/9964/3103
f 9965/9965/3104 9966/9966/3104 9967/9967/3104 9968/9968/3104
f 9969/9969/3105 9970/9970/3105 9971/9971/3105 9972/9972/3105
f 9973/9973/3106 9974/9974/3106 9975/9975/3106 9976/9976/3106
f 9977/9977/3107 9978/9978/3107 9979/9979/3107 9980/9980/3107
f 9981/9981/3108 9982/9982/3108 9983/9983/3108 9984/9984/3108
f 10033/10033/3125 10034/10034/3125 10035/10035/3125 10036/10036/3125
f 10037/10037/3126 10038/10038/3126 10039/10039/3126 10040/10040/3126
f 10041/10041/3127 10042/10042/3127 10043/10043/3127 10044/10044/3127
f 10045/10045/3128 10046/10046/3128 10047/10047/3128 10048/10048/3128
f 10049/10049/3129 10050/10050/3129 10051/10051/3129 10052/10052/3129
f 10053/10053/3130 10054/10054/3130 10055/10055/3130 10056/10056/3130
f 10153/10153/3163 10154/10154/3163 10155/10155/3163 10156/10156/3163
f 10157/10157/3164 10158/10158/3164 10159/10159/3164 10160/10160/3164
f 10161/10161/3165 10162/10162/3165 10163/10163/3165 10164/10164/3165
f 10165/10165/3166 10166/10166/3166 10167/10167/3166 10168/10168/3166
f 10169/10169/3167 10170/10170/3167 10171/10171/3167 10172/10172/3167
f 10173/10173/3168 10174/10174/3168 10175/10175/3168 10176/10176/3168
f 10225/10225/3185 10226/10226/3185 10227/10227/3185 10228/10228/3185
f 10229/10229/3186 10230/10230/3186 10231/10231/3186 10232/10232/3186
f 10233/10233/3187 10234/10234/3187 10235/10235/3187 10236/10236/3187
f 10237/10237/3188 10238/10238/3188 10239/10239/3188 10240/10240/3188
f 10241/10241/3189 10242/10242/3189 10243/10243/3189 10244/10244/3189
f 10245/10245/3190 10246/10246/3190 10247/10247/3190 10248/10248/3190
f 10297/10297/3207 10298/10298/3207 10299/10299/3207 10300/10300/3207
f 10301/10301/3208 10302/10302/3208 10303/10303/3208 10304/10304/3208
f 10305/10305/3209 10306/10306/3209 10307/10307/3209 10308/10308/3209
f 10309/10309/3210 10310/10310/3210 10311/10311/3210 10312/10312/3210
f 10313/10313/3211 10314/10314/3211 10315/10315/3211 10316/10316/3211
f 10317/10317/3212 10318/10318/3212 10319/10319/3212 10320/10320/3212
f 10417/10417/3245 10418/10418/3245 10419/10419/3245 10420/10420/3245
f 10421/10421/3246 10422/10422/3246 10423/10423/3246 10424/10424/3246
f 10425/10425/3247 10426/10426/3247 10427/10427/3247 10428/10428/3247
f 10429/10429/3248 10430/10430/3248 10431/10431/3248 10432/10432/3248
f 10433/10433/3249 10434/10434/3249 10435/10435/3249 10436/10436/3249
f 10437/10437/3250 10438/10438/3250 10439/10439/3250 10440/10440/3250
f 10489/10489/3267 10490/10490/3267 10491/10491/3267 10492/10492/3267
f 10493/10493/3268 10494/10494/3268 10495/10495/3268 10496/10496/3268
f 10497/10497/3269 10498/10498/3269 10499/10499/3269 10500/10500/3269
f 10501/10501/3270 10502/10502/3270 10503/10503/3270 10504/10504/3270
f 10505/10505/3271 10506/10506/3271 10507/10507/3271 10508/10508/3271
f 10509/10509/3272 10510/10510/3272 10511/10511/3272 10512/10512/3272
f 10609/10609/3305 10610/10610/3305 10611/10611/3305 10612/10612/3305
f 10613/10613/3306 10614/10614/3306 10615/10615/3306 10616/10616/3306
f 10617/10617/3307 10618/10618/3307 10619/10619/3307 10620/10620/3307
f 10621/10621/3308 10622/10622/3308 10623/10623/3308 10624/10624/3308
f 10625/10625/3309 10626/10626/3309 10627/10627/3309 10628/10628/3309
f 10629/10629/3310 10630/10630/3310 10631/10631/3310 10632/10632/3310
f 10729/10729/3343 10730/10730/3343 10731/10731/3343 10732/10732/3343
f 10733/10733/3344 10734/10734/3344 10735/10735/3344 10736/10736/3344
f 10737/10737/3345 10738/10738/3345 10739/10739/3345 10740/10740/3345
f 10741/10741/3346 10742/10742/3346 10743/10743/3346 10744/10744/3346
f 10745/10745/3347 10746/10746/3347 10747/10747/3347 10748/10748/3347
f 10749/10749/3348 10750/10750/3348 10751/10751/3348 10752/10752/3348
f 10801/10801/3365 10802/10802/3365 10803/10803/3365 10804/10804/3365
f 10805/10805/3366 10806/10806/3366 10807/10807/3366 10808/10808/3366
f 10809/10809/3367 10810/10810/3367 10811/10811/3367 10812/10812/3367
f 10813/10813/3368 10814/10814/3368 10815/10815/3368 10816/10816/3368
f 10817/10817/3369 10818/10818/3369 10819/10819/3369 10820/10820/3369
f 10821/10821/3370 10822/10822/3370 10823/10823/3370 10824/10824/3370
f 10873/10873/3387 10874/10874/3387 10875/10875/3387 10876/10876/3387
f 10877/10877/3388 10878/10878/3388 10879/10879/3388 10880/10880/3388
f 10881/10881/3389 10882/10882/3389 10883/10883/3389 10884/10884/3389
f 10885/10885/3390 10886/10886/3390 10887/10887/3390 10888/10888/3390
f 10889/10889/3391 10890/10890/3391 10891/10891/3391 10892/10892/3391
f 10893/10893/3392 10894/10894/3392 10895/10895/3392 10896/10896/3392
f 10945/10945/3409 10946/10946/3409 10947/10947/3409 10948/10948/3409
f 10949/10949/3410 10950/10950/3410 10951/10951/3410 10952/10952/3410
f 10953/10953/3411 10954/10954/3411 10955/10955/3411 10956/10956/3411
f 10957/10957/3412 10958/10958/3412 10959/10959/3412 10960/10960/3412
f 10961/10961/3413 10962/10962/3413 10963/10963/3413 10964/10964/3413
f 10965/10965/3414 10966/10966/3414 10967/10967/3414 10968/10968/3414
f 11065/11065/3447 11066/11066/3447 11067/11067/3447 11068/11068/3447
f 11069/11069/3448 11070/11070/3448 11071/11071/3448 11072/11072/3448
f 11073/11073/3449 11074/11074/3449 11075/11075/3449 11076/11076/3449
f 11077/11077/3450 11078/11078/3450 11079/11079/3450 11080/11080/3450
f 11081/11081/3451 11082/11082/3451 11083/11083/3451 11084/11084/3451
f 11085/11085/3452 11086/11086/3452 11087/11087/3452 11088/11088/3452
f 11185/11185/3485 11186/11186/3485 11187/11187/3485 11188/11188/3485
f 11189/11189/3486 11190/11190/3486 11191/11191/3486 11192/11192/3486
f 11193/11193/3487 11194/11194/3487 11195/11195/3487 11196/11196/3487
f 11197/11197/3488 11198/11198/3488 11199/11199/3488 11200/11200/3488
f 11201/11201/3489 11202/11202/3489 11203/11203/3489 11204/11204/3489
f 11205/11205/3490 11206/11206/3490 11207/11207/3490 11208/11208/3490
f 11257/11257/3507 11258/11258/3507 11259/11259/3507 11260/11260/3507
f 11261/11261/3508 11262/11262/3508 11263/11263/3508 11264/11264/3508
f 11265/11265/3509 11266/11266/3509 11267/11267/3509 11268/11268/3509
f 11269/11269/3510 11270/11270/3510 11271/11271/3510 11272/11272/3510
f 11273/11273/3511 11274/11274/3511 11275/11275/3511 11276/11276/3511
f 11277/11277/3512 11278/11278/3512 11279/11279/3512 11280/11280/3512
f 11377/11377/3545 11378/11378/3545 11379/11379/3545 11380/11380/3545
f 11381/11381/3546 11382/11382/3546 11383/11383/3546 11384/11384/3546
f 11385/11385/3547 11386/11386/3547 11387/11387/3547 11388/11388/3547
f 11389/11389/3548 11390/11390/3548 11391/11391/3548 11392/11392/3548
f 11393/11393/3549 11394/11394/3549 11395/11395/3549 11396/11396/3549
f 11397/11397/3550 11398/11398/3550 11399/11399/3550 11400/11400/3550
f 11497/11497/3583 11498/11498/3583 11499/11499/3583 11500/11500/3583
f 11501/11501/3584 11502/11502/3584 11503/11503/3584 11504/11504/3584
f 11505/11505/3585 11506/11506/3585 11507/11507/3585 11508/11508/3585
f 11509/11509/3586 11510/11510/3586 11511/11511/3586 11512/11512/3586
f 11513/11513/3587 11514/11514/3587 11515/11515/3587 11516/11516/3587
f 11517/11517/3588 11518/11518/3588 11519/11519/3588 11520/11520/3588
f 11569/11569/3605 11570/11570/3605 11571/11571/3605 11572/11572/3605
f 11573/11573/3606 11574/11574/3606 11575/11575/3606 11576/11576/3606
f 11577/11577/3607 11578/11578/3607 11579/11579/3607 11580/11580/3607
f 11581/11581/3608 11582/11582/3608 11583/11583/3608 11584/11584/3608
f 11585/11585/3609 11586/11586/3609 11587/11587/3609 11588/11588/3609
f 11589/11589/3610 11590/11590/3610 11591/11591/3610 11592/11592/3610
f 11641/11641/3627 11642/11642/3627 11643/11643/3627 11644/11644/3627
f 11645/11645/3628 11646/11646/3628 11647/11647/3628 11648/11648/3628
f 11649/11649/3629 11650/11650/3629 11651/11651/3629 11652/11652/3629
f 11653/11653/3630 11654/11654/3630 11655/11655/3630 11656/11656/3630
f 11657/11657/3631 11658/11658/3631 11659/11659/3631 11660/11660/3631
f 11661/11661/3632 11662/11662/3632 11663/11663/3632 11664/11664/3632
f 11713/11713/3649 11714/11714/3649 11715/11715/3649 11716/11716/3649
f 11717/11717/3650 11718/11718/3650 11719/11719/3650 11720/11720/3650
f 11721/11721/3651 11722/11722/3651 11723/11723/3651 11724/11724/3651
f 11725/11725/3652 11726/11726/3652 11727/11727/3652 11728/11728/3652
f 11729/11729/3653 11730/11730/3653 11731/11731/3653 11732/11732/3653
f 11733/11733/3654 11734/11734/3654 11735/11735/3654 11736/11736/3654
f 11785/11785/3671 11786/11786/3671 11787/11787/3671 11788/11788/3671
f 11789/11789/3672 11790/11790/3672 11791/11791/3672 11792/11792/3672
f 11793/11793/3673 11794/11794/3673 11795/11795/3673 11796/11796/3673
f 11797/11797/3674 11798/11798/3674 11799/11799/3674 11800/11800/3674
f 11801/11801/3675 11802/11802/3675 11803/11803/3675 11804/11804/3675
f 11805/11805/3676 11806/11806/3676 11807/11807/3676 11808/11808/3676
f 11905/11905/3709 11906/11906/3709 11907/11907/3709 11908/11908/3709
f 11909/11909/3710 11910/11910/3710 11911/11911/3710 11912/11912/3710
f 11913/11913/3711 11914/11914/3711 11915/11915/3711 11916/11916/3711
f 11917/11917/3712 11918/11918/3712 11919/11919/3712 11920/11920/3712
f 11921/11921/3713 11922/11922/3713 11923/11923/3713 11924/11924/3713
f 11925/11925/3714 11926/11926/3714 11927/11927/3714 11928/11928/3714
f 12025/12025/3747 12026/12026/3747 12027/12027/3747 12028/12028/3747
f 12029/12029/3748 12030/12030/3748 12031/12031/3748 12032/12032/3748
f 12033/12033/3749 12034/12034/3749 12035/12035/3749 12036/12036/3749
f 12037/12037/3750 12038/12038/3750 12039/12039/3750 12040/12040/3750
f 12041/12041/3751 12042/12042/3751 12043/12043/3751 12044/12044/3751
f 12045/12045/3752 12046/12046/3752 12047/12047/3752 12048/12048/3752
f 12097/12097/3769 12098/12098/3769 12099/12099/3769 12100/12100/3769
f 12101/12101/3770 12102/12102/3770 12103/12103/3770 12104/12104/3770
f 12105/12105/3771 12106/12106/3771 12107/12107/3771 12108/12108/3771
f 12109/12109/3772 12110/12110/3772 12111/12111/3772 12112/12112/3772
f 12113/12113/3773 12114/12114/3773 12115/12115/3773 12116/12116/3773
f 12117/12117/3774 12118/12118/3774 12119/12119/3774 12120/12120/3774
f 12169/12169/3791 12170/12170/3791 12171/12171/3791 12172/12172/3791
f 12173/12173/3792 12174/12174/3792 12175/12175/3792 12176/12176/3792
f 12177/12177/3793 12178/12178/3793 12179/12179/3793 12180/12180/3793
f 12181/12181/3794 12182/12182/3794 12183/12183/3794 12184/12184/3794
f 12185/12185/3795 12186/12186/3795 12187/12187/3795 12188/12188/3795
f 12189/12189/3796 12190/12190/3796 12191/12191/3796 12192/12192/3796
f 12289/12289/3829 12290/12290/3829 12291/12291/3829 12292/12292/3829
f 12293/12293/3830 12294/12294/3830 12295/12295/3830 12296/12296/3830
f 12297/12297/3831 12298/12298/3831 12299/12299/3831 12300/12300/3831
f 12301/12301/3832 12302/12302/3832 12303/12303/3832 12304/12304/3832
f 12305/12305/3833 12306/12306/3833 12307/12307/3833 12308/12308/3833
f 12309/12309/3834 12310/12310/3834 12311/12311/3834 12312/12312/3834
f 12361/12361/3851 12362/12362/3851 12363/12363/3851 12364/12364/3851
f 12365/12365/3852 12366/12366/3852 12367/12367/3852 12368/12368/3852
f 12369/12369/3853 12370/12370/3853 12371/12371/3853 12372/12372/3853
f 12373/12373/3854 12374/12374/3854 12375/12375/3854 12376/12376/3854
f 12377/12377/3855 12378/12378/3855 12379/12379/3855 12380/12380/3855
f 12381/12381/3856 12382/12382/3856 12383/12383/3856 12384/12384/3856
f 12481/12481/3889 12482/12482/3889 12483/12483/3889 12484/12484/3889
f 12485/12485/3890 12486/12486/3890 12487/12487/3890 12488/12488/3890
f 12489/12489/3891 12490/12490/3891 12491/12491/3891 12492/12492/3891
f 12493/12493/3892 12494/12494/3892 12495/12495/3892 12496/12496/3892
f 12497/12497/3893 12498/12498/3893 12499/12499/3893 12500/12500/3893
f 12501/12501/3894 12502/12502/3894 12503/12503/3894 12504/12504/3894
f 12553/12553/3911 12554/12554/3911 12555/12555/3911 12556/12556/3911
f 12557/12557/3912 12558/12558/3912 12559/12559/3912 12560/12560/3912
f 12561/12561/3913 12562/12562/3913 12563/12563/3913 12564/12564/3913
f 12565/12565/3914 12566/12566/3914 12567/12567/3914 12568/12568/3914
f 12569/12569/3915 12570/12570/3915 12571/12571/3915 12572/12572/3915
f 12573/12573/3916 12574/12574/3916 12575/12575/3916 12576/12576/3916
f 12625/12625/3933 12626/12626/3933 12627/12627/3933 12628/12628/3933
f 12629/12629/3934 12630/12630/3934 12631/12631/3934 12632/12632/3934
f 12633/12633/3935 12634/12634/3935 12635/12635/3935 12636/12636/3935
f 12637/12637/3936 12638/12638/3936 12639/12639/3936 12640/12640/3936
f 12641/12641/3937 12642/12642/3937 12643/12643/3937 12644/12644/3937
f 12645/12645/3938 12646/12646/3938 12647/12647/3938 12648/12648/3938
f 12745/12745/3971 12746/12746/3971 12747/12747/3971 12748/12748/3971
f 12749/12749/3972 12750/12750/3972 12751/12751/3972 12752/12752/3972
f 12753/12753/3973 12754/12754/3973 12755/12755/3973 12756/12756/3973
f 12757/12757/3974 12758/12758/3974 12759/12759/3974 12760/12760/3974
f 12761/12761/3975 12762/12762/3975 12763/12763/3975 12764/12764/3975
f 12765/12765/3976 12766/12766/3976 12767/12767/3976 12768/12768/3976
f 12817/12817/3993 12818/12818/3993 12819/12819/3993 12820/12820/3993
f 12821/12821/3994 12822/12822/3994 12823/12823/3994 12824/12824/3994
f 12825/12825/3995 12826/12826/3995 12827/12827/3995 12828/12828/3995
f 12829/12829/3996 12830/12830/3996 12831/12831/3996 12832/12832/3996
f 12833/12833/3997 12834/12834/3997 12835/12835/3997 12836/12836/3997
f 12837/12837/3998 12838/12838/3998 12839/12839/3998 12840/12840/3998
f 12937/12937/4031 12938/12938/4031 12939/12939/4031 12940/12940/4031
f 12941/12941/4032 12942/12942/4032 12943/12943/4032 12944/12944/4032
f 12945/12945/4033 12946/12946/4033 12947/12947/4033 12948/12948/4033
f 12949/12949/4034 12950/12950/4034 12951/12951/4034 12952/12952/4034
f 12953/12953/4035 12954/12954/4035 12955/12955/4035 12956/12956/4035
f 12957/12957/4036 12958/12958/4036 12959/12959/4036 12960/12960/4036
f 13009/13009/4053 13010/13010/4053 13011/13011/4053 13012/13012/4053
f 13013/13013/4054 13014/13014/4054 13015/13015/4054 13016/13016/4054
f 13017/13017/4055 13018/13018/4055 13019/13019/4055 13020/13020/4055
f 13021/13021/4056 13022/13022/4056 13023/13023/4056 13024/13024/4056
f 13025/13025/4057 13026/13026/4057 13027/13027/4057 13028/13028/4057
f 13029/13029/4058 13030/13030/4058 13031/13031/4058 13032/13032/4058
f 13081/13081/4075 13082/13082/4075 13083/13083/4075 13084/13084/4075
f 13085/13085/4076 13086/13086/4076 13087/13087/4076 13088/13088/4076
f 13089/13089/4077 13090/13090/4077 13091/13091/4077 13092/13092/4077
f 13093/13093/4078 13094/13094/4078 13095/13095/4078 13096/13096/4078
f 13097/13097/4079 13098/13098/4079 13099/13099/4079 13100/13100/4079
f 13101/13101/4080 13102/13102/4080 13103/13103/4080 13104/13104/4080
f 13153/13153/4097 13154/13154/4097 13155/13155/4097 13156/13156/4097
f 13157/13157/4098 13158/13158/4098 13159/13159/4098 13160/13160/4098
f 13161/13161/4099 13162/13162/4099 13163/13163/4099 13164/13164/4099
f 13165/13165/4100 13166/13166/4100 13167/13167/4100 13168/13168/4100
f 13169/13169/4101 13170/13170/4101 13171/13171/4101 13172/13172/4101
f 13173/13173/4102 13174/13174/4102 13175/13175/4102 13176/13176/4102
f 13273/13273/4135 13274/13274/4135 13275/13275/4135 13276/13276/4135
f 13277/13277/4136 13278/13278/4136 13279/13279/4136 13280/13280/4136
f 13281/13281/4137 13282/13282/4137 13283/13283/4137 13284/13284/4137
f 13285/13285/4138 13286/13286/4138 13287/13287/4138 13288/13288/4138
f 13289/13289/4139 13290/13290/4139 13291/13291/4139 13292/13292/4139
f 13293/13293/4140 13294/13294/4140 13295/13295/4140 13296/13296/4140
f 13345/13345/4157 13346/13346/4157 13347/13347/4157 13348/13348/4157
f 13349/13349/4158 13350/13350/4158 13351/13351/4158 13352/13352/4158
f 13353/13353/4159 13354/13354/4159 13355/13355/4159 13356/13356/4159
f 13357/13357/4160 13358/13358/4160 13359/13359/4160 13360/13360/4160
f 13361/13361/4161 13362/13362/4161 13363/13363/4161 13364/13364/4161
f 13365/13365/4162 13366/13366/4162 13367/13367/4162 13368/13368/4162
f 13465/13465/4195 13466/13466/4195 13467/13467/4195 13468/13468/4195
f 13469/13469/4196 13470/13470/4196 13471/13471/4196 13472/13472/4196
f 13473/13473/4197 13474/13474/4197 13475/13475/4197 13476/13476/4197
f 13477/13477/4198 13478/13478/4198 13479/13479/4198 13480/13480/4198
f 13481/13481/4199 13482/13482/4199 13483/13483/4199 13484/13484/4199
f 13485/13485/4200 13486/13486/4200 13487/13487/4200 13488/13488/4200
f 13537/13537/4217 13538/13538/4217 13539/13539/4217 13540/13540/4217
f 13541/13541/4218 13542/13542/4218 13543/13543/4218 13544/13544/4218
f 13545/13545/4219 13546/13546/4219 13547/13547/4219 13548/13548/4219
f 13549/13549/4220 13550/13550/4220 13551/13551/4220 13552/13552/4220
f 13553/13553/4221 13554/13554/4221 13555/13555/4221 13556/13556/4221
f 13557/13557/4222 13558/13558/4222 13559/13559/4222 13560/13560/4222
f 13609/13609/4239 13610/13610/4239 13611/13611/4239 13612/13612/4239
f 13613/13613/4240 13614/13614/4240 13615/13615/4240 13616/13616/4240
f 13617/13617/4241 13618/13618/4241 13619/13619/4241 13620/13620/4241
f 13621/13621/4242 13622/13622/4242 13623/13623/4242 13624/13624/4242
f 13625/13625/4243 13626/13626/4243 13627/13627/4243 13628/13628/4243
f 13629/13629/4244 13630/13630/4244 13631/13631/4244 13632/13632/4244
f 13729/13729/4277 13730/13730/4277 13731/13731/4277 13732/13732/4277
f 13733/13733/4278 13734/13734/4278 13735/13735/4278 13736/13736/4278
f 13737/13737/4279 13738/13738/4279 13739/13739/4279 13740/13740/4279
f 13741/13741/4280 13742/13742/4280 13743/13743/4280 13744/13744/4280
f 13745/13745/4281 13746/13746/4281 13747/13747/4281 13748/13748/4281
f 13749/13749/4282 13750/13750/4282 13751/13751/4282 13752/13752/4282
f 13801/13801/4299 13802/13802/4299 13803/13803/4299 13804/13804/4299
f 13805/13805/4300 13806/13806/4300 13807/13807/4300 13808/13808/4300
f 13809/13809/4301 13810/13810/4301 13811/13811/4301 13812/13812/4301
f 13813/13813/4302 13814/13814/4302 13815/13815/4302 13816/13816/4302
f 13817/13817/4303 13818/13818/4303 13819/13819/4303 13820/13820/4303
f 13821/13821/4304 13822/13822/4304 13823/13823/4304 13824/13824/4304
f 13873/13873/4321 13874/13874/4321 13875/13875/4321 13876/13876/4321
f 13877/13877/4322 13878/13878/4322 13879/13879/4322 13880/13880/4322
f 13881/13881/4323 13882/13882/4323 13883/13883/4323 13884/13884/4323
f 13885/13885/4324 13886/13886/4324 13887/13887/4324 13888/13888/4324
f 13889/13889/4325 13890/13890/4325 13891/13891/4325 13892/13892/4325
f 13893/13893/4326 13894/13894/4326 13895/13895/4326 13896/13896/4326
f 13993/13993/4359 13994/13994/4359 13995/13995/4359 13996/13996/4359
f 13997/13997/4360 13998/13998/4360 13999/13999/4360 14000/14000/4360
f 14001/14001/4361 14002/14002/4361 14003/14003/4361 14004/14004/4361
f 14005/14005/4362 14006/14006/4362 14007/14007/4362 14008/14008/4362
f 14009/14009/4363 14010/14010/4363 14011/14011/4363 14012/14012/4363
f 14013/14013/4364 14014/14014/4364 14015/14015/4364 14016/14016/4364
f 14113/14113/4397 14114/14114/4397 14115/14115/4397 14116/14116/4397
f 14117/14117/4398 14118/14118/4398 14119/14119/4398 14120/14120/4398
f 14121/14121/4399 14122/14122/4399 14123/14123/4399 14124/14124/4399
f 14125/14125/4400 14126/14126/4400 14127/14127/4400 14128/14128/4400
f 14129/14129/4401 14130/14130/4401 14131/14131/4401 14132/14132/4401
f 14133/14133/4402 14134/14134/4402 14135/14135/4402 14136/14136/4402
f 14185/14185/4419 14186/14186/4419 14187/14187/4419 14188/14188/4419
f 14189/14189/4420 14190/14190/4420 14191/14191/4420 14192/14192/4420
f 14193/14193/4421 14194/14194/4421 14195/14195/4421 14196/14196/4421
f 14197/14197/4422 14198/14198/4422 14199/14199/4422 14200/14200/4422
f 14201/14201/4423 14202/14202/4423 14203/14203/4423 14204/14204/4423
f 14205/14205/4424 14206/14206/4424 14207/14207/4424 14208/14208/4424
f 14305/14305/4457 14306/14306/4457 14307/14307/4457 14308/14308/4457
f 14309/14309/4458 14310/14310/4458 14311/14311/4458 14312/14312/4458
f 14313/14313/4459 14314/14314/4459 14315/14315/4459 14316/14316/4459
f 14317/14317/4460 14318/14318/4460 14319/14319/4460 14320/14320/4460
f 14321/14321/4461 14322/14322/4461 14323/14323/4461 14324/14324/4461
f 14325/14325/4462 14326/14326/4462 14327/14327/4462 14328/14328/4462
f 14377/14377/4479 14378/14378/4479 14379/14379/4479 14380/14380/4479
f 14381/14381/4480 14382/14382/4480 14383/14383/4480 14384/14384/4480
f 14385/14385/4481 14386/14386/4481 14387/14387/4481 14388/14388/4481
f 14389/14389/4482 14390/14390/4482 14391/14391/4482 14392/14392/4482
f 14393/14393/4483 14394/14394/4483 14395/14395/4483 14396/14396/4483
f 14397/14397/4484 14398/14398/4484 14399/14399/4484 14400/14400/4484
f 14497/14497/4517 14498/14498/4517 14499/14499/4517 14500/14500/4517
f 14501/14501/4518 14502/14502/4518 14503/14503/4518 14504/14504/4518
f 14505/14505/4519 14506/14506/4519 14507/14507/4519 14508/14508/4519
f 14509/14509/4520 14510/14510/4520 14511/14511/4520 14512/14512/4520
f 14513/14513/4521 14514/14514/4521 14515/14515/4521 14516/14516/4521
f 14517/14517/4522 14518/14518/4522 14519/14519/4522 14520/14520/4522
f 14569/14569/4539 14570/14570/4539 14571/14571/4539 14572/14572/4539
f 14573/14573/4540 14574/14574/4540 14575/14575/4540 14576/14576/4540
f 14577/14577/4541 14578/14578/4541 14579/14579/4541 14580/14580/4541
f 14581/14581/4542 14582/14582/4542 14583/14583/4542 14584/14584/4542
f 14585/14585/4543 14586/14586/4543 14587/14587/4543 14588/14588/4543
f 14589/14589/4544 14590/14590/4544 14591/14591/4544 14592/14592/4544
f 14689/14689/4577 14690/14690/4577 14691/14691/4577 14692/14692/4577
f 14693/14693/4578 14694/14694/4578 14695/14695/4578 14696/14696/4578
f 14697/14697/4579 14698/14698/4579 14699/14699/4579 14700/14700/4579
f 14701/14701/4580 14702/14702/4580 14703/14703/4580 14704/14704/4580
f 14705/14705/4581 14706/14706/4581 14707/14707/4581 14708/14708/4581
f 14709/14709/4582 14710/14710/4582 14711/14711/4582 14712/14712/4582
f 14761/14761/4599 14762/14762/4599 14763/14763/4599 14764/14764/4599
f 14765/14765/4600 14766/14766/4600 14767/14767/4600 14768/14768/4600
f 14769/14769/4601 14770/14770/4601 14771/14771/4601 14772/14772/4601
f 14773/14773/4602 14774/14774/4602 14775/14775/4602 14776/14776/4602
f 14777/14777/4603 14778/14778/4603 14779/14779/4603 14780/14780/4603
f 14781/14781/4604 14782/14782/4604 14783/14783/4604 14784/14784/4604
f 14833/14833/4621 14834/14834/4621 14835/14835/4621 14836/14836/4621
f 14837/14837/4622 14838/14838/4622 14839/14839/4622 14840/14840/4622
f 14841/14841/4623 14842/14842/4623 14843/14843/4623 14844/14844/4623
f 14845/14845/4624 14846/14846/4624 14847/14847/4624 14848/14848/4624
f 14849/14849/4625 14850/14850/4625 14851/14851/4625 14852/14852/4625
f 14853/14853/4626 14854/14854/4626 14855/14855/4626 14856/14856/4626
f 14953/14953/4659 14954/14954/4659 14955/14955/4659 14956/14956/4659
f 14957/14957/4660 14958/14958/4660 14959/14959/4660 14960/14960/4660
f 14961/14961/4661 14962/14962/4661 14963/14963/4661 14964/14964/4661
f 14965/14965/4662 14966/14966/4662 14967/14967/4662 14968/14968/4662
f 14969/14969/4663 14970/14970/4663 14971/14971/4663 14972/14972/4663
f 14973/14973/4664 14974/14974/4664 14975/14975/4664 14976/14976/4664
f 15025/15025/4681 15026/15026/4681 15027/15027/4681 15028/15028/4681
f 15029/15029/4682 15030/15030/4682 15031/15031/4682 15032/15032/4682
f 15033/15033/4683 15034/15034/4683 15035/15035/4683 15036/15036/4683
f 15037/15037/4684 15038/15038/4684 15039/15039/4684 15040/15040/4684
f 15041/15041/4685 15042/15042/4685 15043/15043/4685 15044/15044/4685
f 15045/15045/4686 15046/15046/4686 15047/15047/4686 15048/15048/4686
f 15145/15145/4719 15146/15146/4719 15147/15147/4719 15148/15148/4719
f 15149/15149/4720 15150/15150/4720 15151/15151/4720 15152/15152/4720
f 15153/15153/4721 15154/15154/4721 15155/15155/4721 15156/15156/4721
f 15157/15157/4722 15158/15158/4722 15159/15159/4722 15160/15160/4722
f 15161/15161/4723 15162/15162/4723 15163/15163/4723 15164/15164/4723
f 15165/15165/4724 15166/15166/4724 15167/15167/4724 15168/15168/4724
f 15265/15265/4757 15266/15266/4757 15267/15267/4757 15268/15268/4757
f 15269/15269/4758 15270/15270/4758 15271/15271/4758 15272/15272/4758
f 15273/15273/4759 15274/15274/4759 15275/15275/4759 15276/15276/4759
f 15277/15277/4760 15278/15278/4760 15279/15279/4760 15280/15280/4760
f 15281/15281/4761 15282/15282/4761 15283/15283/4761 15284/15284/4761
f 15285/15285/4762 15286/15286/4762 15287/15287/4762 15288/15288/4762
usemtl pine
f 25/25/7 26/26/7 27/27/7
f 28/28/8 29/29/8 30/30/8
f 31/31/9 32/32/9 33/33/9
f 34/34/10 35/35/10 36/36/10
f 37/37/11 38/38/11 39/39/11
f 40/40/12 41/41/12 42/42/12
f 43/43/13 44/44/13 45/45/13
f 46/46/14 47/47/14 48/48/14
f 49/49/15 50/50/15 51/51/15
f 52/52/16 53/53/16 54/54/16
f 55/55/17 56/56/17 57/57/17
f 58/58/18 59/59/18 60/60/18
f 61/61/19 62/62/19 63/63/19
f 64/64/20 65/65/20 66/66/20
f 67/67/21 68/68/21 69/69/21
f 70/70/22 71/71/22 72/72/22
f 97/97/29 98/98/29 99/99/29
f 100/100/30 101/101/30 102/102/30
f 103/103/31 104/104/31 105/105/31
f 106/106/32 107/107/32 108/108/32
f 109/109/33 110/110/33 111/111/33
f 112/112/34 113/113/34 114/114/34
f 115/115/35 116/116/35 117/117/35
f 118/118/36 119/119/36 120/120/36
f 121/121/37 122/122/37 123/123/37
f 124/124/38 125/125/38 126/126/38
f 127/127/39 128/128/39 129/129/39
f 130/130/40 131/131/40 132/132/40
f 133/133/41 134/134/41 135/135/41
f 136/136/42 137/137/42 138/138/42
f 139/139/43 140/140/43 141/141/43
f 142/142/44 143/143/44 144/144/44
f 169/169/51 170/170/51 171/171/51
f 172/172/52 173/173/52 174/174/52
f 175/175/53 176/176/53 177/177/53
f 178/178/54 179/179/54 180/180/54
f 181/181/55 182/182/55 183/183/55
f 184/184/56 185/185/56 186/186/56
f 187/187/57 188/188/57 189/189/57
f 190/190/58 191/191/58 192/192/58
f 193/193/59 194/194/59 195/195/59
f 196/196/60 197/197/60 198/198/60
f 199/199/61 200/200/61 201/201/61
f 202/202/62 203/203/62 204/204/62
f 205/205/63 206/206/63 207/207/63
f 208/208/64 209/209/64 210/210/64
f 211/211/65 212/212/65 213/213/65
f 214/214/66 215/215/66 216/216/66
f 241/241/73 242/242/73 243/243/73
f 244/244/74 245/245/74 246/246/74
f 247/247/75 248/248/75 249/249/75
f 250/250/76 251/251/76 252/252/76
f 253/253/77 254/254/77 255/255/77
f 256/256/78 257/257/78 258/258/78
f 259/259/79 260/260/79 261/261/79
f 262/262/80 263/263/80 264/264/80
f 265/265/81 266/266/81 267/267/81
f 268/268/82 269/269/82 270/270/82
f 271/271/83 272/272/83 273/273/83
f 274/274/84 275/275/84 276/276/84
f 277/277/85 278/278/85 279/279/85
f 280/280/86 281/281/86 282/282/86
f 283/283/87 284/284/87 285/285/87
f 286/286/88 287/287/88 288/288/88
f 313/313/95 314/314/95 315/315/95
f 316/316/96 317/317/96 318/318/96
f 319/319/97 320/320/97 321/321/97
f 322/322/98 323/323/98 324/324/98
f 325/325/99 326/326/99 327/327/99
f 328/328/100 329/329/100 330/330/100
f 331/331/101 332/332/101 333/333/101
f 334/334/102 335/335/102 336/336/102
f 337/337/103 338/338/103 339/339/103
f 340/340/104 341/341/104 342/342/104
f 343/343/105 344/344/105 345/345/105
f 346/346/106 347/347/106 348/348/106
f 349/349/107 350/350/107 351/351/107
f 352/352/108 353/353/108 354/354/108
f 355/355/109 356/356/109 357/357/109
f 358/358/110 359/359/110 360/360/110
f 865/865/269 866/866/269 867/867/269
f 868/868/270 869/869/270 870/870/270
f 871/871/271 872/872/271 873/873/271
f 874/874/272 875/875/272 876/876/272
f 877/877/273 878/878/273 879/879/273
f 880/880/274 881/881/274 882/882/274
f 883/883/275 884/884/275 885/885/275
f 886/886/276 887/887/276 888/888/276
f 889/889/277 890/890/277 891/891/277
f 892/892/278 893/893/278 894/894/278
f 895/895/279 896/896/279 897/897/279
f 898/898/280 899/899/280 900/900/280
f 901/901/281 902/902/281 903/903/281
f 904/904/282 905/905/282 906/906/282
f 907/907/283 908/908/283 909/909/283
f 910/910/284 911/911/284 912/912/284
f 937/937/291 938/938/291 939/939/291
f 940/940/292 941/941/292 942/942/292
f 943/943/293 944/944/293 945/945/293
f 946/946/294 947/947/294 948/948/294
f 949/949/295 950/950/295 951/951/295
f 952/952/296 953/953/296 954/954/296
f 955/955/297 956/956/297 957/957/297
f 958/958/298 959/959/298 960/960/298
f 961/961/299 962/962/299 963/963/299
f 964/964/300 965/965/300 966/966/300
f 967/967/301 968/968/301 969/969/301
f 970/970/302 971/971/302 972/972/302
f 973/973/303 974/974/303 975/975/303
f 976/976/304 977/977/304 978/978/304
f 979/979/305 980/980/305 981/981/305
f 982/982/306 983/983/306 984/984/306
f 1009/1009/313 1010/1010/313 1011/1011/313
f 1012/1012/314 1013/1013/314 1014/1014/314
f 1015/1015/315 1016/1016/315 1017/1017/315
f 1018/1018/316 1019/1019/316 1020/1020/316
f 1021/1021/317 1022/1022/317 1023/1023/317
f 1024/1024/318 1025/1025/318 1026/1026/318
f 1027/1027/319 1028/1028/319 1029/1029/319
f 1030/1030/320 1031/1031/320 1032/1032/320
f 1033/1033/321 1034/1034/321 1035/1035/321
f 1036/1036/322 1037/1037/322 1038/1038/322
f 1039/1039/323 1040/1040/323 1041/1041/323
f 1042/1042/324 1043/1043/324 1044/1044/324
f 1045/1045/325 1046/1046/325 1047/1047/325
f 1048/1048/326 1049/1049/326 1050/1050/326
f 1051/1051/327 1052/1052/327 1053/1053/327
f 1054/1054/328 1055/1055/328 1056/1056/328
f 1081/1081/335 1082/1082/335 1083/1083/335
f 1084/1084/336 1085/1085/336 1086/1086/336
f 1087/1087/337 1088/1088/337 1089/1089/337
f 1090/1090/338 1091/1091/338 1092/1092/338
f 1093/1093/339 1094/1094/339 1095/1095/339
f 1096/1096/340 1097/1097/340 1098/1098/340
f 1099/1099/341 1100/1100/341 1101/1101/341
f 1102/1102/342 1103/1103/342 1104/1104/342
f 1105/1105/343 1106/1106/343 1107/1107/343
f 1108/1108/344 1109/1109/344 1110/1110/344
f 1111/1111/345 1112/1112/345 1113/1113/345
f 1114/1114/346 1115/1115/346 1116/1116/346
f 1117/1117/347 1118/1118/347 1119/1119/347
f 1120/1120/348 1121/1121/348 1122/1122/348
f 1123/1123/349 1124/1124/349 1125/1125/349
f 1126/1126/350 1127/1127/350 1128/1128/350
f 1153/1153/357 1154/1154/357 1155/1155/357
f 1156/1156/358 1157/1157/358 1158/1158/358
f 1159/1159/359 1160/1160/359 1161/1161/359
f 1162/1162/360 1163/1163/360 1164/1164/360
f 1165/1165/361 1166/1166/361 1167/1167/361
f 1168/1168/362 1169/1169/362 1170/1170/362
f 1171/1171/363 1172/1172/363 1173/1173/363
f 1174/1174/364 1175/1175/364 1176/1176/364
f 1177/1177/365 1178/1178/365 1179/1179/365
f 1180/1180/366 1181/1181/366 1182/1182/366
f 1183/1183/367 1184/1184/367 1185/1185/367
f 1186/1186/368 1187/1187/368 1188/1188/368
f 1189/1189/369 1190/1190/369 1191/1191/369
f 1192/1192/370 1193/1193/370 1194/1194/370
f 1195/1195/371 1196/1196/371 1197/1197/371
f 1198/1198/372 1199/1199/372 1200/1200/372
f 1225/1225/379 1226/1226/379 1227/1227/379
f 1228/1228/380 1229/1229/380 1230/1230/380
f 1231/1231/381 1232/1232/381 1233/1233/381
f 1234/1234/382 1235/1235/382 1236/1236/382
f 1237/1237/383 1238/1238/383 1239/1239/383
f 1240/1240/384 1241/1241/384 1242/1242/384
f 1243/1243/385 1244/1244/385 1245/1245/385
f 1246/1246/386 1247/1247/386 1248/1248/386
f 1249/1249/387 1250/1250/387 1251/1251/387
f 1252/1252/388 1253/1253/388 1254/1254/388
f 1255/1255/389 1256/1256/389 1257/1257/389
f 1258/1258/390 1259/1259/390 1260/1260/390
f 1261/1261/391 1262/1262/391 1263/1263/391
f 1264/1264/392 1265/1265/392 1266/1266/392
f 1267/1267/393 1268/1268/393 1269/1269/393
f 1270/1270/394 1271/1271/394 1272/1272/394
f 1297/1297/401 1298/1298/401 1299/1299/401
f 1300/1300/402 1301/1301/402 1302/1302/402
f 1303/1303/403 1304/1304/403 1305/1305/403
f 1306/1306/404 1307/1307/404 1308/1308/404
f 1309/1309/405 1310/1310/405 1311/1311/405
f 1312/1312/406 1313/1313/406 1314/1314/406
f 1315/1315/407 1316/1316/407 1317/1317/407
f 1318/1318/408 1319/1319/408 1320/1320/408
f 1321/1321/409 1322/1322/409 1323/1323/409
f 1324/1324/410 1325/1325/410 1326/1326/410
f 1327/1327/411 1328/1328/411 1329/1329/411
f 1330/1330/412 1331/1331/412 1332/1332/412
f 1333/1333/413 1334/1334/413 1335/1335/413
f 1336/1336/414 1337/1337/414 1338/1338/414
f 1339/1339/415 1340/1340/415 1341/1341/415
f 1342/1342/416 1343/1343/416 1344/1344/416
f 1729/1729/537 1730/1730/537 1731/1731/537
f 1732/1732/538 1733/1733/538 1734/1734/538
f 1735/1735/539 1736/1736/539 1737/1737/539
f 1738/1738/540 1739/1739/540 1740/1740/540
f 1741/1741/541 1742/1742/541 1743/1743/541
f 1744/1744/542 1745/1745/542 1746/1746/542
f 1747/1747/543 1748/1748/543 1749/1749/543
f 1750/1750/544 1751/1751/544 1752/1752/544
f 1753/1753/545 1754/1754/545 1755/1755/545
f 1756/1756/546 1757/1757/546 1758/1758/546
f 1759/1759/547 1760/1760/547 1761/1761/547
f 1762/1762/548 1763/1763/548 1764/1764/548
f 1765/1765/549 1766/1766/549 1767/1767/549
f 1768/1768/550 1769/1769/550 1770/1770/550
f 1771/1771/551 1772/1772/551 1773/1773/551
f 1774/1774/552 1775/1775/552 1776/1776/552
f 2041/2041/635 2042/2042/635 2043/2043/635
f 2044/2044/636 2045/2045/636 2046/2046/636
f 2047/2047/637 2048/2048/637 2049/2049/637
f 2050/2050/638 2051/2051/638 2052/2052/638
f 2053/2053/639 2054/2054/639 2055/2055/639
f 2056/2056/640 2057/2057/640 2058/2058/640
f 2059/2059/641 2060/2060/641 2061/2061/641
f 2062/2062/642 2063/2063/642 2064/2064/642
f 2065/2065/643 2066/2066/643 2067/2067/643
f 2068/2068/644 2069/2069/644 2070/2070/644
f 2071/2071/645 2072/2072/645 2073/2073/645
f 2074/2074/646 2075/2075/646 2076/2076/646
f 2077/2077/647 2078/2078/647 2079/2079/647
f 2080/2080/648 2081/2081/648 2082/2082/648
f 2083/2083/649 2084/2084/649 2085/2085/649
f 2086/2086/650 2087/2087/650 2088/2088/650
f 2353/2353/733 2354/2354/733 2355/2355/733
f 2356/2356/734 2357/2357/734 2358/2358/734
f 2359/2359/735 2360/2360/735 2361/2361/735
f 2362/2362/736 2363/2363/736 2364/2364/736
f 2365/2365/737 2366/2366/737 2367/2367/737
f 2368/2368/738 2369/2369/738 2370/2370/738
f 2371/2371/739 2372/2372/739 2373/2373/739
f 2374/2374/740 2375/2375/740 2376/2376/740
f 2377/2377/741 2378/2378/741 2379/2379/741
f 2380/2380/742 2381/2381/742 2382/2382/742
f 2383/2383/743 2384/2384/743 2385/2385/743
f 2386/2386/744 2387/2387/744 2388/2388/744
f 2389/2389/745 2390/2390/745 2391/2391/745
f 2392/2392/746 2393/2393/746 2394/2394/746
f 2395/2395/747 2396/2396/747 2397/2397/747
f 2398/2398/748 2399/2399/748 2400/2400/748
f 2665/2665/831 2666/2666/831 2667/2667/831
f 2668/2668/832 2669/2669/832 2670/2670/832
f 2671/2671/833 2672/2672/833 2673/2673/833
f 2674/2674/834 2675/2675/834 2676/2676/834
f 2677/2677/835 2678/2678/835 2679/2679/835
f 2680/2680/836 2681/2681/836 2682/2682/836
f 2683/2683/837 2684/2684/837 2685/2685/837
f 2686/2686/838 2687/2687/838 2688/2688/838
f 2689/2689/839 2690/2690/839 2691/2691/839
f 2692/2692/840 2693/2693/840 2694/2694/840
f 2695/2695/841 2696/2696/841 2697/2697/841
f 2698/2698/842 2699/2699/842 2700/2700/842
f 2701/2701/843 2702/2702/843 2703/2703/843
f 2704/2704/844 2705/2705/844 2706/2706/844
f 2707/2707/845 2708/2708/845 2709/2709/845
f 2710/2710/846 2711/2711/846 2712/2712/846
f 2737/2737/853 2738/2738/853 2739/2739/853
f 2740/2740/854 2741/2741/854 2742/2742/854
f 2743/2743/855 2744/2744/855 2745/2745/855
f 2746/2746/856 2747/2747/856 2748/2748/856
f 2749/2749/857 2750/2750/857 2751/2751/857
f 2752/2752/858 2753/2753/858 2754/2754/858
f 2755/2755/859 2756/2756/859 2757/2757/859
f 2758/2758/860 2759/2759/860 2760/2760/860
f 2761/2761/861 2762/2762/861 2763/2763/861
f 2764/2764/862 2765/2765/862 2766/2766/862
f 2767/2767/863 2768/2768/863 2769/2769/863
f 2770/2770/864 2771/2771/864 2772/2772/864
f 2773/2773/865 2774/2774/865 2775/2775/865
f 2776/2776/866 2777/2777/866 2778/2778/866
f 2779/2779/867 2780/2780/867 2781/2781/867
f 2782/2782/868 2783/2783/868 2784/2784/868
f 2929/2929/913 2930/2930/913 2931/2931/913
f 2932/2932/914 2933/2933/914 2934/2934/914
f 2935/2935/915 2936/2936/915 2937/2937/915
f 2938/2938/916 2939/2939/916 2940/2940/916
f 2941/2941/917 2942/2942/917 2943/2943/917
f 2944/2944/918 2945/2945/918 2946/2946/918
f 2947/2947/919 2948/2948/919 2949/2949/919
f 2950/2950/920 2951/2951/920 2952/2952/920
f 2953/2953/921 2954/2954/921 2955/2955/921
f 2956/2956/922 2957/2957/922 2958/2958/922
f 2959/2959/923 2960/2960/923 2961/2961/923
f 2962/2962/924 2963/2963/924 2964/2964/924
f 2965/2965/925 2966/2966/925 2967/2967/925
f 2968/2968/926 2969/2969/926 2970/2970/926
f 2971/2971/927 2972/2972/927 2973/2973/927
f 2974/2974/928 2975/2975/928 2976/2976/928
f 3001/3001/935 3002/3002/935 3003/3003/935
f 3004/3004/936 3005/3005/936 3006/3006/936
f 3007/3007/937 3008/3008/937 3009/3009/937
f 3010/3010/938 3011/3011/938 3012/3012/938
f 3013/3013/939 3014/3014/939 3015/3015/939
f 3016/3016/940 3017/3017/940 3018/3018/940
f 3019/3019/941 3020/3020/941 3021/3021/941
f 3022/3022/942 3023/3023/942 3024/3024/942
f 3025/3025/943 3026/3026/943 3027/3027/943
f 3028/3028/944 3029/3029/944 3030/3030/944
f 3031/3031/945 3032/3032/945 3033/3033/945
f 3034/3034/946 3035/3035/946 3036/3036/946
f 3037/3037/947 3038/3038/947 3039/3039/947
f 3040/3040/948 3041/3041/948 3042/3042/948
f 3043/3043/949 3044/3044/949 3045/3045/949
f 3046/3046/950 3047/3047/950 3048/3048/950
f 3193/3193/995 3194/3194/995 3195/3195/995
f 3196/3196/996 3197/3197/996 3198/3198/996
f 3199/3199/997 3200/3200/997 3201/3201/997
f 3202/3202/998 3203/3203/998 3204/3204/998
f 3205/3205/999 3206/3206/999 3207/3207/999
f 3208/3208/1000 3209/3209/1000 3210/3210/1000
f 3211/3211/1001 3212/3212/1001 3213/3213/1001
f 3214/3214/1002 3215/3215/1002 3216/3216/1002
f 3217/3217/1003 3218/3218/1003 3219/3219/1003
f 3220/3220/1004 3221/3221/1004 3222/3222/1004
f 3223/3223/1005 3224/3224/1005 3225/3225/1005
f 3226/3226/1006 3227/3227/1006 3228/3228/1006
f 3229/3229/1007 3230/3230/1007 3231/3231/1007
f 3232/3232/1008 3233/3233/1008 3234/3234/1008
f 3235/3235/1009 3236/3236/1009 3237/3237/1009
f 3238/3238/1010 3239/3239/1010 3240/3240/1010
f 3265/3265/1017 3266/3266/1017 3267/3267/1017
f 3268/3268/1018 3269/3269/1018 3270/3270/1018
f 3271/3271/1019 3272/3272/1019 3273/3273/1019
f 3274/3274/1020 3275/3275/1020 3276/3276/1020
f 3277/3277/1021 3278/3278/1021 3279/3279/1021
f 3280/3280/1022 3281/3281/1022 3282/3282/1022
f 3283/3283/1023 3284/3284/1023 3285/3285/1023
f 3286/3286/1024 3287/3287/1024 3288/3288/1024
f 3289/3289/1025 3290/3290/1025 3291/3291/1025
f 3292/3292/1026 3293/3293/1026 3294/3294/1026
f 3295/3295/1027 3296/3296/1027 3297/3297/1027
f 3298/3298/1028 3299/3299/1028 3300/3300/1028
f 3301/3301/1029 3302/3302/1029 3303/3303/1029
f 3304/3304/1030 3305/3305/1030 3306/3306/1030
f 3307/3307/1031 3308/3308/1031 3309/3309/1031
f 3310/3310/1032 3311/3311/1032 3312/3312/1032
f 3457/3457/1077 3458/3458/1077 3459/3459/1077
f 3460/3460/1078 3461/3461/1078 3462/3462/1078
f 3463/3463/1079 3464/3464/1079 3465/3465/1079
f 3466/3466/1080 3467/3467/1080 3468/3468/1080
f 3469/3469/1081 3470/3470/1081 3471/3471/1081
f 3472/3472/1082 3473/3473/1082 3474/3474/1082
f 3475/3475/1083 3476/3476/1083 3477/3477/1083
f 3478/3478/1084 3479/3479/1084 3480/3480/1084
f 3481/3481/1085 3482/3482/1085 3483/3483/1085
f 3484/3484/1086 3485/3485/1086 3486/3486/1086
f 3487/3487/1087 3488/3488/1087 3489/3489/1087
f 3490/3490/1088 3491/3491/1088 3492/3492/1088
f 3493/3493/1089 3494/3494/1089 3495/3495/1089
f 3496/3496/1090 3497/3497/1090 3498/3498/1090
f 3499/3499/1091 3500/3500/1091 3501/3501/1091
f 3502/3502/1092 3503/3503/1092 3504/3504/1092
f 3649/3649/1137 3650/3650/1137 3651/3651/1137
f 3652/3652/1138 3653/3653/1138 3654/3654/1138
f 3655/3655/1139 3656/3656/1139 3657/3657/1139
f 3658/3658/1140 3659/3659/1140 3660/3660/1140
f 3661/3661/1141 3662/3662/1141 3663/3663/1141
f 3664/3664/1142 3665/3665/1142 3666/3666/1142
f 3667/3667/1143 3668/3668/1143 3669/3669/1143
f 3670/3670/1144 3671/3671/1144 3672/3672/1144
f 3673/3673/1145 3674/3674/1145 3675/3675/1145
f 3676/3676/1146 3677/3677/1146 3678/3678/1146
f 3679/3679/1147 3680/3680/1147 3681/3681/1147
f 3682/3682/1148 3683/3683/1148 3684/3684/1148
f 3685/3685/1149 3686/3686/1149 3687/3687/1149
f 3688/3688/1150 3689/3689/1150 3690/3690/1150
f 3691/3691/1151 3692/3692/1151 3693/3693/1151
f 3694/3694/1152 3695/3695/1152 3696/3696/1152
f 4081/4081/1273 4082/4082/1273 4083/4083/1273
f 4084/4084/1274 4085/4085/1274 4086/4086/1274
f 4087/4087/1275 4088/4088/1275 4089/4089/1275
f 4090/4090/1276 4091/4091/1276 4092/4092/1276
f 4093/4093/1277 4094/4094/1277 4095/4095/1277
f 4096/4096/1278 4097/4097/1278 4098/4098/1278
f 4099/4099/1279 4100/4100/1279 4101/4101/1279
f 4102/4102/1280 4103/4103/1280 4104/4104/1280
f 4105/4105/1281 4106/4106/1281 4107/4107/1281
f 4108/4108/1282 4109/4109/1282 4110/4110/1282
f 4111/4111/1283 4112/4112/1283 4113/4113/1283
f 4114/4114/1284 4115/4115/1284 4116/4116/1284
f 4117/4117/1285 4118/4118/1285 4119/4119/1285
f 4120/4120/1286 4121/4121/1286 4122/4122/1286
f 4123/4123/1287 4124/4124/1287 4125/4125/1287
f 4126/4126/1288 4127/4127/1288 4128/4128/1288
f 4273/4273/1333 4274/4274/1333 4275/4275/1333
f 4276/4276/1334 4277/4277/1334 4278/4278/1334
f 4279/4279/1335 4280/4280/1335 4281/4281/1335
f 4282/4282/1336 4283/4283/1336 4284/4284/1336
f 4285/4285/1337 4286/4286/1337 4287/4287/1337
f 4288/4288/1338 4289/4289/1338 4290/4290/1338
f 4291/4291/1339 4292/4292/1339 4293/4293/1339
f 4294/4294/1340 4295/4295/1340 4296/4296/1340
f 4297/4297/1341 4298/4298/1341 4299/4299/1341
f 4300/4300/1342 4301/4301/1342 4302/4302/1342
f 4303/4303/1343 4304/4304/1343 4305/4305/1343
f 4306/4306/1344 4307/4307/1344 4308/4308/1344
f 4309/4309/1345 4310/4310/1345 4311/4311/1345
f 4312/4312/1346 4313/4313/1346 4314/4314/1346
f 4315/4315/1347 4316/4316/1347 4317/4317/1347
f 4318/4318/1348 4319/4319/1348 4320/4320/1348
f 4345/4345/1355 4346/4346/1355 4347/4347/1355
f 4348/4348/1356 4349/4349/1356 4350/4350/1356
f 4351/4351/1357 4352/4352/1357 4353/4353/1357
f 4354/4354/1358 4355/4355/1358 4356/4356/1358
f 4357/4357/1359 4358/4358/1359 4359/4359/1359
f 4360/4360/1360 4361/4361/1360 4362/4362/1360
f 4363/4363/1361 4364/4364/1361 4365/4365/1361
f 4366/4366/1362 4367/4367/1362 4368/4368/1362
f 4369/4369/1363 4370/4370/1363 4371/4371/1363
f 4372/4372/1364 4373/4373/1364 4374/4374/1364
f 4375/4375/1365 4376/4376/1365 4377/4377/1365
f 4378/4378/1366 4379/4379/1366 4380/4380/1366
f 4381/4381/1367 4382/4382/1367 4383/4383/1367
f 4384/4384/1368 4385/4385/1368 4386/4386/1368
f 4387/4387/1369 4388/4388/1369 4389/4389/1369
f 4390/4390/1370 4391/4391/1370 4392/4392/1370
f 4417/4417/1377 4418/4418/1377 4419/4419/1377
f 4420/4420/1378 4421/4421/1378 4422/4422/1378
f 4423/4423/1379 4424/4424/1379 4425/4425/1379
f 4426/4426/1380 4427/4427/1380 4428/4428/1380
f 4429/4429/1381 4430/4430/1381 4431/4431/1381
f 4432/4432/1382 4433/4433/1382 4434/4434/1382
f 4435/4435/1383 4436/4436/1383 4437/4437/1383
f 4438/4438/1384 4439/4439/1384 4440/4440/1384
f 4441/4441/1385 4442/4442/1385 4443/4443/1385
f 4444/4444/1386 4445/4445/1386 4446/4446/1386
f 4447/4447/1387 4448/4448/1387 4449/4449/1387
f 4450/4450/1388 4451/4451/1388 4452/4452/1388
f 4453/4453/1389 4454/4454/1389 4455/4455/1389
f 4456/4456/1390 4457/4457/1390 4458/4458/1390
f 4459/4459/1391 4460/4460/1391 4461/4461/1391
f 4462/4462/1392 4463/4463/1392 4464/4464/1392
f 4489/4489/1399 4490/4490/1399 4491/4491/1399
f 4492/4492/1400 4493/4493/1400 4494/4494/1400
f 4495/4495/1401 4496/4496/1401 4497/4497/1401
f 4498/4498/1402 4499/4499/1402 4500/4500/1402
f 4501/4501/1403 4502/4502/1403 4503/4503/1403
f 4504/4504/1404 4505/4505/1404 4506/4506/1404
f 4507/4507/1405 4508/4508/1405 4509/4509/1405
f 4510/4510/1406 4511/4511/1406 4512/4512/1406
f 4513/4513/1407 4514/4514/1407 4515/4515/1407
f 4516/4516/1408 4517/4517/1408 4518/4518/1408
f 4519/4519/1409 4520/4520/1409 4521/4521/1409
f 4522/4522/1410 4523/4523/1410 4524/4524/1410
f 4525/4525/1411 4526/4526/1411 4527/4527/1411
f 4528/4528/1412 4529/4529/1412 4530/4530/1412
f 4531/4531/1413 4532/4532/1413 4533/4533/1413
f 4534/4534/1414 4535/4535/1414 4536/4536/1414
f 4561/4561/1421 4562/4562/1421 4563/4563/1421
f 4564/4564/1422 4565/4565/1422 4566/4566/1422
f 4567/4567/1423 4568/4568/1423 4569/4569/1423
f 4570/4570/1424 4571/4571/1424 4572/4572/1424
f 4573/4573/1425 4574/4574/1425 4575/4575/1425
f 4576/4576/1426 4577/4577/1426 4578/4578/1426
f 4579/4579/1427 4580/4580/1427 4581/4581/1427
f 4582/4582/1428 4583/4583/1428 4584/4584/1428
f 4585/4585/1429 4586/4586/1429 4587/4587/1429
f 4588/4588/1430 4589/4589/1430 4590/4590/1430
f 4591/4591/1431 4592/4592/1431 4593/4593/1431
f 4594/4594/1432 4595/4595/1432 4596/4596/1432
f 4597/4597/1433 4598/4598/1433 4599/4599/1433
f 4600/4600/1434 4601/4601/1434 4602/4602/1434
f 4603/4603/1435 4604/4604/1435 4605/4605/1435
f 4606/4606/1436 4607/4607/1436 4608/4608/1436
f 4873/4873/1519 4874/4874/1519 4875/4875/1519
f 4876/4876/1520 4877/4877/1520 4878/4878/1520
f 4879/4879/1521 4880/4880/1521 4881/4881/1521
f 4882/4882/1522 4883/4883/1522 4884/4884/1522
f 4885/4885/1523 4886/4886/1523 4887/4887/1523
f 4888/4888/1524 4889/4889/1524 4890/4890/1524
f 4891/4891/1525 4892/4892/1525 4893/4893/1525
f 4894/4894/1526 4895/4895/1526 4896/4896/1526
f 4897/4897/1527 4898/4898/1527 4899/4899/1527
f 4900/4900/1528 4901/4901/1528 4902/4902/1528
f 4903/4903/1529 4904/4904/1529 4905/4905/1529
f 4906/4906/1530 4907/4907/1530 4908/4908/1530
f 4909/4909/1531 4910/4910/1531 4911/4911/1531
f 4912/4912/1532 4913/4913/1532 4914/4914/1532
f 4915/4915/1533 4916/4916/1533 4917/4917/1533
f 4918/4918/1534 4919/4919/1534 4920/4920/1534
f 4945/4945/1541 4946/4946/1541 4947/4947/1541
f 4948/4948/1542 4949/4949/1542 4950/4950/1542
f 4951/4951/1543 4952/4952/1543 4953/4953/1543
f 4954/4954/1544 4955/4955/1544 4956/4956/1544
f 4957/4957/1545 4958/4958/1545 4959/4959/1545
f 4960/4960/1546 4961/4961/1546 4962/4962/1546
f 4963/4963/1547 4964/4964/1547 4965/4965/1547
f 4966/4966/1548 4967/4967/1548 4968/4968/1548
f 4969/4969/1549 4970/4970/1549 4971/4971/1549
f 4972/4972/1550 4973/4973/1550 4974/4974/1550
f 4975/4975/1551 4976/4976/1551 4977/4977/1551
f 4978/4978/1552 4979/4979/1552 4980/4980/1552
f 4981/4981/1553 4982/4982/1553 4983/4983/1553
f 4984/4984/1554 4985/4985/1554 4986/4986/1554
f 4987/4987/1555 4988/4988/1555 4989/4989/1555
f 4990/4990/1556 4991/4991/1556 4992/4992/1556
f 5017/5017/1563 5018/5018/1563 5019/5019/1563
f 5020/5020/1564 5021/5021/1564 5022/5022/1564
f 5023/5023/1565 5024/5024/1565 5025/5025/1565
f 5026/5026/1566 5027/5027/1566 5028/5028/1566
f 5029/5029/1567 5030/5030/1567 5031/5031/1567
f 5032/5032/1568 5033/5033/1568 5034/5034/1568
f 5035/5035/1569 5036/5036/1569 5037/5037/1569
f 5038/5038/1570 5039/5039/1570 5040/5040/1570
f 5041/5041/1571 5042/5042/1571 5043/5043/1571
f 5044/5044/1572 5045/5045/1572 5046/5046/1572
f 5047/5047/1573 5048/5048/1573 5049/5049/1573
f 5050/5050/1574 5051/5051/1574 5052/5052/1574
f 5053/5053/1575 5054/5054/1575 5055/5055/1575
f 5056/5056/1576 5057/5057/1576 5058/5058/1576
f 5059/5059/1577 5060/5060/1577 5061/5061/1577
f 5062/5062/1578 5063/5063/1578 5064/5064/1578
f 5089/5089/1585 5090/5090/1585 5091/5091/1585
f 5092/5092/1586 5093/5093/1586 5094/5094/1586
f 5095/5095/1587 5096/5096/1587 5097/5097/1587
f 5098/5098/1588 5099/5099/1588 5100/5100/1588
f 5101/5101/1589 5102/5102/1589 5103/5103/1589
f 5104/5104/1590 5105/5105/1590 5106/5106/1590
f 5107/5107/1591 5108/5108/1591 5109/5109/1591
f 5110/5110/1592 5111/5111/1592 5112/5112/1592
f 5113/5113/1593 5114/5114/1593 5115/5115/1593
f 5116/5116/1594 5117/5117/1594 5118/5118/1594
f 5119/5119/1595 5120/5120/1595 5121/5121/1595
f 5122/5122/1596 5123/5123/1596 5124/5124/1596
f 5125/5125/1597 5126/5126/1597 5127/5127/1597
f 5128/5128/1598 5129/5129/1598 5130/5130/1598
f 5131/5131/1599 5132/5132/1599 5133/5133/1599
f 5134/5134/1600 5135/5135/1600 5136/5136/1600
f 5161/5161/1607 5162/5162/1607 5163/5163/1607
f 5164/5164/1608 5165/5165/1608 5166/5166/1608
f 5167/5167/1609 5168/5168/1609 5169/5169/1609
f 5170/5170/1610 5171/5171/1610 5172/5172/1610
f 5173/5173/1611 5174/5174/1611 5175/5175/1611
f 5176/5176/1612 5177/5177/1612 5178/5178/1612
f 5179/5179/1613 5180/5180/1613 5181/5181/1613
f 5182/5182/1614 5183/5183/1614 5184/5184/1614
f 5185/5185/1615 5186/5186/1615 5187/5187/1615
f 5188/5188/1616 5189/5189/1616 5190/5190/1616
f 5191/5191/1617 5192/5192/1617 5193/5193/1617
f 5194/5194/1618 5195/5195/1618 5196/5196/1618
f 5197/5197/1619 5198/5198/1619 5199/5199/1619
f 5200/5200/1620 5201/5201/1620 5202/5202/1620
f 5203/5203/1621 5204/5204/1621 5205/5205/1621
f 5206/5206/1622 5207/5207/1622 5208/5208/1622
f 5233/5233/1629 5234/5234/1629 5235/5235/1629
f 5236/5236/1630 5237/5237/1630 5238/5238/1630
f 5239/5239/1631 5240/5240/1631 5241/5241/1631
f 5242/5242/1632 5243/5243/1632 5244/5244/1632
f 5245/5245/1633 5246/5246/1633 5247/5247/1633
f 5248/5248/1634 5249/5249/1634 5250/5250/1634
f 5251/5251/1635 5252/5252/1635 5253/5253/1635
f 5254/5254/1636 5255/5255/1636 5256/5256/1636
f 5257/5257/1637 5258/5258/1637 5259/5259/1637
f 5260/5260/1638 5261/5261/1638 5262/5262/1638
f 5263/5263/1639 5264/5264/1639 5265/5265/1639
f 5266/5266/1640 5267/5267/1640 5268/5268/1640
f 5269/5269/1641 5270/5270/1641 5271/5271/1641
f 5272/5272/1642 5273/5273/1642 5274/5274/1642
f 5275/5275/1643 5276/5276/1643 5277/5277/1643
f 5278/5278/1644 5279/5279/1644 5280/5280/1644
f 5425/5425/1689 5426/5426/1689 5427/5427/1689
f 5428/5428/1690 5429/5429/1690 5430/5430/1690
f 5431/5431/1691 5432/5432/1691 5433/5433/1691
f 5434/5434/1692 5435/5435/1692 5436/5436/1692
f 5437/5437/1693 5438/5438/1693 5439/5439/1693
f 5440/5440/1694 5441/5441/1694 5442/5442/1694
f 5443/5443/1695 5444/5444/1695 5445/5445/1695
f 5446/5446/1696 5447/5447/1696 5448/5448/1696
f 5449/5449/1697 5450/5450/1697 5451/5451/1697
f 5452/5452/1698 5453/5453/1698 5454/5454/1698
f 5455/5455/1699 5456/5456/1699 5457/5457/1699
f 5458/5458/1700 5459/5459/1700 5460/5460/1700
f 5461/5461/1701 5462/5462/1701 5463/5463/1701
f 5464/5464/1702 5465/5465/1702 5466/5466/1702
f 5467/5467/1703 5468/5468/1703 5469/5469/1703
f 5470/5470/1704 5471/5471/1704 5472/5472/1704
f 5737/5737/1787 5738/5738/1787 5739/5739/1787
f 5740/5740/1788 5741/5741/1788 5742/5742/1788
f 5743/5743/1789 5744/5744/1789 5745/5745/1789
f 5746/5746/1790 5747/5747/1790 5748/5748/1790
f 5749/5749/1791 5750/5750/1791 5751/5751/1791
f 5752/5752/1792 5753/5753/1792 5754/5754/1792
f 5755/5755/1793 5756/5756/1793 5757/5757/1793
f 5758/5758/1794 5759/5759/1794 5760/5760/1794
f 5761/5761/1795 5762/5762/1795 5763/5763/1795
f 5764/5764/1796 5765/5765/1796 5766/5766/1796
f 5767/5767/1797 5768/5768/1797 5769/5769/1797
f 5770/5770/1798 5771/5771/1798 5772/5772/1798
f 5773/5773/1799 5774/5774/1799 5775/5775/1799
f 5776/5776/1800 5777/5777/1800 5778/5778/1800
f 5779/5779/1801 5780/5780/1801 5781/5781/1801
f 5782/5782/1802 5783/5783/1802 5784/5784/1802
f 5929/5929/1847 5930/5930/1847 5931/5931/1847
f 5932/5932/1848 5933/5933/1848 5934/5934/1848
f 5935/5935/1849 5936/5936/1849 5937/5937/1849
f 5938/5938/1850 5939/5939/1850 5940/5940/1850
f 5941/5941/1851 5942/5942/1851 5943/5943/1851
f 5944/5944/1852 5945/5945/1852 5946/5946/1852
f 5947/5947/1853 5948/5948/1853 5949/5949/1853
f 5950/5950/1854 5951/5951/1854 5952/5952/1854
f 5953/5953/1855 5954/5954/1855 5955/5955/1855
f 5956/5956/1856 5957/5957/1856 5958/5958/1856
f 5959/5959/1857 5960/5960/1857 5961/5961/1857
f 5962/5962/1858 5963/5963/1858 5964/5964/1858
f 5965/5965/1859 5966/5966/1859 5967/5967/1859
f 5968/5968/1860 5969/5969/1860 5970/5970/1860
f 5971/5971/1861 5972/5972/1861 5973/5973/1861
f 5974/5974/1862 5975/5975/1862 5976/5976/1862
f 6001/6001/1869 6002/6002/1869 6003/6003/1869
f 6004/6004/1870 6005/6005/1870 6006/6006/1870
f 6007/6007/1871 6008/6008/1871 6009/6009/1871
f 6010/6010/1872 6011/6011/1872 6012/6012/1872
f 6013/6013/1873 6014/6014/1873 6015/6015/1873
f 6016/6016/1874 6017/6017/1874 6018/6018/1874
f 6019/6019/1875 6020/6020/1875 6021/6021/1875
f 6022/6022/1876 6023/6023/1876 6024/6024/1876
f 6025/6025/1877 6026/6026/1877 6027/6027/1877
f 6028/6028/1878 6029/6029/1878 6030/6030/1878
f 6031/6031/1879 6032/6032/1879 6033/6033/1879
f 6034/6034/1880 6035/6035/1880 6036/6036/1880
f 6037/6037/1881 6038/6038/1881 6039/6039/1881
f 6040/6040/1882 6041/6041/1882 6042/6042/1882
f 6043/6043/1883 6044/6044/1883 6045/6045/1883
f 6046/6046/1884 6047/6047/1884 6048/6048/1884
f 6073/6073/1891 6074/6074/1891 6075/6075/1891
f 6076/6076/1892 6077/6077/1892 6078/6078/1892
f 6079/6079/1893 6080/6080/1893 6081/6081/1893
f 6082/6082/1894 6083/6083/1894 6084/6084/1894
f 6085/6085/1895 6086/6086/1895 6087/6087/1895
f 6088/6088/1896 6089/6089/1896 6090/6090/1896
f 6091/6091/1897 6092/6092/1897 6093/6093/1897
f 6094/6094/1898 6095/6095/1898 6096/6096/1898
f 6097/6097/1899 6098/6098/1899 6099/6099/1899
f 6100/6100/1900 6101/6101/1900 6102/6102/1900
f 6103/6103/1901 6104/6104/1901 6105/6105/1901
f 6106/6106/1902 6107/6107/1902 6108/6108/1902
f 6109/6109/1903 6110/6110/1903 6111/6111/1903
f 6112/6112/1904 6113/6113/1904 6114/6114/1904
f 6115/6115/1905 6116/6116/1905 6117/6117/1905
f 6118/6118/1906 6119/6119/1906 6120/6120/1906
f 6145/6145/1913 6146/6146/1913 6147/6147/1913
f 6148/6148/1914 6149/6149/1914 6150/6150/1914
f 6151/6151/1915 6152/6152/1915 6153/6153/1915
f 6154/6154/1916 6155/6155/1916 6156/6156/1916
f 6157/6157/1917 6158/6158/1917 6159/6159/1917
f 6160/6160/1918 6161/6161/1918 6162/6162/1918
f 6163/6163/1919 6164/6164/1919 6165/6165/1919
f 6166/6166/1920 6167/6167/1920 6168/6168/1920
f 6169/6169/1921 6170/6170/1921 6171/6171/1921
f 6172/6172/1922 6173/6173/1922 6174/6174/1922
f 6175/6175/1923 6176/6176/1923 6177/6177/1923
f 6178/6178/1924 6179/6179/1924 6180/6180/1924
f 6181/6181/1925 6182/6182/1925 6183/6183/1925
f 6184/6184/1926 6185/6185/1926 6186/6186/1926
f 6187/6187/1927 6188/6188/1927 6189/6189/1927
f 6190/6190/1928 6191/6191/1928 6192/6192/1928
f 6217/6217/1935 6218/6218/1935 6219/6219/1935
f 6220/6220/1936 6221/6221/1936 6222/6222/1936
f 6223/6223/1937 6224/6224/1937 6225/6225/1937
f 6226/6226/1938 6227/6227/1938 6228/6228/1938
f 6229/6229/1939 6230/6230/1939 6231/6231/1939
f 6232/6232/1940 6233/6233/1940 6234/6234/1940
f 6235/6235/1941 6236/6236/1941 6237/6237/1941
f 6238/6238/1942 6239/6239/1942 6240/6240/1942
f 6241/6241/1943 6242/6242/1943 6243/6243/1943
f 6244/6244/1944 6245/6245/1944 6246/6246/1944
f 6247/6247/1945 6248/6248/1945 6249/6249/1945
f 6250/6250/1946 6251/6251/1946 6252/6252/1946
f 6253/6253/1947 6254/6254/1947 6255/6255/1947
f 6256/6256/1948 6257/6257/1948 6258/6258/1948
f 6259/6259/1949 6260/6260/1949 6261/6261/1949
f 6262/6262/1950 6263/6263/1950 6264/6264/1950
f 6649/6649/2071 6650/6650/2071 6651/6651/2071
f 6652/6652/2072 6653/6653/2072 6654/6654/2072
f 6655/6655/2073 6656/6656/2073 6657/6657/2073
f 6658/6658/2074 6659/6659/2074 6660/6660/2074
f 6661/6661/2075 6662/6662/2075 6663/6663/2075
f 6664/6664/2076 6665/6665/2076 6666/6666/2076
f 6667/6667/2077 6668/6668/2077 6669/6669/2077
f 6670/6670/2078 6671/6671/2078 6672/6672/2078
f 6673/6673/2079 6674/6674/2079 6675/6675/2079
f 6676/6676/2080 6677/6677/2080 6678/6678/2080
f 6679/6679/2081 6680/6680/2081 6681/6681/2081
f 6682/6682/2082 6683/6683/2082 6684/6684/2082
f 6685/6685/2083 6686/6686/2083 6687/6687/2083
f 6688/6688/2084 6689/6689/2084 6690/6690/2084
f 6691/6691/2085 6692/6692/2085 6693/6693/2085
f 6694/6694/2086 6695/6695/2086 6696/6696/2086
f 6841/6841/2131 6842/6842/2131 6843/6843/2131
f 6844/6844/2132 6845/6845/2132 6846/6846/2132
f 6847/6847/2133 6848/6848/2133 6849/6849/2133
f 6850/6850/2134 6851/6851/2134 6852/6852/2134
f 6853/6853/2135 6854/6854/2135 6855/6855/2135
f 6856/6856/2136 6857/6857/2136 6858/6858/2136
f 6859/6859/2137 6860/6860/2137 6861/6861/2137
f 6862/6862/2138 6863/6863/2138 6864/6864/2138
f 6865/6865/2139 6866/6866/2139 6867/6867/2139
f 6868/6868/2140 6869/6869/2140 6870/6870/2140
f 6871/6871/2141 6872/6872/2141 6873/6873/2141
f 6874/6874/2142 6875/6875/2142 6876/6876/2142
f 6877/6877/2143 6878/6878/2143 6879/6879/2143
f 6880/6880/2144 6881/6881/2144 6882/6882/2144
f 6883/6883/2145 6884/6884/2145 6885/6885/2145
f 6886/6886/2146 6887/6887/2146 6888/6888/2146
f 7033/7033/2191 7034/7034/2191 7035/7035/2191
f 7036/7036/2192 7037/7037/2192 7038/7038/2192
f 7039/7039/2193 7040/7040/2193 7041/7041/2193
f 7042/7042/2194 7043/7043/2194 7044/7044/2194
f 7045/7045/2195 7046/7046/2195 7047/7047/2195
f 7048/7048/2196 7049/7049/2196 7050/7050/2196
f 7051/7051/2197 7052/7052/2197 7053/7053/2197
f 7054/7054/2198 7055/7055/2198 7056/7056/2198
f 7057/7057/2199 7058/7058/2199 7059/7059/2199
f 7060/7060/2200 7061/7061/2200 7062/7062/2200
f 7063/7063/2201 7064/7064/2201 7065/7065/2201
f 7066/7066/2202 7067/7067/2202 7068/7068/2202
f 7069/7069/2203 7070/7070/2203 7071/7071/2203
f 7072/7072/2204 7073/7073/2204 7074/7074/2204
f 7075/7075/2205 7076/7076/2205 7077/7077/2205
f 7078/7078/2206 7079/7079/2206 7080/7080/2206
f 7105/7105/2213 7106/7106/2213 7107/7107/2213
f 7108/7108/2214 7109/7109/2214 7110/7110/2214
f 7111/7111/2215 7112/7112/2215 7113/7113/2215
f 7114/7114/2216 7115/7115/2216 7116/7116/2216
f 7117/7117/2217 7118/7118/2217 7119/7119/2217
f 7120/7120/2218 7121/7121/2218 7122/7122/2218
f 7123/7123/2219 7124/7124/2219 7125/7125/2219
f 7126/7126/2220 7127/7127/2220 7128/7128/2220
f 7129/7129/2221 7130/7130/2221 7131/7131/2221
f 7132/7132/2222 7133/7133/2222 7134/7134/2222
f 7135/7135/2223 7136/7136/2223 7137/7137/2223
f 7138/7138/2224 7139/7139/2224 7140/7140/2224
f 7141/7141/2225 7142/7142/2225 7143/7143/2225
f 7144/7144/2226 7145/7145/2226 7146/7146/2226
f 7147/7147/2227 7148/7148/2227 7149/7149/2227
f 7150/7150/2228 7151/7151/2228 7152/7152/2228
f 7537/7537/2349 7538/7538/2349 7539/7539/2349
f 7540/7540/2350 7541/7541/2350 7542/7542/2350
f 7543/7543/2351 7544/7544/2351 7545/7545/2351
f 7546/7546/2352 7547/7547/2352 7548/7548/2352
f 7549/7549/2353 7550/7550/2353 7551/7551/2353
f 7552/7552/2354 7553/7553/2354 7554/7554/2354
f 7555/7555/2355 7556/7556/2355 7557/7557/2355
f 7558/7558/2356 7559/7559/2356 7560/7560/2356
f 7561/7561/2357 7562/7562/2357 7563/7563/2357
f 7564/7564/2358 7565/7565/2358 7566/7566/2358
f 7567/7567/2359 7568/7568/2359 7569/7569/2359
f 7570/7570/2360 7571/7571/2360 7572/7572/2360
f 7573/7573/2361 7574/7574/2361 7575/7575/2361
f 7576/7576/2362 7577/7577/2362 7578/7578/2362
f 7579/7579/2363 7580/7580/2363 7581/7581/2363
f 7582/7582/2364 7583/7583/2364 7584/7584/2364
f 7849/7849/2447 7850/7850/2447 7851/7851/2447
f 7852/7852/2448 7853/7853/2448 7854/7854/2448
f 7855/7855/2449 7856/7856/2449 7857/7857/2449
f 7858/7858/2450 7859/7859/2450 7860/7860/2450
f 7861/7861/2451 7862/7862/2451 7863/7863/2451
f 7864/7864/2452 7865/7865/2452 7866/7866/2452
f 7867/7867/2453 7868/7868/2453 7869/7869/2453
f 7870/7870/2454 7871/7871/2454 7872/7872/2454
f 7873/7873/2455 7874/7874/2455 7875/7875/2455
f 7876/7876/2456 7877/7877/2456 7878/7878/2456
f 7879/7879/2457 7880/7880/2457 7881/7881/2457
f 7882/7882/2458 7883/7883/2458 7884/7884/2458
f 7885/7885/2459 7886/7886/2459 7887/7887/2459
f 7888/7888/2460 7889/7889/2460 7890/7890/2460
f 7891/7891/2461 7892/7892/2461 7893/7893/2461
f 7894/7894/2462 7895/7895/2462 7896/7896/2462
f 7921/7921/2469 7922/7922/2469 7923/7923/2469
f 7924/7924/2470 7925/7925/2470 7926/7926/2470
f 7927/7927/2471 7928/7928/2471 7929/7929/2471
f 7930/7930/2472 7931/7931/2472 7932/7932/2472
f 7933/7933/2473 7934/7934/2473 7935/7935/2473
f 7936/7936/2474 7937/7937/2474 7938/7938/2474
f 7939/7939/2475 7940/7940/2475 7941/7941/2475
f 7942/7942/2476 7943/7943/2476 7944/7944/2476
f 7945/7945/2477 7946/7946/2477 7947/7947/2477
f 7948/7948/2478 7949/7949/2478 7950/7950/2478
f 7951/7951/2479 7952/7952/2479 7953/7953/2479
f 7954/7954/2480 7955/7955/2480 7956/7956/2480
f 7957/7957/2481 7958/7958/2481 7959/7959/2481
f 7960/7960/2482 7961/7961/2482 7962/7962/2482
f 7963/7963/2483 7964/7964/2483 7965/7965/2483
f 7966/7966/2484 7967/7967/2484 7968/7968/2484
f 7993/7993/2491 7994/7994/2491 7995/7995/2491
f 7996/7996/2492 7997/7997/2492 7998/7998/2492
f 7999/7999/2493 8000/8000/2493 8001/8001/2493
f 8002/8002/2494 8003/8003/2494 8004/8004/2494
f 8005/8005/2495 8006/8006/2495 8007/8007/2495
f 8008/8008/2496 8009/8009/2496 8010/8010/2496
f 8011/8011/2497 8012/8012/2497 8013/8013/2497
f 8014/8014/2498 8015/8015/2498 8016/8016/2498
f 8017/8017/2499 8018/8018/2499 8019/8019/2499
f 8020/8020/2500 8021/8021/2500 8022/8022/2500
f 8023/8023/2501 8024/8024/2501 8025/8025/2501
f 8026/8026/2502 8027/8027/2502 8028/8028/2502
f 8029/8029/2503 8030/8030/2503 8031/8031/2503
f 8032/8032/2504 8033/8033/2504 8034/8034/2504
f 8035/8035/2505 8036/8036/2505 8037/8037/2505
f 8038/8038/2506 8039/8039/2506 8040/8040/2506
f 8185/8185/2551 8186/8186/2551 8187/8187/2551
f 8188/8188/2552 8189/8189/2552 8190/8190/2552
f 8191/8191/2553 8192/8192/2553 8193/8193/2553
f 8194/8194/2554 8195/8195/2554 8196/8196/2554
f 8197/8197/2555 8198/8198/2555 8199/8199/2555
f 8200/8200/2556 8201/8201/2556 8202/8202/2556
f 8203/8203/2557 8204/8204/2557 8205/8205/2557
f 8206/8206/2558 8207/8207/2558 8208/8208/2558
f 8209/8209/2559 8210/8210/2559 8211/8211/2559
f 8212/8212/2560 8213/8213/2560 8214/8214/2560
f 8215/8215/2561 8216/8216/2561 8217/8217/2561
f 8218/8218/2562 8219/8219/2562 8220/8220/2562
f 8221/8221/2563 8222/8222/2563 8223/8223/2563
f 8224/8224/2564 8225/8225/2564 8226/8226/2564
f 8227/8227/2565 8228/8228/2565 8229/8229/2565
f 8230/8230/2566 8231/8231/2566 8232/8232/2566
f 8257/8257/2573 8258/8258/2573 8259/8259/2573
f 8260/8260/2574 8261/8261/2574 8262/8262/2574
f 8263/8263/2575 8264/8264/2575 8265/8265/2575
f 8266/8266/2576 8267/8267/2576 8268/8268/2576
f 8269/8269/2577 8270/8270/2577 8271/8271/2577
f 8272/8272/2578 8273/8273/2578 8274/8274/2578
f 8275/8275/2579 8276/8276/2579 8277/8277/2579
f 8278/8278/2580 8279/8279/2580 8280/8280/2580
f 8281/8281/2581 8282/8282/2581 8283/8283/2581
f 8284/8284/2582 8285/8285/2582 8286/8286/2582
f 8287/8287/2583 8288/8288/2583 8289/8289/2583
f 8290/8290/2584 8291/8291/2584 8292/8292/2584
f 8293/8293/2585 8294/8294/2585 8295/8295/2585
f 8296/8296/2586 8297/8297/2586 8298/8298/2586
f 8299/8299/2587 8300/8300/2587 8301/8301/2587
f 8302/8302/2588 8303/8303/2588 8304/8304/2588
f 8449/8449/2633 8450/8450/2633 8451/8451/2633
f 8452/8452/2634 8453/8453/2634 8454/8454/2634
f 8455/8455/2635 8456/8456/2635 8457/8457/2635
f 8458/8458/2636 8459/8459/2636 8460/8460/2636
f 8461/8461/2637 8462/8462/2637 8463/8463/2637
f 8464/8464/2638 8465/8465/2638 8466/8466/2638
f 8467/8467/2639 8468/8468/2639 8469/8469/2639
f 8470/8470/2640 8471/8471/2640 8472/8472/2640
f 8473/8473/2641 8474/8474/2641 8475/8475/2641
f 8476/8476/2642 8477/8477/2642 8478/8478/2642
f 8479/8479/2643 8480/8480/2643 8481/8481/2643
f 8482/8482/2644 8483/8483/2644 8484/8484/2644
f 8485/8485/2645 8486/8486/2645 8487/8487/2645
f 8488/8488/2646 8489/8489/2646 8490/8490/2646
f 8491/8491/2647 8492/8492/2647 8493/8493/2647
f 8494/8494/2648 8495/8495/2648 8496/8496/2648
f 8641/8641/2693 8642/8642/2693 8643/8643/2693
f 8644/8644/2694 8645/8645/2694 8646/8646/2694
f 8647/8647/2695 8648/8648/2695 8649/8649/2695
f 8650/8650/2696 8651/8651/2696 8652/8652/2696
f 8653/8653/2697 8654/8654/2697 8655/8655/2697
f 8656/8656/2698 8657/8657/2698 8658/8658/2698
f 8659/8659/2699 8660/8660/2699 8661/8661/2699
f 8662/8662/2700 8663/8663/2700 8664/8664/2700
f 8665/8665/2701 8666/8666/2701 8667/8667/2701
f 8668/8668/2702 8669/8669/2702 8670/8670/2702
f 8671/8671/2703 8672/8672/2703 8673/8673/2703
f 8674/8674/2704 8675/8675/2704 8676/8676/2704
f 8677/8677/2705 8678/8678/2705 8679/8679/2705
f 8680/8680/2706 8681/8681/2706 8682/8682/2706
f 8683/8683/2707 8684/8684/2707 8685/8685/2707
f 8686/8686/2708 8687/8687/2708 8688/8688/2708
f 8713/8713/2715 8714/8714/2715 8715/8715/2715
f 8716/8716/2716 8717/8717/2716 8718/8718/2716
f 8719/8719/2717 8720/8720/2717 8721/8721/2717
f 8722/8722/2718 8723/8723/2718 8724/8724/2718
f 8725/8725/2719 8726/8726/2719 8727/8727/2719
f 8728/8728/2720 8729/8729/2720 8730/8730/2720
f 8731/8731/2721 8732/8732/2721 8733/8733/2721
f 8734/8734/2722 8735/8735/2722 8736/8736/2722
f 8737/8737/2723 8738/8738/2723 8739/8739/2723
f 8740/8740/2724 8741/8741/2724 8742/8742/2724
f 8743/8743/2725 8744/8744/2725 8745/8745/2725
f 8746/8746/2726 8747/8747/2726 8748/8748/2726
f 8749/8749/2727 8750/8750/2727 8751/8751/2727
f 8752/8752/2728 8753/8753/2728 8754/8754/2728
f 8755/8755/2729 8756/8756/2729 8757/8757/2729
f 8758/8758/2730 8759/8759/2730 8760/8760/2730
f 8785/8785/2737 8786/8786/2737 8787/8787/2737
f 8788/8788/2738 8789/8789/2738 8790/8790/2738
f 8791/8791/2739 8792/8792/2739 8793/8793/2739
f 8794/8794/2740 8795/8795/2740 8796/8796/2740
f 8797/8797/2741 8798/8798/2741 8799/8799/2741
f 8800/8800/2742 8801/8801/2742 8802/8802/2742
f 8803/8803/2743 8804/8804/2743 8805/8805/2743
f 8806/8806/2744 8807/8807/2744 8808/8808/2744
f 8809/8809/2745 8810/8810/2745 8811/8811/2745
f 8812/8812/2746 8813/8813/2746 8814/8814/2746
f 8815/8815/2747 8816/8816/2747 8817/8817/2747
f 8818/8818/2748 8819/8819/2748 8820/8820/2748
f 8821/8821/2749 8822/8822/2749 8823/8823/2749
f 8824/8824/2750 8825/8825/2750 8826/8826/2750
f 8827/8827/2751 8828/8828/2751 8829/8829/2751
f 8830/8830/2752 8831/8831/2752 8832/8832/2752
f 8857/8857/2759 8858/8858/2759 8859/8859/2759
f 8860/8860/2760 8861/8861/2760 8862/8862/2760
f 8863/8863/2761 8864/8864/2761 8865/8865/2761
f 8866/8866/2762 8867/8867/2762 8868/8868/2762
f 8869/8869/2763 8870/8870/2763 8871/8871/2763
f 8872/8872/2764 8873/8873/2764 8874/8874/2764
f 8875/8875/2765 8876/8876/2765 8877/8877/2765
f 8878/8878/2766 8879/8879/2766 8880/8880/2766
f 8881/8881/2767 8882/8882/2767 8883/8883/2767
f 8884/8884/2768 8885/8885/2768 8886/8886/2768
f 8887/8887/2769 8888/8888/2769 8889/8889/2769
f 8890/8890/2770 8891/8891/2770 8892/8892/2770
f 8893/8893/2771 8894/8894/2771 8895/8895/2771
f 8896/8896/2772 8897/8897/2772 8898/8898/2772
f 8899/8899/2773 8900/8900/2773 8901/8901/2773
f 8902/8902/2774 8903/8903/2774 8904/8904/2774
f 8929/8929/2781 8930/8930/2781 8931/8931/2781
f 8932/8932/2782 8933/8933/2782 8934/8934/2782
f 8935/8935/2783 8936/8936/2783 8937/8937/2783
f 8938/8938/2784 8939/8939/2784 8940/8940/2784
f 8941/8941/2785 8942/8942/2785 8943/8943/2785
f 8944/8944/2786 8945/8945/2786 8946/8946/2786
f 8947/8947/2787 8948/8948/2787 8949/8949/2787
f 8950/8950/2788 8951/8951/2788 8952/8952/2788
f 8953/8953/2789 8954/8954/2789 8955/8955/2789
f 8956/8956/2790 8957/8957/2790 8958/8958/2790
f 8959/8959/2791 8960/8960/2791 8961/8961/2791
f 8962/8962/2792 8963/8963/2792 8964/8964/2792
f 8965/8965/2793 8966/8966/2793 8967/8967/2793
f 8968/8968/2794 8969/8969/2794 8970/8970/2794
f 8971/8971/2795 8972/8972/2795 8973/8973/2795
f 8974/8974/2796 8975/8975/2796 8976/8976/2796
f 9001/9001/2803 9002/9002/2803 9003/9003/2803
f 9004/9004/2804 9005/9005/2804 9006/9006/2804
f 9007/9007/2805 9008/9008/2805 9009/9009/2805
f 9010/9010/2806 9011/9011/2806 9012/9012/2806
f 9013/9013/2807 9014/9014/2807 9015/9015/2807
f 9016/9016/2808 9017/9017/2808 9018/9018/2808
f 9019/9019/2809 9020/9020/2809 9021/9021/2809
f 9022/9022/2810 9023/9023/2810 9024/9024/2810
f 9025/9025/2811 9026/9026/2811 9027/9027/2811
f 9028/9028/2812 9029/9029/2812 9030/9030/2812
f 9031/9031/2813 9032/9032/2813 9033/9033/2813
f 9034/9034/2814 9035/9035/2814 9036/9036/2814
f 9037/9037/2815 9038/9038/2815 9039/9039/2815
f 9040/9040/2816 9041/9041/2816 9042/9042/2816
f 9043/9043/2817 9044/9044/2817 9045/9045/2817
f 9046/9046/2818 9047/9047/2818 9048/9048/2818
f 9073/9073/2825 9074/9074/2825 9075/9075/2825
f 9076/9076/2826 9077/9077/2826 9078/9078/2826
f 9079/9079/2827 9080/9080/2827 9081/9081/2827
f 9082/9082/2828 9083/9083/2828 9084/9084/2828
f 9085/9085/2829 9086/9086/2829 9087/9087/2829
f 9088/9088/2830 9089/9089/2830 9090/9090/2830
f 9091/9091/2831 9092/9092/2831 9093/9093/2831
f 9094/9094/2832 9095/9095/2832 9096/9096/2832
f 9097/9097/2833 9098/9098/2833 9099/9099/2833
f 9100/9100/2834 9101/9101/2834 9102/9102/2834
f 9103/9103/2835 9104/9104/2835 9105/9105/2835
f 9106/9106/2836 9107/9107/2836 9108/9108/2836
f 9109/9109/2837 9110/9110/2837 9111/9111/2837
f 9112/9112/2838 9113/9113/2838 9114/9114/2838
f 9115/9115/2839 9116/9116/2839 9117/9117/2839
f 9118/9118/2840 9119/9119/2840 9120/9120/2840
f 9145/9145/2847 9146/9146/2847 9147/9147/2847
f 9148/9148/2848 9149/9149/2848 9150/9150/2848
f 9151/9151/2849 9152/9152/2849 9153/9153/2849
f 9154/9154/2850 9155/9155/2850 9156/9156/2850
f 9157/9157/2851 9158/9158/2851 9159/9159/2851
f 9160/9160/2852 9161/9161/2852 9162/9162/2852
f 9163/9163/2853 9164/9164/2853 9165/9165/2853
f 9166/9166/2854 9167/9167/2854 9168/9168/2854
f 9169/9169/2855 9170/9170/2855 9171/9171/2855
f 9172/9172/2856 9173/9173/2856 9174/9174/2856
f 9175/9175/2857 9176/9176/2857 9177/9177/2857
f 9178/9178/2858 9179/9179/2858 9180/9180/2858
f 9181/9181/2859 9182/9182/2859 9183/9183/2859
f 9184/9184/2860 9185/9185/2860 9186/9186/2860
f 9187/9187/2861 9188/9188/2861 9189/9189/2861
f 9190/9190/2862 9191/9191/2862 9192/9192/2862
f 9577/9577/2983 9578/9578/2983 9579/9579/2983
f 9580/9580/2984 9581/9581/2984 9582/9582/2984
f 9583/9583/2985 9584/9584/2985 9585/9585/2985
f 9586/9586/2986 9587/9587/2986 9588/9588/2986
f 9589/9589/2987 9590/9590/2987 9591/9591/2987
f 9592/9592/2988 9593/9593/2988 9594/9594/2988
f 9595/9595/2989 9596/9596/2989 9597/9597/2989
f 9598/9598/2990 9599/9599/2990 9600/9600/2990
f 9601/9601/2991 9602/9602/2991 9603/9603/2991
f 9604/9604/2992 9605/9605/2992 9606/9606/2992
f 9607/9607/2993 9608/9608/2993 9609/9609/2993
f 9610/9610/2994 9611/9611/2994 9612/9612/2994
f 9613/9613/2995 9614/9614/2995 9615/9615/2995
f 9616/9616/2996 9617/9617/2996 9618/9618/2996
f 9619/9619/2997 9620/9620/2997 9621/9621/2997
f 9622/9622/2998 9623/9623/2998 9624/9624/2998
f 9649/9649/3005 9650/9650/3005 9651/9651/3005
f 9652/9652/3006 9653/9653/3006 9654/9654/3006
f 9655/9655/3007 9656/9656/3007 9657/9657/3007
f 9658/9658/3008 9659/9659/3008 9660/9660/3008
f 9661/9661/3009 9662/9662/3009 9663/9663/3009
f 9664/9664/3010 9665/9665/3010 9666/9666/3010
f 9667/9667/3011 9668/9668/3011 9669/9669/3011
f 9670/9670/3012 9671/9671/3012 9672/9672/3012
f 9673/9673/3013 9674/9674/3013 9675/9675/3013
f 9676/9676/3014 9677/9677/3014 9678/9678/3014
f 9679/9679/3015 9680/9680/3015 9681/9681/3015
f 9682/9682/3016 9683/9683/3016 9684/9684/3016
f 9685/9685/3017 9686/9686/3017 9687/9687/3017
f 9688/9688/3018 9689/9689/3018 9690/9690/3018
f 9691/9691/3019 9692/9692/3019 9693/9693/3019
f 9694/9694/3020 9695/9695/3020 9696/9696/3020
f 9841/9841/3065 9842/9842/3065 9843/9843/3065
f 9844/9844/3066 9845/9845/3066 9846/9846/3066
f 9847/9847/3067 9848/9848/3067 9849/9849/3067
f 9850/9850/3068 9851/9851/3068 9852/9852/3068
f 9853/9853/3069 9854/9854/3069 9855/9855/3069
f 9856/9856/3070 9857/9857/3070 9858/9858/3070
f 9859/9859/3071 9860/9860/3071 9861/9861/3071
f 9862/9862/3072 9863/9863/3072 9864/9864/3072
f 9865/9865/3073 9866/9866/3073 9867/9867/3073
f 9868/9868/3074 9869/9869/3074 9870/9870/3074
f 9871/9871/3075 9872/9872/3075 9873/9873/3075
f 9874/9874/3076 9875/9875/3076 9876/9876/3076
f 9877/9877/3077 9878/9878/3077 9879/9879/3077
f 9880/9880/3078 9881/9881/3078 9882/9882/3078
f 9883/9883/3079 9884/9884/3079 9885/9885/3079
f 9886/9886/3080 9887/9887/3080 9888/9888/3080
f 9913/9913/3087 9914/9914/3087 9915/9915/3087
f 9916/9916/3088 9917/9917/3088 9918/9918/3088
f 9919/9919/3089 9920/9920/3089 9921/9921/3089
f 9922/9922/3090 9923/9923/3090 9924/9924/3090
f 9925/9925/3091 9926/9926/3091 9927/9927/3091
f 9928/9928/3092 9929/9929/3092 9930/9930/3092
f 9931/9931/3093 9932/9932/3093 9933/9933/3093
f 9934/9934/3094 9935/9935/3094 9936/9936/3094
f 9937/9937/3095 9938/9938/3095 9939/9939/3095
f 9940/9940/3096 9941/9941/3096 9942/9942/3096
f 9943/9943/3097 9944/9944/3097 9945/9945/3097
f 9946/9946/3098 9947/9947/3098 9948/9948/3098
f 9949/9949/3099 9950/9950/3099 9951/9951/3099
f 9952/9952/3100 9953/9953/3100 9954/9954/3100
f 9955/9955/3101 9956/9956/3101 9957/9957/3101
f 9958/9958/3102 9959/9959/3102 9960/9960/3102
f 9985/9985/3109 9986/9986/3109 9987/9987/3109
f 9988/9988/3110 9989/9989/3110 9990/9990/3110
f 9991/9991/3111 9992/9992/3111 9993/9993/3111
f 9994/9994/3112 9995/9995/3112 9996/9996/3112
f 9997/9997/3113 9998/9998/3113 9999/9999/3113
f 10000/10000/3114 10001/10001/3114 10002/10002/3114
f 10003/10003/3115 10004/10004/3115 10005/10005/3115
f 10006/10006/3116 10007/10007/3116 10008/10008/3116
f 10009/10009/3117 10010/10010/3117 10011/10011/3117
f 10012/10012/3118 10013/10013/3118 10014/10014/3118
f 10015/10015/3119 10016/10016/3119 10017/10017/3119
f 10018/10018/3120 10019/10019/3120 10020/10020/3120
f 10021/10021/3121 10022/10022/3121 10023/10023/3121
f 10024/10024/3122 10025/10025/3122 10026/10026/3122
f 10027/10027/3123 10028/10028/3123 10029/10029/3123
f 10030/10030/3124 10031/10031/3124 10032/10032/3124
f 10177/10177/3169 10178/10178/3169 10179/10179/3169
f 10180/10180/3170 10181/10181/3170 10182/10182/3170
f 10183/10183/3171 10184/10184/3171 10185/10185/3171
f 10186/10186/3172 10187/10187/3172 10188/10188/3172
f 10189/10189/3173 10190/10190/3173 10191/10191/3173
f 10192/10192/3174 10193/10193/3174 10194/10194/3174
f 10195/10195/3175 10196/10196/3175 10197/10197/3175
f 10198/10198/3176 10199/10199/3176 10200/10200/3176
f 10201/10201/3177 10202/10202/3177 10203/10203/3177
f 10204/10204/3178 10205/10205/3178 10206/10206/3178
f 10207/10207/3179 10208/10208/3179 10209/10209/3179
f 10210/10210/3180 10211/10211/3180 10212/10212/3180
f 10213/10213/3181 10214/10214/3181 10215/10215/3181
f 10216/10216/3182 10217/10217/3182 10218/10218/3182
f 10219/10219/3183 10220/10220/3183 10221/10221/3183
f 10222/10222/3184 10223/10223/3184 10224/10224/3184
f 10249/10249/3191 10250/10250/3191 10251/10251/3191
f 10252/10252/3192 10253/10253/3192 10254/10254/3192
f 10255/10255/3193 10256/10256/3193 10257/10257/3193
f 10258/10258/3194 10259/10259/3194 10260/10260/3194
f 10261/10261/3195 10262/10262/3195 10263/10263/3195
f 10264/10264/3196 10265/10265/3196 10266/10266/3196
f 10267/10267/3197 10268/10268/3197 10269/10269/3197
f 10270/10270/3198 10271/10271/3198 10272/10272/3198
f 10273/10273/3199 10274/10274/3199 10275/10275/3199
f 10276/10276/3200 10277/10277/3200 10278/10278/3200
f 10279/10279/3201 10280/10280/3201 10281/10281/3201
f 10282/10282/3202 10283/10283/3202 10284/10284/3202
f 10285/10285/3203 10286/10286/3203 10287/10287/3203
f 10288/10288/3204 10289/10289/3204 10290/10290/3204
f 10291/10291/3205 10292/10292/3205 10293/10293/3205
f 10294/10294/3206 10295/10295/3206 10296/10296/3206
f 10441/10441/3251 10442/10442/3251 10443/10443/3251
f 10444/10444/3252 10445/10445/3252 10446/10446/3252
f 10447/10447/3253 10448/10448/3253 10449/10449/3253
f 10450/10450/3254 10451/10451/3254 10452/10452/3254
f 10453/10453/3255 10454/10454/3255 10455/10455/3255
f 10456/10456/3256 10457/10457/3256 10458/10458/3256
f 10459/10459/3257 10460/10460/3257 10461/10461/3257
f 10462/10462/3258 10463/10463/3258 10464/10464/3258
f 10465/10465/3259 10466/10466/3259 10467/10467/3259
f 10468/10468/3260 10469/10469/3260 10470/10470/3260
f 10471/10471/3261 10472/10472/3261 10473/10473/3261
f 10474/10474/3262 10475/10475/3262 10476/10476/3262
f 10477/10477/3263 10478/10478/3263 10479/10479/3263
f 10480/10480/3264 10481/10481/3264 10482/10482/3264
f 10483/10483/3265 10484/10484/3265 10485/10485/3265
f 10486/10486/3266 10487/10487/3266 10488/10488/3266
f 10753/10753/3349 10754/10754/3349 10755/10755/3349
f 10756/10756/3350 10757/10757/3350 10758/10758/3350
f 10759/10759/3351 10760/10760/3351 10761/10761/3351
f 10762/10762/3352 10763/10763/3352 10764/10764/3352
f 10765/10765/3353 10766/10766/3353 10767/10767/3353
f 10768/10768/3354 10769/10769/3354 10770/10770/3354
f 10771/10771/3355 10772/10772/3355 10773/10773/3355
f 10774/10774/3356 10775/10775/3356 10776/10776/3356
f 10777/10777/3357 10778/10778/3357 10779/10779/3357
f 10780/10780/3358 10781/10781/3358 10782/10782/3358
f 10783/10783/3359 10784/10784/3359 10785/10785/3359
f 10786/10786/3360 10787/10787/3360 10788/10788/3360
f 10789/10789/3361 10790/10790/3361 10791/10791/3361
f 10792/10792/3362 10793/10793/3362 10794/10794/3362
f 10795/10795/3363 10796/10796/3363 10797/10797/3363
f 10798/10798/3364 10799/10799/3364 10800/10800/3364
f 10825/10825/3371 10826/10826/3371 10827/10827/3371
f 10828/10828/3372 10829/10829/3372 10830/10830/3372
f 10831/10831/3373 10832/10832/3373 10833/10833/3373
f 10834/10834/3374 10835/10835/3374 10836/10836/3374
f 10837/10837/3375 10838/10838/3375 10839/10839/3375
f 10840/10840/3376 10841/10841/3376 10842/10842/3376
f 10843/10843/3377 10844/10844/3377 10845/10845/3377
f 10846/10846/3378 10847/10847/3378 10848/10848/3378
f 10849/10849/3379 10850/10850/3379 10851/10851/3379
f 10852/10852/3380 10853/10853/3380 10854/10854/3380
f 10855/10855/3381 10856/10856/3381 10857/10857/3381
f 10858/10858/3382 10859/10859/3382 10860/10860/3382
f 10861/10861/3383 10862/10862/3383 10863/10863/3383
f 10864/10864/3384 10865/10865/3384 10866/10866/3384
f 10867/10867/3385 10868/10868/3385 10869/10869/3385
f 10870/10870/3386 10871/10871/3386 10872/10872/3386
f 10897/10897/3393 10898/10898/3393 10899/10899/3393
f 10900/10900/3394 10901/10901/3394 10902/10902/3394
f 10903/10903/3395 10904/10904/3395 10905/10905/3395
f 10906/10906/3396 10907/10907/3396 10908/10908/3396
f 10909/10909/3397 10910/10910/3397 10911/10911/3397
f 10912/10912/3398 10913/10913/3398 10914/10914/3398
f 10915/10915/3399 10916/10916/3399 10917/10917/3399
f 10918/10918/3400 10919/10919/3400 10920/10920/3400
f 10921/10921/3401 10922/10922/3401 10923/10923/3401
f 10924/10924/3402 10925/10925/3402 10926/10926/3402
f 10927/10927/3403 10928/10928/3403 10929/10929/3403
f 10930/10930/3404 10931/10931/3404 10932/10932/3404
f 10933/10933/3405 10934/10934/3405 10935/10935/3405
f 10936/10936/3406 10937/10937/3406 10938/10938/3406
f 10939/10939/3407 10940/10940/3407 10941/10941/3407
f 10942/10942/3408 10943/10943/3408 10944/10944/3408
f 11209/11209/3491 11210/11210/3491 11211/11211/3491
f 11212/11212/3492 11213/11213/3492 11214/11214/3492
f 11215/11215/3493 11216/11216/3493 11217/11217/3493
f 11218/11218/3494 11219/11219/3494 11220/11220/3494
f 11221/11221/3495 11222/11222/3495 11223/11223/3495
f 11224/11224/3496 11225/11225/3496 11226/11226/3496
f 11227/11227/3497 11228/11228/3497 11229/11229/3497
f 11230/11230/3498 11231/11231/3498 11232/11232/3498
f 11233/11233/3499 11234/11234/3499 11235/11235/3499
f 11236/11236/3500 11237/11237/3500 11238/11238/3500
f 11239/11239/3501 11240/11240/3501 11241/11241/3501
f 11242/11242/3502 11243/11243/3502 11244/11244/3502
f 11245/11245/3503 11246/11246/3503 11247/11247/3503
f 11248/11248/3504 11249/11249/3504 11250/11250/3504
f 11251/11251/3505 11252/11252/3505 11253/11253/3505
f 11254/11254/3506 11255/11255/3506 11256/11256/3506
f 11521/11521/3589 11522/11522/3589 11523/11523/3589
f 11524/11524/3590 11525/11525/3590 11526/11526/3590
f 11527/11527/3591 11528/11528/3591 11529/11529/3591
f 11530/11530/3592 11531/11531/3592 11532/11532/3592
f 11533/11533/3593 11534/11534/3593 11535/11535/3593
f 11536/11536/3594 11537/11537/3594 11538/11538/3594
f 11539/11539/3595 11540/11540/3595 11541/11541/3595
f 11542/11542/3596 11543/11543/3596 11544/11544/3596
f 11545/11545/3597 11546/11546/3597 11547/11547/3597
f 11548/11548/3598 11549/11549/3598 11550/11550/3598
f 11551/11551/3599 11552/11552/3599 11553/11553/3599
f 11554/11554/3600 11555/11555/3600 11556/11556/3600
f 11557/11557/3601 11558/11558/3601 11559/11559/3601
f 11560/11560/3602 11561/11561/3602 11562/11562/3602
f 11563/11563/3603 11564/11564/3603 11565/11565/3603
f 11566/11566/3604 11567/11567/3604 11568/11568/3604
f 11593/11593/3611 11594/11594/3611 11595/11595/3611
f 11596/11596/3612 11597/11597/3612 11598/11598/3612
f 11599/11599/3613 11600/11600/3613 11601/11601/3613
f 11602/11602/3614 11603/11603/3614 11604/11604/3614
f 11605/11605/3615 11606/11606/3615 11607/11607/3615
f 11608/11608/3616 11609/11609/3616 11610/11610/3616
f 11611/11611/3617 11612/11612/3617 11613/11613/3617
f 11614/11614/3618 11615/11615/3618 11616/11616/3618
f 11617/11617/3619 11618/11618/3619 11619/11619/3619
f 11620/11620/3620 11621/11621/3620 11622/11622/3620
f 11623/11623/3621 11624/11624/3621 11625/11625/3621
f 11626/11626/3622 11627/11627/3622 11628/11628/3622
f 11629/11629/3623 11630/11630/3623 11631/11631/3623
f 11632/11632/3624 11633/11633/3624 11634/11634/3624
f 11635/11635/3625 11636/11636/3625 11637/11637/3625
f 11638/11638/3626 11639/11639/3626 11640/11640/3626
f 11665/11665/3633 11666/11666/3633 11667/11667/3633
f 11668/11668/3634 11669/11669/3634 11670/11670/3634
f 11671/11671/3635 11672/11672/3635 11673/11673/3635
f 11674/11674/3636 11675/11675/3636 11676/11676/3636
f 11677/11677/3637 11678/11678/3637 11679/11679/3637
f 11680/11680/3638 11681/11681/3638 11682/11682/3638
f 11683/11683/3639 11684/11684/3639 11685/11685/3639
f 11686/11686/3640 11687/11687/3640 11688/11688/3640
f 11689/11689/3641 11690/11690/3641 11691/11691/3641
f 11692/11692/3642 11693/11693/3642 11694/11694/3642
f 11695/11695/3643 11696/11696/3643 11697/11697/3643
f 11698/11698/3644 11699/11699/3644 11700/11700/3644
f 11701/11701/3645 11702/11702/3645 11703/11703/3645
f 11704/11704/3646 11705/11705/3646 11706/11706/3646
f 11707/11707/3647 11708/11708/3647 11709/11709/3647
f 11710/11710/3648 11711/11711/3648 11712/11712/3648
f 11737/11737/3655 11738/11738/3655 11739/11739/3655
f 11740/11740/3656 11741/11741/3656 11742/11742/3656
f 11743/11743/3657 11744/11744/3657 11745/11745/3657
f 11746/11746/3658 11747/11747/3658 11748/11748/3658
f 11749/11749/3659 11750/11750/3659 11751/11751/3659
f 11752/11752/3660 11753/11753/3660 11754/11754/3660
f 11755/11755/3661 11756/11756/3661 11757/11757/3661
f 11758/11758/3662 11759/11759/3662 11760/11760/3662
f 11761/11761/3663 11762/11762/3663 11763/11763/3663
f 11764/11764/3664 11765/11765/3664 11766/11766/3664
f 11767/11767/3665 11768/11768/3665 11769/11769/3665
f 11770/11770/3666 11771/11771/3666 11772/11772/3666
f 11773/11773/3667 11774/11774/3667 11775/11775/3667
f 11776/11776/3668 11777/11777/3668 11778/11778/3668
f 11779/11779/3669 11780/11780/3669 11781/11781/3669
f 11782/11782/3670 11783/11783/3670 11784/11784/3670
f 12049/12049/3753 12050/12050/3753 12051/12051/3753
f 12052/12052/3754 12053/12053/3754 12054/12054/3754
f 12055/12055/3755 12056/12056/3755 12057/12057/3755
f 12058/12058/3756 12059/12059/3756 12060/12060/3756
f 12061/12061/3757 12062/12062/3757 12063/12063/3757
f 12064/12064/3758 12065/12065/3758 12066/12066/3758
f 12067/12067/3759 12068/12068/3759 12069/12069/3759
f 12070/12070/3760 12071/12071/3760 12072/12072/3760
f 12073/12073/3761 12074/12074/3761 12075/12075/3761
f 12076/12076/3762 12077/12077/3762 12078/12078/3762
f 12079/12079/3763 12080/12080/3763 12081/12081/3763
f 12082/12082/3764 12083/12083/3764 12084/12084/3764
f 12085/12085/3765 12086/12086/3765 12087/12087/3765
f 12088/12088/3766 12089/12089/3766 12090/12090/3766
f 12091/12091/3767 12092/12092/3767 12093/12093/3767
f 12094/12094/3768 12095/12095/3768 12096/12096/3768
f 12121/12121/3775 12122/12122/3775 12123/12123/3775
f 12124/12124/3776 12125/12125/3776 12126/12126/3776
f 12127/12127/3777 12128/12128/3777 12129/12129/3777
f 12130/12130/3778 12131/12131/3778 12132/12132/3778
f 12133/12133/3779 12134/12134/3779 12135/12135/3779
f 12136/12136/3780 12137/12137/3780 12138/12138/3780
f 12139/12139/3781 12140/12140/3781 12141/12141/3781
f 12142/12142/3782 12143/12143/3782 12144/12144/3782
f 12145/12145/3783 12146/12146/3783 12147/12147/3783
f 12148/12148/3784 12149/12149/3784 12150/12150/3784
f 12151/12151/3785 12152/12152/3785 12153/12153/3785
f 12154/12154/3786 12155/12155/3786 12156/12156/3786
f 12157/12157/3787 12158/12158/3787 12159/12159/3787
f 12160/12160/3788 12161/12161/3788 12162/12162/3788
f 12163/12163/3789 12164/12164/3789 12165/12165/3789
f 12166/12166/3790 12167/12167/3790 12168/12168/3790
f 12313/12313/3835 12314/12314/3835 12315/12315/3835
f 12316/12316/3836 12317/12317/3836 12318/12318/3836
f 12319/12319/3837 12320/12320/3837 12321/12321/3837
f 12322/12322/3838 12323/12323/3838 12324/12324/3838
f 12325/12325/3839 12326/12326/3839 12327/12327/3839
f 12328/12328/3840 12329/12329/3840 12330/12330/3840
f 12331/12331/3841 12332/12332/3841 12333/12333/3841
f 12334/12334/3842 12335/12335/3842 12336/12336/3842
f 12337/12337/3843 12338/12338/3843 12339/12339/3843
f 12340/12340/3844 12341/12341/3844 12342/12342/3844
f 12343/12343/3845 12344/12344/3845 12345/12345/3845
f 12346/12346/3846 12347/12347/3846 12348/12348/3846
f 12349/12349/3847 12350/12350/3847 12351/12351/3847
f 12352/12352/3848 12353/12353/3848 12354/12354/3848
f 12355/12355/3849 12356/12356/3849 12357/12357/3849
f 12358/12358/3850 12359/12359/3850 12360/12360/3850
f 12505/12505/3895 12506/12506/3895 12507/12507/3895
f 12508/12508/3896 12509/12509/3896 12510/12510/3896
f 12511/12511/3897 12512/12512/3897 12513/12513/3897
f 12514/12514/3898 12515/12515/3898 12516/12516/3898
f 12517/12517/3899 12518/12518/3899 12519/12519/3899
f 12520/12520/3900 12521/12521/3900 12522/12522/3900
f 12523/12523/3901 12524/12524/3901 12525/12525/3901
f 12526/12526/3902 12527/12527/3902 12528/12528/3902
f 12529/12529/3903 12530/12530/3903 12531/12531/3903
f 12532/12532/3904 12533/12533/3904 12534/12534/3904
f 12535/12535/3905 12536/12536/3905 12537/12537/3905
f 12538/12538/3906 12539/12539/3906 12540/12540/3906
f 12541/12541/3907 12542/12542/3907 12543/12543/3907
f 12544/12544/3908 12545/12545/3908 12546/12546/3908
f 12547/12547/3909 12548/12548/3909 12549/12549/3909
f 12550/12550/3910 12551/12551/3910 12552/12552/3910
f 12577/12577/3917 12578/12578/3917 12579/12579/3917
f 12580/12580/3918 12581/12581/3918 12582/12582/3918
f 12583/12583/3919 12584/12584/3919 12585/12585/3919
f 12586/12586/3920 12587/12587/3920 12588/12588/3920
f 12589/12589/3921 12590/12590/3921 12591/12591/3921
f 12592/12592/3922 12593/12593/3922 12594/12594/3922
f 12595/12595/3923 12596/12596/3923 12597/12597/3923
f 12598/12598/3924 12599/12599/3924 12600/12600/3924
f 12601/12601/3925 12602/12602/3925 12603/12603/3925
f 12604/12604/3926 12605/12605/3926 12606/12606/3926
f 12607/12607/3927 12608/12608/3927 12609/12609/3927
f 12610/12610/3928 12611/12611/3928 12612/12612/3928
f 12613/12613/3929 12614/12614/3929 12615/12615/3929
f 12616/12616/3930 12617/12617/3930 12618/12618/3930
f 12619/12619/3931 12620/12620/3931 12621/12621/3931
f 12622/12622/3932 12623/12623/3932 12624/12624/3932
f 12769/12769/3977 12770/12770/3977 12771/12771/3977
f 12772/12772/3978 12773/12773/3978 12774/12774/3978
f 12775/12775/3979 12776/12776/3979 12777/12777/3979
f 12778/12778/3980 12779/12779/3980 12780/12780/3980
f 12781/12781/3981 12782/12782/3981 12783/12783/3981
f 12784/12784/3982 12785/12785/3982 12786/12786/3982
f 12787/12787/3983 12788/12788/3983 12789/12789/3983
f 12790/12790/3984 12791/12791/3984 12792/12792/3984
f 12793/12793/3985 12794/12794/3985 12795/12795/3985
f 12796/12796/3986 12797/12797/3986 12798/12798/3986
f 12799/12799/3987 12800/12800/3987 12801/12801/3987
f 12802/12802/3988 12803/12803/3988 12804/12804/3988
f 12805/12805/3989 12806/12806/3989 12807/12807/3989
f 12808/12808/3990 12809/12809/3990 12810/12810/3990
f 12811/12811/3991 12812/12812/3991 12813/12813/3991
f 12814/12814/3992 12815/12815/3992 12816/12816/3992
f 12961/12961/4037 12962/12962/4037 12963/12963/4037
f 12964/12964/4038 12965/12965/4038 12966/12966/4038
f 12967/12967/4039 12968/12968/4039 12969/12969/4039
f 12970/12970/4040 12971/12971/4040 12972/12972/4040
f 12973/12973/4041 12974/12974/4041 12975/12975/4041
f 12976/12976/4042 12977/12977/4042 12978/12978/4042
f 12979/12979/4043 12980/12980/4043 12981/12981/4043
f 12982/12982/4044 12983/12983/4044 12984/12984/4044
f 12985/12985/4045 12986/12986/4045 12987/12987/4045
f 12988/12988/4046 12989/12989/4046 12990/12990/4046
f 12991/12991/4047 12992/12992/4047 12993/12993/4047
f 12994/12994/4048 12995/12995/4048 12996/12996/4048
f 12997/12997/4049 12998/12998/4049 12999/12999/4049
f 13000/13000/4050 13001/13001/4050 13002/13002/4050
f 13003/13003/4051 13004/13004/4051 13005/13005/4051
f 13006/13006/4052 13007/13007/4052 13008/13008/4052
f 13033/13033/4059 13034/13034/4059 13035/13035/4059
f 13036/13036/4060 13037/13037/4060 13038/13038/4060
f 13039/13039/4061 13040/13040/4061 13041/13041/4061
f 13042/13042/4062 13043/13043/4062 13044/13044/4062
f 13045/13045/4063 13046/13046/4063 13047/13047/4063
f 13048/13048/4064 13049/13049/4064 13050/13050/4064
f 13051/13051/4065 13052/13052/4065 13053/13053/4065
f 13054/13054/4066 13055/13055/4066 13056/13056/4066
f 13057/13057/4067 13058/13058/4067 13059/13059/4067
f 13060/13060/4068 13061/13061/4068 13062/13062/4068
f 13063/13063/4069 13064/13064/4069 13065/13065/4069
f 13066/13066/4070 13067/13067/4070 13068/13068/4070
f 13069/13069/4071 13070/13070/4071 13071/13071/4071
f 13072/13072/4072 13073/13073/4072 13074/13074/4072
f 13075/13075/4073 13076/13076/4073 13077/13077/4073
f 13078/13078/4074 13079/13079/4074 13080/13080/4074
f 13105/13105/4081 13106/13106/4081 13107/13107/4081
f 13108/13108/4082 13109/13109/4082 13110/13110/4082
f 13111/13111/4083 13112/13112/4083 13113/13113/4083
f 13114/13114/4084 13115/13115/4084 13116/13116/4084
f 13117/13117/4085 13118/13118/4085 13119/13119/4085
f 13120/13120/4086 13121/13121/4086 13122/13122/4086
f 13123/13123/4087 13124/13124/4087 13125/13125/4087
f 13126/13126/4088 13127/13127/4088 13128/13128/4088
f 13129/13129/4089 13130/13130/4089 13131/13131/4089
f 13132/13132/4090 13133/13133/4090 13134/13134/4090
f 13135/13135/4091 13136/13136/4091 13137/13137/4091
f 13138/13138/4092 13139/13139/4092 13140/13140/4092
f 13141/13141/4093 13142/13142/4093 13143/13143/4093
f 13144/13144/4094 13145/13145/4094 13146/13146/4094
f 13147/13147/4095 13148/13148/4095 13149/13149/4095
f 13150/13150/4096 13151/13151/4096 13152/13152/4096
f 13297/13297/4141 13298/13298/4141 13299/13299/4141
f 13300/13300/4142 13301/13301/4142 13302/13302/4142
f 13303/13303/4143 13304/13304/4143 13305/13305/4143
f 13306/13306/4144 13307/13307/4144 13308/13308/4144
f 13309/13309/4145 13310/13310/4145 13311/13311/4145
f 13312/13312/4146 13313/13313/4146 13314/13314/4146
f 13315/13315/4147 13316/13316/4147 13317/13317/4147
f 13318/13318/4148 13319/13319/4148 13320/13320/4148
f 13321/13321/4149 13322/13322/4149 13323/13323/4149
f 13324/13324/4150 13325/13325/4150 13326/13326/4150
f 13327/13327/4151 13328/13328/4151 13329/13329/4151
f 13330/13330/4152 13331/13331/4152 13332/13332/4152
f 13333/13333/4153 13334/13334/4153 13335/13335/4153
f 13336/13336/4154 13337/13337/4154 13338/13338/4154
f 13339/13339/4155 13340/13340/4155 13341/13341/4155
f 13342/13342/4156 13343/13343/4156 13344/13344/4156
f 13489/13489/4201 13490/13490/4201 13491/13491/4201
f 13492/13492/4202 13493/13493/4202 13494/13494/4202
f 13495/13495/4203 13496/13496/4203 13497/13497/4203
f 13498/13498/4204 13499/13499/4204 13500/13500/4204
f 13501/13501/4205 13502/13502/4205 13503/13503/4205
f 13504/13504/4206 13505/13505/4206 13506/13506/4206
f 13507/13507/4207 13508/13508/4207 13509/13509/4207
f 13510/13510/4208 13511/13511/4208 13512/13512/4208
f 13513/13513/4209 13514/13514/4209 13515/13515/4209
f 13516/13516/4210 13517/13517/4210 13518/13518/4210
f 13519/13519/4211 13520/13520/4211 13521/13521/4211
f 13522/13522/4212 13523/13523/4212 13524/13524/4212
f 13525/13525/4213 13526/13526/4213 13527/13527/4213
f 13528/13528/4214 13529/13529/4214 13530/13530/4214
f 13531/13531/4215 13532/13532/4215 13533/13533/4215
f 13534/13534/4216 13535/13535/4216 13536/13536/4216
f 13561/13561/4223 13562/13562/4223 13563/13563/4223
f 13564/13564/4224 13565/13565/4224 13566/13566/4224
f 13567/13567/4225 13568/13568/4225 13569/13569/4225
f 13570/13570/4226 13571/13571/4226 13572/13572/4226
f 13573/13573/4227 13574/13574/4227 13575/13575/4227
f 13576/13576/4228 13577/13577/4228 13578/13578/4228
f 13579/13579/4229 13580/13580/4229 13581/13581/4229
f 13582/13582/4230 13583/13583/4230 13584/13584/4230
f 13585/13585/4231 13586/13586/4231 13587/13587/4231
f 13588/13588/4232 13589/13589/4232 13590/13590/4232
f 13591/13591/4233 13592/13592/4233 13593/13593/4233
f 13594/13594/4234 13595/13595/4234 13596/13596/4234
f 13597/13597/4235 13598/13598/4235 13599/13599/4235
f 13600/13600/4236 13601/13601/4236 13602/13602/4236
f 13603/13603/4237 13604/13604/4237 13605/13605/4237
f 13606/13606/4238 13607/13607/4238 13608/13608/4238
f 13753/13753/4283 13754/13754/4283 13755/13755/4283
f 13756/13756/4284 13757/13757/4284 13758/13758/4284
f 13759/13759/4285 13760/13760/4285 13761/13761/4285
f 13762/13762/4286 13763/13763/4286 13764/13764/4286
f 13765/13765/4287 13766/13766/4287 13767/13767/4287
f 13768/13768/4288 13769/13769/4288 13770/13770/4288
f 13771/13771/4289 13772/13772/4289 13773/13773/4289
f 13774/13774/4290 13775/13775/4290 13776/13776/4290
f 13777/13777/4291 13778/13778/4291 13779/13779/4291
f 13780/13780/4292 13781/13781/4292 13782/13782/4292
f 13783/13783/4293 13784/13784/4293 13785/13785/4293
f 13786/13786/4294 13787/13787/4294 13788/13788/4294
f 13789/13789/4295 13790/13790/4295 13791/13791/4295
f 13792/13792/4296 13793/13793/4296 13794/13794/4296
f 13795/13795/4297 13796/13796/4297 13797/13797/4297
f 13798/13798/4298 13799/13799/4298 13800/13800/4298
f 13825/13825/4305 13826/13826/4305 13827/13827/4305
f 13828/13828/4306 13829/13829/4306 13830/13830/4306
f 13831/13831/4307 13832/13832/4307 13833/13833/4307
f 13834/13834/4308 13835/13835/4308 13836/13836/4308
f 13837/13837/4309 13838/13838/4309 13839/13839/4309
f 13840/13840/4310 13841/13841/4310 13842/13842/4310
f 13843/13843/4311 13844/13844/4311 13845/13845/4311
f 13846/13846/4312 13847/13847/4312 13848/13848/4312
f 13849/13849/4313 13850/13850/4313 13851/13851/4313
f 13852/13852/4314 13853/13853/4314 13854/13854/4314
f 13855/13855/4315 13856/13856/4315 13857/13857/4315
f 13858/13858/4316 13859/13859/4316 13860/13860/4316
f 13861/13861/4317 13862/13862/4317 13863/13863/4317
f 13864/13864/4318 13865/13865/4318 13866/13866/4318
f 13867/13867/4319 13868/13868/4319 13869/13869/4319
f 13870/13870/4320 13871/13871/4320 13872/13872/4320
f 14137/14137/4403 14138/14138/4403 14139/14139/4403
f 14140/14140/4404 14141/14141/4404 14142/14142/4404
f 14143/14143/4405 14144/14144/4405 14145/14145/4405
f 14146/14146/4406 14147/14147/4406 14148/14148/4406
f 14149/14149/4407 14150/14150/4407 14151/14151/4407
f 14152/14152/4408 14153/14153/4408 14154/14154/4408
f 14155/14155/4409 14156/14156/4409 14157/14157/4409
f 14158/14158/4410 14159/14159/4410 14160/14160/4410
f 14161/14161/4411 14162/14162/4411 14163/14163/4411
f 14164/14164/4412 14165/14165/4412 14166/14166/4412
f 14167/14167/4413 14168/14168/4413 14169/14169/4413
f 14170/14170/4414 14171/14171/4414 14172/14172/4414
f 14173/14173/4415 14174/14174/4415 14175/14175/4415
f 14176/14176/4416 14177/14177/4416 14178/14178/4416
f 14179/14179/4417 14180/14180/4417 14181/14181/4417
f 14182/14182/4418 14183/14183/4418 14184/14184/4418
f 14329/14329/4463 14330/14330/4463 14331/14331/4463
f 14332/14332/4464 14333/14333/4464 14334/14334/4464
f 14335/14335/4465 14336/14336/4465 14337/14337/4465
f 14338/14338/4466 14339/14339/4466 14340/14340/4466
f 14341/14341/4467 14342/14342/4467 14343/14343/4467
f 14344/14344/4468 14345/14345/4468 14346/14346/4468
f 14347/14347/4469 14348/14348/4469 14349/14349/4469
f 14350/14350/4470 14351/14351/4470 14352/14352/4470
f 14353/14353/4471 14354/14354/4471 14355/14355/4471
f 14356/14356/4472 14357/14357/4472 14358/14358/4472
f 14359/14359/4473 14360/14360/4473 14361/14361/4473
f 14362/14362/4474 14363/14363/4474 14364/14364/4474
f 14365/14365/4475 14366/14366/4475 14367/14367/4475
f 14368/14368/4476 14369/14369/4476 14370/14370/4476
f 14371/14371/4477 14372/14372/4477 14373/14373/4477
f 14374/14374/4478 14375/14375/4478 14376/14376/4478
f 14521/14521/4523 14522/14522/4523 14523/14523/4523
f 14524/14524/4524 14525/14525/4524 14526/14526/4524
f 14527/14527/4525 14528/14528/4525 14529/14529/4525
f 14530/14530/4526 14531/14531/4526 14532/14532/4526
f 14533/14533/4527 14534/14534/4527 14535/14535/4527
f 14536/14536/4528 14537/14537/4528 14538/14538/4528
f 14539/14539/4529 14540/14540/4529 14541/14541/4529
f 14542/14542/4530 14543/14543/4530 14544/14544/4530
f 14545/14545/4531 14546/14546/4531 14547/14547/4531
f 14548/14548/4532 14549/14549/4532 14550/14550/4532
f 14551/14551/4533 14552/14552/4533 14553/14553/4533
f 14554/14554/4534 14555/14555/4534 14556/14556/4534
f 14557/14557/4535 14558/14558/4535 14559/14559/4535
f 14560/14560/4536 14561/14561/4536 14562/14562/4536
f 14563/14563/4537 14564/14564/4537 14565/14565/4537
f 14566/14566/4538 14567/14567/4538 14568/14568/4538
f 14713/14713/4583 14714/14714/4583 14715/14715/4583
f 14716/14716/4584 14717/14717/4584 14718/14718/4584
f 14719/14719/4585 14720/14720/4585 14721/14721/4585
f 14722/14722/4586 14723/14723/4586 14724/14724/4586
f 14725/14725/4587 14726/14726/4587 14727/14727/4587
f 14728/14728/4588 14729/14729/4588 14730/14730/4588
f 14731/14731/4589 14732/14732/4589 14733/14733/4589
f 14734/14734/4590 14735/14735/4590 14736/14736/4590
f 14737/14737/4591 14738/14738/4591 14739/14739/4591
f 14740/14740/4592 14741/14741/4592 14742/14742/4592
f 14743/14743/4593 14744/14744/4593 14745/14745/4593
f 14746/14746/4594 14747/14747/4594 14748/14748/4594
f 14749/14749/4595 14750/14750/4595 14751/14751/4595
f 14752/14752/4596 14753/14753/4596 14754/14754/4596
f 14755/14755/4597 14756/14756/4597 14757/14757/4597
f 14758/14758/4598 14759/14759/4598 14760/14760/4598
f 14785/14785/4605 14786/14786/4605 14787/14787/4605
f 14788/14788/4606 14789/14789/4606 14790/14790/4606
f 14791/14791/4607 14792/14792/4607 14793/14793/4607
f 14794/14794/4608 14795/14795/4608 14796/14796/4608
f 14797/14797/4609 14798/14798/4609 14799/14799/4609
f 14800/14800/4610 14801/14801/4610 14802/14802/4610
f 14803/14803/4611 14804/14804/4611 14805/14805/4611
f 14806/14806/4612 14807/14807/4612 14808/14808/4612
f 14809/14809/4613 14810/14810/4613 14811/14811/4613
f 14812/14812/4614 14813/14813/4614 14814/14814/4614
f 14815/14815/4615 14816/14816/4615 14817/14817/4615
f 14818/14818/4616 14819/14819/4616 14820/14820/4616
f 14821/14821/4617 14822/14822/4617 14823/14823/4617
f 14824/14824/4618 14825/14825/4618 14826/14826/4618
f 14827/14827/4619 14828/14828/4619 14829/14829/4619
f 14830/14830/4620 14831/14831/4620 14832/14832/4620
f 14977/14977/4665 14978/14978/4665 14979/14979/4665
f 14980/14980/4666 14981/14981/4666 14982/14982/4666
f 14983/14983/4667 14984/14984/4667 14985/14985/4667
f 14986/14986/4668 14987/14987/4668 14988/14988/4668
f 14989/14989/4669 14990/14990/4669 14991/14991/4669
f 14992/14992/4670 14993/14993/4670 14994/14994/4670
f 14995/14995/4671 14996/14996/4671 14997/14997/4671
f 14998/14998/4672 14999/14999/4672 15000/15000/4672
f 15001/15001/4673 15002/15002/4673 15003/15003/4673
f 15004/15004/4674 15005/15005/4674 15006/15006/4674
f 15007/15007/4675 15008/15008/4675 15009/15009/4675
f 15010/15010/4676 15011/15011/4676 15012/15012/4676
f 15013/15013/4677 15014/15014/4677 15015/15015/4677
f 15016/15016/4678 15017/15017/4678 15018/15018/4678
f 15019/15019/4679 15020/15020/4679 15021/15021/4679
f 15022/15022/4680 15023/15023/4680 15024/15024/4680
f 15289/15289/4763 15290/15290/4763 15291/15291/4763
f 15292/15292/4764 15293/15293/4764 15294/15294/4764
f 15295/15295/4765 15296/15296/4765 15297/15297/4765
f 15298/15298/4766 15299/15299/4766 15300/15300/4766
f 15301/15301/4767 15302/15302/4767 15303/15303/4767
f 15304/15304/4768 15305/15305/4768 15306/15306/4768
f 15307/15307/4769 15308/15308/4769 15309/15309/4769
f 15310/15310/4770 15311/15311/4770 15312/15312/4770
f 15313/15313/4771 15314/15314/4771 15315/15315/4771
f 15316/15316/4772 15317/15317/4772 15318/15318/4772
f 15319/15319/4773 15320/15320/4773 15321/15321/4773
f 15322/15322/4774 15323/15323/4774 15324/15324/4774
f 15325/15325/4775 15326/15326/4775 15327/15327/4775
f 15328/15328/4776 15329/15329/4776 15330/15330/4776
f 15331/15331/4777 15332/15332/4777 15333/15333/4777
f 15334/15334/4778 15335/15335/4778 15336/15336/4778
usemtl leaf_a
f 385/385/117 386/386/117 387/387/117
f 388/388/118 389/389/118 390/390/118
f 391/391/119 392/392/119 393/393/119
f 394/394/120 395/395/120 396/396/120
f 397/397/121 398/398/121 399/399/121
f 400/400/122 401/401/122 402/402/122
f 403/403/123 404/404/123 405/405/123
f 406/406/124 407/407/124 408/408/124
f 409/409/125 410/410/125 411/411/125
f 412/412/126 413/413/126 414/414/126
f 415/415/127 416/416/127 417/417/127
f 418/418/128 419/419/128 420/420/128
f 421/421/129 422/422/129 423/423/129
f 424/424/130 425/425/130 426/426/130
f 427/427/131 428/428/131 429/429/131
f 430/430/132 431/431/132 432/432/132
f 433/433/133 434/434/133 435/435/133
f 436/436/134 437/437/134 438/438/134
f 439/439/135 440/440/135 441/441/135
f 442/442/136 443/443/136 444/444/136
f 445/445/137 446/446/137 447/447/137
f 448/448/138 449/449/138 450/450/138
f 451/451/139 452/452/139 453/453/139
f 454/454/140 455/455/140 456/456/140
f 457/457/141 458/458/141 459/459/141
f 460/460/142 461/461/142 462/462/142
f 463/463/143 464/464/143 465/465/143
f 466/466/144 467/467/144 468/468/144
f 469/469/145 470/470/145 471/471/145
f 472/472/146 473/473/146 474/474/146
f 475/475/147 476/476/147 477/477/147
f 478/478/148 479/479/148 480/480/148
f 1369/1369/423 1370/1370/423 1371/1371/423
f 1372/1372/424 1373/1373/424 1374/1374/424
f 1375/1375/425 1376/1376/425 1377/1377/425
f 1378/1378/426 1379/1379/426 1380/1380/426
f 1381/1381/427 1382/1382/427 1383/1383/427
f 1384/1384/428 1385/1385/428 1386/1386/428
f 1387/1387/429 1388/1388/429 1389/1389/429
f 1390/1390/430 1391/1391/430 1392/1392/430
f 1393/1393/431 1394/1394/431 1395/1395/431
f 1396/1396/432 1397/1397/432 1398/1398/432
f 1399/1399/433 1400/1400/433 1401/1401/433
f 1402/1402/434 1403/1403/434 1404/1404/434
f 1405/1405/435 1406/1406/435 1407/1407/435
f 1408/1408/436 1409/1409/436 1410/1410/436
f 1411/1411/437 1412/1412/437 1413/1413/437
f 1414/1414/438 1415/1415/438 1416/1416/438
f 1417/1417/439 1418/1418/439 1419/1419/439
f 1420/1420/440 1421/1421/440 1422/1422/440
f 1423/1423/441 1424/1424/441 1425/1425/441
f 1426/1426/442 1427/1427/442 1428/1428/442
f 1429/1429/443 1430/1430/443 1431/1431/443
f 1432/1432/444 1433/1433/444 1434/1434/444
f 1435/1435/445 1436/1436/445 1437/1437/445
f 1438/1438/446 1439/1439/446 1440/1440/446
f 1441/1441/447 1442/1442/447 1443/1443/447
f 1444/1444/448 1445/1445/448 1446/1446/448
f 1447/1447/449 1448/1448/449 1449/1449/449
f 1450/1450/450 1451/1451/450 1452/1452/450
f 1453/1453/451 1454/1454/451 1455/1455/451
f 1456/1456/452 1457/1457/452 1458/1458/452
f 1459/1459/453 1460/1460/453 1461/1461/453
f 1462/1462/454 1463/1463/454 1464/1464/454
f 1609/1609/499 1610/1610/499 1611/1611/499
f 1612/1612/500 1613/1613/500 1614/1614/500
f 1615/1615/501 1616/1616/501 1617/1617/501
f 1618/1618/502 1619/1619/502 1620/1620/502
f 1621/1621/503 1622/1622/503 1623/1623/503
f 1624/1624/504 1625/1625/504 1626/1626/504
f 1627/1627/505 1628/1628/505 1629/1629/505
f 1630/1630/506 1631/1631/506 1632/1632/506
f 1633/1633/507 1634/1634/507 1635/1635/507
f 1636/1636/508 1637/1637/508 1638/1638/508
f 1639/1639/509 1640/1640/509 1641/1641/509
f 1642/1642/510 1643/1643/510 1644/1644/510
f 1645/1645/511 1646/1646/511 1647/1647/511
f 1648/1648/512 1649/1649/512 1650/1650/512
f 1651/1651/513 1652/1652/513 1653/1653/513
f 1654/1654/514 1655/1655/514 1656/1656/514
f 1657/1657/515 1658/1658/515 1659/1659/515
f 1660/1660/516 1661/1661/516 1662/1662/516
f 1663/1663/517 1664/1664/517 1665/1665/517
f 1666/1666/518 1667/1667/518 1668/1668/518
f 1669/1669/519 1670/1670/519 1671/1671/519
f 1672/1672/520 1673/1673/520 1674/1674/520
f 1675/1675/521 1676/1676/521 1677/1677/521
f 1678/1678/522 1679/1679/522 1680/1680/522
f 1681/1681/523 1682/1682/523 1683/1683/523
f 1684/1684/524 1685/1685/524 1686/1686/524
f 1687/1687/525 1688/1688/525 1689/1689/525
f 1690/1690/526 1691/1691/526 1692/1692/526
f 1693/1693/527 1694/1694/527 1695/1695/527
f 1696/1696/528 1697/1697/528 1698/1698/528
f 1699/1699/529 1700/1700/529 1701/1701/529
f 1702/1702/530 1703/1703/530 1704/1704/530
f 1801/1801/559 1802/1802/559 1803/1803/559
f 1804/1804/560 1805/1805/560 1806/1806/560
f 1807/1807/561 1808/1808/561 1809/1809/561
f 1810/1810/562 1811/1811/562 1812/1812/562
f 1813/1813/563 1814/1814/563 1815/1815/563
f 1816/1816/564 1817/1817/564 1818/1818/564
f 1819/1819/565 1820/1820/565 1821/1821/565
f 1822/1822/566 1823/1823/566 1824/1824/566
f 1825/1825/567 1826/1826/567 1827/1827/567
f 1828/1828/568 1829/1829/568 1830/1830/568
f 1831/1831/569 1832/1832/569 1833/1833/569
f 1834/1834/570 1835/1835/570 1836/1836/570
f 1837/1837/571 1838/1838/571 1839/1839/571
f 1840/1840/572 1841/1841/572 1842/1842/572
f 1843/1843/573 1844/1844/573 1845/1845/573
f 1846/1846/574 1847/1847/574 1848/1848/574
f 1849/1849/575 1850/1850/575 1851/1851/575
f 1852/1852/576 1853/1853/576 1854/1854/576
f 1855/1855/577 1856/1856/577 1857/1857/577
f 1858/1858/578 1859/1859/578 1860/1860/578
f 1861/1861/579 1862/1862/579 1863/1863/579
f 1864/1864/580 1865/1865/580 1866/1866/580
f 1867/1867/581 1868/1868/581 1869/1869/581
f 1870/1870/582 1871/1871/582 1872/1872/582
f 1873/1873/583 1874/1874/583 1875/1875/583
f 1876/1876/584 1877/1877/584 1878/1878/584
f 1879/1879/585 1880/1880/585 1881/1881/585
f 1882/1882/586 1883/1883/586 1884/1884/586
f 1885/1885/587 1886/1886/587 1887/1887/587
f 1888/1888/588 1889/1889/588 1890/1890/588
f 1891/1891/589 1892/1892/589 1893/1893/589
f 1894/1894/590 1895/1895/590 1896/1896/590
f 1921/1921/597 1922/1922/597 1923/1923/597
f 1924/1924/598 1925/1925/598 1926/1926/598
f 1927/1927/599 1928/1928/599 1929/1929/599
f 1930/1930/600 1931/1931/600 1932/1932/600
f 1933/1933/601 1934/1934/601 1935/1935/601
f 1936/1936/602 1937/1937/602 1938/1938/602
f 1939/1939/603 1940/1940/603 1941/1941/603
f 1942/1942/604 1943/1943/604 1944/1944/604
f 1945/1945/605 1946/1946/605 1947/1947/605
f 1948/1948/606 1949/1949/606 1950/1950/606
f 1951/1951/607 1952/1952/607 1953/1953/607
f 1954/1954/608 1955/1955/608 1956/1956/608
f 1957/1957/609 1958/1958/609 1959/1959/609
f 1960/1960/610 1961/1961/610 1962/1962/610
f 1963/1963/611 1964/1964/611 1965/1965/611
f 1966/1966/612 1967/1967/612 1968/1968/612
f 1969/1969/613 1970/1970/613 1971/1971/613
f 1972/1972/614 1973/1973/614 1974/1974/614
f 1975/1975/615 1976/1976/615 1977/1977/615
f 1978/1978/616 1979/1979/616 1980/1980/616
f 1981/1981/617 1982/1982/617 1983/1983/617
f 1984/1984/618 1985/1985/618 1986/1986/618
f 1987/1987/619 1988/1988/619 1989/1989/619
f 1990/1990/620 1991/1991/620 1992/1992/620
f 1993/1993/621 1994/1994/621 1995/1995/621
f 1996/1996/622 1997/1997/622 1998/1998/622
f 1999/1999/623 2000/2000/623 2001/2001/623
f 2002/2002/624 2003/2003/624 2004/2004/624
f 2005/2005/625 2006/2006/625 2007/2007/625
f 2008/2008/626 2009/2009/626 2010/2010/626
f 2011/2011/627 2012/2012/627 2013/2013/627
f 2014/2014/628 2015/2015/628 2016/2016/628
f 2425/2425/755 2426/2426/755 2427/2427/755
f 2428/2428/756 2429/2429/756 2430/2430/756
f 2431/2431/757 2432/2432/757 2433/2433/757
f 2434/2434/758 2435/2435/758 2436/2436/758
f 2437/2437/759 2438/2438/759 2439/2439/759
f 2440/2440/760 2441/2441/760 2442/2442/760
f 2443/2443/761 2444/2444/761 2445/2445/761
f 2446/2446/762 2447/2447/762 2448/2448/762
f 2449/2449/763 2450/2450/763 2451/2451/763
f 2452/2452/764 2453/2453/764 2454/2454/764
f 2455/2455/765 2456/2456/765 2457/2457/765
f 2458/2458/766 2459/2459/766 2460/2460/766
f 2461/2461/767 2462/2462/767 2463/2463/767
f 2464/2464/768 2465/2465/768 2466/2466/768
f 2467/2467/769 2468/2468/769 2469/2469/769
f 2470/2470/770 2471/2471/770 2472/2472/770
f 2473/2473/771 2474/2474/771 2475/2475/771
f 2476/2476/772 2477/2477/772 2478/2478/772
f 2479/2479/773 2480/2480/773 2481/2481/773
f 2482/2482/774 2483/2483/774 2484/2484/774
f 2485/2485/775 2486/2486/775 2487/2487/775
f 2488/2488/776 2489/2489/776 2490/2490/776
f 2491/2491/777 2492/2492/777 2493/2493/777
f 2494/2494/778 2495/2495/778 2496/2496/778
f 2497/2497/779 2498/2498/779 2499/2499/779
f 2500/2500/780 2501/2501/780 2502/2502/780
f 2503/2503/781 2504/2504/781 2505/2505/781
f 2506/2506/782 2507/2507/782 2508/2508/782
f 2509/2509/783 2510/2510/783 2511/2511/783
f 2512/2512/784 2513/2513/784 2514/2514/784
f 2515/2515/785 2516/2516/785 2517/2517/785
f 2518/2518/786 2519/2519/786 2520/2520/786
f 2545/2545/793 2546/2546/793 2547/2547/793
f 2548/2548/794 2549/2549/794 2550/2550/794
f 2551/2551/795 2552/2552/795 2553/2553/795
f 2554/2554/796 2555/2555/796 2556/2556/796
f 2557/2557/797 2558/2558/797 2559/2559/797
f 2560/2560/798 2561/2561/798 2562/2562/798
f 2563/2563/799 2564/2564/799 2565/2565/799
f 2566/2566/800 2567/2567/800 2568/2568/800
f 2569/2569/801 2570/2570/801 2571/2571/801
f 2572/2572/802 2573/2573/802 2574/2574/802
f 2575/2575/803 2576/2576/803 2577/2577/803
f 2578/2578/804 2579/2579/804 2580/2580/804
f 2581/2581/805 2582/2582/805 2583/2583/805
f 2584/2584/806 2585/2585/806 2586/2586/806
f 2587/2587/807 2588/2588/807 2589/2589/807
f 2590/2590/808 2591/2591/808 2592/2592/808
f 2593/2593/809 2594/2594/809 2595/2595/809
f 2596/2596/810 2597/2597/810 2598/2598/810
f 2599/2599/811 2600/2600/811 2601/2601/811
f 2602/2602/812 2603/2603/812 2604/2604/812
f 2605/2605/813 2606/2606/813 2607/2607/813
f 2608/2608/814 2609/2609/814 2610/2610/814
f 2611/2611/815 2612/2612/815 2613/2613/815
f 2614/2614/816 2615/2615/816 2616/2616/816
f 2617/2617/817 2618/2618/817 2619/2619/817
f 2620/2620/818 2621/2621/818 2622/2622/818
f 2623/2623/819 2624/2624/819 2625/2625/819
f 2626/2626/820 2627/2627/820 2628/2628/820
f 2629/2629/821 2630/2630/821 2631/2631/821
f 2632/2632/822 2633/2633/822 2634/2634/822
f 2635/2635/823 2636/2636/823 2637/2637/823
f 2638/2638/824 2639/2639/824 2640/2640/824
f 2809/2809/875 2810/2810/875 2811/2811/875
f 2812/2812/876 2813/2813/876 2814/2814/876
f 2815/2815/877 2816/2816/877 2817/2817/877
f 2818/2818/878 2819/2819/878 2820/2820/878
f 2821/2821/879 2822/2822/879 2823/2823/879
f 2824/2824/880 2825/2825/880 2826/2826/880
f 2827/2827/881 2828/2828/881 2829/2829/881
f 2830/2830/882 2831/2831/882 2832/2832/882
f 2833/2833/883 2834/2834/883 2835/2835/883
f 2836/2836/884 2837/2837/884 2838/2838/884
f 2839/2839/885 2840/2840/885 2841/2841/885
f 2842/2842/886 2843/2843/886 2844/2844/886
f 2845/2845/887 2846/2846/887 2847/2847/887
f 2848/2848/888 2849/2849/888 2850/2850/888
f 2851/2851/889 2852/2852/889 2853/2853/889
f 2854/2854/890 2855/2855/890 2856/2856/890
f 2857/2857/891 2858/2858/891 2859/2859/891
f 2860/2860/892 2861/2861/892 2862/2862/892
f 2863/2863/893 2864/2864/893 2865/2865/893
f 2866/2866/894 2867/2867/894 2868/2868/894
f 2869/2869/895 2870/2870/895 2871/2871/895
f 2872/2872/896 2873/2873/896 2874/2874/896
f 2875/2875/897 2876/2876/897 2877/2877/897
f 2878/2878/898 2879/2879/898 2880/2880/898
f 2881/2881/899 2882/2882/899 2883/2883/899
f 2884/2884/900 2885/2885/900 2886/2886/900
f 2887/2887/901 2888/2888/901 2889/2889/901
f 2890/2890/902 2891/2891/902 2892/2892/902
f 2893/2893/903 2894/2894/903 2895/2895/903
f 2896/2896/904 2897/2897/904 2898/2898/904
f 2899/2899/905 2900/2900/905 2901/2901/905
f 2902/2902/906 2903/2903/906 2904/2904/906
f 3073/3073/957 3074/3074/957 3075/3075/957
f 3076/3076/958 3077/3077/958 3078/3078/958
f 3079/3079/959 3080/3080/959 3081/3081/959
f 3082/3082/960 3083/3083/960 3084/3084/960
f 3085/3085/961 3086/3086/961 3087/3087/961
f 3088/3088/962 3089/3089/962 3090/3090/962
f 3091/3091/963 3092/3092/963 3093/3093/963
f 3094/3094/964 3095/3095/964 3096/3096/964
f 3097/3097/965 3098/3098/965 3099/3099/965
f 3100/3100/966 3101/3101/966 3102/3102/966
f 3103/3103/967 3104/3104/967 3105/3105/967
f 3106/3106/968 3107/3107/968 3108/3108/968
f 3109/3109/969 3110/3110/969 3111/3111/969
f 3112/3112/970 3113/3113/970 3114/3114/970
f 3115/3115/971 3116/3116/971 3117/3117/971
f 3118/3118/972 3119/3119/972 3120/3120/972
f 3121/3121/973 3122/3122/973 3123/3123/973
f 3124/3124/974 3125/3125/974 3126/3126/974
f 3127/3127/975 3128/3128/975 3129/3129/975
f 3130/3130/976 3131/3131/976 3132/3132/976
f 3133/3133/977 3134/3134/977 3135/3135/977
f 3136/3136/978 3137/3137/978 3138/3138/978
f 3139/3139/979 3140/3140/979 3141/3141/979
f 3142/3142/980 3143/3143/980 3144/3144/980
f 3145/3145/981 3146/3146/981 3147/3147/981
f 3148/3148/982 3149/3149/982 3150/3150/982
f 3151/3151/983 3152/3152/983 3153/3153/983
f 3154/3154/984 3155/3155/984 3156/3156/984
f 3157/3157/985 3158/3158/985 3159/3159/985
f 3160/3160/986 3161/3161/986 3162/3162/986
f 3163/3163/987 3164/3164/987 3165/3165/987
f 3166/3166/988 3167/3167/988 3168/3168/988
f 3721/3721/1159 3722/3722/1159 3723/3723/1159
f 3724/3724/1160 3725/3725/1160 3726/3726/1160
f 3727/3727/1161 3728/3728/1161 3729/3729/1161
f 3730/3730/1162 3731/3731/1162 3732/3732/1162
f 3733/3733/1163 3734/3734/1163 3735/3735/1163
f 3736/3736/1164 3737/3737/1164 3738/3738/1164
f 3739/3739/1165 3740/3740/1165 3741/3741/1165
f 3742/3742/1166 3743/3743/1166 3744/3744/1166
f 3745/3745/1167 3746/3746/1167 3747/3747/1167
f 3748/3748/1168 3749/3749/1168 3750/3750/1168
f 3751/3751/1169 3752/3752/1169 3753/3753/1169
f 3754/3754/1170 3755/3755/1170 3756/3756/1170
f 3757/3757/1171 3758/3758/1171 3759/3759/1171
f 3760/3760/1172 3761/3761/1172 3762/3762/1172
f 3763/3763/1173 3764/3764/1173 3765/3765/1173
f 3766/3766/1174 3767/3767/1174 3768/3768/1174
f 3769/3769/1175 3770/3770/1175 3771/3771/1175
f 3772/3772/1176 3773/3773/1176 3774/3774/1176
f 3775/3775/1177 3776/3776/1177 3777/3777/1177
f 3778/3778/1178 3779/3779/1178 3780/3780/1178
f 3781/3781/1179 3782/3782/1179 3783/3783/1179
f 3784/3784/1180 3785/3785/1180 3786/3786/1180
f 3787/3787/1181 3788/3788/1181 3789/3789/1181
f 3790/3790/1182 3791/3791/1182 3792/3792/1182
f 3793/3793/1183 3794/3794/1183 3795/3795/1183
f 3796/3796/1184 3797/3797/1184 3798/3798/1184
f 3799/3799/1185 3800/3800/1185 3801/3801/1185
f 3802/3802/1186 3803/3803/1186 3804/3804/1186
f 3805/3805/1187 3806/3806/1187 3807/3807/1187
f 3808/3808/1188 3809/3809/1188 3810/3810/1188
f 3811/3811/1189 3812/3812/1189 3813/3813/1189
f 3814/3814/1190 3815/3815/1190 3816/3816/1190
f 4633/4633/1443 4634/4634/1443 4635/4635/1443
f 4636/4636/1444 4637/4637/1444 4638/4638/1444
f 4639/4639/1445 4640/4640/1445 4641/4641/1445
f 4642/4642/1446 4643/4643/1446 4644/4644/1446
f 4645/4645/1447 4646/4646/1447 4647/4647/1447
f 4648/4648/1448 4649/4649/1448 4650/4650/1448
f 4651/4651/1449 4652/4652/1449 4653/4653/1449
f 4654/4654/1450 4655/4655/1450 4656/4656/1450
f 4657/4657/1451 4658/4658/1451 4659/4659/1451
f 4660/4660/1452 4661/4661/1452 4662/4662/1452
f 4663/4663/1453 4664/4664/1453 4665/4665/1453
f 4666/4666/1454 4667/4667/1454 4668/4668/1454
f 4669/4669/1455 4670/4670/1455 4671/4671/1455
f 4672/4672/1456 4673/4673/1456 4674/4674/1456
f 4675/4675/1457 4676/4676/1457 4677/4677/1457
f 4678/4678/1458 4679/4679/1458 4680/4680/1458
f 4681/4681/1459 4682/4682/1459 4683/4683/1459
f 4684/4684/1460 4685/4685/1460 4686/4686/1460
f 4687/4687/1461 4688/4688/1461 4689/4689/1461
f 4690/4690/1462 4691/4691/1462 4692/4692/1462
f 4693/4693/1463 4694/4694/1463 4695/4695/1463
f 4696/4696/1464 4697/4697/1464 4698/4698/1464
f 4699/4699/1465 4700/4700/1465 4701/4701/1465
f 4702/4702/1466 4703/4703/1466 4704/4704/1466
f 4705/4705/1467 4706/4706/1467 4707/4707/1467
f 4708/4708/1468 4709/4709/1468 4710/4710/1468
f 4711/4711/1469 4712/4712/1469 4713/4713/1469
f 4714/4714/1470 4715/4715/1470 4716/4716/1470
f 4717/4717/1471 4718/4718/1471 4719/4719/1471
f 4720/4720/1472 4721/4721/1472 4722/4722/1472
f 4723/4723/1473 4724/4724/1473 4725/4725/1473
f 4726/4726/1474 4727/4727/1474 4728/4728/1474
f 6721/6721/2093 6722/6722/2093 6723/6723/2093
f 6724/6724/2094 6725/6725/2094 6726/6726/2094
f 6727/6727/2095 6728/6728/2095 6729/6729/2095
f 6730/6730/2096 6731/6731/2096 6732/6732/2096
f 6733/6733/2097 6734/6734/2097 6735/6735/2097
f 6736/6736/2098 6737/6737/2098 6738/6738/2098
f 6739/6739/2099 6740/6740/2099 6741/6741/2099
f 6742/6742/2100 6743/6743/2100 6744/6744/2100
f 6745/6745/2101 6746/6746/2101 6747/6747/2101
f 6748/6748/2102 6749/6749/2102 6750/6750/2102
f 6751/6751/2103 6752/6752/2103 6753/6753/2103
f 6754/6754/2104 6755/6755/2104 6756/6756/2104
f 6757/6757/2105 6758/6758/2105 6759/6759/2105
f 6760/6760/2106 6761/6761/2106 6762/6762/2106
f 6763/6763/2107 6764/6764/2107 6765/6765/2107
f 6766/6766/2108 6767/6767/2108 6768/6768/2108
f 6769/6769/2109 6770/6770/2109 6771/6771/2109
f 6772/6772/2110 6773/6773/2110 6774/6774/2110
f 6775/6775/2111 6776/6776/2111 6777/6777/2111
f 6778/6778/2112 6779/6779/2112 6780/6780/2112
f 6781/6781/2113 6782/6782/2113 6783/6783/2113
f 6784/6784/2114 6785/6785/2114 6786/6786/2114
f 6787/6787/2115 6788/6788/2115 6789/6789/2115
f 6790/6790/2116 6791/6791/2116 6792/6792/2116
f 6793/6793/2117 6794/6794/2117 6795/6795/2117
f 6796/6796/2118 6797/6797/2118 6798/6798/2118
f 6799/6799/2119 6800/6800/2119 6801/6801/2119
f 6802/6802/2120 6803/6803/2120 6804/6804/2120
f 6805/6805/2121 6806/6806/2121 6807/6807/2121
f 6808/6808/2122 6809/6809/2122 6810/6810/2122
f 6811/6811/2123 6812/6812/2123 6813/6813/2123
f 6814/6814/2124 6815/6815/2124 6816/6816/2124
f 6913/6913/2153 6914/6914/2153 6915/6915/2153
f 6916/6916/2154 6917/6917/2154 6918/6918/2154
f 6919/6919/2155 6920/6920/2155 6921/6921/2155
f 6922/6922/2156 6923/6923/2156 6924/6924/2156
f 6925/6925/2157 6926/6926/2157 6927/6927/2157
f 6928/6928/2158 6929/6929/2158 6930/6930/2158
f 6931/6931/2159 6932/6932/2159 6933/6933/2159
f 6934/6934/2160 6935/6935/2160 6936/6936/2160
f 6937/6937/2161 6938/6938/2161 6939/6939/2161
f 6940/6940/2162 6941/6941/2162 6942/6942/2162
f 6943/6943/2163 6944/6944/2163 6945/6945/2163
f 6946/6946/2164 6947/6947/2164 6948/6948/2164
f 6949/6949/2165 6950/6950/2165 6951/6951/2165
f 6952/6952/2166 6953/6953/2166 6954/6954/2166
f 6955/6955/2167 6956/6956/2167 6957/6957/2167
f 6958/6958/2168 6959/6959/2168 6960/6960/2168
f 6961/6961/2169 6962/6962/2169 6963/6963/2169
f 6964/6964/2170 6965/6965/2170 6966/6966/2170
f 6967/6967/2171 6968/6968/2171 6969/6969/2171
f 6970/6970/2172 6971/6971/2172 6972/6972/2172
f 6973/6973/2173 6974/6974/2173 6975/6975/2173
f 6976/6976/2174 6977/6977/2174 6978/6978/2174
f 6979/6979/2175 6980/6980/2175 6981/6981/2175
f 6982/6982/2176 6983/6983/2176 6984/6984/2176
f 6985/6985/2177 6986/6986/2177 6987/6987/2177
f 6988/6988/2178 6989/6989/2178 6990/6990/2178
f 6991/6991/2179 6992/6992/2179 6993/6993/2179
f 6994/6994/2180 6995/6995/2180 6996/6996/2180
f 6997/6997/2181 6998/6998/2181 6999/6999/2181
f 7000/7000/2182 7001/7001/2182 7002/7002/2182
f 7003/7003/2183 7004/7004/2183 7005/7005/2183
f 7006/7006/2184 7007/7007/2184 7008/7008/2184
f 7177/7177/2235 7178/7178/2235 7179/7179/2235
f 7180/7180/2236 7181/7181/2236 7182/7182/2236
f 7183/7183/2237 7184/7184/2237 7185/7185/2237
f 7186/7186/2238 7187/7187/2238 7188/7188/2238
f 7189/7189/2239 7190/7190/2239 7191/7191/2239
f 7192/7192/2240 7193/7193/2240 7194/7194/2240
f 7195/7195/2241 7196/7196/2241 7197/7197/2241
f 7198/7198/2242 7199/7199/2242 7200/7200/2242
f 7201/7201/2243 7202/7202/2243 7203/7203/2243
f 7204/7204/2244 7205/7205/2244 7206/7206/2244
f 7207/7207/2245 7208/7208/2245 7209/7209/2245
f 7210/7210/2246 7211/7211/2246 7212/7212/2246
f 7213/7213/2247 7214/7214/2247 7215/7215/2247
f 7216/7216/2248 7217/7217/2248 7218/7218/2248
f 7219/7219/2249 7220/7220/2249 7221/7221/2249
f 7222/7222/2250 7223/7223/2250 7224/7224/2250
f 7225/7225/2251 7226/7226/2251 7227/7227/2251
f 7228/7228/2252 7229/7229/2252 7230/7230/2252
f 7231/7231/2253 7232/7232/2253 7233/7233/2253
f 7234/7234/2254 7235/7235/2254 7236/7236/2254
f 7237/7237/2255 7238/7238/2255 7239/7239/2255
f 7240/7240/2256 7241/7241/2256 7242/7242/2256
f 7243/7243/2257 7244/7244/2257 7245/7245/2257
f 7246/7246/2258 7247/7247/2258 7248/7248/2258
f 7249/7249/2259 7250/7250/2259 7251/7251/2259
f 7252/7252/2260 7253/7253/2260 7254/7254/2260
f 7255/7255/2261 7256/7256/2261 7257/7257/2261
f 7258/7258/2262 7259/7259/2262 7260/7260/2262
f 7261/7261/2263 7262/7262/2263 7263/7263/2263
f 7264/7264/2264 7265/7265/2264 7266/7266/2264
f 7267/7267/2265 7268/7268/2265 7269/7269/2265
f 7270/7270/2266 7271/7271/2266 7272/7272/2266
f 7297/7297/2273 7298/7298/2273 7299/7299/2273
f 7300/7300/2274 7301/7301/2274 7302/7302/2274
f 7303/7303/2275 7304/7304/2275 7305/7305/2275
f 7306/7306/2276 7307/7307/2276 7308/7308/2276
f 7309/7309/2277 7310/7310/2277 7311/7311/2277
f 7312/7312/2278 7313/7313/2278 7314/7314/2278
f 7315/7315/2279 7316/7316/2279 7317/7317/2279
f 7318/7318/2280 7319/7319/2280 7320/7320/2280
f 7321/7321/2281 7322/7322/2281 7323/7323/2281
f 7324/7324/2282 7325/7325/2282 7326/7326/2282
f 7327/7327/2283 7328/7328/2283 7329/7329/2283
f 7330/7330/2284 7331/7331/2284 7332/7332/2284
f 7333/7333/2285 7334/7334/2285 7335/7335/2285
f 7336/7336/2286 7337/7337/2286 7338/7338/2286
f 7339/7339/2287 7340/7340/2287 7341/7341/2287
f 7342/7342/2288 7343/7343/2288 7344/7344/2288
f 7345/7345/2289 7346/7346/2289 7347/7347/2289
f 7348/7348/2290 7349/7349/2290 7350/7350/2290
f 7351/7351/2291 7352/7352/2291 7353/7353/2291
f 7354/7354/2292 7355/7355/2292 7356/7356/2292
f 7357/7357/2293 7358/7358/2293 7359/7359/2293
f 7360/7360/2294 7361/7361/2294 7362/7362/2294
f 7363/7363/2295 7364/7364/2295 7365/7365/2295
f 7366/7366/2296 7367/7367/2296 7368/7368/2296
f 7369/7369/2297 7370/7370/2297 7371/7371/2297
f 7372/7372/2298 7373/7373/2298 7374/7374/2298
f 7375/7375/2299 7376/7376/2299 7377/7377/2299
f 7378/7378/2300 7379/7379/2300 7380/7380/2300
f 7381/7381/2301 7382/7382/2301 7383/7383/2301
f 7384/7384/2302 7385/7385/2302 7386/7386/2302
f 7387/7387/2303 7388/7388/2303 7389/7389/2303
f 7390/7390/2304 7391/7391/2304 7392/7392/2304
f 7417/7417/2311 7418/7418/2311 7419/7419/2311
f 7420/7420/2312 7421/7421/2312 7422/7422/2312
f 7423/7423/2313 7424/7424/2313 7425/7425/2313
f 7426/7426/2314 7427/7427/2314 7428/7428/2314
f 7429/7429/2315 7430/7430/2315 7431/7431/2315
f 7432/7432/2316 7433/7433/2316 7434/7434/2316
f 7435/7435/2317 7436/7436/2317 7437/7437/2317
f 7438/7438/2318 7439/7439/2318 7440/7440/2318
f 7441/7441/2319 7442/7442/2319 7443/7443/2319
f 7444/7444/2320 7445/7445/2320 7446/7446/2320
f 7447/7447/2321 7448/7448/2321 7449/7449/2321
f 7450/7450/2322 7451/7451/2322 7452/7452/2322
f 7453/7453/2323 7454/7454/2323 7455/7455/2323
f 7456/7456/2324 7457/7457/2324 7458/7458/2324
f 7459/7459/2325 7460/7460/2325 7461/7461/2325
f 7462/7462/2326 7463/7463/2326 7464/7464/2326
f 7465/7465/2327 7466/7466/2327 7467/7467/2327
f 7468/7468/2328 7469/7469/2328 7470/7470/2328
f 7471/7471/2329 7472/7472/2329 7473/7473/2329
f 7474/7474/2330 7475/7475/2330 7476/7476/2330
f 7477/7477/2331 7478/7478/2331 7479/7479/2331
f 7480/7480/2332 7481/7481/2332 7482/7482/2332
f 7483/7483/2333 7484/7484/2333 7485/7485/2333
f 7486/7486/2334 7487/7487/2334 7488/7488/2334
f 7489/7489/2335 7490/7490/2335 7491/7491/2335
f 7492/7492/2336 7493/7493/2336 7494/7494/2336
f 7495/7495/2337 7496/7496/2337 7497/7497/2337
f 7498/7498/2338 7499/7499/2338 7500/7500/2338
f 7501/7501/2339 7502/7502/2339 7503/7503/2339
f 7504/7504/2340 7505/7505/2340 7506/7506/2340
f 7507/7507/2341 7508/7508/2341 7509/7509/2341
f 7510/7510/2342 7511/7511/2342 7512/7512/2342
f 7609/7609/2371 7610/7610/2371 7611/7611/2371
f 7612/7612/2372 7613/7613/2372 7614/7614/2372
f 7615/7615/2373 7616/7616/2373 7617/7617/2373
f 7618/7618/2374 7619/7619/2374 7620/7620/2374
f 7621/7621/2375 7622/7622/2375 7623/7623/2375
f 7624/7624/2376 7625/7625/2376 7626/7626/2376
f 7627/7627/2377 7628/7628/2377 7629/7629/2377
f 7630/7630/2378 7631/7631/2378 7632/7632/2378
f 7633/7633/2379 7634/7634/2379 7635/7635/2379
f 7636/7636/2380 7637/7637/2380 7638/7638/2380
f 7639/7639/2381 7640/7640/2381 7641/7641/2381
f 7642/7642/2382 7643/7643/2382 7644/7644/2382
f 7645/7645/2383 7646/7646/2383 7647/7647/2383
f 7648/7648/2384 7649/7649/2384 7650/7650/2384
f 7651/7651/2385 7652/7652/2385 7653/7653/2385
f 7654/7654/2386 7655/7655/2386 7656/7656/2386
f 7657/7657/2387 7658/7658/2387 7659/7659/2387
f 7660/7660/2388 7661/7661/2388 7662/7662/2388
f 7663/7663/2389 7664/7664/2389 7665/7665/2389
f 7666/7666/2390 7667/7667/2390 7668/7668/2390
f 7669/7669/2391 7670/7670/2391 7671/7671/2391
f 7672/7672/2392 7673/7673/2392 7674/7674/2392
f 7675/7675/2393 7676/7676/2393 7677/7677/2393
f 7678/7678/2394 7679/7679/2394 7680/7680/2394
f 7681/7681/2395 7682/7682/2395 7683/7683/2395
f 7684/7684/2396 7685/7685/2396 7686/7686/2396
f 7687/7687/2397 7688/7688/2397 7689/7689/2397
f 7690/7690/2398 7691/7691/2398 7692/7692/2398
f 7693/7693/2399 7694/7694/2399 7695/7695/2399
f 7696/7696/2400 7697/7697/2400 7698/7698/2400
f 7699/7699/2401 7700/7700/2401 7701/7701/2401
f 7702/7702/2402 7703/7703/2402 7704/7704/2402
f 8065/8065/2513 8066/8066/2513 8067/8067/2513
f 8068/8068/2514 8069/8069/2514 8070/8070/2514
f 8071/8071/2515 8072/8072/2515 8073/8073/2515
f 8074/8074/2516 8075/8075/2516 8076/8076/2516
f 8077/8077/2517 8078/8078/2517 8079/8079/2517
f 8080/8080/2518 8081/8081/2518 8082/8082/2518
f 8083/8083/2519 8084/8084/2519 8085/8085/2519
f 8086/8086/2520 8087/8087/2520 8088/8088/2520
f 8089/8089/2521 8090/8090/2521 8091/8091/2521
f 8092/8092/2522 8093/8093/2522 8094/8094/2522
f 8095/8095/2523 8096/8096/2523 8097/8097/2523
f 8098/8098/2524 8099/8099/2524 8100/8100/2524
f 8101/8101/2525 8102/8102/2525 8103/8103/2525
f 8104/8104/2526 8105/8105/2526 8106/8106/2526
f 8107/8107/2527 8108/8108/2527 8109/8109/2527
f 8110/8110/2528 8111/8111/2528 8112/8112/2528
f 8113/8113/2529 8114/8114/2529 8115/8115/2529
f 8116/8116/2530 8117/8117/2530 8118/8118/2530
f 8119/8119/2531 8120/8120/2531 8121/8121/2531
f 8122/8122/2532 8123/8123/2532 8124/8124/2532
f 8125/8125/2533 8126/8126/2533 8127/8127/2533
f 8128/8128/2534 8129/8129/2534 8130/8130/2534
f 8131/8131/2535 8132/8132/2535 8133/8133/2535
f 8134/8134/2536 8135/8135/2536 8136/8136/2536
f 8137/8137/2537 8138/8138/2537 8139/8139/2537
f 8140/8140/2538 8141/8141/2538 8142/8142/2538
f 8143/8143/2539 8144/8144/2539 8145/8145/2539
f 8146/8146/2540 8147/8147/2540 8148/8148/2540
f 8149/8149/2541 8150/8150/2541 8151/8151/2541
f 8152/8152/2542 8153/8153/2542 8154/8154/2542
f 8155/8155/2543 8156/8156/2543 8157/8157/2543
f 8158/8158/2544 8159/8159/2544 8160/8160/2544
f 8329/8329/2595 8330/8330/2595 8331/8331/2595
f 8332/8332/2596 8333/8333/2596 8334/8334/2596
f 8335/8335/2597 8336/8336/2597 8337/8337/2597
f 8338/8338/2598 8339/8339/2598 8340/8340/2598
f 8341/8341/2599 8342/8342/2599 8343/8343/2599
f 8344/8344/2600 8345/8345/2600 8346/8346/2600
f 8347/8347/2601 8348/8348/2601 8349/8349/2601
f 8350/8350/2602 8351/8351/2602 8352/8352/2602
f 8353/8353/2603 8354/8354/2603 8355/8355/2603
f 8356/8356/2604 8357/8357/2604 8358/8358/2604
f 8359/8359/2605 8360/8360/2605 8361/8361/2605
f 8362/8362/2606 8363/8363/2606 8364/8364/2606
f 8365/8365/2607 8366/8366/2607 8367/8367/2607
f 8368/8368/2608 8369/8369/2608 8370/8370/2608
f 8371/8371/2609 8372/8372/2609 8373/8373/2609
f 8374/8374/2610 8375/8375/2610 8376/8376/2610
f 8377/8377/2611 8378/8378/2611 8379/8379/2611
f 8380/8380/2612 8381/8381/2612 8382/8382/2612
f 8383/8383/2613 8384/8384/2613 8385/8385/2613
f 8386/8386/2614 8387/8387/2614 8388/8388/2614
f 8389/8389/2615 8390/8390/2615 8391/8391/2615
f 8392/8392/2616 8393/8393/2616 8394/8394/2616
f 8395/8395/2617 8396/8396/2617 8397/8397/2617
f 8398/8398/2618 8399/8399/2618 8400/8400/2618
f 8401/8401/2619 8402/8402/2619 8403/8403/2619
f 8404/8404/2620 8405/8405/2620 8406/8406/2620
f 8407/8407/2621 8408/8408/2621 8409/8409/2621
f 8410/8410/2622 8411/8411/2622 8412/8412/2622
f 8413/8413/2623 8414/8414/2623 8415/8415/2623
f 8416/8416/2624 8417/8417/2624 8418/8418/2624
f 8419/8419/2625 8420/8420/2625 8421/8421/2625
f 8422/8422/2626 8423/8423/2626 8424/8424/2626
f 9217/9217/2869 9218/9218/2869 9219/9219/2869
f 9220/9220/2870 9221/9221/2870 9222/9222/2870
f 9223/9223/2871 9224/9224/2871 9225/9225/2871
f 9226/9226/2872 9227/9227/2872 9228/9228/2872
f 9229/9229/2873 9230/9230/2873 9231/9231/2873
f 9232/9232/2874 9233/9233/2874 9234/9234/2874
f 9235/9235/2875 9236/9236/2875 9237/9237/2875
f 9238/9238/2876 9239/9239/2876 9240/9240/2876
f 9241/9241/2877 9242/9242/2877 9243/9243/2877
f 9244/9244/2878 9245/9245/2878 9246/9246/2878
f 9247/9247/2879 9248/9248/2879 9249/9249/2879
f 9250/9250/2880 9251/9251/2880 9252/9252/2880
f 9253/9253/2881 9254/9254/2881 9255/9255/2881
f 9256/9256/2882 9257/9257/2882 9258/9258/2882
f 9259/9259/2883 9260/9260/2883 9261/9261/2883
f 9262/9262/2884 9263/9263/2884 9264/9264/2884
f 9265/9265/2885 9266/9266/2885 9267/9267/2885
f 9268/9268/2886 9269/9269/2886 9270/9270/2886
f 9271/9271/2887 9272/9272/2887 9273/9273/2887
f 9274/9274/2888 9275/9275/2888 9276/9276/2888
f 9277/9277/2889 9278/9278/2889 9279/9279/2889
f 9280/9280/2890 9281/9281/2890 9282/9282/2890
f 9283/9283/2891 9284/9284/2891 9285/9285/2891
f 9286/9286/2892 9287/9287/2892 9288/9288/2892
f 9289/9289/2893 9290/9290/2893 9291/9291/2893
f 9292/9292/2894 9293/9293/2894 9294/9294/2894
f 9295/9295/2895 9296/9296/2895 9297/9297/2895
f 9298/9298/2896 9299/9299/2896 9300/9300/2896
f 9301/9301/2897 9302/9302/2897 9303/9303/2897
f 9304/9304/2898 9305/9305/2898 9306/9306/2898
f 9307/9307/2899 9308/9308/2899 9309/9309/2899
f 9310/9310/2900 9311/9311/2900 9312/9312/2900
f 9457/9457/2945 9458/9458/2945 9459/9459/2945
f 9460/9460/2946 9461/9461/2946 9462/9462/2946
f 9463/9463/2947 9464/9464/2947 9465/9465/2947
f 9466/9466/2948 9467/9467/2948 9468/9468/2948
f 9469/9469/2949 9470/9470/2949 9471/9471/2949
f 9472/9472/2950 9473/9473/2950 9474/9474/2950
f 9475/9475/2951 9476/9476/2951 9477/9477/2951
f 9478/9478/2952 9479/9479/2952 9480/9480/2952
f 9481/9481/2953 9482/9482/2953 9483/9483/2953
f 9484/9484/2954 9485/9485/2954 9486/9486/2954
f 9487/9487/2955 9488/9488/2955 9489/9489/2955
f 9490/9490/2956 9491/9491/2956 9492/9492/2956
f 9493/9493/2957 9494/9494/2957 9495/9495/2957
f 9496/9496/2958 9497/9497/2958 9498/9498/2958
f 9499/9499/2959 9500/9500/2959 9501/9501/2959
f 9502/9502/2960 9503/9503/2960 9504/9504/2960
f 9505/9505/2961 9506/9506/2961 9507/9507/2961
f 9508/9508/2962 9509/9509/2962 9510/9510/2962
f 9511/9511/2963 9512/9512/2963 9513/9513/2963
f 9514/9514/2964 9515/9515/2964 9516/9516/2964
f 9517/9517/2965 9518/9518/2965 9519/9519/2965
f 9520/9520/2966 9521/9521/2966 9522/9522/2966
f 9523/9523/2967 9524/9524/2967 9525/9525/2967
f 9526/9526/2968 9527/9527/2968 9528/9528/2968
f 9529/9529/2969 9530/9530/2969 9531/9531/2969
f 9532/9532/2970 9533/9533/2970 9534/9534/2970
f 9535/9535/2971 9536/9536/2971 9537/9537/2971
f 9538/9538/2972 9539/9539/2972 9540/9540/2972
f 9541/9541/2973 9542/9542/2973 9543/9543/2973
f 9544/9544/2974 9545/9545/2974 9546/9546/2974
f 9547/9547/2975 9548/9548/2975 9549/9549/2975
f 9550/9550/2976 9551/9551/2976 9552/9552/2976
f 9721/9721/3027 9722/9722/3027 9723/9723/3027
f 9724/9724/3028 9725/9725/3028 9726/9726/3028
f 9727/9727/3029 9728/9728/3029 9729/9729/3029
f 9730/9730/3030 9731/9731/3030 9732/9732/3030
f 9733/9733/3031 9734/9734/3031 9735/9735/3031
f 9736/9736/3032 9737/9737/3032 9738/9738/3032
f 9739/9739/3033 9740/9740/3033 9741/9741/3033
f 9742/9742/3034 9743/9743/3034 9744/9744/3034
f 9745/9745/3035 9746/9746/3035 9747/9747/3035
f 9748/9748/3036 9749/9749/3036 9750/9750/3036
f 9751/9751/3037 9752/9752/3037 9753/9753/3037
f 9754/9754/3038 9755/9755/3038 9756/9756/3038
f 9757/9757/3039 9758/9758/3039 9759/9759/3039
f 9760/9760/3040 9761/9761/3040 9762/9762/3040
f 9763/9763/3041 9764/9764/3041 9765/9765/3041
f 9766/9766/3042 9767/9767/3042 9768/9768/3042
f 9769/9769/3043 9770/9770/3043 9771/9771/3043
f 9772/9772/3044 9773/9773/3044 9774/9774/3044
f 9775/9775/3045 9776/9776/3045 9777/9777/3045
f 9778/9778/3046 9779/9779/3046 9780/9780/3046
f 9781/9781/3047 9782/9782/3047 9783/9783/3047
f 9784/9784/3048 9785/9785/3048 9786/9786/3048
f 9787/9787/3049 9788/9788/3049 9789/9789/3049
f 9790/9790/3050 9791/9791/3050 9792/9792/3050
f 9793/9793/3051 9794/9794/3051 9795/9795/3051
f 9796/9796/3052 9797/9797/3052 9798/9798/3052
f 9799/9799/3053 9800/9800/3053 9801/9801/3053
f 9802/9802/3054 9803/9803/3054 9804/9804/3054
f 9805/9805/3055 9806/9806/3055 9807/9807/3055
f 9808/9808/3056 9809/9809/3056 9810/9810/3056
f 9811/9811/3057 9812/9812/3057 9813/9813/3057
f 9814/9814/3058 9815/9815/3058 9816/9816/3058
f 10057/10057/3131 10058/10058/3131 10059/10059/3131
f 10060/10060/3132 10061/10061/3132 10062/10062/3132
f 10063/10063/3133 10064/10064/3133 10065/10065/3133
f 10066/10066/3134 10067/10067/3134 10068/10068/3134
f 10069/10069/3135 10070/10070/3135 10071/10071/3135
f 10072/10072/3136 10073/10073/3136 10074/10074/3136
f 10075/10075/3137 10076/10076/3137 10077/10077/3137
f 10078/10078/3138 10079/10079/3138 10080/10080/3138
f 10081/10081/3139 10082/10082/3139 10083/10083/3139
f 10084/10084/3140 10085/10085/3140 10086/10086/3140
f 10087/10087/3141 10088/10088/3141 10089/10089/3141
f 10090/10090/3142 10091/10091/3142 10092/10092/3142
f 10093/10093/3143 10094/10094/3143 10095/10095/3143
f 10096/10096/3144 10097/10097/3144 10098/10098/3144
f 10099/10099/3145 10100/10100/3145 10101/10101/3145
f 10102/10102/3146 10103/10103/3146 10104/10104/3146
f 10105/10105/3147 10106/10106/3147 10107/10107/3147
f 10108/10108/3148 10109/10109/3148 10110/10110/3148
f 10111/10111/3149 10112/10112/3149 10113/10113/3149
f 10114/10114/3150 10115/10115/3150 10116/10116/3150
f 10117/10117/3151 10118/10118/3151 10119/10119/3151
f 10120/10120/3152 10121/10121/3152 10122/10122/3152
f 10123/10123/3153 10124/10124/3153 10125/10125/3153
f 10126/10126/3154 10127/10127/3154 10128/10128/3154
f 10129/10129/3155 10130/10130/3155 10131/10131/3155
f 10132/10132/3156 10133/10133/3156 10134/10134/3156
f 10135/10135/3157 10136/10136/3157 10137/10137/3157
f 10138/10138/3158 10139/10139/3158 10140/10140/3158
f 10141/10141/3159 10142/10142/3159 10143/10143/3159
f 10144/10144/3160 10145/10145/3160 10146/10146/3160
f 10147/10147/3161 10148/10148/3161 10149/10149/3161
f 10150/10150/3162 10151/10151/3162 10152/10152/3162
f 11089/11089/3453 11090/11090/3453 11091/11091/3453
f 11092/11092/3454 11093/11093/3454 11094/11094/3454
f 11095/11095/3455 11096/11096/3455 11097/11097/3455
f 11098/11098/3456 11099/11099/3456 11100/11100/3456
f 11101/11101/3457 11102/11102/3457 11103/11103/3457
f 11104/11104/3458 11105/11105/3458 11106/11106/3458
f 11107/11107/3459 11108/11108/3459 11109/11109/3459
f 11110/11110/3460 11111/11111/3460 11112/11112/3460
f 11113/11113/3461 11114/11114/3461 11115/11115/3461
f 11116/11116/3462 11117/11117/3462 11118/11118/3462
f 11119/11119/3463 11120/11120/3463 11121/11121/3463
f 11122/11122/3464 11123/11123/3464 11124/11124/3464
f 11125/11125/3465 11126/11126/3465 11127/11127/3465
f 11128/11128/3466 11129/11129/3466 11130/11130/3466
f 11131/11131/3467 11132/11132/3467 11133/11133/3467
f 11134/11134/3468 11135/11135/3468 11136/11136/3468
f 11137/11137/3469 11138/11138/3469 11139/11139/3469
f 11140/11140/3470 11141/11141/3470 11142/11142/3470
f 11143/11143/3471 11144/11144/3471 11145/11145/3471
f 11146/11146/3472 11147/11147/3472 11148/11148/3472
f 11149/11149/3473 11150/11150/3473 11151/11151/3473
f 11152/11152/3474 11153/11153/3474 11154/11154/3474
f 11155/11155/3475 11156/11156/3475 11157/11157/3475
f 11158/11158/3476 11159/11159/3476 11160/11160/3476
f 11161/11161/3477 11162/11162/3477 11163/11163/3477
f 11164/11164/3478 11165/11165/3478 11166/11166/3478
f 11167/11167/3479 11168/11168/3479 11169/11169/3479
f 11170/11170/3480 11171/11171/3480 11172/11172/3480
f 11173/11173/3481 11174/11174/3481 11175/11175/3481
f 11176/11176/3482 11177/11177/3482 11178/11178/3482
f 11179/11179/3483 11180/11180/3483 11181/11181/3483
f 11182/11182/3484 11183/11183/3484 11184/11184/3484
f 11401/11401/3551 11402/11402/3551 11403/11403/3551
f 11404/11404/3552 11405/11405/3552 11406/11406/3552
f 11407/11407/3553 11408/11408/3553 11409/11409/3553
f 11410/11410/3554 11411/11411/3554 11412/11412/3554
f 11413/11413/3555 11414/11414/3555 11415/11415/3555
f 11416/11416/3556 11417/11417/3556 11418/11418/3556
f 11419/11419/3557 11420/11420/3557 11421/11421/3557
f 11422/11422/3558 11423/11423/3558 11424/11424/3558
f 11425/11425/3559 11426/11426/3559 11427/11427/3559
f 11428/11428/3560 11429/11429/3560 11430/11430/3560
f 11431/11431/3561 11432/11432/3561 11433/11433/3561
f 11434/11434/3562 11435/11435/3562 11436/11436/3562
f 11437/11437/3563 11438/11438/3563 11439/11439/3563
f 11440/11440/3564 11441/11441/3564 11442/11442/3564
f 11443/11443/3565 11444/11444/3565 11445/11445/3565
f 11446/11446/3566 11447/11447/3566 11448/11448/3566
f 11449/11449/3567 11450/11450/3567 11451/11451/3567
f 11452/11452/3568 11453/11453/3568 11454/11454/3568
f 11455/11455/3569 11456/11456/3569 11457/11457/3569
f 11458/11458/3570 11459/11459/3570 11460/11460/3570
f 11461/11461/3571 11462/11462/3571 11463/11463/3571
f 11464/11464/3572 11465/11465/3572 11466/11466/3572
f 11467/11467/3573 11468/11468/3573 11469/11469/3573
f 11470/11470/3574 11471/11471/3574 11472/11472/3574
f 11473/11473/3575 11474/11474/3575 11475/11475/3575
f 11476/11476/3576 11477/11477/3576 11478/11478/3576
f 11479/11479/3577 11480/11480/3577 11481/11481/3577
f 11482/11482/3578 11483/11483/3578 11484/11484/3578
f 11485/11485/3579 11486/11486/3579 11487/11487/3579
f 11488/11488/3580 11489/11489/3580 11490/11490/3580
f 11491/11491/3581 11492/11492/3581 11493/11493/3581
f 11494/11494/3582 11495/11495/3582 11496/11496/3582
f 11929/11929/3715 11930/11930/3715 11931/11931/3715
f 11932/11932/3716 11933/11933/3716 11934/11934/3716
f 11935/11935/3717 11936/11936/3717 11937/11937/3717
f 11938/11938/3718 11939/11939/3718 11940/11940/3718
f 11941/11941/3719 11942/11942/3719 11943/11943/3719
f 11944/11944/3720 11945/11945/3720 11946/11946/3720
f 11947/11947/3721 11948/11948/3721 11949/11949/3721
f 11950/11950/3722 11951/11951/3722 11952/11952/3722
f 11953/11953/3723 11954/11954/3723 11955/11955/3723
f 11956/11956/3724 11957/11957/3724 11958/11958/3724
f 11959/11959/3725 11960/11960/3725 11961/11961/3725
f 11962/11962/3726 11963/11963/3726 11964/11964/3726
f 11965/11965/3727 11966/11966/3727 11967/11967/3727
f 11968/11968/3728 11969/11969/3728 11970/11970/3728
f 11971/11971/3729 11972/11972/3729 11973/11973/3729
f 11974/11974/3730 11975/11975/3730 11976/11976/3730
f 11977/11977/3731 11978/11978/3731 11979/11979/3731
f 11980/11980/3732 11981/11981/3732 11982/11982/3732
f 11983/11983/3733 11984/11984/3733 11985/11985/3733
f 11986/11986/3734 11987/11987/3734 11988/11988/3734
f 11989/11989/3735 11990/11990/3735 11991/11991/3735
f 11992/11992/3736 11993/11993/3736 11994/11994/3736
f 11995/11995/3737 11996/11996/3737 11997/11997/3737
f 11998/11998/3738 11999/11999/3738 12000/12000/3738
f 12001/12001/3739 12002/12002/3739 12003/12003/3739
f 12004/12004/3740 12005/12005/3740 12006/12006/3740
f 12007/12007/3741 12008/12008/3741 12009/12009/3741
f 12010/12010/3742 12011/12011/3742 12012/12012/3742
f 12013/12013/3743 12014/12014/3743 12015/12015/3743
f 12016/12016/3744 12017/12017/3744 12018/12018/3744
f 12019/12019/3745 12020/12020/3745 12021/12021/3745
f 12022/12022/3746 12023/12023/3746 12024/12024/3746
f 12385/12385/3857 12386/12386/3857 12387/12387/3857
f 12388/12388/3858 12389/12389/3858 12390/12390/3858
f 12391/12391/3859 12392/12392/3859 12393/12393/3859
f 12394/12394/3860 12395/12395/3860 12396/12396/3860
f 12397/12397/3861 12398/12398/3861 12399/12399/3861
f 12400/12400/3862 12401/12401/3862 12402/12402/3862
f 12403/12403/3863 12404/12404/3863 12405/12405/3863
f 12406/12406/3864 12407/12407/3864 12408/12408/3864
f 12409/12409/3865 12410/12410/3865 12411/12411/3865
f 12412/12412/3866 12413/12413/3866 12414/12414/3866
f 12415/12415/3867 12416/12416/3867 12417/12417/3867
f 12418/12418/3868 12419/12419/3868 12420/12420/3868
f 12421/12421/3869 12422/12422/3869 12423/12423/3869
f 12424/12424/3870 12425/12425/3870 12426/12426/3870
f 12427/12427/3871 12428/12428/3871 12429/12429/3871
f 12430/12430/3872 12431/12431/3872 12432/12432/3872
f 12433/12433/3873 12434/12434/3873 12435/12435/3873
f 12436/12436/3874 12437/12437/3874 12438/12438/3874
f 12439/12439/3875 12440/12440/3875 12441/12441/3875
f 12442/12442/3876 12443/12443/3876 12444/12444/3876
f 12445/12445/3877 12446/12446/3877 12447/12447/3877
f 12448/12448/3878 12449/12449/3878 12450/12450/3878
f 12451/12451/3879 12452/12452/3879 12453/12453/3879
f 12454/12454/3880 12455/12455/3880 12456/12456/3880
f 12457/12457/3881 12458/12458/3881 12459/12459/3881
f 12460/12460/3882 12461/12461/3882 12462/12462/3882
f 12463/12463/3883 12464/12464/3883 12465/12465/3883
f 12466/12466/3884 12467/12467/3884 12468/12468/3884
f 12469/12469/3885 12470/12470/3885 12471/12471/3885
f 12472/12472/3886 12473/12473/3886 12474/12474/3886
f 12475/12475/3887 12476/12476/3887 12477/12477/3887
f 12478/12478/3888 12479/12479/3888 12480/12480/3888
f 12841/12841/3999 12842/12842/3999 12843/12843/3999
f 12844/12844/4000 12845/12845/4000 12846/12846/4000
f 12847/12847/4001 12848/12848/4001 12849/12849/4001
f 12850/12850/4002 12851/12851/4002 12852/12852/4002
f 12853/12853/4003 12854/12854/4003 12855/12855/4003
f 12856/12856/4004 12857/12857/4004 12858/12858/4004
f 12859/12859/4005 12860/12860/4005 12861/12861/4005
f 12862/12862/4006 12863/12863/4006 12864/12864/4006
f 12865/12865/4007 12866/12866/4007 12867/12867/4007
f 12868/12868/4008 12869/12869/4008 12870/12870/4008
f 12871/12871/4009 12872/12872/4009 12873/12873/4009
f 12874/12874/4010 12875/12875/4010 12876/12876/4010
f 12877/12877/4011 12878/12878/4011 12879/12879/4011
f 12880/12880/4012 12881/12881/4012 12882/12882/4012
f 12883/12883/4013 12884/12884/4013 12885/12885/4013
f 12886/12886/4014 12887/12887/4014 12888/12888/4014
f 12889/12889/4015 12890/12890/4015 12891/12891/4015
f 12892/12892/4016 12893/12893/4016 12894/12894/4016
f 12895/12895/4017 12896/12896/4017 12897/12897/4017
f 12898/12898/4018 12899/12899/4018 12900/12900/4018
f 12901/12901/4019 12902/12902/4019 12903/12903/4019
f 12904/12904/4020 12905/12905/4020 12906/12906/4020
f 12907/12907/4021 12908/12908/4021 12909/12909/4021
f 12910/12910/4022 12911/12911/4022 12912/12912/4022
f 12913/12913/4023 12914/12914/4023 12915/12915/4023
f 12916/12916/4024 12917/12917/4024 12918/12918/4024
f 12919/12919/4025 12920/12920/4025 12921/12921/4025
f 12922/12922/4026 12923/12923/4026 12924/12924/4026
f 12925/12925/4027 12926/12926/4027 12927/12927/4027
f 12928/12928/4028 12929/12929/4028 12930/12930/4028
f 12931/12931/4029 12932/12932/4029 12933/12933/4029
f 12934/12934/4030 12935/12935/4030 12936/12936/4030
f 13177/13177/4103 13178/13178/4103 13179/13179/4103
f 13180/13180/4104 13181/13181/4104 13182/13182/4104
f 13183/13183/4105 13184/13184/4105 13185/13185/4105
f 13186/13186/4106 13187/13187/4106 13188/13188/4106
f 13189/13189/4107 13190/13190/4107 13191/13191/4107
f 13192/13192/4108 13193/13193/4108 13194/13194/4108
f 13195/13195/4109 13196/13196/4109 13197/13197/4109
f 13198/13198/4110 13199/13199/4110 13200/13200/4110
f 13201/13201/4111 13202/13202/4111 13203/13203/4111
f 13204/13204/4112 13205/13205/4112 13206/13206/4112
f 13207/13207/4113 13208/13208/4113 13209/13209/4113
f 13210/13210/4114 13211/13211/4114 13212/13212/4114
f 13213/13213/4115 13214/13214/4115 13215/13215/4115
f 13216/13216/4116 13217/13217/4116 13218/13218/4116
f 13219/13219/4117 13220/13220/4117 13221/13221/4117
f 13222/13222/4118 13223/13223/4118 13224/13224/4118
f 13225/13225/4119 13226/13226/4119 13227/13227/4119
f 13228/13228/4120 13229/13229/4120 13230/13230/4120
f 13231/13231/4121 13232/13232/4121 13233/13233/4121
f 13234/13234/4122 13235/13235/4122 13236/13236/4122
f 13237/13237/4123 13238/13238/4123 13239/13239/4123
f 13240/13240/4124 13241/13241/4124 13242/13242/4124
f 13243/13243/4125 13244/13244/4125 13245/13245/4125
f 13246/13246/4126 13247/13247/4126 13248/13248/4126
f 13249/13249/4127 13250/13250/4127 13251/13251/4127
f 13252/13252/4128 13253/13253/4128 13254/13254/4128
f 13255/13255/4129 13256/13256/4129 13257/13257/4129
f 13258/13258/4130 13259/13259/4130 13260/13260/4130
f 13261/13261/4131 13262/13262/4131 13263/13263/4131
f 13264/13264/4132 13265/13265/4132 13266/13266/4132
f 13267/13267/4133 13268/13268/4133 13269/13269/4133
f 13270/13270/4134 13271/13271/4134 13272/13272/4134
f 13369/13369/4163 13370/13370/4163 13371/13371/4163
f 13372/13372/4164 13373/13373/4164 13374/13374/4164
f 13375/13375/4165 13376/13376/4165 13377/13377/4165
f 13378/13378/4166 13379/13379/4166 13380/13380/4166
f 13381/13381/4167 13382/13382/4167 13383/13383/4167
f 13384/13384/4168 13385/13385/4168 13386/13386/4168
f 13387/13387/4169 13388/13388/4169 13389/13389/4169
f 13390/13390/4170 13391/13391/4170 13392/13392/4170
f 13393/13393/4171 13394/13394/4171 13395/13395/4171
f 13396/13396/4172 13397/13397/4172 13398/13398/4172
f 13399/13399/4173 13400/13400/4173 13401/13401/4173
f 13402/13402/4174 13403/13403/4174 13404/13404/4174
f 13405/13405/4175 13406/13406/4175 13407/13407/4175
f 13408/13408/4176 13409/13409/4176 13410/13410/4176
f 13411/13411/4177 13412/13412/4177 13413/13413/4177
f 13414/13414/4178 13415/13415/4178 13416/13416/4178
f 13417/13417/4179 13418/13418/4179 13419/13419/4179
f 13420/13420/4180 13421/13421/4180 13422/13422/4180
f 13423/13423/4181 13424/13424/4181 13425/13425/4181
f 13426/13426/4182 13427/13427/4182 13428/13428/4182
f 13429/13429/4183 13430/13430/4183 13431/13431/4183
f 13432/13432/4184 13433/13433/4184 13434/13434/4184
f 13435/13435/4185 13436/13436/4185 13437/13437/4185
f 13438/13438/4186 13439/13439/4186 13440/13440/4186
f 13441/13441/4187 13442/13442/4187 13443/13443/4187
f 13444/13444/4188 13445/13445/4188 13446/13446/4188
f 13447/13447/4189 13448/13448/4189 13449/13449/4189
f 13450/13450/4190 13451/13451/4190 13452/13452/4190
f 13453/13453/4191 13454/13454/4191 13455/13455/4191
f 13456/13456/4192 13457/13457/4192 13458/13458/4192
f 13459/13459/4193 13460/13460/4193 13461/13461/4193
f 13462/13462/4194 13463/13463/4194 13464/13464/4194
f 13633/13633/4245 13634/13634/4245 13635/13635/4245
f 13636/13636/4246 13637/13637/4246 13638/13638/4246
f 13639/13639/4247 13640/13640/4247 13641/13641/4247
f 13642/13642/4248 13643/13643/4248 13644/13644/4248
f 13645/13645/4249 13646/13646/4249 13647/13647/4249
f 13648/13648/4250 13649/13649/4250 13650/13650/4250
f 13651/13651/4251 13652/13652/4251 13653/13653/4251
f 13654/13654/4252 13655/13655/4252 13656/13656/4252
f 13657/13657/4253 13658/13658/4253 13659/13659/4253
f 13660/13660/4254 13661/13661/4254 13662/13662/4254
f 13663/13663/4255 13664/13664/4255 13665/13665/4255
f 13666/13666/4256 13667/13667/4256 13668/13668/4256
f 13669/13669/4257 13670/13670/4257 13671/13671/4257
f 13672/13672/4258 13673/13673/4258 13674/13674/4258
f 13675/13675/4259 13676/13676/4259 13677/13677/4259
f 13678/13678/4260 13679/13679/4260 13680/13680/4260
f 13681/13681/4261 13682/13682/4261 13683/13683/4261
f 13684/13684/4262 13685/13685/4262 13686/13686/4262
f 13687/13687/4263 13688/13688/4263 13689/13689/4263
f 13690/13690/4264 13691/13691/4264 13692/13692/4264
f 13693/13693/4265 13694/13694/4265 13695/13695/4265
f 13696/13696/4266 13697/13697/4266 13698/13698/4266
f 13699/13699/4267 13700/13700/4267 13701/13701/4267
f 13702/13702/4268 13703/13703/4268 13704/13704/4268
f 13705/13705/4269 13706/13706/4269 13707/13707/4269
f 13708/13708/4270 13709/13709/4270 13710/13710/4270
f 13711/13711/4271 13712/13712/4271 13713/13713/4271
f 13714/13714/4272 13715/13715/4272 13716/13716/4272
f 13717/13717/4273 13718/13718/4273 13719/13719/4273
f 13720/13720/4274 13721/13721/4274 13722/13722/4274
f 13723/13723/4275 13724/13724/4275 13725/13725/4275
f 13726/13726/4276 13727/13727/4276 13728/13728/4276
f 14593/14593/4545 14594/14594/4545 14595/14595/4545
f 14596/14596/4546 14597/14597/4546 14598/14598/4546
f 14599/14599/4547 14600/14600/4547 14601/14601/4547
f 14602/14602/4548 14603/14603/4548 14604/14604/4548
f 14605/14605/4549 14606/14606/4549 14607/14607/4549
f 14608/14608/4550 14609/14609/4550 14610/14610/4550
f 14611/14611/4551 14612/14612/4551 14613/14613/4551
f 14614/14614/4552 14615/14615/4552 14616/14616/4552
f 14617/14617/4553 14618/14618/4553 14619/14619/4553
f 14620/14620/4554 14621/14621/4554 14622/14622/4554
f 14623/14623/4555 14624/14624/4555 14625/14625/4555
f 14626/14626/4556 14627/14627/4556 14628/14628/4556
f 14629/14629/4557 14630/14630/4557 14631/14631/4557
f 14632/14632/4558 14633/14633/4558 14634/14634/4558
f 14635/14635/4559 14636/14636/4559 14637/14637/4559
f 14638/14638/4560 14639/14639/4560 14640/14640/4560
f 14641/14641/4561 14642/14642/4561 14643/14643/4561
f 14644/14644/4562 14645/14645/4562 14646/14646/4562
f 14647/14647/4563 14648/14648/4563 14649/14649/4563
f 14650/14650/4564 14651/14651/4564 14652/14652/4564
f 14653/14653/4565 14654/14654/4565 14655/14655/4565
f 14656/14656/4566 14657/14657/4566 14658/14658/4566
f 14659/14659/4567 14660/14660/4567 14661/14661/4567
f 14662/14662/4568 14663/14663/4568 14664/14664/4568
f 14665/14665/4569 14666/14666/4569 14667/14667/4569
f 14668/14668/4570 14669/14669/4570 14670/14670/4570
f 14671/14671/4571 14672/14672/4571 14673/14673/4571
f 14674/14674/4572 14675/14675/4572 14676/14676/4572
f 14677/14677/4573 14678/14678/4573 14679/14679/4573
f 14680/14680/4574 14681/14681/4574 14682/14682/4574
f 14683/14683/4575 14684/14684/4575 14685/14685/4575
f 14686/14686/4576 14687/14687/4576 14688/14688/4576
f 15049/15049/4687 15050/15050/4687 15051/15051/4687
f 15052/15052/4688 15053/15053/4688 15054/15054/4688
f 15055/15055/4689 15056/15056/4689 15057/15057/4689
f 15058/15058/4690 15059/15059/4690 15060/15060/4690
f 15061/15061/4691 15062/15062/4691 15063/15063/4691
f 15064/15064/4692 15065/15065/4692 15066/15066/4692
f 15067/15067/4693 15068/15068/4693 15069/15069/4693
f 15070/15070/4694 15071/15071/4694 15072/15072/4694
f 15073/15073/4695 15074/15074/4695 15075/15075/4695
f 15076/15076/4696 15077/15077/4696 15078/15078/4696
f 15079/15079/4697 15080/15080/4697 15081/15081/4697
f 15082/15082/4698 15083/15083/4698 15084/15084/4698
f 15085/15085/4699 15086/15086/4699 15087/15087/4699
f 15088/15088/4700 15089/15089/4700 15090/15090/4700
f 15091/15091/4701 15092/15092/4701 15093/15093/4701
f 15094/15094/4702 15095/15095/4702 15096/15096/4702
f 15097/15097/4703 15098/15098/4703 15099/15099/4703
f 15100/15100/4704 15101/15101/4704 15102/15102/4704
f 15103/15103/4705 15104/15104/4705 15105/15105/4705
f 15106/15106/4706 15107/15107/4706 15108/15108/4706
f 15109/15109/4707 15110/15110/4707 15111/15111/4707
f 15112/15112/4708 15113/15113/4708 15114/15114/4708
f 15115/15115/4709 15116/15116/4709 15117/15117/4709
f 15118/15118/4710 15119/15119/4710 15120/15120/4710
f 15121/15121/4711 15122/15122/4711 15123/15123/4711
f 15124/15124/4712 15125/15125/4712 15126/15126/4712
f 15127/15127/4713 15128/15128/4713 15129/15129/4713
f 15130/15130/4714 15131/15131/4714 15132/15132/4714
f 15133/15133/4715 15134/15134/4715 15135/15135/4715
f 15136/15136/4716 15137/15137/4716 15138/15138/4716
f 15139/15139/4717 15140/15140/4717 15141/15141/4717
f 15142/15142/4718 15143/15143/4718 15144/15144/4718
f 15169/15169/4725 15170/15170/4725 15171/15171/4725
f 15172/15172/4726 15173/15173/4726 15174/15174/4726
f 15175/15175/4727 15176/15176/4727 15177/15177/4727
f 15178/15178/4728 15179/15179/4728 15180/15180/4728
f 15181/15181/4729 15182/15182/4729 15183/15183/4729
f 15184/15184/4730 15185/15185/4730 15186/15186/4730
f 15187/15187/4731 15188/15188/4731 15189/15189/4731
f 15190/15190/4732 15191/15191/4732 15192/15192/4732
f 15193/15193/4733 15194/15194/4733 15195/15195/4733
f 15196/15196/4734 15197/15197/4734 15198/15198/4734
f 15199/15199/4735 15200/15200/4735 15201/15201/4735
f 15202/15202/4736 15203/15203/4736 15204/15204/4736
f 15205/15205/4737 15206/15206/4737 15207/15207/4737
f 15208/15208/4738 15209/15209/4738 15210/15210/4738
f 15211/15211/4739 15212/15212/4739 15213/15213/4739
f 15214/15214/4740 15215/15215/4740 15216/15216/4740
f 15217/15217/4741 15218/15218/4741 15219/15219/4741
f 15220/15220/4742 15221/15221/4742 15222/15222/4742
f 15223/15223/4743 15224/15224/4743 15225/15225/4743
f 15226/15226/4744 15227/15227/4744 15228/15228/4744
f 15229/15229/4745 15230/15230/4745 15231/15231/4745
f 15232/15232/4746 15233/15233/4746 15234/15234/4746
f 15235/15235/4747 15236/15236/4747 15237/15237/4747
f 15238/15238/4748 15239/15239/4748 15240/15240/4748
f 15241/15241/4749 15242/15242/4749 15243/15243/4749
f 15244/15244/4750 15245/15245/4750 15246/15246/4750
f 15247/15247/4751 15248/15248/4751 15249/15249/4751
f 15250/15250/4752 15251/15251/4752 15252/15252/4752
f 15253/15253/4753 15254/15254/4753 15255/15255/4753
f 15256/15256/4754 15257/15257/4754 15258/15258/4754
f 15259/15259/4755 15260/15260/4755 15261/15261/4755
f 15262/15262/4756 15263/15263/4756 15264/15264/4756
usemtl leaf_b
f 505/505/155 506/506/155 507/507/155
f 508/508/156 509/509/156 510/510/156
f 511/511/157 512/512/157 513/513/157
f 514/514/158 515/515/158 516/516/158
f 517/517/159 518/518/159 519/519/159
f 520/520/160 521/521/160 522/522/160
f 523/523/161 524/524/161 525/525/161
f 526/526/162 527/527/162 528/528/162
f 529/529/163 530/530/163 531/531/163
f 532/532/164 533/533/164 534/534/164
f 535/535/165 536/536/165 537/537/165
f 538/538/166 539/539/166 540/540/166
f 541/541/167 542/542/167 543/543/167
f 544/544/168 545/545/168 546/546/168
f 547/547/169 548/548/169 549/549/169
f 550/550/170 551/551/170 552/552/170
f 553/553/171 554/554/171 555/555/171
f 556/556/172 557/557/172 558/558/172
f 559/559/173 560/560/173 561/561/173
f 562/562/174 563/563/174 564/564/174
f 565/565/175 566/566/175 567/567/175
f 568/568/176 569/569/176 570/570/176
f 571/571/177 572/572/177 573/573/177
f 574/574/178 575/575/178 576/576/178
f 577/577/179 578/578/179 579/579/179
f 580/580/180 581/581/180 582/582/180
f 583/583/181 584/584/181 585/585/181
f 586/586/182 587/587/182 588/588/182
f 589/589/183 590/590/183 591/591/183
f 592/592/184 593/593/184 594/594/184
f 595/595/185 596/596/185 597/597/185
f 598/598/186 599/599/186 600/600/186
f 625/625/193 626/626/193 627/627/193
f 628/628/194 629/629/194 630/630/194
f 631/631/195 632/632/195 633/633/195
f 634/634/196 635/635/196 636/636/196
f 637/637/197 638/638/197 639/639/197
f 640/640/198 641/641/198 642/642/198
f 643/643/199 644/644/199 645/645/199
f 646/646/200 647/647/200 648/648/200
f 649/649/201 650/650/201 651/651/201
f 652/652/202 653/653/202 654/654/202
f 655/655/203 656/656/203 657/657/203
f 658/658/204 659/659/204 660/660/204
f 661/661/205 662/662/205 663/663/205
f 664/664/206 665/665/206 666/666/206
f 667/667/207 668/668/207 669/669/207
f 670/670/208 671/671/208 672/672/208
f 673/673/209 674/674/209 675/675/209
f 676/676/210 677/677/210 678/678/210
f 679/679/211 680/680/211 681/681/211
f 682/682/212 683/683/212 684/684/212
f 685/685/213 686/686/213 687/687/213
f 688/688/214 689/689/214 690/690/214
f 691/691/215 692/692/215 693/693/215
f 694/694/216 695/695/216 696/696/216
f 697/697/217 698/698/217 699/699/217
f 700/700/218 701/701/218 702/702/218
f 703/703/219 704/704/219 705/705/219
f 706/706/220 707/707/220 708/708/220
f 709/709/221 710/710/221 711/711/221
f 712/712/222 713/713/222 714/714/222
f 715/715/223 716/716/223 717/717/223
f 718/718/224 719/719/224 720/720/224
f 745/745/231 746/746/231 747/747/231
f 748/748/232 749/749/232 750/750/232
f 751/751/233 752/752/233 753/753/233
f 754/754/234 755/755/234 756/756/234
f 757/757/235 758/758/235 759/759/235
f 760/760/236 761/761/236 762/762/236
f 763/763/237 764/764/237 765/765/237
f 766/766/238 767/767/238 768/768/238
f 769/769/239 770/770/239 771/771/239
f 772/772/240 773/773/240 774/774/240
f 775/775/241 776/776/241 777/777/241
f 778/778/242 779/779/242 780/780/242
f 781/781/243 782/782/243 783/783/243
f 784/784/244 785/785/244 786/786/244
f 787/787/245 788/788/245 789/789/245
f 790/790/246 791/791/246 792/792/246
f 793/793/247 794/794/247 795/795/247
f 796/796/248 797/797/248 798/798/248
f 799/799/249 800/800/249 801/801/249
f 802/802/250 803/803/250 804/804/250
f 805/805/251 806/806/251 807/807/251
f 808/808/252 809/809/252 810/810/252
f 811/811/253 812/812/253 813/813/253
f 814/814/254 815/815/254 816/816/254
f 817/817/255 818/818/255 819/819/255
f 820/820/256 821/821/256 822/822/256
f 823/823/257 824/824/257 825/825/257
f 826/826/258 827/827/258 828/828/258
f 829/829/259 830/830/259 831/831/259
f 832/832/260 833/833/260 834/834/260
f 835/835/261 836/836/261 837/837/261
f 838/838/262 839/839/262 840/840/262
f 1489/1489/461 1490/1490/461 1491/1491/461
f 1492/1492/462 1493/1493/462 1494/1494/462
f 1495/1495/463 1496/1496/463 1497/1497/463
f 1498/1498/464 1499/1499/464 1500/1500/464
f 1501/1501/465 1502/1502/465 1503/1503/465
f 1504/1504/466 1505/1505/466 1506/1506/466
f 1507/1507/467 1508/1508/467 1509/1509/467
f 1510/1510/468 1511/1511/468 1512/1512/468
f 1513/1513/469 1514/1514/469 1515/1515/469
f 1516/1516/470 1517/1517/470 1518/1518/470
f 1519/1519/471 1520/1520/471 1521/1521/471
f 1522/1522/472 1523/1523/472 1524/1524/472
f 1525/1525/473 1526/1526/473 1527/1527/473
f 1528/1528/474 1529/1529/474 1530/1530/474
f 1531/1531/475 1532/1532/475 1533/1533/475
f 1534/1534/476 1535/1535/476 1536/1536/476
f 1537/1537/477 1538/1538/477 1539/1539/477
f 1540/1540/478 1541/1541/478 1542/1542/478
f 1543/1543/479 1544/1544/479 1545/1545/479
f 1546/1546/480 1547/1547/480 1548/1548/480
f 1549/1549/481 1550/1550/481 1551/1551/481
f 1552/1552/482 1553/1553/482 1554/1554/482
f 1555/1555/483 1556/1556/483 1557/1557/483
f 1558/1558/484 1559/1559/484 1560/1560/484
f 1561/1561/485 1562/1562/485 1563/1563/485
f 1564/1564/486 1565/1565/486 1566/1566/486
f 1567/1567/487 1568/1568/487 1569/1569/487
f 1570/1570/488 1571/1571/488 1572/1572/488
f 1573/1573/489 1574/1574/489 1575/1575/489
f 1576/1576/490 1577/1577/490 1578/1578/490
f 1579/1579/491 1580/1580/491 1581/1581/491
f 1582/1582/492 1583/1583/492 1584/1584/492
f 2113/2113/657 2114/2114/657 2115/2115/657
f 2116/2116/658 2117/2117/658 2118/2118/658
f 2119/2119/659 2120/2120/659 2121/2121/659
f 2122/2122/660 2123/2123/660 2124/2124/660
f 2125/2125/661 2126/2126/661 2127/2127/661
f 2128/2128/662 2129/2129/662 2130/2130/662
f 2131/2131/663 2132/2132/663 2133/2133/663
f 2134/2134/664 2135/2135/664 2136/2136/664
f 2137/2137/665 2138/2138/665 2139/2139/665
f 2140/2140/666 2141/2141/666 2142/2142/666
f 2143/2143/667 2144/2144/667 2145/2145/667
f 2146/2146/668 2147/2147/668 2148/2148/668
f 2149/2149/669 2150/2150/669 2151/2151/669
f 2152/2152/670 2153/2153/670 2154/2154/670
f 2155/2155/671 2156/2156/671 2157/2157/671
f 2158/2158/672 2159/2159/672 2160/2160/672
f 2161/2161/673 2162/2162/673 2163/2163/673
f 2164/2164/674 2165/2165/674 2166/2166/674
f 2167/2167/675 2168/2168/675 2169/2169/675
f 2170/2170/676 2171/2171/676 2172/2172/676
f 2173/2173/677 2174/2174/677 2175/2175/677
f 2176/2176/678 2177/2177/678 2178/2178/678
f 2179/2179/679 2180/2180/679 2181/2181/679
f 2182/2182/680 2183/2183/680 2184/2184/680
f 2185/2185/681 2186/2186/681 2187/2187/681
f 2188/2188/682 2189/2189/682 2190/2190/682
f 2191/2191/683 2192/2192/683 2193/2193/683
f 2194/2194/684 2195/2195/684 2196/2196/684
f 2197/2197/685 2198/2198/685 2199/2199/685
f 2200/2200/686 2201/2201/686 2202/2202/686
f 2203/2203/687 2204/2204/687 2205/2205/687
f 2206/2206/688 2207/2207/688 2208/2208/688
f 2233/2233/695 2234/2234/695 2235/2235/695
f 2236/2236/696 2237/2237/696 2238/2238/696
f 2239/2239/697 2240/2240/697 2241/2241/697
f 2242/2242/698 2243/2243/698 2244/2244/698
f 2245/2245/699 2246/2246/699 2247/2247/699
f 2248/2248/700 2249/2249/700 2250/2250/700
f 2251/2251/701 2252/2252/701 2253/2253/701
f 2254/2254/702 2255/2255/702 2256/2256/702
f 2257/2257/703 2258/2258/703 2259/2259/703
f 2260/2260/704 2261/2261/704 2262/2262/704
f 2263/2263/705 2264/2264/705 2265/2265/705
f 2266/2266/706 2267/2267/706 2268/2268/706
f 2269/2269/707 2270/2270/707 2271/2271/707
f 2272/2272/708 2273/2273/708 2274/2274/708
f 2275/2275/709 2276/2276/709 2277/2277/709
f 2278/2278/710 2279/2279/710 2280/2280/710
f 2281/2281/711 2282/2282/711 2283/2283/711
f 2284/2284/712 2285/2285/712 2286/2286/712
f 2287/2287/713 2288/2288/713 2289/2289/713
f 2290/2290/714 2291/2291/714 2292/2292/714
f 2293/2293/715 2294/2294/715 2295/2295/715
f 2296/2296/716 2297/2297/716 2298/2298/716
f 2299/2299/717 2300/2300/717 2301/2301/717
f 2302/2302/718 2303/2303/718 2304/2304/718
f 2305/2305/719 2306/2306/719 2307/2307/719
f 2308/2308/720 2309/2309/720 2310/2310/720
f 2311/2311/721 2312/2312/721 2313/2313/721
f 2314/2314/722 2315/2315/722 2316/2316/722
f 2317/2317/723 2318/2318/723 2319/2319/723
f 2320/2320/724 2321/2321/724 2322/2322/724
f 2323/2323/725 2324/2324/725 2325/2325/725
f 2326/2326/726 2327/2327/726 2328/2328/726
f 3337/3337/1039 3338/3338/1039 3339/3339/1039
f 3340/3340/1040 3341/3341/1040 3342/3342/1040
f 3343/3343/1041 3344/3344/1041 3345/3345/1041
f 3346/3346/1042 3347/3347/1042 3348/3348/1042
f 3349/3349/1043 3350/3350/1043 3351/3351/1043
f 3352/3352/1044 3353/3353/1044 3354/3354/1044
f 3355/3355/1045 3356/3356/1045 3357/3357/1045
f 3358/3358/1046 3359/3359/1046 3360/3360/1046
f 3361/3361/1047 3362/3362/1047 3363/3363/1047
f 3364/3364/1048 3365/3365/1048 3366/3366/1048
f 3367/3367/1049 3368/3368/1049 3369/3369/1049
f 3370/3370/1050 3371/3371/1050 3372/3372/1050
f 3373/3373/1051 3374/3374/1051 3375/3375/1051
f 3376/3376/1052 3377/3377/1052 3378/3378/1052
f 3379/3379/1053 3380/3380/1053 3381/3381/1053
f 3382/3382/1054 3383/3383/1054 3384/3384/1054
f 3385/3385/1055 3386/3386/1055 3387/3387/1055
f 3388/3388/1056 3389/3389/1056 3390/3390/1056
f 3391/3391/1057 3392/3392/1057 3393/3393/1057
f 3394/3394/1058 3395/3395/1058 3396/3396/1058
f 3397/3397/1059 3398/3398/1059 3399/3399/1059
f 3400/3400/1060 3401/3401/1060 3402/3402/1060
f 3403/3403/1061 3404/3404/1061 3405/3405/1061
f 3406/3406/1062 3407/3407/1062 3408/3408/1062
f 3409/3409/1063 3410/3410/1063 3411/3411/1063
f 3412/3412/1064 3413/3413/1064 3414/3414/1064
f 3415/3415/1065 3416/3416/1065 3417/3417/1065
f 3418/3418/1066 3419/3419/1066 3420/3420/1066
f 3421/3421/1067 3422/3422/1067 3423/3423/1067
f 3424/3424/1068 3425/3425/1068 3426/3426/1068
f 3427/3427/1069 3428/3428/1069 3429/3429/1069
f 3430/3430/1070 3431/3431/1070 3432/3432/1070
f 3529/3529/1099 3530/3530/1099 3531/3531/1099
f 3532/3532/1100 3533/3533/1100 3534/3534/1100
f 3535/3535/1101 3536/3536/1101 3537/3537/1101
f 3538/3538/1102 3539/3539/1102 3540/3540/1102
f 3541/3541/1103 3542/3542/1103 3543/3543/1103
f 3544/3544/1104 3545/3545/1104 3546/3546/1104
f 3547/3547/1105 3548/3548/1105 3549/3549/1105
f 3550/3550/1106 3551/3551/1106 3552/3552/1106
f 3553/3553/1107 3554/3554/1107 3555/3555/1107
f 3556/3556/1108 3557/3557/1108 3558/3558/1108
f 3559/3559/1109 3560/3560/1109 3561/3561/1109
f 3562/3562/1110 3563/3563/1110 3564/3564/1110
f 3565/3565/1111 3566/3566/1111 3567/3567/1111
f 3568/3568/1112 3569/3569/1112 3570/3570/1112
f 3571/3571/1113 3572/3572/1113 3573/3573/1113
f 3574/3574/1114 3575/3575/1114 3576/3576/1114
f 3577/3577/1115 3578/3578/1115 3579/3579/1115
f 3580/3580/1116 3581/3581/1116 3582/3582/1116
f 3583/3583/1117 3584/3584/1117 3585/3585/1117
f 3586/3586/1118 3587/3587/1118 3588/3588/1118
f 3589/3589/1119 3590/3590/1119 3591/3591/1119
f 3592/3592/1120 3593/3593/1120 3594/3594/1120
f 3595/3595/1121 3596/3596/1121 3597/3597/1121
f 3598/3598/1122 3599/3599/1122 3600/3600/1122
f 3601/3601/1123 3602/3602/1123 3603/3603/1123
f 3604/3604/1124 3605/3605/1124 3606/3606/1124
f 3607/3607/1125 3608/3608/1125 3609/3609/1125
f 3610/3610/1126 3611/3611/1126 3612/3612/1126
f 3613/3613/1127 3614/3614/1127 3615/3615/1127
f 3616/3616/1128 3617/3617/1128 3618/3618/1128
f 3619/3619/1129 3620/3620/1129 3621/3621/1129
f 3622/3622/1130 3623/3623/1130 3624/3624/1130
f 3841/3841/1197 3842/3842/1197 3843/3843/1197
f 3844/3844/1198 3845/3845/1198 3846/3846/1198
f 3847/3847/1199 3848/3848/1199 3849/3849/1199
f 3850/3850/1200 3851/3851/1200 3852/3852/1200
f 3853/3853/1201 3854/3854/1201 3855/3855/1201
f 3856/3856/1202 3857/3857/1202 3858/3858/1202
f 3859/3859/1203 3860/3860/1203 3861/3861/1203
f 3862/3862/1204 3863/3863/1204 3864/3864/1204
f 3865/3865/1205 3866/3866/1205 3867/3867/1205
f 3868/3868/1206 3869/3869/1206 3870/3870/1206
f 3871/3871/1207 3872/3872/1207 3873/3873/1207
f 3874/3874/1208 3875/3875/1208 3876/3876/1208
f 3877/3877/1209 3878/3878/1209 3879/3879/1209
f 3880/3880/1210 3881/3881/1210 3882/3882/1210
f 3883/3883/1211 3884/3884/1211 3885/3885/1211
f 3886/3886/1212 3887/3887/1212 3888/3888/1212
f 3889/3889/1213 3890/3890/1213 3891/3891/1213
f 3892/3892/1214 3893/3893/1214 3894/3894/1214
f 3895/3895/1215 3896/3896/1215 3897/3897/1215
f 3898/3898/1216 3899/3899/1216 3900/3900/1216
f 3901/3901/1217 3902/3902/1217 3903/3903/1217
f 3904/3904/1218 3905/3905/1218 3906/3906/1218
f 3907/3907/1219 3908/3908/1219 3909/3909/1219
f 3910/3910/1220 3911/3911/1220 3912/3912/1220
f 3913/3913/1221 3914/3914/1221 3915/3915/1221
f 3916/3916/1222 3917/3917/1222 3918/3918/1222
f 3919/3919/1223 3920/3920/1223 3921/3921/1223
f 3922/3922/1224 3923/3923/1224 3924/3924/1224
f 3925/3925/1225 3926/3926/1225 3927/3927/1225
f 3928/3928/1226 3929/3929/1226 3930/3930/1226
f 3931/3931/1227 3932/3932/1227 3933/3933/1227
f 3934/3934/1228 3935/3935/1228 3936/3936/1228
f 3961/3961/1235 3962/3962/1235 3963/3963/1235
f 3964/3964/1236 3965/3965/1236 3966/3966/1236
f 3967/3967/1237 3968/3968/1237 3969/3969/1237
f 3970/3970/1238 3971/3971/1238 3972/3972/1238
f 3973/3973/1239 3974/3974/1239 3975/3975/1239
f 3976/3976/1240 3977/3977/1240 3978/3978/1240
f 3979/3979/1241 3980/3980/1241 3981/3981/1241
f 3982/3982/1242 3983/3983/1242 3984/3984/1242
f 3985/3985/1243 3986/3986/1243 3987/3987/1243
f 3988/3988/1244 3989/3989/1244 3990/3990/1244
f 3991/3991/1245 3992/3992/1245 3993/3993/1245
f 3994/3994/1246 3995/3995/1246 3996/3996/1246
f 3997/3997/1247 3998/3998/1247 3999/3999/1247
f 4000/4000/1248 4001/4001/1248 4002/4002/1248
f 4003/4003/1249 4004/4004/1249 4005/4005/1249
f 4006/4006/1250 4007/4007/1250 4008/4008/1250
f 4009/4009/1251 4010/4010/1251 4011/4011/1251
f 4012/4012/1252 4013/4013/1252 4014/4014/1252
f 4015/4015/1253 4016/4016/1253 4017/4017/1253
f 4018/4018/1254 4019/4019/1254 4020/4020/1254
f 4021/4021/1255 4022/4022/1255 4023/4023/1255
f 4024/4024/1256 4025/4025/1256 4026/4026/1256
f 4027/4027/1257 4028/4028/1257 4029/4029/1257
f 4030/4030/1258 4031/4031/1258 4032/4032/1258
f 4033/4033/1259 4034/4034/1259 4035/4035/1259
f 4036/4036/1260 4037/4037/1260 4038/4038/1260
f 4039/4039/1261 4040/4040/1261 4041/4041/1261
f 4042/4042/1262 4043/4043/1262 4044/4044/1262
f 4045/4045/1263 4046/4046/1263 4047/4047/1263
f 4048/4048/1264 4049/4049/1264 4050/4050/1264
f 4051/4051/1265 4052/4052/1265 4053/4053/1265
f 4054/4054/1266 4055/4055/1266 4056/4056/1266
f 4153/4153/1295 4154/4154/1295 4155/4155/1295
f 4156/4156/1296 4157/4157/1296 4158/4158/1296
f 4159/4159/1297 4160/4160/1297 4161/4161/1297
f 4162/4162/1298 4163/4163/1298 4164/4164/1298
f 4165/4165/1299 4166/4166/1299 4167/4167/1299
f 4168/4168/1300 4169/4169/1300 4170/4170/1300
f 4171/4171/1301 4172/4172/1301 4173/4173/1301
f 4174/4174/1302 4175/4175/1302 4176/4176/1302
f 4177/4177/1303 4178/4178/1303 4179/4179/1303
f 4180/4180/1304 4181/4181/1304 4182/4182/1304
f 4183/4183/1305 4184/4184/1305 4185/4185/1305
f 4186/4186/1306 4187/4187/1306 4188/4188/1306
f 4189/4189/1307 4190/4190/1307 4191/4191/1307
f 4192/4192/1308 4193/4193/1308 4194/4194/1308
f 4195/4195/1309 4196/4196/1309 4197/4197/1309
f 4198/4198/1310 4199/4199/1310 4200/4200/1310
f 4201/4201/1311 4202/4202/1311 4203/4203/1311
f 4204/4204/1312 4205/4205/1312 4206/4206/1312
f 4207/4207/1313 4208/4208/1313 4209/4209/1313
f 4210/4210/1314 4211/4211/1314 4212/4212/1314
f 4213/4213/1315 4214/4214/1315 4215/4215/1315
f 4216/4216/1316 4217/4217/1316 4218/4218/1316
f 4219/4219/1317 4220/4220/1317 4221/4221/1317
f 4222/4222/1318 4223/4223/1318 4224/4224/1318
f 4225/4225/1319 4226/4226/1319 4227/4227/1319
f 4228/4228/1320 4229/4229/1320 4230/4230/1320
f 4231/4231/1321 4232/4232/1321 4233/4233/1321
f 4234/4234/1322 4235/4235/1322 4236/4236/1322
f 4237/4237/1323 4238/4238/1323 4239/4239/1323
f 4240/4240/1324 4241/4241/1324 4242/4242/1324
f 4243/4243/1325 4244/4244/1325 4245/4245/1325
f 4246/4246/1326 4247/4247/1326 4248/4248/1326
f 4753/4753/1481 4754/4754/1481 4755/4755/1481
f 4756/4756/1482 4757/4757/1482 4758/4758/1482
f 4759/4759/1483 4760/4760/1483 4761/4761/1483
f 4762/4762/1484 4763/4763/1484 4764/4764/1484
f 4765/4765/1485 4766/4766/1485 4767/4767/1485
f 4768/4768/1486 4769/4769/1486 4770/4770/1486
f 4771/4771/1487 4772/4772/1487 4773/4773/1487
f 4774/4774/1488 4775/4775/1488 4776/4776/1488
f 4777/4777/1489 4778/4778/1489 4779/4779/1489
f 4780/4780/1490 4781/4781/1490 4782/4782/1490
f 4783/4783/1491 4784/4784/1491 4785/4785/1491
f 4786/4786/1492 4787/4787/1492 4788/4788/1492
f 4789/4789/1493 4790/4790/1493 4791/4791/1493
f 4792/4792/1494 4793/4793/1494 4794/4794/1494
f 4795/4795/1495 4796/4796/1495 4797/4797/1495
f 4798/4798/1496 4799/4799/1496 4800/4800/1496
f 4801/4801/1497 4802/4802/1497 4803/4803/1497
f 4804/4804/1498 4805/4805/1498 4806/4806/1498
f 4807/4807/1499 4808/4808/1499 4809/4809/1499
f 4810/4810/1500 4811/4811/1500 4812/4812/1500
f 4813/4813/1501 4814/4814/1501 4815/4815/1501
f 4816/4816/1502 4817/4817/1502 4818/4818/1502
f 4819/4819/1503 4820/4820/1503 4821/4821/1503
f 4822/4822/1504 4823/4823/1504 4824/4824/1504
f 4825/4825/1505 4826/4826/1505 4827/4827/1505
f 4828/4828/1506 4829/4829/1506 4830/4830/1506
f 4831/4831/1507 4832/4832/1507 4833/4833/1507
f 4834/4834/1508 4835/4835/1508 4836/4836/1508
f 4837/4837/1509 4838/4838/1509 4839/4839/1509
f 4840/4840/1510 4841/4841/1510 4842/4842/1510
f 4843/4843/1511 4844/4844/1511 4845/4845/1511
f 4846/4846/1512 4847/4847/1512 4848/4848/1512
f 5305/5305/1651 5306/5306/1651 5307/5307/1651
f 5308/5308/1652 5309/5309/1652 5310/5310/1652
f 5311/5311/1653 5312/5312/1653 5313/5313/1653
f 5314/5314/1654 5315/5315/1654 5316/5316/1654
f 5317/5317/1655 5318/5318/1655 5319/5319/1655
f 5320/5320/1656 5321/5321/1656 5322/5322/1656
f 5323/5323/1657 5324/5324/1657 5325/5325/1657
f 5326/5326/1658 5327/5327/1658 5328/5328/1658
f 5329/5329/1659 5330/5330/1659 5331/5331/1659
f 5332/5332/1660 5333/5333/1660 5334/5334/1660
f 5335/5335/1661 5336/5336/1661 5337/5337/1661
f 5338/5338/1662 5339/5339/1662 5340/5340/1662
f 5341/5341/1663 5342/5342/1663 5343/5343/1663
f 5344/5344/1664 5345/5345/1664 5346/5346/1664
f 5347/5347/1665 5348/5348/1665 5349/5349/1665
f 5350/5350/1666 5351/5351/1666 5352/5352/1666
f 5353/5353/1667 5354/5354/1667 5355/5355/1667
f 5356/5356/1668 5357/5357/1668 5358/5358/1668
f 5359/5359/1669 5360/5360/1669 5361/5361/1669
f 5362/5362/1670 5363/5363/1670 5364/5364/1670
f 5365/5365/1671 5366/5366/1671 5367/5367/1671
f 5368/5368/1672 5369/5369/1672 5370/5370/1672
f 5371/5371/1673 5372/5372/1673 5373/5373/1673
f 5374/5374/1674 5375/5375/1674 5376/5376/1674
f 5377/5377/1675 5378/5378/1675 5379/5379/1675
f 5380/5380/1676 5381/5381/1676 5382/5382/1676
f 5383/5383/1677 5384/5384/1677 5385/5385/1677
f 5386/5386/1678 5387/5387/1678 5388/5388/1678
f 5389/5389/1679 5390/5390/1679 5391/5391/1679
f 5392/5392/1680 5393/5393/1680 5394/5394/1680
f 5395/5395/1681 5396/5396/1681 5397/5397/1681
f 5398/5398/1682 5399/5399/1682 5400/5400/1682
f 5497/5497/1711 5498/5498/1711 5499/5499/1711
f 5500/5500/1712 5501/5501/1712 5502/5502/1712
f 5503/5503/1713 5504/5504/1713 5505/5505/1713
f 5506/5506/1714 5507/5507/1714 5508/5508/1714
f 5509/5509/1715 5510/5510/1715 5511/5511/1715
f 5512/5512/1716 5513/5513/1716 5514/5514/1716
f 5515/5515/1717 5516/5516/1717 5517/5517/1717
f 5518/5518/1718 5519/5519/1718 5520/5520/1718
f 5521/5521/1719 5522/5522/1719 5523/5523/1719
f 5524/5524/1720 5525/5525/1720 5526/5526/1720
f 5527/5527/1721 5528/5528/1721 5529/5529/1721
f 5530/5530/1722 5531/5531/1722 5532/5532/1722
f 5533/5533/1723 5534/5534/1723 5535/5535/1723
f 5536/5536/1724 5537/5537/1724 5538/5538/1724
f 5539/5539/1725 5540/5540/1725 5541/5541/1725
f 5542/5542/1726 5543/5543/1726 5544/5544/1726
f 5545/5545/1727 5546/5546/1727 5547/5547/1727
f 5548/5548/1728 5549/5549/1728 5550/5550/1728
f 5551/5551/1729 5552/5552/1729 5553/5553/1729
f 5554/5554/1730 5555/5555/1730 5556/5556/1730
f 5557/5557/1731 5558/5558/1731 5559/5559/1731
f 5560/5560/1732 5561/5561/1732 5562/5562/1732
f 5563/5563/1733 5564/5564/1733 5565/5565/1733
f 5566/5566/1734 5567/5567/1734 5568/5568/1734
f 5569/5569/1735 5570/5570/1735 5571/5571/1735
f 5572/5572/1736 5573/5573/1736 5574/5574/1736
f 5575/5575/1737 5576/5576/1737 5577/5577/1737
f 5578/5578/1738 5579/5579/1738 5580/5580/1738
f 5581/5581/1739 5582/5582/1739 5583/5583/1739
f 5584/5584/1740 5585/5585/1740 5586/5586/1740
f 5587/5587/1741 5588/5588/1741 5589/5589/1741
f 5590/5590/1742 5591/5591/1742 5592/5592/1742
f 5617/5617/1749 5618/5618/1749 5619/5619/1749
f 5620/5620/1750 5621/5621/1750 5622/5622/1750
f 5623/5623/1751 5624/5624/1751 5625/5625/1751
f 5626/5626/1752 5627/5627/1752 5628/5628/1752
f 5629/5629/1753 5630/5630/1753 5631/5631/1753
f 5632/5632/1754 5633/5633/1754 5634/5634/1754
f 5635/5635/1755 5636/5636/1755 5637/5637/1755
f 5638/5638/1756 5639/5639/1756 5640/5640/1756
f 5641/5641/1757 5642/5642/1757 5643/5643/1757
f 5644/5644/1758 5645/5645/1758 5646/5646/1758
f 5647/5647/1759 5648/5648/1759 5649/5649/1759
f 5650/5650/1760 5651/5651/1760 5652/5652/1760
f 5653/5653/1761 5654/5654/1761 5655/5655/1761
f 5656/5656/1762 5657/5657/1762 5658/5658/1762
f 5659/5659/1763 5660/5660/1763 5661/5661/1763
f 5662/5662/1764 5663/5663/1764 5664/5664/1764
f 5665/5665/1765 5666/5666/1765 5667/5667/1765
f 5668/5668/1766 5669/5669/1766 5670/5670/1766
f 5671/5671/1767 5672/5672/1767 5673/5673/1767
f 5674/5674/1768 5675/5675/1768 5676/5676/1768
f 5677/5677/1769 5678/5678/1769 5679/5679/1769
f 5680/5680/1770 5681/5681/1770 5682/5682/1770
f 5683/5683/1771 5684/5684/1771 5685/5685/1771
f 5686/5686/1772 5687/5687/1772 5688/5688/1772
f 5689/5689/1773 5690/5690/1773 5691/5691/1773
f 5692/5692/1774 5693/5693/1774 5694/5694/1774
f 5695/5695/1775 5696/5696/1775 5697/5697/1775
f 5698/5698/1776 5699/5699/1776 5700/5700/1776
f 5701/5701/1777 5702/5702/1777 5703/5703/1777
f 5704/5704/1778 5705/5705/1778 5706/5706/1778
f 5707/5707/1779 5708/5708/1779 5709/5709/1779
f 5710/5710/1780 5711/5711/1780 5712/5712/1780
f 5809/5809/1809 5810/5810/1809 5811/5811/1809
f 5812/5812/1810 5813/5813/1810 5814/5814/1810
f 5815/5815/1811 5816/5816/1811 5817/5817/1811
f 5818/5818/1812 5819/5819/1812 5820/5820/1812
f 5821/5821/1813 5822/5822/1813 5823/5823/1813
f 5824/5824/1814 5825/5825/1814 5826/5826/1814
f 5827/5827/1815 5828/5828/1815 5829/5829/1815
f 5830/5830/1816 5831/5831/1816 5832/5832/1816
f 5833/5833/1817 5834/5834/1817 5835/5835/1817
f 5836/5836/1818 5837/5837/1818 5838/5838/1818
f 5839/5839/1819 5840/5840/1819 5841/5841/1819
f 5842/5842/1820 5843/5843/1820 5844/5844/1820
f 5845/5845/1821 5846/5846/1821 5847/5847/1821
f 5848/5848/1822 5849/5849/1822 5850/5850/1822
f 5851/5851/1823 5852/5852/1823 5853/5853/1823
f 5854/5854/1824 5855/5855/1824 5856/5856/1824
f 5857/5857/1825 5858/5858/1825 5859/5859/1825
f 5860/5860/1826 5861/5861/1826 5862/5862/1826
f 5863/5863/1827 5864/5864/1827 5865/5865/1827
f 5866/5866/1828 5867/5867/1828 5868/5868/1828
f 5869/5869/1829 5870/5870/1829 5871/5871/1829
f 5872/5872/1830 5873/5873/1830 5874/5874/1830
f 5875/5875/1831 5876/5876/1831 5877/5877/1831
f 5878/5878/1832 5879/5879/1832 5880/5880/1832
f 5881/5881/1833 5882/5882/1833 5883/5883/1833
f 5884/5884/1834 5885/5885/1834 5886/5886/1834
f 5887/5887/1835 5888/5888/1835 5889/5889/1835
f 5890/5890/1836 5891/5891/1836 5892/5892/1836
f 5893/5893/1837 5894/5894/1837 5895/5895/1837
f 5896/5896/1838 5897/5897/1838 5898/5898/1838
f 5899/5899/1839 5900/5900/1839 5901/5901/1839
f 5902/5902/1840 5903/5903/1840 5904/5904/1840
f 6289/6289/1957 6290/6290/1957 6291/6291/1957
f 6292/6292/1958 6293/6293/1958 6294/6294/1958
f 6295/6295/1959 6296/6296/1959 6297/6297/1959
f 6298/6298/1960 6299/6299/1960 6300/6300/1960
f 6301/6301/1961 6302/6302/1961 6303/6303/1961
f 6304/6304/1962 6305/6305/1962 6306/6306/1962
f 6307/6307/1963 6308/6308/1963 6309/6309/1963
f 6310/6310/1964 6311/6311/1964 6312/6312/1964
f 6313/6313/1965 6314/6314/1965 6315/6315/1965
f 6316/6316/1966 6317/6317/1966 6318/6318/1966
f 6319/6319/1967 6320/6320/1967 6321/6321/1967
f 6322/6322/1968 6323/6323/1968 6324/6324/1968
f 6325/6325/1969 6326/6326/1969 6327/6327/1969
f 6328/6328/1970 6329/6329/1970 6330/6330/1970
f 6331/6331/1971 6332/6332/1971 6333/6333/1971
f 6334/6334/1972 6335/6335/1972 6336/6336/1972
f 6337/6337/1973 6338/6338/1973 6339/6339/1973
f 6340/6340/1974 6341/6341/1974 6342/6342/1974
f 6343/6343/1975 6344/6344/1975 6345/6345/1975
f 6346/6346/1976 6347/6347/1976 6348/6348/1976
f 6349/6349/1977 6350/6350/1977 6351/6351/1977
f 6352/6352/1978 6353/6353/1978 6354/6354/1978
f 6355/6355/1979 6356/6356/1979 6357/6357/1979
f 6358/6358/1980 6359/6359/1980 6360/6360/1980
f 6361/6361/1981 6362/6362/1981 6363/6363/1981
f 6364/6364/1982 6365/6365/1982 6366/6366/1982
f 6367/6367/1983 6368/6368/1983 6369/6369/1983
f 6370/6370/1984 6371/6371/1984 6372/6372/1984
f 6373/6373/1985 6374/6374/1985 6375/6375/1985
f 6376/6376/1986 6377/6377/1986 6378/6378/1986
f 6379/6379/1987 6380/6380/1987 6381/6381/1987
f 6382/6382/1988 6383/6383/1988 6384/6384/1988
f 6409/6409/1995 6410/6410/1995 6411/6411/1995
f 6412/6412/1996 6413/6413/1996 6414/6414/1996
f 6415/6415/1997 6416/6416/1997 6417/6417/1997
f 6418/6418/1998 6419/6419/1998 6420/6420/1998
f 6421/6421/1999 6422/6422/1999 6423/6423/1999
f 6424/6424/2000 6425/6425/2000 6426/6426/2000
f 6427/6427/2001 6428/6428/2001 6429/6429/2001
f 6430/6430/2002 6431/6431/2002 6432/6432/2002
f 6433/6433/2003 6434/6434/2003 6435/6435/2003
f 6436/6436/2004 6437/6437/2004 6438/6438/2004
f 6439/6439/2005 6440/6440/2005 6441/6441/2005
f 6442/6442/2006 6443/6443/2006 6444/6444/2006
f 6445/6445/2007 6446/6446/2007 6447/6447/2007
f 6448/6448/2008 6449/6449/2008 6450/6450/2008
f 6451/6451/2009 6452/6452/2009 6453/6453/2009
f 6454/6454/2010 6455/6455/2010 6456/6456/2010
f 6457/6457/2011 6458/6458/2011 6459/6459/2011
f 6460/6460/2012 6461/6461/2012 6462/6462/2012
f 6463/6463/2013 6464/6464/2013 6465/6465/2013
f 6466/6466/2014 6467/6467/2014 6468/6468/2014
f 6469/6469/2015 6470/6470/2015 6471/6471/2015
f 6472/6472/2016 6473/6473/2016 6474/6474/2016
f 6475/6475/2017 6476/6476/2017 6477/6477/2017
f 6478/6478/2018 6479/6479/2018 6480/6480/2018
f 6481/6481/2019 6482/6482/2019 6483/6483/2019
f 6484/6484/2020 6485/6485/2020 6486/6486/2020
f 6487/6487/2021 6488/6488/2021 6489/6489/2021
f 6490/6490/2022 6491/6491/2022 6492/6492/2022
f 6493/6493/2023 6494/6494/2023 6495/6495/2023
f 6496/6496/2024 6497/6497/2024 6498/6498/2024
f 6499/6499/2025 6500/6500/2025 6501/6501/2025
f 6502/6502/2026 6503/6503/2026 6504/6504/2026
f 6529/6529/2033 6530/6530/2033 6531/6531/2033
f 6532/6532/2034 6533/6533/2034 6534/6534/2034
f 6535/6535/2035 6536/6536/2035 6537/6537/2035
f 6538/6538/2036 6539/6539/2036 6540/6540/2036
f 6541/6541/2037 6542/6542/2037 6543/6543/2037
f 6544/6544/2038 6545/6545/2038 6546/6546/2038
f 6547/6547/2039 6548/6548/2039 6549/6549/2039
f 6550/6550/2040 6551/6551/2040 6552/6552/2040
f 6553/6553/2041 6554/6554/2041 6555/6555/2041
f 6556/6556/2042 6557/6557/2042 6558/6558/2042
f 6559/6559/2043 6560/6560/2043 6561/6561/2043
f 6562/6562/2044 6563/6563/2044 6564/6564/2044
f 6565/6565/2045 6566/6566/2045 6567/6567/2045
f 6568/6568/2046 6569/6569/2046 6570/6570/2046
f 6571/6571/2047 6572/6572/2047 6573/6573/2047
f 6574/6574/2048 6575/6575/2048 6576/6576/2048
f 6577/6577/2049 6578/6578/2049 6579/6579/2049
f 6580/6580/2050 6581/6581/2050 6582/6582/2050
f 6583/6583/2051 6584/6584/2051 6585/6585/2051
f 6586/6586/2052 6587/6587/2052 6588/6588/2052
f 6589/6589/2053 6590/6590/2053 6591/6591/2053
f 6592/6592/2054 6593/6593/2054 6594/6594/2054
f 6595/6595/2055 6596/6596/2055 6597/6597/2055
f 6598/6598/2056 6599/6599/2056 6600/6600/2056
f 6601/6601/2057 6602/6602/2057 6603/6603/2057
f 6604/6604/2058 6605/6605/2058 6606/6606/2058
f 6607/6607/2059 6608/6608/2059 6609/6609/2059
f 6610/6610/2060 6611/6611/2060 6612/6612/2060
f 6613/6613/2061 6614/6614/2061 6615/6615/2061
f 6616/6616/2062 6617/6617/2062 6618/6618/2062
f 6619/6619/2063 6620/6620/2063 6621/6621/2063
f 6622/6622/2064 6623/6623/2064 6624/6624/2064
f 7729/7729/2409 7730/7730/2409 7731/7731/2409
f 7732/7732/2410 7733/7733/2410 7734/7734/2410
f 7735/7735/2411 7736/7736/2411 7737/7737/2411
f 7738/7738/2412 7739/7739/2412 7740/7740/2412
f 7741/7741/2413 7742/7742/2413 7743/7743/2413
f 7744/7744/2414 7745/7745/2414 7746/7746/2414
f 7747/7747/2415 7748/7748/2415 7749/7749/2415
f 7750/7750/2416 7751/7751/2416 7752/7752/2416
f 7753/7753/2417 7754/7754/2417 7755/7755/2417
f 7756/7756/2418 7757/7757/2418 7758/7758/2418
f 7759/7759/2419 7760/7760/2419 7761/7761/2419
f 7762/7762/2420 7763/7763/2420 7764/7764/2420
f 7765/7765/2421 7766/7766/2421 7767/7767/2421
f 7768/7768/2422 7769/7769/2422 7770/7770/2422
f 7771/7771/2423 7772/7772/2423 7773/7773/2423
f 7774/7774/2424 7775/7775/2424 7776/7776/2424
f 7777/7777/2425 7778/7778/2425 7779/7779/2425
f 7780/7780/2426 7781/7781/2426 7782/7782/2426
f 7783/7783/2427 7784/7784/2427 7785/7785/2427
f 7786/7786/2428 7787/7787/2428 7788/7788/2428
f 7789/7789/2429 7790/7790/2429 7791/7791/2429
f 7792/7792/2430 7793/7793/2430 7794/7794/2430
f 7795/7795/2431 7796/7796/2431 7797/7797/2431
f 7798/7798/2432 7799/7799/2432 7800/7800/2432
f 7801/7801/2433 7802/7802/2433 7803/7803/2433
f 7804/7804/2434 7805/7805/2434 7806/7806/2434
f 7807/7807/2435 7808/7808/2435 7809/7809/2435
f 7810/7810/2436 7811/7811/2436 7812/7812/2436
f 7813/7813/2437 7814/7814/2437 7815/7815/2437
f 7816/7816/2438 7817/7817/2438 7818/7818/2438
f 7819/7819/2439 7820/7820/2439 7821/7821/2439
f 7822/7822/2440 7823/7823/2440 7824/7824/2440
f 8521/8521/2655 8522/8522/2655 8523/8523/2655
f 8524/8524/2656 8525/8525/2656 8526/8526/2656
f 8527/8527/2657 8528/8528/2657 8529/8529/2657
f 8530/8530/2658 8531/8531/2658 8532/8532/2658
f 8533/8533/2659 8534/8534/2659 8535/8535/2659
f 8536/8536/2660 8537/8537/2660 8538/8538/2660
f 8539/8539/2661 8540/8540/2661 8541/8541/2661
f 8542/8542/2662 8543/8543/2662 8544/8544/2662
f 8545/8545/2663 8546/8546/2663 8547/8547/2663
f 8548/8548/2664 8549/8549/2664 8550/8550/2664
f 8551/8551/2665 8552/8552/2665 8553/8553/2665
f 8554/8554/2666 8555/8555/2666 8556/8556/2666
f 8557/8557/2667 8558/8558/2667 8559/8559/2667
f 8560/8560/2668 8561/8561/2668 8562/8562/2668
f 8563/8563/2669 8564/8564/2669 8565/8565/2669
f 8566/8566/2670 8567/8567/2670 8568/8568/2670
f 8569/8569/2671 8570/8570/2671 8571/8571/2671
f 8572/8572/2672 8573/8573/2672 8574/8574/2672
f 8575/8575/2673 8576/8576/2673 8577/8577/2673
f 8578/8578/2674 8579/8579/2674 8580/8580/2674
f 8581/8581/2675 8582/8582/2675 8583/8583/2675
f 8584/8584/2676 8585/8585/2676 8586/8586/2676
f 8587/8587/2677 8588/8588/2677 8589/8589/2677
f 8590/8590/2678 8591/8591/2678 8592/8592/2678
f 8593/8593/2679 8594/8594/2679 8595/8595/2679
f 8596/8596/2680 8597/8597/2680 8598/8598/2680
f 8599/8599/2681 8600/8600/2681 8601/8601/2681
f 8602/8602/2682 8603/8603/2682 8604/8604/2682
f 8605/8605/2683 8606/8606/2683 8607/8607/2683
f 8608/8608/2684 8609/8609/2684 8610/8610/2684
f 8611/8611/2685 8612/8612/2685 8613/8613/2685
f 8614/8614/2686 8615/8615/2686 8616/8616/2686
f 9337/9337/2907 9338/9338/2907 9339/9339/2907
f 9340/9340/2908 9341/9341/2908 9342/9342/2908
f 9343/9343/2909 9344/9344/2909 9345/9345/2909
f 9346/9346/2910 9347/9347/2910 9348/9348/2910
f 9349/9349/2911 9350/9350/2911 9351/9351/2911
f 9352/9352/2912 9353/9353/2912 9354/9354/2912
f 9355/9355/2913 9356/9356/2913 9357/9357/2913
f 9358/9358/2914 9359/9359/2914 9360/9360/2914
f 9361/9361/2915 9362/9362/2915 9363/9363/2915
f 9364/9364/2916 9365/9365/2916 9366/9366/2916
f 9367/9367/2917 9368/9368/2917 9369/9369/2917
f 9370/9370/2918 9371/9371/2918 9372/9372/2918
f 9373/9373/2919 9374/9374/2919 9375/9375/2919
f 9376/9376/2920 9377/9377/2920 9378/9378/2920
f 9379/9379/2921 9380/9380/2921 9381/9381/2921
f 9382/9382/2922 9383/9383/2922 9384/9384/2922
f 9385/9385/2923 9386/9386/2923 9387/9387/2923
f 9388/9388/2924 9389/9389/2924 9390/9390/2924
f 9391/9391/2925 9392/9392/2925 9393/9393/2925
f 9394/9394/2926 9395/9395/2926 9396/9396/2926
f 9397/9397/2927 9398/9398/2927 9399/9399/2927
f 9400/9400/2928 9401/9401/2928 9402/9402/2928
f 9403/9403/2929 9404/9404/2929 9405/9405/2929
f 9406/9406/2930 9407/9407/2930 9408/9408/2930
f 9409/9409/2931 9410/9410/2931 9411/9411/2931
f 9412/9412/2932 9413/9413/2932 9414/9414/2932
f 9415/9415/2933 9416/9416/2933 9417/9417/2933
f 9418/9418/2934 9419/9419/2934 9420/9420/2934
f 9421/9421/2935 9422/9422/2935 9423/9423/2935
f 9424/9424/2936 9425/9425/2936 9426/9426/2936
f 9427/9427/2937 9428/9428/2937 9429/9429/2937
f 9430/9430/2938 9431/9431/2938 9432/9432/2938
f 10321/10321/3213 10322/10322/3213 10323/10323/3213
f 10324/10324/3214 10325/10325/3214 10326/10326/3214
f 10327/10327/3215 10328/10328/3215 10329/10329/3215
f 10330/10330/3216 10331/10331/3216 10332/10332/3216
f 10333/10333/3217 10334/10334/3217 10335/10335/3217
f 10336/10336/3218 10337/10337/3218 10338/10338/3218
f 10339/10339/3219 10340/10340/3219 10341/10341/3219
f 10342/10342/3220 10343/10343/3220 10344/10344/3220
f 10345/10345/3221 10346/10346/3221 10347/10347/3221
f 10348/10348/3222 10349/10349/3222 10350/10350/3222
f 10351/10351/3223 10352/10352/3223 10353/10353/3223
f 10354/10354/3224 10355/10355/3224 10356/10356/3224
f 10357/10357/3225 10358/10358/3225 10359/10359/3225
f 10360/10360/3226 10361/10361/3226 10362/10362/3226
f 10363/10363/3227 10364/10364/3227 10365/10365/3227
f 10366/10366/3228 10367/10367/3228 10368/10368/3228
f 10369/10369/3229 10370/10370/3229 10371/10371/3229
f 10372/10372/3230 10373/10373/3230 10374/10374/3230
f 10375/10375/3231 10376/10376/3231 10377/10377/3231
f 10378/10378/3232 10379/10379/3232 10380/10380/3232
f 10381/10381/3233 10382/10382/3233 10383/10383/3233
f 10384/10384/3234 10385/10385/3234 10386/10386/3234
f 10387/10387/3235 10388/10388/3235 10389/10389/3235
f 10390/10390/3236 10391/10391/3236 10392/10392/3236
f 10393/10393/3237 10394/10394/3237 10395/10395/3237
f 10396/10396/3238 10397/10397/3238 10398/10398/3238
f 10399/10399/3239 10400/10400/3239 10401/10401/3239
f 10402/10402/3240 10403/10403/3240 10404/10404/3240
f 10405/10405/3241 10406/10406/3241 10407/10407/3241
f 10408/10408/3242 10409/10409/3242 10410/10410/3242
f 10411/10411/3243 10412/10412/3243 10413/10413/3243
f 10414/10414/3244 10415/10415/3244 10416/10416/3244
f 10513/10513/3273 10514/10514/3273 10515/10515/3273
f 10516/10516/3274 10517/10517/3274 10518/10518/3274
f 10519/10519/3275 10520/10520/3275 10521/10521/3275
f 10522/10522/3276 10523/10523/3276 10524/10524/3276
f 10525/10525/3277 10526/10526/3277 10527/10527/3277
f 10528/10528/3278 10529/10529/3278 10530/10530/3278
f 10531/10531/3279 10532/10532/3279 10533/10533/3279
f 10534/10534/3280 10535/10535/3280 10536/10536/3280
f 10537/10537/3281 10538/10538/3281 10539/10539/3281
f 10540/10540/3282 10541/10541/3282 10542/10542/3282
f 10543/10543/3283 10544/10544/3283 10545/10545/3283
f 10546/10546/3284 10547/10547/3284 10548/10548/3284
f 10549/10549/3285 10550/10550/3285 10551/10551/3285
f 10552/10552/3286 10553/10553/3286 10554/10554/3286
f 10555/10555/3287 10556/10556/3287 10557/10557/3287
f 10558/10558/3288 10559/10559/3288 10560/10560/3288
f 10561/10561/3289 10562/10562/3289 10563/10563/3289
f 10564/10564/3290 10565/10565/3290 10566/10566/3290
f 10567/10567/3291 10568/10568/3291 10569/10569/3291
f 10570/10570/3292 10571/10571/3292 10572/10572/3292
f 10573/10573/3293 10574/10574/3293 10575/10575/3293
f 10576/10576/3294 10577/10577/3294 10578/10578/3294
f 10579/10579/3295 10580/10580/3295 10581/10581/3295
f 10582/10582/3296 10583/10583/3296 10584/10584/3296
f 10585/10585/3297 10586/10586/3297 10587/10587/3297
f 10588/10588/3298 10589/10589/3298 10590/10590/3298
f 10591/10591/3299 10592/10592/3299 10593/10593/3299
f 10594/10594/3300 10595/10595/3300 10596/10596/3300
f 10597/10597/3301 10598/10598/3301 10599/10599/3301
f 10600/10600/3302 10601/10601/3302 10602/10602/3302
f 10603/10603/3303 10604/10604/3303 10605/10605/3303
f 10606/10606/3304 10607/10607/3304 10608/10608/3304
f 10633/10633/3311 10634/10634/3311 10635/10635/3311
f 10636/10636/3312 10637/10637/3312 10638/10638/3312
f 10639/10639/3313 10640/10640/3313 10641/10641/3313
f 10642/10642/3314 10643/10643/3314 10644/10644/3314
f 10645/10645/3315 10646/10646/3315 10647/10647/3315
f 10648/10648/3316 10649/10649/3316 10650/10650/3316
f 10651/10651/3317 10652/10652/3317 10653/10653/3317
f 10654/10654/3318 10655/10655/3318 10656/10656/3318
f 10657/10657/3319 10658/10658/3319 10659/10659/3319
f 10660/10660/3320 10661/10661/3320 10662/10662/3320
f 10663/10663/3321 10664/10664/3321 10665/10665/3321
f 10666/10666/3322 10667/10667/3322 10668/10668/3322
f 10669/10669/3323 10670/10670/3323 10671/10671/3323
f 10672/10672/3324 10673/10673/3324 10674/10674/3324
f 10675/10675/3325 10676/10676/3325 10677/10677/3325
f 10678/10678/3326 10679/10679/3326 10680/10680/3326
f 10681/10681/3327 10682/10682/3327 10683/10683/3327
f 10684/10684/3328 10685/10685/3328 10686/10686/3328
f 10687/10687/3329 10688/10688/3329 10689/10689/3329
f 10690/10690/3330 10691/10691/3330 10692/10692/3330
f 10693/10693/3331 10694/10694/3331 10695/10695/3331
f 10696/10696/3332 10697/10697/3332 10698/10698/3332
f 10699/10699/3333 10700/10700/3333 10701/10701/3333
f 10702/10702/3334 10703/10703/3334 10704/10704/3334
f 10705/10705/3335 10706/10706/3335 10707/10707/3335
f 10708/10708/3336 10709/10709/3336 10710/10710/3336
f 10711/10711/3337 10712/10712/3337 10713/10713/3337
f 10714/10714/3338 10715/10715/3338 10716/10716/3338
f 10717/10717/3339 10718/10718/3339 10719/10719/3339
f 10720/10720/3340 10721/10721/3340 10722/10722/3340
f 10723/10723/3341 10724/10724/3341 10725/10725/3341
f 10726/10726/3342 10727/10727/3342 10728/10728/3342
f 10969/10969/3415 10970/10970/3415 10971/10971/3415
f 10972/10972/3416 10973/10973/3416 10974/10974/3416
f 10975/10975/3417 10976/10976/3417 10977/10977/3417
f 10978/10978/3418 10979/10979/3418 10980/10980/3418
f 10981/10981/3419 10982/10982/3419 10983/10983/3419
f 10984/10984/3420 10985/10985/3420 10986/10986/3420
f 10987/10987/3421 10988/10988/3421 10989/10989/3421
f 10990/10990/3422 10991/10991/3422 10992/10992/3422
f 10993/10993/3423 10994/10994/3423 10995/10995/3423
f 10996/10996/3424 10997/10997/3424 10998/10998/3424
f 10999/10999/3425 11000/11000/3425 11001/11001/3425
f 11002/11002/3426 11003/11003/3426 11004/11004/3426
f 11005/11005/3427 11006/11006/3427 11007/11007/3427
f 11008/11008/3428 11009/11009/3428 11010/11010/3428
f 11011/11011/3429 11012/11012/3429 11013/11013/3429
f 11014/11014/3430 11015/11015/3430 11016/11016/3430
f 11017/11017/3431 11018/11018/3431 11019/11019/3431
f 11020/11020/3432 11021/11021/3432 11022/11022/3432
f 11023/11023/3433 11024/11024/3433 11025/11025/3433
f 11026/11026/3434 11027/11027/3434 11028/11028/3434
f 11029/11029/3435 11030/11030/3435 11031/11031/3435
f 11032/11032/3436 11033/11033/3436 11034/11034/3436
f 11035/11035/3437 11036/11036/3437 11037/11037/3437
f 11038/11038/3438 11039/11039/3438 11040/11040/3438
f 11041/11041/3439 11042/11042/3439 11043/11043/3439
f 11044/11044/3440 11045/11045/3440 11046/11046/3440
f 11047/11047/3441 11048/11048/3441 11049/11049/3441
f 11050/11050/3442 11051/11051/3442 11052/11052/3442
f 11053/11053/3443 11054/11054/3443 11055/11055/3443
f 11056/11056/3444 11057/11057/3444 11058/11058/3444
f 11059/11059/3445 11060/11060/3445 11061/11061/3445
f 11062/11062/3446 11063/11063/3446 11064/11064/3446
f 11281/11281/3513 11282/11282/3513 11283/11283/3513
f 11284/11284/3514 11285/11285/3514 11286/11286/3514
f 11287/11287/3515 11288/11288/3515 11289/11289/3515
f 11290/11290/3516 11291/11291/3516 11292/11292/3516
f 11293/11293/3517 11294/11294/3517 11295/11295/3517
f 11296/11296/3518 11297/11297/3518 11298/11298/3518
f 11299/11299/3519 11300/11300/3519 11301/11301/3519
f 11302/11302/3520 11303/11303/3520 11304/11304/3520
f 11305/11305/3521 11306/11306/3521 11307/11307/3521
f 11308/11308/3522 11309/11309/3522 11310/11310/3522
f 11311/11311/3523 11312/11312/3523 11313/11313/3523
f 11314/11314/3524 11315/11315/3524 11316/11316/3524
f 11317/11317/3525 11318/11318/3525 11319/11319/3525
f 11320/11320/3526 11321/11321/3526 11322/11322/3526
f 11323/11323/3527 11324/11324/3527 11325/11325/3527
f 11326/11326/3528 11327/11327/3528 11328/11328/3528
f 11329/11329/3529 11330/11330/3529 11331/11331/3529
f 11332/11332/3530 11333/11333/3530 11334/11334/3530
f 11335/11335/3531 11336/11336/3531 11337/11337/3531
f 11338/11338/3532 11339/11339/3532 11340/11340/3532
f 11341/11341/3533 11342/11342/3533 11343/11343/3533
f 11344/11344/3534 11345/11345/3534 11346/11346/3534
f 11347/11347/3535 11348/11348/3535 11349/11349/3535
f 11350/11350/3536 11351/11351/3536 11352/11352/3536
f 11353/11353/3537 11354/11354/3537 11355/11355/3537
f 11356/11356/3538 11357/11357/3538 11358/11358/3538
f 11359/11359/3539 11360/11360/3539 11361/11361/3539
f 11362/11362/3540 11363/11363/3540 11364/11364/3540
f 11365/11365/3541 11366/11366/3541 11367/11367/3541
f 11368/11368/3542 11369/11369/3542 11370/11370/3542
f 11371/11371/3543 11372/11372/3543 11373/11373/3543
f 11374/11374/3544 11375/11375/3544 11376/11376/3544
f 11809/11809/3677 11810/11810/3677 11811/11811/3677
f 11812/11812/3678 11813/11813/3678 11814/11814/3678
f 11815/11815/3679 11816/11816/3679 11817/11817/3679
f 11818/11818/3680 11819/11819/3680 11820/11820/3680
f 11821/11821/3681 11822/11822/3681 11823/11823/3681
f 11824/11824/3682 11825/11825/3682 11826/11826/3682
f 11827/11827/3683 11828/11828/3683 11829/11829/3683
f 11830/11830/3684 11831/11831/3684 11832/11832/3684
f 11833/11833/3685 11834/11834/3685 11835/11835/3685
f 11836/11836/3686 11837/11837/3686 11838/11838/3686
f 11839/11839/3687 11840/11840/3687 11841/11841/3687
f 11842/11842/3688 11843/11843/3688 11844/11844/3688
f 11845/11845/3689 11846/11846/3689 11847/11847/3689
f 11848/11848/3690 11849/11849/3690 11850/11850/3690
f 11851/11851/3691 11852/11852/3691 11853/11853/3691
f 11854/11854/3692 11855/11855/3692 11856/11856/3692
f 11857/11857/3693 11858/11858/3693 11859/11859/3693
f 11860/11860/3694 11861/11861/3694 11862/11862/3694
f 11863/11863/3695 11864/11864/3695 11865/11865/3695
f 11866/11866/3696 11867/11867/3696 11868/11868/3696
f 11869/11869/3697 11870/11870/3697 11871/11871/3697
f 11872/11872/3698 11873/11873/3698 11874/11874/3698
f 11875/11875/3699 11876/11876/3699 11877/11877/3699
f 11878/11878/3700 11879/11879/3700 11880/11880/3700
f 11881/11881/3701 11882/11882/3701 11883/11883/3701
f 11884/11884/3702 11885/11885/3702 11886/11886/3702
f 11887/11887/3703 11888/11888/3703 11889/11889/3703
f 11890/11890/3704 11891/11891/3704 11892/11892/3704
f 11893/11893/3705 11894/11894/3705 11895/11895/3705
f 11896/11896/3706 11897/11897/3706 11898/11898/3706
f 11899/11899/3707 11900/11900/3707 11901/11901/3707
f 11902/11902/3708 11903/11903/3708 11904/11904/3708
f 12193/12193/3797 12194/12194/3797 12195/12195/3797
f 12196/12196/3798 12197/12197/3798 12198/12198/3798
f 12199/12199/3799 12200/12200/3799 12201/12201/3799
f 12202/12202/3800 12203/12203/3800 12204/12204/3800
f 12205/12205/3801 12206/12206/3801 12207/12207/3801
f 12208/12208/3802 12209/12209/3802 12210/12210/3802
f 12211/12211/3803 12212/12212/3803 12213/12213/3803
f 12214/12214/3804 12215/12215/3804 12216/12216/3804
f 12217/12217/3805 12218/12218/3805 12219/12219/3805
f 12220/12220/3806 12221/12221/3806 12222/12222/3806
f 12223/12223/3807 12224/12224/3807 12225/12225/3807
f 12226/12226/3808 12227/12227/3808 12228/12228/3808
f 12229/12229/3809 12230/12230/3809 12231/12231/3809
f 12232/12232/3810 12233/12233/3810 12234/12234/3810
f 12235/12235/3811 12236/12236/3811 12237/12237/3811
f 12238/12238/3812 12239/12239/3812 12240/12240/3812
f 12241/12241/3813 12242/12242/3813 12243/12243/3813
f 12244/12244/3814 12245/12245/3814 12246/12246/3814
f 12247/12247/3815 12248/12248/3815 12249/12249/3815
f 12250/12250/3816 12251/12251/3816 12252/12252/3816
f 12253/12253/3817 12254/12254/3817 12255/12255/3817
f 12256/12256/3818 12257/12257/3818 12258/12258/3818
f 12259/12259/3819 12260/12260/3819 12261/12261/3819
f 12262/12262/3820 12263/12263/3820 12264/12264/3820
f 12265/12265/3821 12266/12266/3821 12267/12267/3821
f 12268/12268/3822 12269/12269/3822 12270/12270/3822
f 12271/12271/3823 12272/12272/3823 12273/12273/3823
f 12274/12274/3824 12275/12275/3824 12276/12276/3824
f 12277/12277/3825 12278/12278/3825 12279/12279/3825
f 12280/12280/3826 12281/12281/3826 12282/12282/3826
f 12283/12283/3827 12284/12284/3827 12285/12285/3827
f 12286/12286/3828 12287/12287/3828 12288/12288/3828
f 12649/12649/3939 12650/12650/3939 12651/12651/3939
f 12652/12652/3940 12653/12653/3940 12654/12654/3940
f 12655/12655/3941 12656/12656/3941 12657/12657/3941
f 12658/12658/3942 12659/12659/3942 12660/12660/3942
f 12661/12661/3943 12662/12662/3943 12663/12663/3943
f 12664/12664/3944 12665/12665/3944 12666/12666/3944
f 12667/12667/3945 12668/12668/3945 12669/12669/3945
f 12670/12670/3946 12671/12671/3946 12672/12672/3946
f 12673/12673/3947 12674/12674/3947 12675/12675/3947
f 12676/12676/3948 12677/12677/3948 12678/12678/3948
f 12679/12679/3949 12680/12680/3949 12681/12681/3949
f 12682/12682/3950 12683/12683/3950 12684/12684/3950
f 12685/12685/3951 12686/12686/3951 12687/12687/3951
f 12688/12688/3952 12689/12689/3952 12690/12690/3952
f 12691/12691/3953 12692/12692/3953 12693/12693/3953
f 12694/12694/3954 12695/12695/3954 12696/12696/3954
f 12697/12697/3955 12698/12698/3955 12699/12699/3955
f 12700/12700/3956 12701/12701/3956 12702/12702/3956
f 12703/12703/3957 12704/12704/3957 12705/12705/3957
f 12706/12706/3958 12707/12707/3958 12708/12708/3958
f 12709/12709/3959 12710/12710/3959 12711/12711/3959
f 12712/12712/3960 12713/12713/3960 12714/12714/3960
f 12715/12715/3961 12716/12716/3961 12717/12717/3961
f 12718/12718/3962 12719/12719/3962 12720/12720/3962
f 12721/12721/3963 12722/12722/3963 12723/12723/3963
f 12724/12724/3964 12725/12725/3964 12726/12726/3964
f 12727/12727/3965 12728/12728/3965 12729/12729/3965
f 12730/12730/3966 12731/12731/3966 12732/12732/3966
f 12733/12733/3967 12734/12734/3967 12735/12735/3967
f 12736/12736/3968 12737/12737/3968 12738/12738/3968
f 12739/12739/3969 12740/12740/3969 12741/12741/3969
f 12742/12742/3970 12743/12743/3970 12744/12744/3970
f 13897/13897/4327 13898/13898/4327 13899/13899/4327
f 13900/13900/4328 13901/13901/4328 13902/13902/4328
f 13903/13903/4329 13904/13904/4329 13905/13905/4329
f 13906/13906/4330 13907/13907/4330 13908/13908/4330
f 13909/13909/4331 13910/13910/4331 13911/13911/4331
f 13912/13912/4332 13913/13913/4332 13914/13914/4332
f 13915/13915/4333 13916/13916/4333 13917/13917/4333
f 13918/13918/4334 13919/13919/4334 13920/13920/4334
f 13921/13921/4335 13922/13922/4335 13923/13923/4335
f 13924/13924/4336 13925/13925/4336 13926/13926/4336
f 13927/13927/4337 13928/13928/4337 13929/13929/4337
f 13930/13930/4338 13931/13931/4338 13932/13932/4338
f 13933/13933/4339 13934/13934/4339 13935/13935/4339
f 13936/13936/4340 13937/13937/4340 13938/13938/4340
f 13939/13939/4341 13940/13940/4341 13941/13941/4341
f 13942/13942/4342 13943/13943/4342 13944/13944/4342
f 13945/13945/4343 13946/13946/4343 13947/13947/4343
f 13948/13948/4344 13949/13949/4344 13950/13950/4344
f 13951/13951/4345 13952/13952/4345 13953/13953/4345
f 13954/13954/4346 13955/13955/4346 13956/13956/4346
f 13957/13957/4347 13958/13958/4347 13959/13959/4347
f 13960/13960/4348 13961/13961/4348 13962/13962/4348
f 13963/13963/4349 13964/13964/4349 13965/13965/4349
f 13966/13966/4350 13967/13967/4350 13968/13968/4350
f 13969/13969/4351 13970/13970/4351 13971/13971/4351
f 13972/13972/4352 13973/13973/4352 13974/13974/4352
f 13975/13975/4353 13976/13976/4353 13977/13977/4353
f 13978/13978/4354 13979/13979/4354 13980/13980/4354
f 13981/13981/4355 13982/13982/4355 13983/13983/4355
f 13984/13984/4356 13985/13985/4356 13986/13986/4356
f 13987/13987/4357 13988/13988/4357 13989/13989/4357
f 13990/13990/4358 13991/13991/4358 13992/13992/4358
f 14017/14017/4365 14018/14018/4365 14019/14019/4365
f 14020/14020/4366 14021/14021/4366 14022/14022/4366
f 14023/14023/4367 14024/14024/4367 14025/14025/4367
f 14026/14026/4368 14027/14027/4368 14028/14028/4368
f 14029/14029/4369 14030/14030/4369 14031/14031/4369
f 14032/14032/4370 14033/14033/4370 14034/14034/4370
f 14035/14035/4371 14036/14036/4371 14037/14037/4371
f 14038/14038/4372 14039/14039/4372 14040/14040/4372
f 14041/14041/4373 14042/14042/4373 14043/14043/4373
f 14044/14044/4374 14045/14045/4374 14046/14046/4374
f 14047/14047/4375 14048/14048/4375 14049/14049/4375
f 14050/14050/4376 14051/14051/4376 14052/14052/4376
f 14053/14053/4377 14054/14054/4377 14055/14055/4377
f 14056/14056/4378 14057/14057/4378 14058/14058/4378
f 14059/14059/4379 14060/14060/4379 14061/14061/4379
f 14062/14062/4380 14063/14063/4380 14064/14064/4380
f 14065/14065/4381 14066/14066/4381 14067/14067/4381
f 14068/14068/4382 14069/14069/4382 14070/14070/4382
f 14071/14071/4383 14072/14072/4383 14073/14073/4383
f 14074/14074/4384 14075/14075/4384 14076/14076/4384
f 14077/14077/4385 14078/14078/4385 14079/14079/4385
f 14080/14080/4386 14081/14081/4386 14082/14082/4386
f 14083/14083/4387 14084/14084/4387 14085/14085/4387
f 14086/14086/4388 14087/14087/4388 14088/14088/4388
f 14089/14089/4389 14090/14090/4389 14091/14091/4389
f 14092/14092/4390 14093/14093/4390 14094/14094/4390
f 14095/14095/4391 14096/14096/4391 14097/14097/4391
f 14098/14098/4392 14099/14099/4392 14100/14100/4392
f 14101/14101/4393 14102/14102/4393 14103/14103/4393
f 14104/14104/4394 14105/14105/4394 14106/14106/4394
f 14107/14107/4395 14108/14108/4395 14109/14109/4395
f 14110/14110/4396 14111/14111/4396 14112/14112/4396
f 14209/14209/4425 14210/14210/4425 14211/14211/4425
f 14212/14212/4426 14213/14213/4426 14214/14214/4426
f 14215/14215/4427 14216/14216/4427 14217/14217/4427
f 14218/14218/4428 14219/14219/4428 14220/14220/4428
f 14221/14221/4429 14222/14222/4429 14223/14223/4429
f 14224/14224/4430 14225/14225/4430 14226/14226/4430
f 14227/14227/4431 14228/14228/4431 14229/14229/4431
f 14230/14230/4432 14231/14231/4432 14232/14232/4432
f 14233/14233/4433 14234/14234/4433 14235/14235/4433
f 14236/14236/4434 14237/14237/4434 14238/14238/4434
f 14239/14239/4435 14240/14240/4435 14241/14241/4435
f 14242/14242/4436 14243/14243/4436 14244/14244/4436
f 14245/14245/4437 14246/14246/4437 14247/14247/4437
f 14248/14248/4438 14249/14249/4438 14250/14250/4438
f 14251/14251/4439 14252/14252/4439 14253/14253/4439
f 14254/14254/4440 14255/14255/4440 14256/14256/4440
f 14257/14257/4441 14258/14258/4441 14259/14259/4441
f 14260/14260/4442 14261/14261/4442 14262/14262/4442
f 14263/14263/4443 14264/14264/4443 14265/14265/4443
f 14266/14266/4444 14267/14267/4444 14268/14268/4444
f 14269/14269/4445 14270/14270/4445 14271/14271/4445
f 14272/14272/4446 14273/14273/4446 14274/14274/4446
f 14275/14275/4447 14276/14276/4447 14277/14277/4447
f 14278/14278/4448 14279/14279/4448 14280/14280/4448
f 14281/14281/4449 14282/14282/4449 14283/14283/4449
f 14284/14284/4450 14285/14285/4450 14286/14286/4450
f 14287/14287/4451 14288/14288/4451 14289/14289/4451
f 14290/14290/4452 14291/14291/4452 14292/14292/4452
f 14293/14293/4453 14294/14294/4453 14295/14295/4453
f 14296/14296/4454 14297/14297/4454 14298/14298/4454
f 14299/14299/4455 14300/14300/4455 14301/14301/4455
f 14302/14302/4456 14303/14303/4456 14304/14304/4456
f 14401/14401/4485 14402/14402/4485 14403/14403/4485
f 14404/14404/4486 14405/14405/4486 14406/14406/4486
f 14407/14407/4487 14408/14408/4487 14409/14409/4487
f 14410/14410/4488 14411/14411/4488 14412/14412/4488
f 14413/14413/4489 14414/14414/4489 14415/14415/4489
f 14416/14416/4490 14417/14417/4490 14418/14418/4490
f 14419/14419/4491 14420/14420/4491 14421/14421/4491
f 14422/14422/4492 14423/14423/4492 14424/14424/4492
f 14425/14425/4493 14426/14426/4493 14427/14427/4493
f 14428/14428/4494 14429/14429/4494 14430/14430/4494
f 14431/14431/4495 14432/14432/4495 14433/14433/4495
f 14434/14434/4496 14435/14435/4496 14436/14436/4496
f 14437/14437/4497 14438/14438/4497 14439/14439/4497
f 14440/14440/4498 14441/14441/4498 14442/14442/4498
f 14443/14443/4499 14444/14444/4499 14445/14445/4499
f 14446/14446/4500 14447/14447/4500 14448/14448/4500
f 14449/14449/4501 14450/14450/4501 14451/14451/4501
f 14452/14452/4502 14453/14453/4502 14454/14454/4502
f 14455/14455/4503 14456/14456/4503 14457/14457/4503
f 14458/14458/4504 14459/14459/4504 14460/14460/4504
f 14461/14461/4505 14462/14462/4505 14463/14463/4505
f 14464/14464/4506 14465/14465/4506 14466/14466/4506
f 14467/14467/4507 14468/14468/4507 14469/14469/4507
f 14470/14470/4508 14471/14471/4508 14472/14472/4508
f 14473/14473/4509 14474/14474/4509 14475/14475/4509
f 14476/14476/4510 14477/14477/4510 14478/14478/4510
f 14479/14479/4511 14480/14480/4511 14481/14481/4511
f 14482/14482/4512 14483/14483/4512 14484/14484/4512
f 14485/14485/4513 14486/14486/4513 14487/14487/4513
f 14488/14488/4514 14489/14489/4514 14490/14490/4514
f 14491/14491/4515 14492/14492/4515 14493/14493/4515
f 14494/14494/4516 14495/14495/4516 14496/14496/4516
f 14857/14857/4627 14858/14858/4627 14859/14859/4627
f 14860/14860/4628 14861/14861/4628 14862/14862/4628
f 14863/14863/4629 14864/14864/4629 14865/14865/4629
f 14866/14866/4630 14867/14867/4630 14868/14868/4630
f 14869/14869/4631 14870/14870/4631 14871/14871/4631
f 14872/14872/4632 14873/14873/4632 14874/14874/4632
f 14875/14875/4633 14876/14876/4633 14877/14877/4633
f 14878/14878/4634 14879/14879/4634 14880/14880/4634
f 14881/14881/4635 14882/14882/4635 14883/14883/4635
f 14884/14884/4636 14885/14885/4636 14886/14886/4636
f 14887/14887/4637 14888/14888/4637 14889/14889/4637
f 14890/14890/4638 14891/14891/4638 14892/14892/4638
f 14893/14893/4639 14894/14894/4639 14895/14895/4639
f 14896/14896/4640 14897/14897/4640 14898/14898/4640
f 14899/14899/4641 14900/14900/4641 14901/14901/4641
f 14902/14902/4642 14903/14903/4642 14904/14904/4642
f 14905/14905/4643 14906/14906/4643 14907/14907/4643
f 14908/14908/4644 14909/14909/4644 14910/14910/4644
f 14911/14911/4645 14912/14912/4645 14913/14913/4645
f 14914/14914/4646 14915/14915/4646 14916/14916/4646
f 14917/14917/4647 14918/14918/4647 14919/14919/4647
f 14920/14920/4648 14921/14921/4648 14922/14922/4648
f 14923/14923/4649 14924/14924/4649 14925/14925/4649
f 14926/14926/4650 14927/14927/4650 14928/14928/4650
f 14929/14929/4651 14930/14930/4651 14931/14931/4651
f 14932/14932/4652 14933/14933/4652 14934/14934/4652
f 14935/14935/4653 14936/14936/4653 14937/14937/4653
f 14938/14938/4654 14939/14939/4654 14940/14940/4654
f 14941/14941/4655 14942/14942/4655 14943/14943/4655
f 14944/14944/4656 14945/14945/4656 14946/14946/4656
f 14947/14947/4657 14948/14948/4657 14949/14949/4657
f 14950/14950/4658 14951/14951/4658 14952/14952/4658
