<?xml version="1.0" encoding="utf-8"?>
<COLLADA xmlns="http://www.collada.org/2005/11/COLLADASchema" version="1.4.1">
  <asset><unit name="meter" meter="1"/><up_axis>Z_UP</up_axis></asset>
  <library_images><image id="img"><init_from>../materials/textures/sky_day.jpg</init_from></image></library_images>
  <library_effects><effect id="fx"><profile_COMMON>
    <newparam sid="surf"><surface type="2D"><init_from>img</init_from></surface></newparam>
    <newparam sid="samp"><sampler2D><source>surf</source></sampler2D></newparam>
    <technique sid="common"><lambert><emission><texture texture="samp" texcoord="UV"/></emission><diffuse><color>0 0 0 1</color></diffuse></lambert></technique>
  </profile_COMMON></effect></library_effects>
  <library_materials><material id="mat"><instance_effect url="#fx"/></material></library_materials>
  <library_geometries><geometry id="g"><mesh>
    <source id="p"><float_array id="p-a" count="4875">0.93969 0.00000 -0.34202 0.93517 0.09211 -0.34202 0.92164 0.18332 -0.34202 0.89923 0.27278 -0.34202 0.86816 0.35960 -0.34202 0.82873 0.44297 -0.34202 0.78133 0.52207 -0.34202 0.72639 0.59613 -0.34202 0.66446 0.66446 -0.34202 0.59613 0.72639 -0.34202 0.52207 0.78133 -0.34202 0.44297 0.82873 -0.34202 0.35960 0.86816 -0.34202 0.27278 0.89923 -0.34202 0.18332 0.92164 -0.34202 0.09211 0.93517 -0.34202 0.00000 0.93969 -0.34202 -0.09211 0.93517 -0.34202 -0.18332 0.92164 -0.34202 -0.27278 0.89923 -0.34202 -0.35960 0.86816 -0.34202 -0.44297 0.82873 -0.34202 -0.52207 0.78133 -0.34202 -0.59613 0.72639 -0.34202 -0.66446 0.66446 -0.34202 -0.72639 0.59613 -0.34202 -0.78133 0.52207 -0.34202 -0.82873 0.44297 -0.34202 -0.86816 0.35960 -0.34202 -0.89923 0.27278 -0.34202 -0.92164 0.18332 -0.34202 -0.93517 0.09211 -0.34202 -0.93969 0.00000 -0.34202 -0.93517 -0.09211 -0.34202 -0.92164 -0.18332 -0.34202 -0.89923 -0.27278 -0.34202 -0.86816 -0.35960 -0.34202 -0.82873 -0.44297 -0.34202 -0.78133 -0.52207 -0.34202 -0.72639 -0.59613 -0.34202 -0.66446 -0.66446 -0.34202 -0.59613 -0.72639 -0.34202 -0.52207 -0.78133 -0.34202 -0.44297 -0.82873 -0.34202 -0.35960 -0.86816 -0.34202 -0.27278 -0.89923 -0.34202 -0.18332 -0.92164 -0.34202 -0.09211 -0.93517 -0.34202 -0.00000 -0.93969 -0.34202 0.09211 -0.93517 -0.34202 0.18332 -0.92164 -0.34202 0.27278 -0.89923 -0.34202 0.35960 -0.86816 -0.34202 0.44297 -0.82873 -0.34202 0.52207 -0.78133 -0.34202 0.59613 -0.72639 -0.34202 0.66446 -0.66446 -0.34202 0.72639 -0.59613 -0.34202 0.78133 -0.52207 -0.34202 0.82873 -0.44297 -0.34202 0.86816 -0.35960 -0.34202 0.89923 -0.27278 -0.34202 0.92164 -0.18332 -0.34202 0.93517 -0.09211 -0.34202 0.93969 -0.00000 -0.34202 0.96402 0.00000 -0.26584 0.95938 0.09449 -0.26584 0.94549 0.18807 -0.26584 0.92251 0.27984 -0.26584 0.89064 0.36891 -0.26584 0.85019 0.45443 -0.26584 0.80155 0.53558 -0.26584 0.74520 0.61157 -0.26584 0.68166 0.68166 -0.26584 0.61157 0.74520 -0.26584 0.53558 0.80155 -0.26584 0.45443 0.85019 -0.26584 0.36891 0.89064 -0.26584 0.27984 0.92251 -0.26584 0.18807 0.94549 -0.26584 0.09449 0.95938 -0.26584 0.00000 0.96402 -0.26584 -0.09449 0.95938 -0.26584 -0.18807 0.94549 -0.26584 -0.27984 0.92251 -0.26584 -0.36891 0.89064 -0.26584 -0.45443 0.85019 -0.26584 -0.53558 0.80155 -0.26584 -0.61157 0.74520 -0.26584 -0.68166 0.68166 -0.26584 -0.74520 0.61157 -0.26584 -0.80155 0.53558 -0.26584 -0.85019 0.45443 -0.26584 -0.89064 0.36891 -0.26584 -0.92251 0.27984 -0.26584 -0.94549 0.18807 -0.26584 -0.95938 0.09449 -0.26584 -0.96402 0.00000 -0.26584 -0.95938 -0.09449 -0.26584 -0.94549 -0.18807 -0.26584 -0.92251 -0.27984 -0.26584 -0.89064 -0.36891 -0.26584 -0.85019 -0.45443 -0.26584 -0.80155 -0.53558 -0.26584 -0.74520 -0.61157 -0.26584 -0.68166 -0.68166 -0.26584 -0.61157 -0.74520 -0.26584 -0.53558 -0.80155 -0.26584 -0.45443 -0.85019 -0.26584 -0.36891 -0.89064 -0.26584 -0.27984 -0.92251 -0.26584 -0.18807 -0.94549 -0.26584 -0.09449 -0.95938 -0.26584 -0.00000 -0.96402 -0.26584 0.09449 -0.95938 -0.26584 0.18807 -0.94549 -0.26584 0.27984 -0.92251 -0.26584 0.36891 -0.89064 -0.26584 0.45443 -0.85019 -0.26584 0.53558 -0.80155 -0.26584 0.61157 -0.74520 -0.26584 0.68166 -0.68166 -0.26584 0.74520 -0.61157 -0.26584 0.80155 -0.53558 -0.26584 0.85019 -0.45443 -0.26584 0.89064 -0.36891 -0.26584 0.92251 -0.27984 -0.26584 0.94549 -0.18807 -0.26584 0.95938 -0.09449 -0.26584 0.96402 -0.00000 -0.26584 0.98218 0.00000 -0.18795 0.97745 0.09627 -0.18795 0.96331 0.19161 -0.18795 0.93989 0.28511 -0.18795 0.90741 0.37586 -0.18795 0.86620 0.46300 -0.18795 0.81665 0.54567 -0.18795 0.75923 0.62309 -0.18795 0.69450 0.69450 -0.18795 0.62309 0.75923 -0.18795 0.54567 0.81665 -0.18795 0.46300 0.86620 -0.18795 0.37586 0.90741 -0.18795 0.28511 0.93989 -0.18795 0.19161 0.96331 -0.18795 0.09627 0.97745 -0.18795 0.00000 0.98218 -0.18795 -0.09627 0.97745 -0.18795 -0.19161 0.96331 -0.18795 -0.28511 0.93989 -0.18795 -0.37586 0.90741 -0.18795 -0.46300 0.86620 -0.18795 -0.54567 0.81665 -0.18795 -0.62309 0.75923 -0.18795 -0.69450 0.69450 -0.18795 -0.75923 0.62309 -0.18795 -0.81665 0.54567 -0.18795 -0.86620 0.46300 -0.18795 -0.90741 0.37586 -0.18795 -0.93989 0.28511 -0.18795 -0.96331 0.19161 -0.18795 -0.97745 0.09627 -0.18795 -0.98218 0.00000 -0.18795 -0.97745 -0.09627 -0.18795 -0.96331 -0.19161 -0.18795 -0.93989 -0.28511 -0.18795 -0.90741 -0.37586 -0.18795 -0.86620 -0.46300 -0.18795 -0.81665 -0.54567 -0.18795 -0.75923 -0.62309 -0.18795 -0.69450 -0.69450 -0.18795 -0.62309 -0.75923 -0.18795 -0.54567 -0.81665 -0.18795 -0.46300 -0.86620 -0.18795 -0.37586 -0.90741 -0.18795 -0.28511 -0.93989 -0.18795 -0.19161 -0.96331 -0.18795 -0.09627 -0.97745 -0.18795 -0.00000 -0.98218 -0.18795 0.09627 -0.97745 -0.18795 0.19161 -0.96331 -0.18795 0.28511 -0.93989 -0.18795 0.37586 -0.90741 -0.18795 0.46300 -0.86620 -0.18795 0.54567 -0.81665 -0.18795 0.62309 -0.75923 -0.18795 0.69450 -0.69450 -0.18795 0.75923 -0.62309 -0.18795 0.81665 -0.54567 -0.18795 0.86620 -0.46300 -0.18795 0.90741 -0.37586 -0.18795 0.93989 -0.28511 -0.18795 0.96331 -0.19161 -0.18795 0.97745 -0.09627 -0.18795 0.98218 -0.00000 -0.18795 0.99406 0.00000 -0.10887 0.98927 0.09743 -0.10887 0.97496 0.19393 -0.10887 0.95125 0.28856 -0.10887 0.91839 0.38041 -0.10887 0.87668 0.46859 -0.10887 0.82653 0.55227 -0.10887 0.76842 0.63062 -0.10887 0.70290 0.70290 -0.10887 0.63062 0.76842 -0.10887 0.55227 0.82653 -0.10887 0.46859 0.87668 -0.10887 0.38041 0.91839 -0.10887 0.28856 0.95125 -0.10887 0.19393 0.97496 -0.10887 0.09743 0.98927 -0.10887 0.00000 0.99406 -0.10887 -0.09743 0.98927 -0.10887 -0.19393 0.97496 -0.10887 -0.28856 0.95125 -0.10887 -0.38041 0.91839 -0.10887 -0.46859 0.87668 -0.10887 -0.55227 0.82653 -0.10887 -0.63062 0.76842 -0.10887 -0.70290 0.70290 -0.10887 -0.76842 0.63062 -0.10887 -0.82653 0.55227 -0.10887 -0.87668 0.46859 -0.10887 -0.91839 0.38041 -0.10887 -0.95125 0.28856 -0.10887 -0.97496 0.19393 -0.10887 -0.98927 0.09743 -0.10887 -0.99406 0.00000 -0.10887 -0.98927 -0.09743 -0.10887 -0.97496 -0.19393 -0.10887 -0.95125 -0.28856 -0.10887 -0.91839 -0.38041 -0.10887 -0.87668 -0.46859 -0.10887 -0.82653 -0.55227 -0.10887 -0.76842 -0.63062 -0.10887 -0.70290 -0.70290 -0.10887 -0.63062 -0.76842 -0.10887 -0.55227 -0.82653 -0.10887 -0.46859 -0.87668 -0.10887 -0.38041 -0.91839 -0.10887 -0.28856 -0.95125 -0.10887 -0.19393 -0.97496 -0.10887 -0.09743 -0.98927 -0.10887 -0.00000 -0.99406 -0.10887 0.09743 -0.98927 -0.10887 0.19393 -0.97496 -0.10887 0.28856 -0.95125 -0.10887 0.38041 -0.91839 -0.10887 0.46859 -0.87668 -0.10887 0.55227 -0.82653 -0.10887 0.63062 -0.76842 -0.10887 0.70290 -0.70290 -0.10887 0.76842 -0.63062 -0.10887 0.82653 -0.55227 -0.10887 0.87668 -0.46859 -0.10887 0.91839 -0.38041 -0.10887 0.95125 -0.28856 -0.10887 0.97496 -0.19393 -0.10887 0.98927 -0.09743 -0.10887 0.99406 -0.00000 -0.10887 0.99958 0.00000 -0.02908 0.99476 0.09798 -0.02908 0.98037 0.19501 -0.02908 0.95654 0.29016 -0.02908 0.92349 0.38252 -0.02908 0.88155 0.47120 -0.02908 0.83112 0.55534 -0.02908 0.77268 0.63412 -0.02908 0.70681 0.70681 -0.02908 0.63412 0.77268 -0.02908 0.55534 0.83112 -0.02908 0.47120 0.88155 -0.02908 0.38252 0.92349 -0.02908 0.29016 0.95654 -0.02908 0.19501 0.98037 -0.02908 0.09798 0.99476 -0.02908 0.00000 0.99958 -0.02908 -0.09798 0.99476 -0.02908 -0.19501 0.98037 -0.02908 -0.29016 0.95654 -0.02908 -0.38252 0.92349 -0.02908 -0.47120 0.88155 -0.02908 -0.55534 0.83112 -0.02908 -0.63412 0.77268 -0.02908 -0.70681 0.70681 -0.02908 -0.77268 0.63412 -0.02908 -0.83112 0.55534 -0.02908 -0.88155 0.47120 -0.02908 -0.92349 0.38252 -0.02908 -0.95654 0.29016 -0.02908 -0.98037 0.19501 -0.02908 -0.99476 0.09798 -0.02908 -0.99958 0.00000 -0.02908 -0.99476 -0.09798 -0.02908 -0.98037 -0.19501 -0.02908 -0.95654 -0.29016 -0.02908 -0.92349 -0.38252 -0.02908 -0.88155 -0.47120 -0.02908 -0.83112 -0.55534 -0.02908 -0.77268 -0.63412 -0.02908 -0.70681 -0.70681 -0.02908 -0.63412 -0.77268 -0.02908 -0.55534 -0.83112 -0.02908 -0.47120 -0.88155 -0.02908 -0.38252 -0.92349 -0.02908 -0.29016 -0.95654 -0.02908 -0.19501 -0.98037 -0.02908 -0.09798 -0.99476 -0.02908 -0.00000 -0.99958 -0.02908 0.09798 -0.99476 -0.02908 0.19501 -0.98037 -0.02908 0.29016 -0.95654 -0.02908 0.38252 -0.92349 -0.02908 0.47120 -0.88155 -0.02908 0.55534 -0.83112 -0.02908 0.63412 -0.77268 -0.02908 0.70681 -0.70681 -0.02908 0.77268 -0.63412 -0.02908 0.83112 -0.55534 -0.02908 0.88155 -0.47120 -0.02908 0.92349 -0.38252 -0.02908 0.95654 -0.29016 -0.02908 0.98037 -0.19501 -0.02908 0.99476 -0.09798 -0.02908 0.99958 -0.00000 -0.02908 0.99870 0.00000 0.05088 0.99390 0.09789 0.05088 0.97951 0.19484 0.05088 0.95570 0.28991 0.05088 0.92268 0.38219 0.05088 0.88078 0.47079 0.05088 0.83039 0.55485 0.05088 0.77201 0.63357 0.05088 0.70619 0.70619 0.05088 0.63357 0.77201 0.05088 0.55485 0.83039 0.05088 0.47079 0.88078 0.05088 0.38219 0.92268 0.05088 0.28991 0.95570 0.05088 0.19484 0.97951 0.05088 0.09789 0.99390 0.05088 0.00000 0.99870 0.05088 -0.09789 0.99390 0.05088 -0.19484 0.97951 0.05088 -0.28991 0.95570 0.05088 -0.38219 0.92268 0.05088 -0.47079 0.88078 0.05088 -0.55485 0.83039 0.05088 -0.63357 0.77201 0.05088 -0.70619 0.70619 0.05088 -0.77201 0.63357 0.05088 -0.83039 0.55485 0.05088 -0.88078 0.47079 0.05088 -0.92268 0.38219 0.05088 -0.95570 0.28991 0.05088 -0.97951 0.19484 0.05088 -0.99390 0.09789 0.05088 -0.99870 0.00000 0.05088 -0.99390 -0.09789 0.05088 -0.97951 -0.19484 0.05088 -0.95570 -0.28991 0.05088 -0.92268 -0.38219 0.05088 -0.88078 -0.47079 0.05088 -0.83039 -0.55485 0.05088 -0.77201 -0.63357 0.05088 -0.70619 -0.70619 0.05088 -0.63357 -0.77201 0.05088 -0.55485 -0.83039 0.05088 -0.47079 -0.88078 0.05088 -0.38219 -0.92268 0.05088 -0.28991 -0.95570 0.05088 -0.19484 -0.97951 0.05088 -0.09789 -0.99390 0.05088 -0.00000 -0.99870 0.05088 0.09789 -0.99390 0.05088 0.19484 -0.97951 0.05088 0.28991 -0.95570 0.05088 0.38219 -0.92268 0.05088 0.47079 -0.88078 0.05088 0.55485 -0.83039 0.05088 0.63357 -0.77201 0.05088 0.70619 -0.70619 0.05088 0.77201 -0.63357 0.05088 0.83039 -0.55485 0.05088 0.88078 -0.47079 0.05088 0.92268 -0.38219 0.05088 0.95570 -0.28991 0.05088 0.97951 -0.19484 0.05088 0.99390 -0.09789 0.05088 0.99870 -0.00000 0.05088 0.99144 0.00000 0.13053 0.98667 0.09718 0.13053 0.97239 0.19342 0.13053 0.94875 0.28780 0.13053 0.91598 0.37941 0.13053 0.87438 0.46736 0.13053 0.82436 0.55082 0.13053 0.76640 0.62897 0.13053 0.70106 0.70106 0.13053 0.62897 0.76640 0.13053 0.55082 0.82436 0.13053 0.46736 0.87438 0.13053 0.37941 0.91598 0.13053 0.28780 0.94875 0.13053 0.19342 0.97239 0.13053 0.09718 0.98667 0.13053 0.00000 0.99144 0.13053 -0.09718 0.98667 0.13053 -0.19342 0.97239 0.13053 -0.28780 0.94875 0.13053 -0.37941 0.91598 0.13053 -0.46736 0.87438 0.13053 -0.55082 0.82436 0.13053 -0.62897 0.76640 0.13053 -0.70106 0.70106 0.13053 -0.76640 0.62897 0.13053 -0.82436 0.55082 0.13053 -0.87438 0.46736 0.13053 -0.91598 0.37941 0.13053 -0.94875 0.28780 0.13053 -0.97239 0.19342 0.13053 -0.98667 0.09718 0.13053 -0.99144 0.00000 0.13053 -0.98667 -0.09718 0.13053 -0.97239 -0.19342 0.13053 -0.94875 -0.28780 0.13053 -0.91598 -0.37941 0.13053 -0.87438 -0.46736 0.13053 -0.82436 -0.55082 0.13053 -0.76640 -0.62897 0.13053 -0.70106 -0.70106 0.13053 -0.62897 -0.76640 0.13053 -0.55082 -0.82436 0.13053 -0.46736 -0.87438 0.13053 -0.37941 -0.91598 0.13053 -0.28780 -0.94875 0.13053 -0.19342 -0.97239 0.13053 -0.09718 -0.98667 0.13053 -0.00000 -0.99144 0.13053 0.09718 -0.98667 0.13053 0.19342 -0.97239 0.13053 0.28780 -0.94875 0.13053 0.37941 -0.91598 0.13053 0.46736 -0.87438 0.13053 0.55082 -0.82436 0.13053 0.62897 -0.76640 0.13053 0.70106 -0.70106 0.13053 0.76640 -0.62897 0.13053 0.82436 -0.55082 0.13053 0.87438 -0.46736 0.13053 0.91598 -0.37941 0.13053 0.94875 -0.28780 0.13053 0.97239 -0.19342 0.13053 0.98667 -0.09718 0.13053 0.99144 -0.00000 0.13053 0.97784 0.00000 0.20933 0.97314 0.09585 0.20933 0.95906 0.19077 0.20933 0.93574 0.28385 0.20933 0.90341 0.37420 0.20933 0.86238 0.46095 0.20933 0.81305 0.54326 0.20933 0.75588 0.62034 0.20933 0.69144 0.69144 0.20933 0.62034 0.75588 0.20933 0.54326 0.81305 0.20933 0.46095 0.86238 0.20933 0.37420 0.90341 0.20933 0.28385 0.93574 0.20933 0.19077 0.95906 0.20933 0.09585 0.97314 0.20933 0.00000 0.97784 0.20933 -0.09585 0.97314 0.20933 -0.19077 0.95906 0.20933 -0.28385 0.93574 0.20933 -0.37420 0.90341 0.20933 -0.46095 0.86238 0.20933 -0.54326 0.81305 0.20933 -0.62034 0.75588 0.20933 -0.69144 0.69144 0.20933 -0.75588 0.62034 0.20933 -0.81305 0.54326 0.20933 -0.86238 0.46095 0.20933 -0.90341 0.37420 0.20933 -0.93574 0.28385 0.20933 -0.95906 0.19077 0.20933 -0.97314 0.09585 0.20933 -0.97784 0.00000 0.20933 -0.97314 -0.09585 0.20933 -0.95906 -0.19077 0.20933 -0.93574 -0.28385 0.20933 -0.90341 -0.37420 0.20933 -0.86238 -0.46095 0.20933 -0.81305 -0.54326 0.20933 -0.75588 -0.62034 0.20933 -0.69144 -0.69144 0.20933 -0.62034 -0.75588 0.20933 -0.54326 -0.81305 0.20933 -0.46095 -0.86238 0.20933 -0.37420 -0.90341 0.20933 -0.28385 -0.93574 0.20933 -0.19077 -0.95906 0.20933 -0.09585 -0.97314 0.20933 -0.00000 -0.97784 0.20933 0.09585 -0.97314 0.20933 0.19077 -0.95906 0.20933 0.28385 -0.93574 0.20933 0.37420 -0.90341 0.20933 0.46095 -0.86238 0.20933 0.54326 -0.81305 0.20933 0.62034 -0.75588 0.20933 0.69144 -0.69144 0.20933 0.75588 -0.62034 0.20933 0.81305 -0.54326 0.20933 0.86238 -0.46095 0.20933 0.90341 -0.37420 0.20933 0.93574 -0.28385 0.20933 0.95906 -0.19077 0.20933 0.97314 -0.09585 0.20933 0.97784 -0.00000 0.20933 0.95799 0.00000 0.28680 0.95338 0.09390 0.28680 0.93958 0.18689 0.28680 0.91674 0.27809 0.28680 0.88507 0.36661 0.28680 0.84487 0.45159 0.28680 0.79654 0.53223 0.28680 0.74054 0.60774 0.28680 0.67740 0.67740 0.28680 0.60774 0.74054 0.28680 0.53223 0.79654 0.28680 0.45159 0.84487 0.28680 0.36661 0.88507 0.28680 0.27809 0.91674 0.28680 0.18689 0.93958 0.28680 0.09390 0.95338 0.28680 0.00000 0.95799 0.28680 -0.09390 0.95338 0.28680 -0.18689 0.93958 0.28680 -0.27809 0.91674 0.28680 -0.36661 0.88507 0.28680 -0.45159 0.84487 0.28680 -0.53223 0.79654 0.28680 -0.60774 0.74054 0.28680 -0.67740 0.67740 0.28680 -0.74054 0.60774 0.28680 -0.79654 0.53223 0.28680 -0.84487 0.45159 0.28680 -0.88507 0.36661 0.28680 -0.91674 0.27809 0.28680 -0.93958 0.18689 0.28680 -0.95338 0.09390 0.28680 -0.95799 0.00000 0.28680 -0.95338 -0.09390 0.28680 -0.93958 -0.18689 0.28680 -0.91674 -0.27809 0.28680 -0.88507 -0.36661 0.28680 -0.84487 -0.45159 0.28680 -0.79654 -0.53223 0.28680 -0.74054 -0.60774 0.28680 -0.67740 -0.67740 0.28680 -0.60774 -0.74054 0.28680 -0.53223 -0.79654 0.28680 -0.45159 -0.84487 0.28680 -0.36661 -0.88507 0.28680 -0.27809 -0.91674 0.28680 -0.18689 -0.93958 0.28680 -0.09390 -0.95338 0.28680 -0.00000 -0.95799 0.28680 0.09390 -0.95338 0.28680 0.18689 -0.93958 0.28680 0.27809 -0.91674 0.28680 0.36661 -0.88507 0.28680 0.45159 -0.84487 0.28680 0.53223 -0.79654 0.28680 0.60774 -0.74054 0.28680 0.67740 -0.67740 0.28680 0.74054 -0.60774 0.28680 0.79654 -0.53223 0.28680 0.84487 -0.45159 0.28680 0.88507 -0.36661 0.28680 0.91674 -0.27809 0.28680 0.93958 -0.18689 0.28680 0.95338 -0.09390 0.28680 0.95799 -0.00000 0.28680 0.93201 0.00000 0.36244 0.92752 0.09135 0.36244 0.91410 0.18183 0.36244 0.89188 0.27055 0.36244 0.86106 0.35666 0.36244 0.82196 0.43935 0.36244 0.77494 0.51780 0.36244 0.72045 0.59126 0.36244 0.65903 0.65903 0.36244 0.59126 0.72045 0.36244 0.51780 0.77494 0.36244 0.43935 0.82196 0.36244 0.35666 0.86106 0.36244 0.27055 0.89188 0.36244 0.18183 0.91410 0.36244 0.09135 0.92752 0.36244 0.00000 0.93201 0.36244 -0.09135 0.92752 0.36244 -0.18183 0.91410 0.36244 -0.27055 0.89188 0.36244 -0.35666 0.86106 0.36244 -0.43935 0.82196 0.36244 -0.51780 0.77494 0.36244 -0.59126 0.72045 0.36244 -0.65903 0.65903 0.36244 -0.72045 0.59126 0.36244 -0.77494 0.51780 0.36244 -0.82196 0.43935 0.36244 -0.86106 0.35666 0.36244 -0.89188 0.27055 0.36244 -0.91410 0.18183 0.36244 -0.92752 0.09135 0.36244 -0.93201 0.00000 0.36244 -0.92752 -0.09135 0.36244 -0.91410 -0.18183 0.36244 -0.89188 -0.27055 0.36244 -0.86106 -0.35666 0.36244 -0.82196 -0.43935 0.36244 -0.77494 -0.51780 0.36244 -0.72045 -0.59126 0.36244 -0.65903 -0.65903 0.36244 -0.59126 -0.72045 0.36244 -0.51780 -0.77494 0.36244 -0.43935 -0.82196 0.36244 -0.35666 -0.86106 0.36244 -0.27055 -0.89188 0.36244 -0.18183 -0.91410 0.36244 -0.09135 -0.92752 0.36244 -0.00000 -0.93201 0.36244 0.09135 -0.92752 0.36244 0.18183 -0.91410 0.36244 0.27055 -0.89188 0.36244 0.35666 -0.86106 0.36244 0.43935 -0.82196 0.36244 0.51780 -0.77494 0.36244 0.59126 -0.72045 0.36244 0.65903 -0.65903 0.36244 0.72045 -0.59126 0.36244 0.77494 -0.51780 0.36244 0.82196 -0.43935 0.36244 0.86106 -0.35666 0.36244 0.89188 -0.27055 0.36244 0.91410 -0.18183 0.36244 0.92752 -0.09135 0.36244 0.93201 -0.00000 0.36244 0.90007 0.00000 0.43575 0.89573 0.08822 0.43575 0.88277 0.17559 0.43575 0.86131 0.26128 0.43575 0.83155 0.34444 0.43575 0.79379 0.42429 0.43575 0.74838 0.50005 0.43575 0.69576 0.57100 0.43575 0.63644 0.63644 0.43575 0.57100 0.69576 0.43575 0.50005 0.74838 0.43575 0.42429 0.79379 0.43575 0.34444 0.83155 0.43575 0.26128 0.86131 0.43575 0.17559 0.88277 0.43575 0.08822 0.89573 0.43575 0.00000 0.90007 0.43575 -0.08822 0.89573 0.43575 -0.17559 0.88277 0.43575 -0.26128 0.86131 0.43575 -0.34444 0.83155 0.43575 -0.42429 0.79379 0.43575 -0.50005 0.74838 0.43575 -0.57100 0.69576 0.43575 -0.63644 0.63644 0.43575 -0.69576 0.57100 0.43575 -0.74838 0.50005 0.43575 -0.79379 0.42429 0.43575 -0.83155 0.34444 0.43575 -0.86131 0.26128 0.43575 -0.88277 0.17559 0.43575 -0.89573 0.08822 0.43575 -0.90007 0.00000 0.43575 -0.89573 -0.08822 0.43575 -0.88277 -0.17559 0.43575 -0.86131 -0.26128 0.43575 -0.83155 -0.34444 0.43575 -0.79379 -0.42429 0.43575 -0.74838 -0.50005 0.43575 -0.69576 -0.57100 0.43575 -0.63644 -0.63644 0.43575 -0.57100 -0.69576 0.43575 -0.50005 -0.74838 0.43575 -0.42429 -0.79379 0.43575 -0.34444 -0.83155 0.43575 -0.26128 -0.86131 0.43575 -0.17559 -0.88277 0.43575 -0.08822 -0.89573 0.43575 -0.00000 -0.90007 0.43575 0.08822 -0.89573 0.43575 0.17559 -0.88277 0.43575 0.26128 -0.86131 0.43575 0.34444 -0.83155 0.43575 0.42429 -0.79379 0.43575 0.50005 -0.74838 0.43575 0.57100 -0.69576 0.43575 0.63644 -0.63644 0.43575 0.69576 -0.57100 0.43575 0.74838 -0.50005 0.43575 0.79379 -0.42429 0.43575 0.83155 -0.34444 0.43575 0.86131 -0.26128 0.43575 0.88277 -0.17559 0.43575 0.89573 -0.08822 0.43575 0.90007 -0.00000 0.43575 0.86237 0.00000 0.50628 0.85821 0.08453 0.50628 0.84580 0.16824 0.50628 0.82523 0.25033 0.50628 0.79672 0.33001 0.50628 0.76054 0.40652 0.50628 0.71703 0.47911 0.50628 0.66662 0.54708 0.50628 0.60979 0.60979 0.50628 0.54708 0.66662 0.50628 0.47911 0.71703 0.50628 0.40652 0.76054 0.50628 0.33001 0.79672 0.50628 0.25033 0.82523 0.50628 0.16824 0.84580 0.50628 0.08453 0.85821 0.50628 0.00000 0.86237 0.50628 -0.08453 0.85821 0.50628 -0.16824 0.84580 0.50628 -0.25033 0.82523 0.50628 -0.33001 0.79672 0.50628 -0.40652 0.76054 0.50628 -0.47911 0.71703 0.50628 -0.54708 0.66662 0.50628 -0.60979 0.60979 0.50628 -0.66662 0.54708 0.50628 -0.71703 0.47911 0.50628 -0.76054 0.40652 0.50628 -0.79672 0.33001 0.50628 -0.82523 0.25033 0.50628 -0.84580 0.16824 0.50628 -0.85821 0.08453 0.50628 -0.86237 0.00000 0.50628 -0.85821 -0.08453 0.50628 -0.84580 -0.16824 0.50628 -0.82523 -0.25033 0.50628 -0.79672 -0.33001 0.50628 -0.76054 -0.40652 0.50628 -0.71703 -0.47911 0.50628 -0.66662 -0.54708 0.50628 -0.60979 -0.60979 0.50628 -0.54708 -0.66662 0.50628 -0.47911 -0.71703 0.50628 -0.40652 -0.76054 0.50628 -0.33001 -0.79672 0.50628 -0.25033 -0.82523 0.50628 -0.16824 -0.84580 0.50628 -0.08453 -0.85821 0.50628 -0.00000 -0.86237 0.50628 0.08453 -0.85821 0.50628 0.16824 -0.84580 0.50628 0.25033 -0.82523 0.50628 0.33001 -0.79672 0.50628 0.40652 -0.76054 0.50628 0.47911 -0.71703 0.50628 0.54708 -0.66662 0.50628 0.60979 -0.60979 0.50628 0.66662 -0.54708 0.50628 0.71703 -0.47911 0.50628 0.76054 -0.40652 0.50628 0.79672 -0.33001 0.50628 0.82523 -0.25033 0.50628 0.84580 -0.16824 0.50628 0.85821 -0.08453 0.50628 0.86237 -0.00000 0.50628 0.81915 0.00000 0.57358 0.81521 0.08029 0.57358 0.80341 0.15981 0.57358 0.78388 0.23779 0.57358 0.75680 0.31348 0.57358 0.72243 0.38615 0.57358 0.68110 0.45510 0.57358 0.63321 0.51966 0.57358 0.57923 0.57923 0.57358 0.51966 0.63321 0.57358 0.45510 0.68110 0.57358 0.38615 0.72243 0.57358 0.31348 0.75680 0.57358 0.23779 0.78388 0.57358 0.15981 0.80341 0.57358 0.08029 0.81521 0.57358 0.00000 0.81915 0.57358 -0.08029 0.81521 0.57358 -0.15981 0.80341 0.57358 -0.23779 0.78388 0.57358 -0.31348 0.75680 0.57358 -0.38615 0.72243 0.57358 -0.45510 0.68110 0.57358 -0.51966 0.63321 0.57358 -0.57923 0.57923 0.57358 -0.63321 0.51966 0.57358 -0.68110 0.45510 0.57358 -0.72243 0.38615 0.57358 -0.75680 0.31348 0.57358 -0.78388 0.23779 0.57358 -0.80341 0.15981 0.57358 -0.81521 0.08029 0.57358 -0.81915 0.00000 0.57358 -0.81521 -0.08029 0.57358 -0.80341 -0.15981 0.57358 -0.78388 -0.23779 0.57358 -0.75680 -0.31348 0.57358 -0.72243 -0.38615 0.57358 -0.68110 -0.45510 0.57358 -0.63321 -0.51966 0.57358 -0.57923 -0.57923 0.57358 -0.51966 -0.63321 0.57358 -0.45510 -0.68110 0.57358 -0.38615 -0.72243 0.57358 -0.31348 -0.75680 0.57358 -0.23779 -0.78388 0.57358 -0.15981 -0.80341 0.57358 -0.08029 -0.81521 0.57358 -0.00000 -0.81915 0.57358 0.08029 -0.81521 0.57358 0.15981 -0.80341 0.57358 0.23779 -0.78388 0.57358 0.31348 -0.75680 0.57358 0.38615 -0.72243 0.57358 0.45510 -0.68110 0.57358 0.51966 -0.63321 0.57358 0.57923 -0.57923 0.57358 0.63321 -0.51966 0.57358 0.68110 -0.45510 0.57358 0.72243 -0.38615 0.57358 0.75680 -0.31348 0.57358 0.78388 -0.23779 0.57358 0.80341 -0.15981 0.57358 0.81521 -0.08029 0.57358 0.81915 -0.00000 0.57358 0.77070 0.00000 0.63720 0.76699 0.07554 0.63720 0.75589 0.15036 0.63720 0.73751 0.22372 0.63720 0.71203 0.29493 0.63720 0.67970 0.36330 0.63720 0.64081 0.42818 0.63720 0.59576 0.48893 0.63720 0.54497 0.54497 0.63720 0.48893 0.59576 0.63720 0.42818 0.64081 0.63720 0.36330 0.67970 0.63720 0.29493 0.71203 0.63720 0.22372 0.73751 0.63720 0.15036 0.75589 0.63720 0.07554 0.76699 0.63720 0.00000 0.77070 0.63720 -0.07554 0.76699 0.63720 -0.15036 0.75589 0.63720 -0.22372 0.73751 0.63720 -0.29493 0.71203 0.63720 -0.36330 0.67970 0.63720 -0.42818 0.64081 0.63720 -0.48893 0.59576 0.63720 -0.54497 0.54497 0.63720 -0.59576 0.48893 0.63720 -0.64081 0.42818 0.63720 -0.67970 0.36330 0.63720 -0.71203 0.29493 0.63720 -0.73751 0.22372 0.63720 -0.75589 0.15036 0.63720 -0.76699 0.07554 0.63720 -0.77070 0.00000 0.63720 -0.76699 -0.07554 0.63720 -0.75589 -0.15036 0.63720 -0.73751 -0.22372 0.63720 -0.71203 -0.29493 0.63720 -0.67970 -0.36330 0.63720 -0.64081 -0.42818 0.63720 -0.59576 -0.48893 0.63720 -0.54497 -0.54497 0.63720 -0.48893 -0.59576 0.63720 -0.42818 -0.64081 0.63720 -0.36330 -0.67970 0.63720 -0.29493 -0.71203 0.63720 -0.22372 -0.73751 0.63720 -0.15036 -0.75589 0.63720 -0.07554 -0.76699 0.63720 -0.00000 -0.77070 0.63720 0.07554 -0.76699 0.63720 0.15036 -0.75589 0.63720 0.22372 -0.73751 0.63720 0.29493 -0.71203 0.63720 0.36330 -0.67970 0.63720 0.42818 -0.64081 0.63720 0.48893 -0.59576 0.63720 0.54497 -0.54497 0.63720 0.59576 -0.48893 0.63720 0.64081 -0.42818 0.63720 0.67970 -0.36330 0.63720 0.71203 -0.29493 0.63720 0.73751 -0.22372 0.63720 0.75589 -0.15036 0.63720 0.76699 -0.07554 0.63720 0.77070 -0.00000 0.63720 0.71732 0.00000 0.69675 0.71386 0.07031 0.69675 0.70353 0.13994 0.69675 0.68643 0.20823 0.69675 0.66271 0.27450 0.69675 0.63262 0.33814 0.69675 0.59643 0.39852 0.69675 0.55449 0.45506 0.69675 0.50722 0.50722 0.69675 0.45506 0.55449 0.69675 0.39852 0.59643 0.69675 0.33814 0.63262 0.69675 0.27450 0.66271 0.69675 0.20823 0.68643 0.69675 0.13994 0.70353 0.69675 0.07031 0.71386 0.69675 0.00000 0.71732 0.69675 -0.07031 0.71386 0.69675 -0.13994 0.70353 0.69675 -0.20823 0.68643 0.69675 -0.27450 0.66271 0.69675 -0.33814 0.63262 0.69675 -0.39852 0.59643 0.69675 -0.45506 0.55449 0.69675 -0.50722 0.50722 0.69675 -0.55449 0.45506 0.69675 -0.59643 0.39852 0.69675 -0.63262 0.33814 0.69675 -0.66271 0.27450 0.69675 -0.68643 0.20823 0.69675 -0.70353 0.13994 0.69675 -0.71386 0.07031 0.69675 -0.71732 0.00000 0.69675 -0.71386 -0.07031 0.69675 -0.70353 -0.13994 0.69675 -0.68643 -0.20823 0.69675 -0.66271 -0.27450 0.69675 -0.63262 -0.33814 0.69675 -0.59643 -0.39852 0.69675 -0.55449 -0.45506 0.69675 -0.50722 -0.50722 0.69675 -0.45506 -0.55449 0.69675 -0.39852 -0.59643 0.69675 -0.33814 -0.63262 0.69675 -0.27450 -0.66271 0.69675 -0.20823 -0.68643 0.69675 -0.13994 -0.70353 0.69675 -0.07031 -0.71386 0.69675 -0.00000 -0.71732 0.69675 0.07031 -0.71386 0.69675 0.13994 -0.70353 0.69675 0.20823 -0.68643 0.69675 0.27450 -0.66271 0.69675 0.33814 -0.63262 0.69675 0.39852 -0.59643 0.69675 0.45506 -0.55449 0.69675 0.50722 -0.50722 0.69675 0.55449 -0.45506 0.69675 0.59643 -0.39852 0.69675 0.63262 -0.33814 0.69675 0.66271 -0.27450 0.69675 0.68643 -0.20823 0.69675 0.70353 -0.13994 0.69675 0.71386 -0.07031 0.69675 0.71732 -0.00000 0.69675 0.65935 0.00000 0.75184 0.65617 0.06463 0.75184 0.64668 0.12863 0.75184 0.63095 0.19140 0.75184 0.60916 0.25232 0.75184 0.58149 0.31081 0.75184 0.54823 0.36631 0.75184 0.50968 0.41828 0.75184 0.46623 0.46623 0.75184 0.41828 0.50968 0.75184 0.36631 0.54823 0.75184 0.31081 0.58149 0.75184 0.25232 0.60916 0.75184 0.19140 0.63095 0.75184 0.12863 0.64668 0.75184 0.06463 0.65617 0.75184 0.00000 0.65935 0.75184 -0.06463 0.65617 0.75184 -0.12863 0.64668 0.75184 -0.19140 0.63095 0.75184 -0.25232 0.60916 0.75184 -0.31081 0.58149 0.75184 -0.36631 0.54823 0.75184 -0.41828 0.50968 0.75184 -0.46623 0.46623 0.75184 -0.50968 0.41828 0.75184 -0.54823 0.36631 0.75184 -0.58149 0.31081 0.75184 -0.60916 0.25232 0.75184 -0.63095 0.19140 0.75184 -0.64668 0.12863 0.75184 -0.65617 0.06463 0.75184 -0.65935 0.00000 0.75184 -0.65617 -0.06463 0.75184 -0.64668 -0.12863 0.75184 -0.63095 -0.19140 0.75184 -0.60916 -0.25232 0.75184 -0.58149 -0.31081 0.75184 -0.54823 -0.36631 0.75184 -0.50968 -0.41828 0.75184 -0.46623 -0.46623 0.75184 -0.41828 -0.50968 0.75184 -0.36631 -0.54823 0.75184 -0.31081 -0.58149 0.75184 -0.25232 -0.60916 0.75184 -0.19140 -0.63095 0.75184 -0.12863 -0.64668 0.75184 -0.06463 -0.65617 0.75184 -0.00000 -0.65935 0.75184 0.06463 -0.65617 0.75184 0.12863 -0.64668 0.75184 0.19140 -0.63095 0.75184 0.25232 -0.60916 0.75184 0.31081 -0.58149 0.75184 0.36631 -0.54823 0.75184 0.41828 -0.50968 0.75184 0.46623 -0.46623 0.75184 0.50968 -0.41828 0.75184 0.54823 -0.36631 0.75184 0.58149 -0.31081 0.75184 0.60916 -0.25232 0.75184 0.63095 -0.19140 0.75184 0.64668 -0.12863 0.75184 0.65617 -0.06463 0.75184 0.65935 -0.00000 0.75184 0.59716 0.00000 0.80212 0.59428 0.05853 0.80212 0.58568 0.11650 0.80212 0.57145 0.17335 0.80212 0.55170 0.22852 0.80212 0.52665 0.28150 0.80212 0.49652 0.33176 0.80212 0.46161 0.37883 0.80212 0.42225 0.42225 0.80212 0.37883 0.46161 0.80212 0.33176 0.49652 0.80212 0.28150 0.52665 0.80212 0.22852 0.55170 0.80212 0.17335 0.57145 0.80212 0.11650 0.58568 0.80212 0.05853 0.59428 0.80212 0.00000 0.59716 0.80212 -0.05853 0.59428 0.80212 -0.11650 0.58568 0.80212 -0.17335 0.57145 0.80212 -0.22852 0.55170 0.80212 -0.28150 0.52665 0.80212 -0.33176 0.49652 0.80212 -0.37883 0.46161 0.80212 -0.42225 0.42225 0.80212 -0.46161 0.37883 0.80212 -0.49652 0.33176 0.80212 -0.52665 0.28150 0.80212 -0.55170 0.22852 0.80212 -0.57145 0.17335 0.80212 -0.58568 0.11650 0.80212 -0.59428 0.05853 0.80212 -0.59716 0.00000 0.80212 -0.59428 -0.05853 0.80212 -0.58568 -0.11650 0.80212 -0.57145 -0.17335 0.80212 -0.55170 -0.22852 0.80212 -0.52665 -0.28150 0.80212 -0.49652 -0.33176 0.80212 -0.46161 -0.37883 0.80212 -0.42225 -0.42225 0.80212 -0.37883 -0.46161 0.80212 -0.33176 -0.49652 0.80212 -0.28150 -0.52665 0.80212 -0.22852 -0.55170 0.80212 -0.17335 -0.57145 0.80212 -0.11650 -0.58568 0.80212 -0.05853 -0.59428 0.80212 -0.00000 -0.59716 0.80212 0.05853 -0.59428 0.80212 0.11650 -0.58568 0.80212 0.17335 -0.57145 0.80212 0.22852 -0.55170 0.80212 0.28150 -0.52665 0.80212 0.33176 -0.49652 0.80212 0.37883 -0.46161 0.80212 0.42225 -0.42225 0.80212 0.46161 -0.37883 0.80212 0.49652 -0.33176 0.80212 0.52665 -0.28150 0.80212 0.55170 -0.22852 0.80212 0.57145 -0.17335 0.80212 0.58568 -0.11650 0.80212 0.59428 -0.05853 0.80212 0.59716 -0.00000 0.80212 0.53115 0.00000 0.84728 0.52859 0.05206 0.84728 0.52095 0.10362 0.84728 0.50828 0.15419 0.84728 0.49072 0.20326 0.84728 0.46843 0.25038 0.84728 0.44164 0.29509 0.84728 0.41059 0.33696 0.84728 0.37558 0.37558 0.84728 0.33696 0.41059 0.84728 0.29509 0.44164 0.84728 0.25038 0.46843 0.84728 0.20326 0.49072 0.84728 0.15419 0.50828 0.84728 0.10362 0.52095 0.84728 0.05206 0.52859 0.84728 0.00000 0.53115 0.84728 -0.05206 0.52859 0.84728 -0.10362 0.52095 0.84728 -0.15419 0.50828 0.84728 -0.20326 0.49072 0.84728 -0.25038 0.46843 0.84728 -0.29509 0.44164 0.84728 -0.33696 0.41059 0.84728 -0.37558 0.37558 0.84728 -0.41059 0.33696 0.84728 -0.44164 0.29509 0.84728 -0.46843 0.25038 0.84728 -0.49072 0.20326 0.84728 -0.50828 0.15419 0.84728 -0.52095 0.10362 0.84728 -0.52859 0.05206 0.84728 -0.53115 0.00000 0.84728 -0.52859 -0.05206 0.84728 -0.52095 -0.10362 0.84728 -0.50828 -0.15419 0.84728 -0.49072 -0.20326 0.84728 -0.46843 -0.25038 0.84728 -0.44164 -0.29509 0.84728 -0.41059 -0.33696 0.84728 -0.37558 -0.37558 0.84728 -0.33696 -0.41059 0.84728 -0.29509 -0.44164 0.84728 -0.25038 -0.46843 0.84728 -0.20326 -0.49072 0.84728 -0.15419 -0.50828 0.84728 -0.10362 -0.52095 0.84728 -0.05206 -0.52859 0.84728 -0.00000 -0.53115 0.84728 0.05206 -0.52859 0.84728 0.10362 -0.52095 0.84728 0.15419 -0.50828 0.84728 0.20326 -0.49072 0.84728 0.25038 -0.46843 0.84728 0.29509 -0.44164 0.84728 0.33696 -0.41059 0.84728 0.37558 -0.37558 0.84728 0.41059 -0.33696 0.84728 0.44164 -0.29509 0.84728 0.46843 -0.25038 0.84728 0.49072 -0.20326 0.84728 0.50828 -0.15419 0.84728 0.52095 -0.10362 0.84728 0.52859 -0.05206 0.84728 0.53115 -0.00000 0.84728 0.46175 0.00000 0.88701 0.45953 0.04526 0.88701 0.45288 0.09008 0.88701 0.44187 0.13404 0.88701 0.42660 0.17670 0.88701 0.40723 0.21767 0.88701 0.38393 0.25653 0.88701 0.35694 0.29293 0.88701 0.32651 0.32651 0.88701 0.29293 0.35694 0.88701 0.25653 0.38393 0.88701 0.21767 0.40723 0.88701 0.17670 0.42660 0.88701 0.13404 0.44187 0.88701 0.09008 0.45288 0.88701 0.04526 0.45953 0.88701 0.00000 0.46175 0.88701 -0.04526 0.45953 0.88701 -0.09008 0.45288 0.88701 -0.13404 0.44187 0.88701 -0.17670 0.42660 0.88701 -0.21767 0.40723 0.88701 -0.25653 0.38393 0.88701 -0.29293 0.35694 0.88701 -0.32651 0.32651 0.88701 -0.35694 0.29293 0.88701 -0.38393 0.25653 0.88701 -0.40723 0.21767 0.88701 -0.42660 0.17670 0.88701 -0.44187 0.13404 0.88701 -0.45288 0.09008 0.88701 -0.45953 0.04526 0.88701 -0.46175 0.00000 0.88701 -0.45953 -0.04526 0.88701 -0.45288 -0.09008 0.88701 -0.44187 -0.13404 0.88701 -0.42660 -0.17670 0.88701 -0.40723 -0.21767 0.88701 -0.38393 -0.25653 0.88701 -0.35694 -0.29293 0.88701 -0.32651 -0.32651 0.88701 -0.29293 -0.35694 0.88701 -0.25653 -0.38393 0.88701 -0.21767 -0.40723 0.88701 -0.17670 -0.42660 0.88701 -0.13404 -0.44187 0.88701 -0.09008 -0.45288 0.88701 -0.04526 -0.45953 0.88701 -0.00000 -0.46175 0.88701 0.04526 -0.45953 0.88701 0.09008 -0.45288 0.88701 0.13404 -0.44187 0.88701 0.17670 -0.42660 0.88701 0.21767 -0.40723 0.88701 0.25653 -0.38393 0.88701 0.29293 -0.35694 0.88701 0.32651 -0.32651 0.88701 0.35694 -0.29293 0.88701 0.38393 -0.25653 0.88701 0.40723 -0.21767 0.88701 0.42660 -0.17670 0.88701 0.44187 -0.13404 0.88701 0.45288 -0.09008 0.88701 0.45953 -0.04526 0.88701 0.46175 -0.00000 0.88701 0.38939 0.00000 0.92107 0.38752 0.03817 0.92107 0.38191 0.07597 0.92107 0.37262 0.11303 0.92107 0.35975 0.14901 0.92107 0.34341 0.18356 0.92107 0.32377 0.21633 0.92107 0.30100 0.24703 0.92107 0.27534 0.27534 0.92107 0.24703 0.30100 0.92107 0.21633 0.32377 0.92107 0.18356 0.34341 0.92107 0.14901 0.35975 0.92107 0.11303 0.37262 0.92107 0.07597 0.38191 0.92107 0.03817 0.38752 0.92107 0.00000 0.38939 0.92107 -0.03817 0.38752 0.92107 -0.07597 0.38191 0.92107 -0.11303 0.37262 0.92107 -0.14901 0.35975 0.92107 -0.18356 0.34341 0.92107 -0.21633 0.32377 0.92107 -0.24703 0.30100 0.92107 -0.27534 0.27534 0.92107 -0.30100 0.24703 0.92107 -0.32377 0.21633 0.92107 -0.34341 0.18356 0.92107 -0.35975 0.14901 0.92107 -0.37262 0.11303 0.92107 -0.38191 0.07597 0.92107 -0.38752 0.03817 0.92107 -0.38939 0.00000 0.92107 -0.38752 -0.03817 0.92107 -0.38191 -0.07597 0.92107 -0.37262 -0.11303 0.92107 -0.35975 -0.14901 0.92107 -0.34341 -0.18356 0.92107 -0.32377 -0.21633 0.92107 -0.30100 -0.24703 0.92107 -0.27534 -0.27534 0.92107 -0.24703 -0.30100 0.92107 -0.21633 -0.32377 0.92107 -0.18356 -0.34341 0.92107 -0.14901 -0.35975 0.92107 -0.11303 -0.37262 0.92107 -0.07597 -0.38191 0.92107 -0.03817 -0.38752 0.92107 -0.00000 -0.38939 0.92107 0.03817 -0.38752 0.92107 0.07597 -0.38191 0.92107 0.11303 -0.37262 0.92107 0.14901 -0.35975 0.92107 0.18356 -0.34341 0.92107 0.21633 -0.32377 0.92107 0.24703 -0.30100 0.92107 0.27534 -0.27534 0.92107 0.30100 -0.24703 0.92107 0.32377 -0.21633 0.92107 0.34341 -0.18356 0.92107 0.35975 -0.14901 0.92107 0.37262 -0.11303 0.92107 0.38191 -0.07597 0.92107 0.38752 -0.03817 0.92107 0.38939 -0.00000 0.92107 0.31454 0.00000 0.94924 0.31303 0.03083 0.94924 0.30850 0.06136 0.94924 0.30100 0.09131 0.94924 0.29060 0.12037 0.94924 0.27740 0.14828 0.94924 0.26153 0.17475 0.94924 0.24315 0.19955 0.94924 0.22242 0.22242 0.94924 0.19955 0.24315 0.94924 0.17475 0.26153 0.94924 0.14828 0.27740 0.94924 0.12037 0.29060 0.94924 0.09131 0.30100 0.94924 0.06136 0.30850 0.94924 0.03083 0.31303 0.94924 0.00000 0.31454 0.94924 -0.03083 0.31303 0.94924 -0.06136 0.30850 0.94924 -0.09131 0.30100 0.94924 -0.12037 0.29060 0.94924 -0.14828 0.27740 0.94924 -0.17475 0.26153 0.94924 -0.19955 0.24315 0.94924 -0.22242 0.22242 0.94924 -0.24315 0.19955 0.94924 -0.26153 0.17475 0.94924 -0.27740 0.14828 0.94924 -0.29060 0.12037 0.94924 -0.30100 0.09131 0.94924 -0.30850 0.06136 0.94924 -0.31303 0.03083 0.94924 -0.31454 0.00000 0.94924 -0.31303 -0.03083 0.94924 -0.30850 -0.06136 0.94924 -0.30100 -0.09131 0.94924 -0.29060 -0.12037 0.94924 -0.27740 -0.14828 0.94924 -0.26153 -0.17475 0.94924 -0.24315 -0.19955 0.94924 -0.22242 -0.22242 0.94924 -0.19955 -0.24315 0.94924 -0.17475 -0.26153 0.94924 -0.14828 -0.27740 0.94924 -0.12037 -0.29060 0.94924 -0.09131 -0.30100 0.94924 -0.06136 -0.30850 0.94924 -0.03083 -0.31303 0.94924 -0.00000 -0.31454 0.94924 0.03083 -0.31303 0.94924 0.06136 -0.30850 0.94924 0.09131 -0.30100 0.94924 0.12037 -0.29060 0.94924 0.14828 -0.27740 0.94924 0.17475 -0.26153 0.94924 0.19955 -0.24315 0.94924 0.22242 -0.22242 0.94924 0.24315 -0.19955 0.94924 0.26153 -0.17475 0.94924 0.27740 -0.14828 0.94924 0.29060 -0.12037 0.94924 0.30100 -0.09131 0.94924 0.30850 -0.06136 0.94924 0.31303 -0.03083 0.94924 0.31454 -0.00000 0.94924 0.23769 0.00000 0.97134 0.23654 0.02330 0.97134 0.23312 0.04637 0.97134 0.22745 0.06900 0.97134 0.21959 0.09096 0.97134 0.20962 0.11204 0.97134 0.19763 0.13205 0.97134 0.18373 0.15079 0.97134 0.16807 0.16807 0.97134 0.15079 0.18373 0.97134 0.13205 0.19763 0.97134 0.11204 0.20962 0.97134 0.09096 0.21959 0.97134 0.06900 0.22745 0.97134 0.04637 0.23312 0.97134 0.02330 0.23654 0.97134 0.00000 0.23769 0.97134 -0.02330 0.23654 0.97134 -0.04637 0.23312 0.97134 -0.06900 0.22745 0.97134 -0.09096 0.21959 0.97134 -0.11204 0.20962 0.97134 -0.13205 0.19763 0.97134 -0.15079 0.18373 0.97134 -0.16807 0.16807 0.97134 -0.18373 0.15079 0.97134 -0.19763 0.13205 0.97134 -0.20962 0.11204 0.97134 -0.21959 0.09096 0.97134 -0.22745 0.06900 0.97134 -0.23312 0.04637 0.97134 -0.23654 0.02330 0.97134 -0.23769 0.00000 0.97134 -0.23654 -0.02330 0.97134 -0.23312 -0.04637 0.97134 -0.22745 -0.06900 0.97134 -0.21959 -0.09096 0.97134 -0.20962 -0.11204 0.97134 -0.19763 -0.13205 0.97134 -0.18373 -0.15079 0.97134 -0.16807 -0.16807 0.97134 -0.15079 -0.18373 0.97134 -0.13205 -0.19763 0.97134 -0.11204 -0.20962 0.97134 -0.09096 -0.21959 0.97134 -0.06900 -0.22745 0.97134 -0.04637 -0.23312 0.97134 -0.02330 -0.23654 0.97134 -0.00000 -0.23769 0.97134 0.02330 -0.23654 0.97134 0.04637 -0.23312 0.97134 0.06900 -0.22745 0.97134 0.09096 -0.21959 0.97134 0.11204 -0.20962 0.97134 0.13205 -0.19763 0.97134 0.15079 -0.18373 0.97134 0.16807 -0.16807 0.97134 0.18373 -0.15079 0.97134 0.19763 -0.13205 0.97134 0.20962 -0.11204 0.97134 0.21959 -0.09096 0.97134 0.22745 -0.06900 0.97134 0.23312 -0.04637 0.97134 0.23654 -0.02330 0.97134 0.23769 -0.00000 0.97134 0.15931 0.00000 0.98723 0.15854 0.01561 0.98723 0.15625 0.03108 0.98723 0.15245 0.04624 0.98723 0.14718 0.06096 0.98723 0.14050 0.07510 0.98723 0.13246 0.08851 0.98723 0.12315 0.10106 0.98723 0.11265 0.11265 0.98723 0.10106 0.12315 0.98723 0.08851 0.13246 0.98723 0.07510 0.14050 0.98723 0.06096 0.14718 0.98723 0.04624 0.15245 0.98723 0.03108 0.15625 0.98723 0.01561 0.15854 0.98723 0.00000 0.15931 0.98723 -0.01561 0.15854 0.98723 -0.03108 0.15625 0.98723 -0.04624 0.15245 0.98723 -0.06096 0.14718 0.98723 -0.07510 0.14050 0.98723 -0.08851 0.13246 0.98723 -0.10106 0.12315 0.98723 -0.11265 0.11265 0.98723 -0.12315 0.10106 0.98723 -0.13246 0.08851 0.98723 -0.14050 0.07510 0.98723 -0.14718 0.06096 0.98723 -0.15245 0.04624 0.98723 -0.15625 0.03108 0.98723 -0.15854 0.01561 0.98723 -0.15931 0.00000 0.98723 -0.15854 -0.01561 0.98723 -0.15625 -0.03108 0.98723 -0.15245 -0.04624 0.98723 -0.14718 -0.06096 0.98723 -0.14050 -0.07510 0.98723 -0.13246 -0.08851 0.98723 -0.12315 -0.10106 0.98723 -0.11265 -0.11265 0.98723 -0.10106 -0.12315 0.98723 -0.08851 -0.13246 0.98723 -0.07510 -0.14050 0.98723 -0.06096 -0.14718 0.98723 -0.04624 -0.15245 0.98723 -0.03108 -0.15625 0.98723 -0.01561 -0.15854 0.98723 -0.00000 -0.15931 0.98723 0.01561 -0.15854 0.98723 0.03108 -0.15625 0.98723 0.04624 -0.15245 0.98723 0.06096 -0.14718 0.98723 0.07510 -0.14050 0.98723 0.08851 -0.13246 0.98723 0.10106 -0.12315 0.98723 0.11265 -0.11265 0.98723 0.12315 -0.10106 0.98723 0.13246 -0.08851 0.98723 0.14050 -0.07510 0.98723 0.14718 -0.06096 0.98723 0.15245 -0.04624 0.98723 0.15625 -0.03108 0.98723 0.15854 -0.01561 0.98723 0.15931 -0.00000 0.98723 0.07991 0.00000 0.99680 0.07952 0.00783 0.99680 0.07837 0.01559 0.99680 0.07647 0.02320 0.99680 0.07383 0.03058 0.99680 0.07047 0.03767 0.99680 0.06644 0.04440 0.99680 0.06177 0.05069 0.99680 0.05650 0.05650 0.99680 0.05069 0.06177 0.99680 0.04440 0.06644 0.99680 0.03767 0.07047 0.99680 0.03058 0.07383 0.99680 0.02320 0.07647 0.99680 0.01559 0.07837 0.99680 0.00783 0.07952 0.99680 0.00000 0.07991 0.99680 -0.00783 0.07952 0.99680 -0.01559 0.07837 0.99680 -0.02320 0.07647 0.99680 -0.03058 0.07383 0.99680 -0.03767 0.07047 0.99680 -0.04440 0.06644 0.99680 -0.05069 0.06177 0.99680 -0.05650 0.05650 0.99680 -0.06177 0.05069 0.99680 -0.06644 0.04440 0.99680 -0.07047 0.03767 0.99680 -0.07383 0.03058 0.99680 -0.07647 0.02320 0.99680 -0.07837 0.01559 0.99680 -0.07952 0.00783 0.99680 -0.07991 0.00000 0.99680 -0.07952 -0.00783 0.99680 -0.07837 -0.01559 0.99680 -0.07647 -0.02320 0.99680 -0.07383 -0.03058 0.99680 -0.07047 -0.03767 0.99680 -0.06644 -0.04440 0.99680 -0.06177 -0.05069 0.99680 -0.05650 -0.05650 0.99680 -0.05069 -0.06177 0.99680 -0.04440 -0.06644 0.99680 -0.03767 -0.07047 0.99680 -0.03058 -0.07383 0.99680 -0.02320 -0.07647 0.99680 -0.01559 -0.07837 0.99680 -0.00783 -0.07952 0.99680 -0.00000 -0.07991 0.99680 0.00783 -0.07952 0.99680 0.01559 -0.07837 0.99680 0.02320 -0.07647 0.99680 0.03058 -0.07383 0.99680 0.03767 -0.07047 0.99680 0.04440 -0.06644 0.99680 0.05069 -0.06177 0.99680 0.05650 -0.05650 0.99680 0.06177 -0.05069 0.99680 0.06644 -0.04440 0.99680 0.07047 -0.03767 0.99680 0.07383 -0.03058 0.99680 0.07647 -0.02320 0.99680 0.07837 -0.01559 0.99680 0.07952 -0.00783 0.99680 0.07991 -0.00000 0.99680 0.00000 0.00000 1.00000 0.00000 0.00000 1.00000 0.00000 0.00000 1.00000 0.00000 0.00000 1.00000 0.00000 0.00000 1.00000 0.00000 0.00000 1.00000 0.00000 0.00000 1.00000 0.00000 0.00000 1.00000 0.00000 0.00000 1.00000 0.00000 0.00000 1.00000 0.00000 0.00000 1.00000 0.00000 0.00000 1.00000 0.00000 0.00000 1.00000 0.00000 0.00000 1.00000 0.00000 0.00000 1.00000 0.00000 0.00000 1.00000 0.00000 0.00000 1.00000 -0.00000 0.00000 1.00000 -0.00000 0.00000 1.00000 -0.00000 0.00000 1.00000 -0.00000 0.00000 1.00000 -0.00000 0.00000 1.00000 -0.00000 0.00000 1.00000 -0.00000 0.00000 1.00000 -0.00000 0.00000 1.00000 -0.00000 0.00000 1.00000 -0.00000 0.00000 1.00000 -0.00000 0.00000 1.00000 -0.00000 0.00000 1.00000 -0.00000 0.00000 1.00000 -0.00000 0.00000 1.00000 -0.00000 0.00000 1.00000 -0.00000 0.00000 1.00000 -0.00000 -0.00000 1.00000 -0.00000 -0.00000 1.00000 -0.00000 -0.00000 1.00000 -0.00000 -0.00000 1.00000 -0.00000 -0.00000 1.00000 -0.00000 -0.00000 1.00000 -0.00000 -0.00000 1.00000 -0.00000 -0.00000 1.00000 -0.00000 -0.00000 1.00000 -0.00000 -0.00000 1.00000 -0.00000 -0.00000 1.00000 -0.00000 -0.00000 1.00000 -0.00000 -0.00000 1.00000 -0.00000 -0.00000 1.00000 -0.00000 -0.00000 1.00000 -0.00000 -0.00000 1.00000 0.00000 -0.00000 1.00000 0.00000 -0.00000 1.00000 0.00000 -0.00000 1.00000 0.00000 -0.00000 1.00000 0.00000 -0.00000 1.00000 0.00000 -0.00000 1.00000 0.00000 -0.00000 1.00000 0.00000 -0.00000 1.00000 0.00000 -0.00000 1.00000 0.00000 -0.00000 1.00000 0.00000 -0.00000 1.00000 0.00000 -0.00000 1.00000 0.00000 -0.00000 1.00000 0.00000 -0.00000 1.00000 0.00000 -0.00000 1.00000 0.00000 -0.00000 1.00000</float_array>
      <technique_common><accessor source="#p-a" count="1625" stride="3"><param name="X" type="float"/><param name="Y" type="float"/><param name="Z" type="float"/></accessor></technique_common></source>
    <source id="n"><float_array id="n-a" count="4875">-0.93969 -0.00000 0.34202 -0.93517 -0.09211 0.34202 -0.92164 -0.18332 0.34202 -0.89923 -0.27278 0.34202 -0.86816 -0.35960 0.34202 -0.82873 -0.44297 0.34202 -0.78133 -0.52207 0.34202 -0.72639 -0.59613 0.34202 -0.66446 -0.66446 0.34202 -0.59613 -0.72639 0.34202 -0.52207 -0.78133 0.34202 -0.44297 -0.82873 0.34202 -0.35960 -0.86816 0.34202 -0.27278 -0.89923 0.34202 -0.18332 -0.92164 0.34202 -0.09211 -0.93517 0.34202 -0.00000 -0.93969 0.34202 0.09211 -0.93517 0.34202 0.18332 -0.92164 0.34202 0.27278 -0.89923 0.34202 0.35960 -0.86816 0.34202 0.44297 -0.82873 0.34202 0.52207 -0.78133 0.34202 0.59613 -0.72639 0.34202 0.66446 -0.66446 0.34202 0.72639 -0.59613 0.34202 0.78133 -0.52207 0.34202 0.82873 -0.44297 0.34202 0.86816 -0.35960 0.34202 0.89923 -0.27278 0.34202 0.92164 -0.18332 0.34202 0.93517 -0.09211 0.34202 0.93969 -0.00000 0.34202 0.93517 0.09211 0.34202 0.92164 0.18332 0.34202 0.89923 0.27278 0.34202 0.86816 0.35960 0.34202 0.82873 0.44297 0.34202 0.78133 0.52207 0.34202 0.72639 0.59613 0.34202 0.66446 0.66446 0.34202 0.59613 0.72639 0.34202 0.52207 0.78133 0.34202 0.44297 0.82873 0.34202 0.35960 0.86816 0.34202 0.27278 0.89923 0.34202 0.18332 0.92164 0.34202 0.09211 0.93517 0.34202 0.00000 0.93969 0.34202 -0.09211 0.93517 0.34202 -0.18332 0.92164 0.34202 -0.27278 0.89923 0.34202 -0.35960 0.86816 0.34202 -0.44297 0.82873 0.34202 -0.52207 0.78133 0.34202 -0.59613 0.72639 0.34202 -0.66446 0.66446 0.34202 -0.72639 0.59613 0.34202 -0.78133 0.52207 0.34202 -0.82873 0.44297 0.34202 -0.86816 0.35960 0.34202 -0.89923 0.27278 0.34202 -0.92164 0.18332 0.34202 -0.93517 0.09211 0.34202 -0.93969 0.00000 0.34202 -0.96402 -0.00000 0.26584 -0.95938 -0.09449 0.26584 -0.94549 -0.18807 0.26584 -0.92251 -0.27984 0.26584 -0.89064 -0.36891 0.26584 -0.85019 -0.45443 0.26584 -0.80155 -0.53558 0.26584 -0.74520 -0.61157 0.26584 -0.68166 -0.68166 0.26584 -0.61157 -0.74520 0.26584 -0.53558 -0.80155 0.26584 -0.45443 -0.85019 0.26584 -0.36891 -0.89064 0.26584 -0.27984 -0.92251 0.26584 -0.18807 -0.94549 0.26584 -0.09449 -0.95938 0.26584 -0.00000 -0.96402 0.26584 0.09449 -0.95938 0.26584 0.18807 -0.94549 0.26584 0.27984 -0.92251 0.26584 0.36891 -0.89064 0.26584 0.45443 -0.85019 0.26584 0.53558 -0.80155 0.26584 0.61157 -0.74520 0.26584 0.68166 -0.68166 0.26584 0.74520 -0.61157 0.26584 0.80155 -0.53558 0.26584 0.85019 -0.45443 0.26584 0.89064 -0.36891 0.26584 0.92251 -0.27984 0.26584 0.94549 -0.18807 0.26584 0.95938 -0.09449 0.26584 0.96402 -0.00000 0.26584 0.95938 0.09449 0.26584 0.94549 0.18807 0.26584 0.92251 0.27984 0.26584 0.89064 0.36891 0.26584 0.85019 0.45443 0.26584 0.80155 0.53558 0.26584 0.74520 0.61157 0.26584 0.68166 0.68166 0.26584 0.61157 0.74520 0.26584 0.53558 0.80155 0.26584 0.45443 0.85019 0.26584 0.36891 0.89064 0.26584 0.27984 0.92251 0.26584 0.18807 0.94549 0.26584 0.09449 0.95938 0.26584 0.00000 0.96402 0.26584 -0.09449 0.95938 0.26584 -0.18807 0.94549 0.26584 -0.27984 0.92251 0.26584 -0.36891 0.89064 0.26584 -0.45443 0.85019 0.26584 -0.53558 0.80155 0.26584 -0.61157 0.74520 0.26584 -0.68166 0.68166 0.26584 -0.74520 0.61157 0.26584 -0.80155 0.53558 0.26584 -0.85019 0.45443 0.26584 -0.89064 0.36891 0.26584 -0.92251 0.27984 0.26584 -0.94549 0.18807 0.26584 -0.95938 0.09449 0.26584 -0.96402 0.00000 0.26584 -0.98218 -0.00000 0.18795 -0.97745 -0.09627 0.18795 -0.96331 -0.19161 0.18795 -0.93989 -0.28511 0.18795 -0.90741 -0.37586 0.18795 -0.86620 -0.46300 0.18795 -0.81665 -0.54567 0.18795 -0.75923 -0.62309 0.18795 -0.69450 -0.69450 0.18795 -0.62309 -0.75923 0.18795 -0.54567 -0.81665 0.18795 -0.46300 -0.86620 0.18795 -0.37586 -0.90741 0.18795 -0.28511 -0.93989 0.18795 -0.19161 -0.96331 0.18795 -0.09627 -0.97745 0.18795 -0.00000 -0.98218 0.18795 0.09627 -0.97745 0.18795 0.19161 -0.96331 0.18795 0.28511 -0.93989 0.18795 0.37586 -0.90741 0.18795 0.46300 -0.86620 0.18795 0.54567 -0.81665 0.18795 0.62309 -0.75923 0.18795 0.69450 -0.69450 0.18795 0.75923 -0.62309 0.18795 0.81665 -0.54567 0.18795 0.86620 -0.46300 0.18795 0.90741 -0.37586 0.18795 0.93989 -0.28511 0.18795 0.96331 -0.19161 0.18795 0.97745 -0.09627 0.18795 0.98218 -0.00000 0.18795 0.97745 0.09627 0.18795 0.96331 0.19161 0.18795 0.93989 0.28511 0.18795 0.90741 0.37586 0.18795 0.86620 0.46300 0.18795 0.81665 0.54567 0.18795 0.75923 0.62309 0.18795 0.69450 0.69450 0.18795 0.62309 0.75923 0.18795 0.54567 0.81665 0.18795 0.46300 0.86620 0.18795 0.37586 0.90741 0.18795 0.28511 0.93989 0.18795 0.19161 0.96331 0.18795 0.09627 0.97745 0.18795 0.00000 0.98218 0.18795 -0.09627 0.97745 0.18795 -0.19161 0.96331 0.18795 -0.28511 0.93989 0.18795 -0.37586 0.90741 0.18795 -0.46300 0.86620 0.18795 -0.54567 0.81665 0.18795 -0.62309 0.75923 0.18795 -0.69450 0.69450 0.18795 -0.75923 0.62309 0.18795 -0.81665 0.54567 0.18795 -0.86620 0.46300 0.18795 -0.90741 0.37586 0.18795 -0.93989 0.28511 0.18795 -0.96331 0.19161 0.18795 -0.97745 0.09627 0.18795 -0.98218 0.00000 0.18795 -0.99406 -0.00000 0.10887 -0.98927 -0.09743 0.10887 -0.97496 -0.19393 0.10887 -0.95125 -0.28856 0.10887 -0.91839 -0.38041 0.10887 -0.87668 -0.46859 0.10887 -0.82653 -0.55227 0.10887 -0.76842 -0.63062 0.10887 -0.70290 -0.70290 0.10887 -0.63062 -0.76842 0.10887 -0.55227 -0.82653 0.10887 -0.46859 -0.87668 0.10887 -0.38041 -0.91839 0.10887 -0.28856 -0.95125 0.10887 -0.19393 -0.97496 0.10887 -0.09743 -0.98927 0.10887 -0.00000 -0.99406 0.10887 0.09743 -0.98927 0.10887 0.19393 -0.97496 0.10887 0.28856 -0.95125 0.10887 0.38041 -0.91839 0.10887 0.46859 -0.87668 0.10887 0.55227 -0.82653 0.10887 0.63062 -0.76842 0.10887 0.70290 -0.70290 0.10887 0.76842 -0.63062 0.10887 0.82653 -0.55227 0.10887 0.87668 -0.46859 0.10887 0.91839 -0.38041 0.10887 0.95125 -0.28856 0.10887 0.97496 -0.19393 0.10887 0.98927 -0.09743 0.10887 0.99406 -0.00000 0.10887 0.98927 0.09743 0.10887 0.97496 0.19393 0.10887 0.95125 0.28856 0.10887 0.91839 0.38041 0.10887 0.87668 0.46859 0.10887 0.82653 0.55227 0.10887 0.76842 0.63062 0.10887 0.70290 0.70290 0.10887 0.63062 0.76842 0.10887 0.55227 0.82653 0.10887 0.46859 0.87668 0.10887 0.38041 0.91839 0.10887 0.28856 0.95125 0.10887 0.19393 0.97496 0.10887 0.09743 0.98927 0.10887 0.00000 0.99406 0.10887 -0.09743 0.98927 0.10887 -0.19393 0.97496 0.10887 -0.28856 0.95125 0.10887 -0.38041 0.91839 0.10887 -0.46859 0.87668 0.10887 -0.55227 0.82653 0.10887 -0.63062 0.76842 0.10887 -0.70290 0.70290 0.10887 -0.76842 0.63062 0.10887 -0.82653 0.55227 0.10887 -0.87668 0.46859 0.10887 -0.91839 0.38041 0.10887 -0.95125 0.28856 0.10887 -0.97496 0.19393 0.10887 -0.98927 0.09743 0.10887 -0.99406 0.00000 0.10887 -0.99958 -0.00000 0.02908 -0.99476 -0.09798 0.02908 -0.98037 -0.19501 0.02908 -0.95654 -0.29016 0.02908 -0.92349 -0.38252 0.02908 -0.88155 -0.47120 0.02908 -0.83112 -0.55534 0.02908 -0.77268 -0.63412 0.02908 -0.70681 -0.70681 0.02908 -0.63412 -0.77268 0.02908 -0.55534 -0.83112 0.02908 -0.47120 -0.88155 0.02908 -0.38252 -0.92349 0.02908 -0.29016 -0.95654 0.02908 -0.19501 -0.98037 0.02908 -0.09798 -0.99476 0.02908 -0.00000 -0.99958 0.02908 0.09798 -0.99476 0.02908 0.19501 -0.98037 0.02908 0.29016 -0.95654 0.02908 0.38252 -0.92349 0.02908 0.47120 -0.88155 0.02908 0.55534 -0.83112 0.02908 0.63412 -0.77268 0.02908 0.70681 -0.70681 0.02908 0.77268 -0.63412 0.02908 0.83112 -0.55534 0.02908 0.88155 -0.47120 0.02908 0.92349 -0.38252 0.02908 0.95654 -0.29016 0.02908 0.98037 -0.19501 0.02908 0.99476 -0.09798 0.02908 0.99958 -0.00000 0.02908 0.99476 0.09798 0.02908 0.98037 0.19501 0.02908 0.95654 0.29016 0.02908 0.92349 0.38252 0.02908 0.88155 0.47120 0.02908 0.83112 0.55534 0.02908 0.77268 0.63412 0.02908 0.70681 0.70681 0.02908 0.63412 0.77268 0.02908 0.55534 0.83112 0.02908 0.47120 0.88155 0.02908 0.38252 0.92349 0.02908 0.29016 0.95654 0.02908 0.19501 0.98037 0.02908 0.09798 0.99476 0.02908 0.00000 0.99958 0.02908 -0.09798 0.99476 0.02908 -0.19501 0.98037 0.02908 -0.29016 0.95654 0.02908 -0.38252 0.92349 0.02908 -0.47120 0.88155 0.02908 -0.55534 0.83112 0.02908 -0.63412 0.77268 0.02908 -0.70681 0.70681 0.02908 -0.77268 0.63412 0.02908 -0.83112 0.55534 0.02908 -0.88155 0.47120 0.02908 -0.92349 0.38252 0.02908 -0.95654 0.29016 0.02908 -0.98037 0.19501 0.02908 -0.99476 0.09798 0.02908 -0.99958 0.00000 0.02908 -0.99870 -0.00000 -0.05088 -0.99390 -0.09789 -0.05088 -0.97951 -0.19484 -0.05088 -0.95570 -0.28991 -0.05088 -0.92268 -0.38219 -0.05088 -0.88078 -0.47079 -0.05088 -0.83039 -0.55485 -0.05088 -0.77201 -0.63357 -0.05088 -0.70619 -0.70619 -0.05088 -0.63357 -0.77201 -0.05088 -0.55485 -0.83039 -0.05088 -0.47079 -0.88078 -0.05088 -0.38219 -0.92268 -0.05088 -0.28991 -0.95570 -0.05088 -0.19484 -0.97951 -0.05088 -0.09789 -0.99390 -0.05088 -0.00000 -0.99870 -0.05088 0.09789 -0.99390 -0.05088 0.19484 -0.97951 -0.05088 0.28991 -0.95570 -0.05088 0.38219 -0.92268 -0.05088 0.47079 -0.88078 -0.05088 0.55485 -0.83039 -0.05088 0.63357 -0.77201 -0.05088 0.70619 -0.70619 -0.05088 0.77201 -0.63357 -0.05088 0.83039 -0.55485 -0.05088 0.88078 -0.47079 -0.05088 0.92268 -0.38219 -0.05088 0.95570 -0.28991 -0.05088 0.97951 -0.19484 -0.05088 0.99390 -0.09789 -0.05088 0.99870 -0.00000 -0.05088 0.99390 0.09789 -0.05088 0.97951 0.19484 -0.05088 0.95570 0.28991 -0.05088 0.92268 0.38219 -0.05088 0.88078 0.47079 -0.05088 0.83039 0.55485 -0.05088 0.77201 0.63357 -0.05088 0.70619 0.70619 -0.05088 0.63357 0.77201 -0.05088 0.55485 0.83039 -0.05088 0.47079 0.88078 -0.05088 0.38219 0.92268 -0.05088 0.28991 0.95570 -0.05088 0.19484 0.97951 -0.05088 0.09789 0.99390 -0.05088 0.00000 0.99870 -0.05088 -0.09789 0.99390 -0.05088 -0.19484 0.97951 -0.05088 -0.28991 0.95570 -0.05088 -0.38219 0.92268 -0.05088 -0.47079 0.88078 -0.05088 -0.55485 0.83039 -0.05088 -0.63357 0.77201 -0.05088 -0.70619 0.70619 -0.05088 -0.77201 0.63357 -0.05088 -0.83039 0.55485 -0.05088 -0.88078 0.47079 -0.05088 -0.92268 0.38219 -0.05088 -0.95570 0.28991 -0.05088 -0.97951 0.19484 -0.05088 -0.99390 0.09789 -0.05088 -0.99870 0.00000 -0.05088 -0.99144 -0.00000 -0.13053 -0.98667 -0.09718 -0.13053 -0.97239 -0.19342 -0.13053 -0.94875 -0.28780 -0.13053 -0.91598 -0.37941 -0.13053 -0.87438 -0.46736 -0.13053 -0.82436 -0.55082 -0.13053 -0.76640 -0.62897 -0.13053 -0.70106 -0.70106 -0.13053 -0.62897 -0.76640 -0.13053 -0.55082 -0.82436 -0.13053 -0.46736 -0.87438 -0.13053 -0.37941 -0.91598 -0.13053 -0.28780 -0.94875 -0.13053 -0.19342 -0.97239 -0.13053 -0.09718 -0.98667 -0.13053 -0.00000 -0.99144 -0.13053 0.09718 -0.98667 -0.13053 0.19342 -0.97239 -0.13053 0.28780 -0.94875 -0.13053 0.37941 -0.91598 -0.13053 0.46736 -0.87438 -0.13053 0.55082 -0.82436 -0.13053 0.62897 -0.76640 -0.13053 0.70106 -0.70106 -0.13053 0.76640 -0.62897 -0.13053 0.82436 -0.55082 -0.13053 0.87438 -0.46736 -0.13053 0.91598 -0.37941 -0.13053 0.94875 -0.28780 -0.13053 0.97239 -0.19342 -0.13053 0.98667 -0.09718 -0.13053 0.99144 -0.00000 -0.13053 0.98667 0.09718 -0.13053 0.97239 0.19342 -0.13053 0.94875 0.28780 -0.13053 0.91598 0.37941 -0.13053 0.87438 0.46736 -0.13053 0.82436 0.55082 -0.13053 0.76640 0.62897 -0.13053 0.70106 0.70106 -0.13053 0.62897 0.76640 -0.13053 0.55082 0.82436 -0.13053 0.46736 0.87438 -0.13053 0.37941 0.91598 -0.13053 0.28780 0.94875 -0.13053 0.19342 0.97239 -0.13053 0.09718 0.98667 -0.13053 0.00000 0.99144 -0.13053 -0.09718 0.98667 -0.13053 -0.19342 0.97239 -0.13053 -0.28780 0.94875 -0.13053 -0.37941 0.91598 -0.13053 -0.46736 0.87438 -0.13053 -0.55082 0.82436 -0.13053 -0.62897 0.76640 -0.13053 -0.70106 0.70106 -0.13053 -0.76640 0.62897 -0.13053 -0.82436 0.55082 -0.13053 -0.87438 0.46736 -0.13053 -0.91598 0.37941 -0.13053 -0.94875 0.28780 -0.13053 -0.97239 0.19342 -0.13053 -0.98667 0.09718 -0.13053 -0.99144 0.00000 -0.13053 -0.97784 -0.00000 -0.20933 -0.97314 -0.09585 -0.20933 -0.95906 -0.19077 -0.20933 -0.93574 -0.28385 -0.20933 -0.90341 -0.37420 -0.20933 -0.86238 -0.46095 -0.20933 -0.81305 -0.54326 -0.20933 -0.75588 -0.62034 -0.20933 -0.69144 -0.69144 -0.20933 -0.62034 -0.75588 -0.20933 -0.54326 -0.81305 -0.20933 -0.46095 -0.86238 -0.20933 -0.37420 -0.90341 -0.20933 -0.28385 -0.93574 -0.20933 -0.19077 -0.95906 -0.20933 -0.09585 -0.97314 -0.20933 -0.00000 -0.97784 -0.20933 0.09585 -0.97314 -0.20933 0.19077 -0.95906 -0.20933 0.28385 -0.93574 -0.20933 0.37420 -0.90341 -0.20933 0.46095 -0.86238 -0.20933 0.54326 -0.81305 -0.20933 0.62034 -0.75588 -0.20933 0.69144 -0.69144 -0.20933 0.75588 -0.62034 -0.20933 0.81305 -0.54326 -0.20933 0.86238 -0.46095 -0.20933 0.90341 -0.37420 -0.20933 0.93574 -0.28385 -0.20933 0.95906 -0.19077 -0.20933 0.97314 -0.09585 -0.20933 0.97784 -0.00000 -0.20933 0.97314 0.09585 -0.20933 0.95906 0.19077 -0.20933 0.93574 0.28385 -0.20933 0.90341 0.37420 -0.20933 0.86238 0.46095 -0.20933 0.81305 0.54326 -0.20933 0.75588 0.62034 -0.20933 0.69144 0.69144 -0.20933 0.62034 0.75588 -0.20933 0.54326 0.81305 -0.20933 0.46095 0.86238 -0.20933 0.37420 0.90341 -0.20933 0.28385 0.93574 -0.20933 0.19077 0.95906 -0.20933 0.09585 0.97314 -0.20933 0.00000 0.97784 -0.20933 -0.09585 0.97314 -0.20933 -0.19077 0.95906 -0.20933 -0.28385 0.93574 -0.20933 -0.37420 0.90341 -0.20933 -0.46095 0.86238 -0.20933 -0.54326 0.81305 -0.20933 -0.62034 0.75588 -0.20933 -0.69144 0.69144 -0.20933 -0.75588 0.62034 -0.20933 -0.81305 0.54326 -0.20933 -0.86238 0.46095 -0.20933 -0.90341 0.37420 -0.20933 -0.93574 0.28385 -0.20933 -0.95906 0.19077 -0.20933 -0.97314 0.09585 -0.20933 -0.97784 0.00000 -0.20933 -0.95799 -0.00000 -0.28680 -0.95338 -0.09390 -0.28680 -0.93958 -0.18689 -0.28680 -0.91674 -0.27809 -0.28680 -0.88507 -0.36661 -0.28680 -0.84487 -0.45159 -0.28680 -0.79654 -0.53223 -0.28680 -0.74054 -0.60774 -0.28680 -0.67740 -0.67740 -0.28680 -0.60774 -0.74054 -0.28680 -0.53223 -0.79654 -0.28680 -0.45159 -0.84487 -0.28680 -0.36661 -0.88507 -0.28680 -0.27809 -0.91674 -0.28680 -0.18689 -0.93958 -0.28680 -0.09390 -0.95338 -0.28680 -0.00000 -0.95799 -0.28680 0.09390 -0.95338 -0.28680 0.18689 -0.93958 -0.28680 0.27809 -0.91674 -0.28680 0.36661 -0.88507 -0.28680 0.45159 -0.84487 -0.28680 0.53223 -0.79654 -0.28680 0.60774 -0.74054 -0.28680 0.67740 -0.67740 -0.28680 0.74054 -0.60774 -0.28680 0.79654 -0.53223 -0.28680 0.84487 -0.45159 -0.28680 0.88507 -0.36661 -0.28680 0.91674 -0.27809 -0.28680 0.93958 -0.18689 -0.28680 0.95338 -0.09390 -0.28680 0.95799 -0.00000 -0.28680 0.95338 0.09390 -0.28680 0.93958 0.18689 -0.28680 0.91674 0.27809 -0.28680 0.88507 0.36661 -0.28680 0.84487 0.45159 -0.28680 0.79654 0.53223 -0.28680 0.74054 0.60774 -0.28680 0.67740 0.67740 -0.28680 0.60774 0.74054 -0.28680 0.53223 0.79654 -0.28680 0.45159 0.84487 -0.28680 0.36661 0.88507 -0.28680 0.27809 0.91674 -0.28680 0.18689 0.93958 -0.28680 0.09390 0.95338 -0.28680 0.00000 0.95799 -0.28680 -0.09390 0.95338 -0.28680 -0.18689 0.93958 -0.28680 -0.27809 0.91674 -0.28680 -0.36661 0.88507 -0.28680 -0.45159 0.84487 -0.28680 -0.53223 0.79654 -0.28680 -0.60774 0.74054 -0.28680 -0.67740 0.67740 -0.28680 -0.74054 0.60774 -0.28680 -0.79654 0.53223 -0.28680 -0.84487 0.45159 -0.28680 -0.88507 0.36661 -0.28680 -0.91674 0.27809 -0.28680 -0.93958 0.18689 -0.28680 -0.95338 0.09390 -0.28680 -0.95799 0.00000 -0.28680 -0.93201 -0.00000 -0.36244 -0.92752 -0.09135 -0.36244 -0.91410 -0.18183 -0.36244 -0.89188 -0.27055 -0.36244 -0.86106 -0.35666 -0.36244 -0.82196 -0.43935 -0.36244 -0.77494 -0.51780 -0.36244 -0.72045 -0.59126 -0.36244 -0.65903 -0.65903 -0.36244 -0.59126 -0.72045 -0.36244 -0.51780 -0.77494 -0.36244 -0.43935 -0.82196 -0.36244 -0.35666 -0.86106 -0.36244 -0.27055 -0.89188 -0.36244 -0.18183 -0.91410 -0.36244 -0.09135 -0.92752 -0.36244 -0.00000 -0.93201 -0.36244 0.09135 -0.92752 -0.36244 0.18183 -0.91410 -0.36244 0.27055 -0.89188 -0.36244 0.35666 -0.86106 -0.36244 0.43935 -0.82196 -0.36244 0.51780 -0.77494 -0.36244 0.59126 -0.72045 -0.36244 0.65903 -0.65903 -0.36244 0.72045 -0.59126 -0.36244 0.77494 -0.51780 -0.36244 0.82196 -0.43935 -0.36244 0.86106 -0.35666 -0.36244 0.89188 -0.27055 -0.36244 0.91410 -0.18183 -0.36244 0.92752 -0.09135 -0.36244 0.93201 -0.00000 -0.36244 0.92752 0.09135 -0.36244 0.91410 0.18183 -0.36244 0.89188 0.27055 -0.36244 0.86106 0.35666 -0.36244 0.82196 0.43935 -0.36244 0.77494 0.51780 -0.36244 0.72045 0.59126 -0.36244 0.65903 0.65903 -0.36244 0.59126 0.72045 -0.36244 0.51780 0.77494 -0.36244 0.43935 0.82196 -0.36244 0.35666 0.86106 -0.36244 0.27055 0.89188 -0.36244 0.18183 0.91410 -0.36244 0.09135 0.92752 -0.36244 0.00000 0.93201 -0.36244 -0.09135 0.92752 -0.36244 -0.18183 0.91410 -0.36244 -0.27055 0.89188 -0.36244 -0.35666 0.86106 -0.36244 -0.43935 0.82196 -0.36244 -0.51780 0.77494 -0.36244 -0.59126 0.72045 -0.36244 -0.65903 0.65903 -0.36244 -0.72045 0.59126 -0.36244 -0.77494 0.51780 -0.36244 -0.82196 0.43935 -0.36244 -0.86106 0.35666 -0.36244 -0.89188 0.27055 -0.36244 -0.91410 0.18183 -0.36244 -0.92752 0.09135 -0.36244 -0.93201 0.00000 -0.36244 -0.90007 -0.00000 -0.43575 -0.89573 -0.08822 -0.43575 -0.88277 -0.17559 -0.43575 -0.86131 -0.26128 -0.43575 -0.83155 -0.34444 -0.43575 -0.79379 -0.42429 -0.43575 -0.74838 -0.50005 -0.43575 -0.69576 -0.57100 -0.43575 -0.63644 -0.63644 -0.43575 -0.57100 -0.69576 -0.43575 -0.50005 -0.74838 -0.43575 -0.42429 -0.79379 -0.43575 -0.34444 -0.83155 -0.43575 -0.26128 -0.86131 -0.43575 -0.17559 -0.88277 -0.43575 -0.08822 -0.89573 -0.43575 -0.00000 -0.90007 -0.43575 0.08822 -0.89573 -0.43575 0.17559 -0.88277 -0.43575 0.26128 -0.86131 -0.43575 0.34444 -0.83155 -0.43575 0.42429 -0.79379 -0.43575 0.50005 -0.74838 -0.43575 0.57100 -0.69576 -0.43575 0.63644 -0.63644 -0.43575 0.69576 -0.57100 -0.43575 0.74838 -0.50005 -0.43575 0.79379 -0.42429 -0.43575 0.83155 -0.34444 -0.43575 0.86131 -0.26128 -0.43575 0.88277 -0.17559 -0.43575 0.89573 -0.08822 -0.43575 0.90007 -0.00000 -0.43575 0.89573 0.08822 -0.43575 0.88277 0.17559 -0.43575 0.86131 0.26128 -0.43575 0.83155 0.34444 -0.43575 0.79379 0.42429 -0.43575 0.74838 0.50005 -0.43575 0.69576 0.57100 -0.43575 0.63644 0.63644 -0.43575 0.57100 0.69576 -0.43575 0.50005 0.74838 -0.43575 0.42429 0.79379 -0.43575 0.34444 0.83155 -0.43575 0.26128 0.86131 -0.43575 0.17559 0.88277 -0.43575 0.08822 0.89573 -0.43575 0.00000 0.90007 -0.43575 -0.08822 0.89573 -0.43575 -0.17559 0.88277 -0.43575 -0.26128 0.86131 -0.43575 -0.34444 0.83155 -0.43575 -0.42429 0.79379 -0.43575 -0.50005 0.74838 -0.43575 -0.57100 0.69576 -0.43575 -0.63644 0.63644 -0.43575 -0.69576 0.57100 -0.43575 -0.74838 0.50005 -0.43575 -0.79379 0.42429 -0.43575 -0.83155 0.34444 -0.43575 -0.86131 0.26128 -0.43575 -0.88277 0.17559 -0.43575 -0.89573 0.08822 -0.43575 -0.90007 0.00000 -0.43575 -0.86237 -0.00000 -0.50628 -0.85821 -0.08453 -0.50628 -0.84580 -0.16824 -0.50628 -0.82523 -0.25033 -0.50628 -0.79672 -0.33001 -0.50628 -0.76054 -0.40652 -0.50628 -0.71703 -0.47911 -0.50628 -0.66662 -0.54708 -0.50628 -0.60979 -0.60979 -0.50628 -0.54708 -0.66662 -0.50628 -0.47911 -0.71703 -0.50628 -0.40652 -0.76054 -0.50628 -0.33001 -0.79672 -0.50628 -0.25033 -0.82523 -0.50628 -0.16824 -0.84580 -0.50628 -0.08453 -0.85821 -0.50628 -0.00000 -0.86237 -0.50628 0.08453 -0.85821 -0.50628 0.16824 -0.84580 -0.50628 0.25033 -0.82523 -0.50628 0.33001 -0.79672 -0.50628 0.40652 -0.76054 -0.50628 0.47911 -0.71703 -0.50628 0.54708 -0.66662 -0.50628 0.60979 -0.60979 -0.50628 0.66662 -0.54708 -0.50628 0.71703 -0.47911 -0.50628 0.76054 -0.40652 -0.50628 0.79672 -0.33001 -0.50628 0.82523 -0.25033 -0.50628 0.84580 -0.16824 -0.50628 0.85821 -0.08453 -0.50628 0.86237 -0.00000 -0.50628 0.85821 0.08453 -0.50628 0.84580 0.16824 -0.50628 0.82523 0.25033 -0.50628 0.79672 0.33001 -0.50628 0.76054 0.40652 -0.50628 0.71703 0.47911 -0.50628 0.66662 0.54708 -0.50628 0.60979 0.60979 -0.50628 0.54708 0.66662 -0.50628 0.47911 0.71703 -0.50628 0.40652 0.76054 -0.50628 0.33001 0.79672 -0.50628 0.25033 0.82523 -0.50628 0.16824 0.84580 -0.50628 0.08453 0.85821 -0.50628 0.00000 0.86237 -0.50628 -0.08453 0.85821 -0.50628 -0.16824 0.84580 -0.50628 -0.25033 0.82523 -0.50628 -0.33001 0.79672 -0.50628 -0.40652 0.76054 -0.50628 -0.47911 0.71703 -0.50628 -0.54708 0.66662 -0.50628 -0.60979 0.60979 -0.50628 -0.66662 0.54708 -0.50628 -0.71703 0.47911 -0.50628 -0.76054 0.40652 -0.50628 -0.79672 0.33001 -0.50628 -0.82523 0.25033 -0.50628 -0.84580 0.16824 -0.50628 -0.85821 0.08453 -0.50628 -0.86237 0.00000 -0.50628 -0.81915 -0.00000 -0.57358 -0.81521 -0.08029 -0.57358 -0.80341 -0.15981 -0.57358 -0.78388 -0.23779 -0.57358 -0.75680 -0.31348 -0.57358 -0.72243 -0.38615 -0.57358 -0.68110 -0.45510 -0.57358 -0.63321 -0.51966 -0.57358 -0.57923 -0.57923 -0.57358 -0.51966 -0.63321 -0.57358 -0.45510 -0.68110 -0.57358 -0.38615 -0.72243 -0.57358 -0.31348 -0.75680 -0.57358 -0.23779 -0.78388 -0.57358 -0.15981 -0.80341 -0.57358 -0.08029 -0.81521 -0.57358 -0.00000 -0.81915 -0.57358 0.08029 -0.81521 -0.57358 0.15981 -0.80341 -0.57358 0.23779 -0.78388 -0.57358 0.31348 -0.75680 -0.57358 0.38615 -0.72243 -0.57358 0.45510 -0.68110 -0.57358 0.51966 -0.63321 -0.57358 0.57923 -0.57923 -0.57358 0.63321 -0.51966 -0.57358 0.68110 -0.45510 -0.57358 0.72243 -0.38615 -0.57358 0.75680 -0.31348 -0.57358 0.78388 -0.23779 -0.57358 0.80341 -0.15981 -0.57358 0.81521 -0.08029 -0.57358 0.81915 -0.00000 -0.57358 0.81521 0.08029 -0.57358 0.80341 0.15981 -0.57358 0.78388 0.23779 -0.57358 0.75680 0.31348 -0.57358 0.72243 0.38615 -0.57358 0.68110 0.45510 -0.57358 0.63321 0.51966 -0.57358 0.57923 0.57923 -0.57358 0.51966 0.63321 -0.57358 0.45510 0.68110 -0.57358 0.38615 0.72243 -0.57358 0.31348 0.75680 -0.57358 0.23779 0.78388 -0.57358 0.15981 0.80341 -0.57358 0.08029 0.81521 -0.57358 0.00000 0.81915 -0.57358 -0.08029 0.81521 -0.57358 -0.15981 0.80341 -0.57358 -0.23779 0.78388 -0.57358 -0.31348 0.75680 -0.57358 -0.38615 0.72243 -0.57358 -0.45510 0.68110 -0.57358 -0.51966 0.63321 -0.57358 -0.57923 0.57923 -0.57358 -0.63321 0.51966 -0.57358 -0.68110 0.45510 -0.57358 -0.72243 0.38615 -0.57358 -0.75680 0.31348 -0.57358 -0.78388 0.23779 -0.57358 -0.80341 0.15981 -0.57358 -0.81521 0.08029 -0.57358 -0.81915 0.00000 -0.57358 -0.77070 -0.00000 -0.63720 -0.76699 -0.07554 -0.63720 -0.75589 -0.15036 -0.63720 -0.73751 -0.22372 -0.63720 -0.71203 -0.29493 -0.63720 -0.67970 -0.36330 -0.63720 -0.64081 -0.42818 -0.63720 -0.59576 -0.48893 -0.63720 -0.54497 -0.54497 -0.63720 -0.48893 -0.59576 -0.63720 -0.42818 -0.64081 -0.63720 -0.36330 -0.67970 -0.63720 -0.29493 -0.71203 -0.63720 -0.22372 -0.73751 -0.63720 -0.15036 -0.75589 -0.63720 -0.07554 -0.76699 -0.63720 -0.00000 -0.77070 -0.63720 0.07554 -0.76699 -0.63720 0.15036 -0.75589 -0.63720 0.22372 -0.73751 -0.63720 0.29493 -0.71203 -0.63720 0.36330 -0.67970 -0.63720 0.42818 -0.64081 -0.63720 0.48893 -0.59576 -0.63720 0.54497 -0.54497 -0.63720 0.59576 -0.48893 -0.63720 0.64081 -0.42818 -0.63720 0.67970 -0.36330 -0.63720 0.71203 -0.29493 -0.63720 0.73751 -0.22372 -0.63720 0.75589 -0.15036 -0.63720 0.76699 -0.07554 -0.63720 0.77070 -0.00000 -0.63720 0.76699 0.07554 -0.63720 0.75589 0.15036 -0.63720 0.73751 0.22372 -0.63720 0.71203 0.29493 -0.63720 0.67970 0.36330 -0.63720 0.64081 0.42818 -0.63720 0.59576 0.48893 -0.63720 0.54497 0.54497 -0.63720 0.48893 0.59576 -0.63720 0.42818 0.64081 -0.63720 0.36330 0.67970 -0.63720 0.29493 0.71203 -0.63720 0.22372 0.73751 -0.63720 0.15036 0.75589 -0.63720 0.07554 0.76699 -0.63720 0.00000 0.77070 -0.63720 -0.07554 0.76699 -0.63720 -0.15036 0.75589 -0.63720 -0.22372 0.73751 -0.63720 -0.29493 0.71203 -0.63720 -0.36330 0.67970 -0.63720 -0.42818 0.64081 -0.63720 -0.48893 0.59576 -0.63720 -0.54497 0.54497 -0.63720 -0.59576 0.48893 -0.63720 -0.64081 0.42818 -0.63720 -0.67970 0.36330 -0.63720 -0.71203 0.29493 -0.63720 -0.73751 0.22372 -0.63720 -0.75589 0.15036 -0.63720 -0.76699 0.07554 -0.63720 -0.77070 0.00000 -0.63720 -0.71732 -0.00000 -0.69675 -0.71386 -0.07031 -0.69675 -0.70353 -0.13994 -0.69675 -0.68643 -0.20823 -0.69675 -0.66271 -0.27450 -0.69675 -0.63262 -0.33814 -0.69675 -0.59643 -0.39852 -0.69675 -0.55449 -0.45506 -0.69675 -0.50722 -0.50722 -0.69675 -0.45506 -0.55449 -0.69675 -0.39852 -0.59643 -0.69675 -0.33814 -0.63262 -0.69675 -0.27450 -0.66271 -0.69675 -0.20823 -0.68643 -0.69675 -0.13994 -0.70353 -0.69675 -0.07031 -0.71386 -0.69675 -0.00000 -0.71732 -0.69675 0.07031 -0.71386 -0.69675 0.13994 -0.70353 -0.69675 0.20823 -0.68643 -0.69675 0.27450 -0.66271 -0.69675 0.33814 -0.63262 -0.69675 0.39852 -0.59643 -0.69675 0.45506 -0.55449 -0.69675 0.50722 -0.50722 -0.69675 0.55449 -0.45506 -0.69675 0.59643 -0.39852 -0.69675 0.63262 -0.33814 -0.69675 0.66271 -0.27450 -0.69675 0.68643 -0.20823 -0.69675 0.70353 -0.13994 -0.69675 0.71386 -0.07031 -0.69675 0.71732 -0.00000 -0.69675 0.71386 0.07031 -0.69675 0.70353 0.13994 -0.69675 0.68643 0.20823 -0.69675 0.66271 0.27450 -0.69675 0.63262 0.33814 -0.69675 0.59643 0.39852 -0.69675 0.55449 0.45506 -0.69675 0.50722 0.50722 -0.69675 0.45506 0.55449 -0.69675 0.39852 0.59643 -0.69675 0.33814 0.63262 -0.69675 0.27450 0.66271 -0.69675 0.20823 0.68643 -0.69675 0.13994 0.70353 -0.69675 0.07031 0.71386 -0.69675 0.00000 0.71732 -0.69675 -0.07031 0.71386 -0.69675 -0.13994 0.70353 -0.69675 -0.20823 0.68643 -0.69675 -0.27450 0.66271 -0.69675 -0.33814 0.63262 -0.69675 -0.39852 0.59643 -0.69675 -0.45506 0.55449 -0.69675 -0.50722 0.50722 -0.69675 -0.55449 0.45506 -0.69675 -0.59643 0.39852 -0.69675 -0.63262 0.33814 -0.69675 -0.66271 0.27450 -0.69675 -0.68643 0.20823 -0.69675 -0.70353 0.13994 -0.69675 -0.71386 0.07031 -0.69675 -0.71732 0.00000 -0.69675 -0.65935 -0.00000 -0.75184 -0.65617 -0.06463 -0.75184 -0.64668 -0.12863 -0.75184 -0.63095 -0.19140 -0.75184 -0.60916 -0.25232 -0.75184 -0.58149 -0.31081 -0.75184 -0.54823 -0.36631 -0.75184 -0.50968 -0.41828 -0.75184 -0.46623 -0.46623 -0.75184 -0.41828 -0.50968 -0.75184 -0.36631 -0.54823 -0.75184 -0.31081 -0.58149 -0.75184 -0.25232 -0.60916 -0.75184 -0.19140 -0.63095 -0.75184 -0.12863 -0.64668 -0.75184 -0.06463 -0.65617 -0.75184 -0.00000 -0.65935 -0.75184 0.06463 -0.65617 -0.75184 0.12863 -0.64668 -0.75184 0.19140 -0.63095 -0.75184 0.25232 -0.60916 -0.75184 0.31081 -0.58149 -0.75184 0.36631 -0.54823 -0.75184 0.41828 -0.50968 -0.75184 0.46623 -0.46623 -0.75184 0.50968 -0.41828 -0.75184 0.54823 -0.36631 -0.75184 0.58149 -0.31081 -0.75184 0.60916 -0.25232 -0.75184 0.63095 -0.19140 -0.75184 0.64668 -0.12863 -0.75184 0.65617 -0.06463 -0.75184 0.65935 -0.00000 -0.75184 0.65617 0.06463 -0.75184 0.64668 0.12863 -0.75184 0.63095 0.19140 -0.75184 0.60916 0.25232 -0.75184 0.58149 0.31081 -0.75184 0.54823 0.36631 -0.75184 0.50968 0.41828 -0.75184 0.46623 0.46623 -0.75184 0.41828 0.50968 -0.75184 0.36631 0.54823 -0.75184 0.31081 0.58149 -0.75184 0.25232 0.60916 -0.75184 0.19140 0.63095 -0.75184 0.12863 0.64668 -0.75184 0.06463 0.65617 -0.75184 0.00000 0.65935 -0.75184 -0.06463 0.65617 -0.75184 -0.12863 0.64668 -0.75184 -0.19140 0.63095 -0.75184 -0.25232 0.60916 -0.75184 -0.31081 0.58149 -0.75184 -0.36631 0.54823 -0.75184 -0.41828 0.50968 -0.75184 -0.46623 0.46623 -0.75184 -0.50968 0.41828 -0.75184 -0.54823 0.36631 -0.75184 -0.58149 0.31081 -0.75184 -0.60916 0.25232 -0.75184 -0.63095 0.19140 -0.75184 -0.64668 0.12863 -0.75184 -0.65617 0.06463 -0.75184 -0.65935 0.00000 -0.75184 -0.59716 -0.00000 -0.80212 -0.59428 -0.05853 -0.80212 -0.58568 -0.11650 -0.80212 -0.57145 -0.17335 -0.80212 -0.55170 -0.22852 -0.80212 -0.52665 -0.28150 -0.80212 -0.49652 -0.33176 -0.80212 -0.46161 -0.37883 -0.80212 -0.42225 -0.42225 -0.80212 -0.37883 -0.46161 -0.80212 -0.33176 -0.49652 -0.80212 -0.28150 -0.52665 -0.80212 -0.22852 -0.55170 -0.80212 -0.17335 -0.57145 -0.80212 -0.11650 -0.58568 -0.80212 -0.05853 -0.59428 -0.80212 -0.00000 -0.59716 -0.80212 0.05853 -0.59428 -0.80212 0.11650 -0.58568 -0.80212 0.17335 -0.57145 -0.80212 0.22852 -0.55170 -0.80212 0.28150 -0.52665 -0.80212 0.33176 -0.49652 -0.80212 0.37883 -0.46161 -0.80212 0.42225 -0.42225 -0.80212 0.46161 -0.37883 -0.80212 0.49652 -0.33176 -0.80212 0.52665 -0.28150 -0.80212 0.55170 -0.22852 -0.80212 0.57145 -0.17335 -0.80212 0.58568 -0.11650 -0.80212 0.59428 -0.05853 -0.80212 0.59716 -0.00000 -0.80212 0.59428 0.05853 -0.80212 0.58568 0.11650 -0.80212 0.57145 0.17335 -0.80212 0.55170 0.22852 -0.80212 0.52665 0.28150 -0.80212 0.49652 0.33176 -0.80212 0.46161 0.37883 -0.80212 0.42225 0.42225 -0.80212 0.37883 0.46161 -0.80212 0.33176 0.49652 -0.80212 0.28150 0.52665 -0.80212 0.22852 0.55170 -0.80212 0.17335 0.57145 -0.80212 0.11650 0.58568 -0.80212 0.05853 0.59428 -0.80212 0.00000 0.59716 -0.80212 -0.05853 0.59428 -0.80212 -0.11650 0.58568 -0.80212 -0.17335 0.57145 -0.80212 -0.22852 0.55170 -0.80212 -0.28150 0.52665 -0.80212 -0.33176 0.49652 -0.80212 -0.37883 0.46161 -0.80212 -0.42225 0.42225 -0.80212 -0.46161 0.37883 -0.80212 -0.49652 0.33176 -0.80212 -0.52665 0.28150 -0.80212 -0.55170 0.22852 -0.80212 -0.57145 0.17335 -0.80212 -0.58568 0.11650 -0.80212 -0.59428 0.05853 -0.80212 -0.59716 0.00000 -0.80212 -0.53115 -0.00000 -0.84728 -0.52859 -0.05206 -0.84728 -0.52095 -0.10362 -0.84728 -0.50828 -0.15419 -0.84728 -0.49072 -0.20326 -0.84728 -0.46843 -0.25038 -0.84728 -0.44164 -0.29509 -0.84728 -0.41059 -0.33696 -0.84728 -0.37558 -0.37558 -0.84728 -0.33696 -0.41059 -0.84728 -0.29509 -0.44164 -0.84728 -0.25038 -0.46843 -0.84728 -0.20326 -0.49072 -0.84728 -0.15419 -0.50828 -0.84728 -0.10362 -0.52095 -0.84728 -0.05206 -0.52859 -0.84728 -0.00000 -0.53115 -0.84728 0.05206 -0.52859 -0.84728 0.10362 -0.52095 -0.84728 0.15419 -0.50828 -0.84728 0.20326 -0.49072 -0.84728 0.25038 -0.46843 -0.84728 0.29509 -0.44164 -0.84728 0.33696 -0.41059 -0.84728 0.37558 -0.37558 -0.84728 0.41059 -0.33696 -0.84728 0.44164 -0.29509 -0.84728 0.46843 -0.25038 -0.84728 0.49072 -0.20326 -0.84728 0.50828 -0.15419 -0.84728 0.52095 -0.10362 -0.84728 0.52859 -0.05206 -0.84728 0.53115 -0.00000 -0.84728 0.52859 0.05206 -0.84728 0.52095 0.10362 -0.84728 0.50828 0.15419 -0.84728 0.49072 0.20326 -0.84728 0.46843 0.25038 -0.84728 0.44164 0.29509 -0.84728 0.41059 0.33696 -0.84728 0.37558 0.37558 -0.84728 0.33696 0.41059 -0.84728 0.29509 0.44164 -0.84728 0.25038 0.46843 -0.84728 0.20326 0.49072 -0.84728 0.15419 0.50828 -0.84728 0.10362 0.52095 -0.84728 0.05206 0.52859 -0.84728 0.00000 0.53115 -0.84728 -0.05206 0.52859 -0.84728 -0.10362 0.52095 -0.84728 -0.15419 0.50828 -0.84728 -0.20326 0.49072 -0.84728 -0.25038 0.46843 -0.84728 -0.29509 0.44164 -0.84728 -0.33696 0.41059 -0.84728 -0.37558 0.37558 -0.84728 -0.41059 0.33696 -0.84728 -0.44164 0.29509 -0.84728 -0.46843 0.25038 -0.84728 -0.49072 0.20326 -0.84728 -0.50828 0.15419 -0.84728 -0.52095 0.10362 -0.84728 -0.52859 0.05206 -0.84728 -0.53115 0.00000 -0.84728 -0.46175 -0.00000 -0.88701 -0.45953 -0.04526 -0.88701 -0.45288 -0.09008 -0.88701 -0.44187 -0.13404 -0.88701 -0.42660 -0.17670 -0.88701 -0.40723 -0.21767 -0.88701 -0.38393 -0.25653 -0.88701 -0.35694 -0.29293 -0.88701 -0.32651 -0.32651 -0.88701 -0.29293 -0.35694 -0.88701 -0.25653 -0.38393 -0.88701 -0.21767 -0.40723 -0.88701 -0.17670 -0.42660 -0.88701 -0.13404 -0.44187 -0.88701 -0.09008 -0.45288 -0.88701 -0.04526 -0.45953 -0.88701 -0.00000 -0.46175 -0.88701 0.04526 -0.45953 -0.88701 0.09008 -0.45288 -0.88701 0.13404 -0.44187 -0.88701 0.17670 -0.42660 -0.88701 0.21767 -0.40723 -0.88701 0.25653 -0.38393 -0.88701 0.29293 -0.35694 -0.88701 0.32651 -0.32651 -0.88701 0.35694 -0.29293 -0.88701 0.38393 -0.25653 -0.88701 0.40723 -0.21767 -0.88701 0.42660 -0.17670 -0.88701 0.44187 -0.13404 -0.88701 0.45288 -0.09008 -0.88701 0.45953 -0.04526 -0.88701 0.46175 -0.00000 -0.88701 0.45953 0.04526 -0.88701 0.45288 0.09008 -0.88701 0.44187 0.13404 -0.88701 0.42660 0.17670 -0.88701 0.40723 0.21767 -0.88701 0.38393 0.25653 -0.88701 0.35694 0.29293 -0.88701 0.32651 0.32651 -0.88701 0.29293 0.35694 -0.88701 0.25653 0.38393 -0.88701 0.21767 0.40723 -0.88701 0.17670 0.42660 -0.88701 0.13404 0.44187 -0.88701 0.09008 0.45288 -0.88701 0.04526 0.45953 -0.88701 0.00000 0.46175 -0.88701 -0.04526 0.45953 -0.88701 -0.09008 0.45288 -0.88701 -0.13404 0.44187 -0.88701 -0.17670 0.42660 -0.88701 -0.21767 0.40723 -0.88701 -0.25653 0.38393 -0.88701 -0.29293 0.35694 -0.88701 -0.32651 0.32651 -0.88701 -0.35694 0.29293 -0.88701 -0.38393 0.25653 -0.88701 -0.40723 0.21767 -0.88701 -0.42660 0.17670 -0.88701 -0.44187 0.13404 -0.88701 -0.45288 0.09008 -0.88701 -0.45953 0.04526 -0.88701 -0.46175 0.00000 -0.88701 -0.38939 -0.00000 -0.92107 -0.38752 -0.03817 -0.92107 -0.38191 -0.07597 -0.92107 -0.37262 -0.11303 -0.92107 -0.35975 -0.14901 -0.92107 -0.34341 -0.18356 -0.92107 -0.32377 -0.21633 -0.92107 -0.30100 -0.24703 -0.92107 -0.27534 -0.27534 -0.92107 -0.24703 -0.30100 -0.92107 -0.21633 -0.32377 -0.92107 -0.18356 -0.34341 -0.92107 -0.14901 -0.35975 -0.92107 -0.11303 -0.37262 -0.92107 -0.07597 -0.38191 -0.92107 -0.03817 -0.38752 -0.92107 -0.00000 -0.38939 -0.92107 0.03817 -0.38752 -0.92107 0.07597 -0.38191 -0.92107 0.11303 -0.37262 -0.92107 0.14901 -0.35975 -0.92107 0.18356 -0.34341 -0.92107 0.21633 -0.32377 -0.92107 0.24703 -0.30100 -0.92107 0.27534 -0.27534 -0.92107 0.30100 -0.24703 -0.92107 0.32377 -0.21633 -0.92107 0.34341 -0.18356 -0.92107 0.35975 -0.14901 -0.92107 0.37262 -0.11303 -0.92107 0.38191 -0.07597 -0.92107 0.38752 -0.03817 -0.92107 0.38939 -0.00000 -0.92107 0.38752 0.03817 -0.92107 0.38191 0.07597 -0.92107 0.37262 0.11303 -0.92107 0.35975 0.14901 -0.92107 0.34341 0.18356 -0.92107 0.32377 0.21633 -0.92107 0.30100 0.24703 -0.92107 0.27534 0.27534 -0.92107 0.24703 0.30100 -0.92107 0.21633 0.32377 -0.92107 0.18356 0.34341 -0.92107 0.14901 0.35975 -0.92107 0.11303 0.37262 -0.92107 0.07597 0.38191 -0.92107 0.03817 0.38752 -0.92107 0.00000 0.38939 -0.92107 -0.03817 0.38752 -0.92107 -0.07597 0.38191 -0.92107 -0.11303 0.37262 -0.92107 -0.14901 0.35975 -0.92107 -0.18356 0.34341 -0.92107 -0.21633 0.32377 -0.92107 -0.24703 0.30100 -0.92107 -0.27534 0.27534 -0.92107 -0.30100 0.24703 -0.92107 -0.32377 0.21633 -0.92107 -0.34341 0.18356 -0.92107 -0.35975 0.14901 -0.92107 -0.37262 0.11303 -0.92107 -0.38191 0.07597 -0.92107 -0.38752 0.03817 -0.92107 -0.38939 0.00000 -0.92107 -0.31454 -0.00000 -0.94924 -0.31303 -0.03083 -0.94924 -0.30850 -0.06136 -0.94924 -0.30100 -0.09131 -0.94924 -0.29060 -0.12037 -0.94924 -0.27740 -0.14828 -0.94924 -0.26153 -0.17475 -0.94924 -0.24315 -0.19955 -0.94924 -0.22242 -0.22242 -0.94924 -0.19955 -0.24315 -0.94924 -0.17475 -0.26153 -0.94924 -0.14828 -0.27740 -0.94924 -0.12037 -0.29060 -0.94924 -0.09131 -0.30100 -0.94924 -0.06136 -0.30850 -0.94924 -0.03083 -0.31303 -0.94924 -0.00000 -0.31454 -0.94924 0.03083 -0.31303 -0.94924 0.06136 -0.30850 -0.94924 0.09131 -0.30100 -0.94924 0.12037 -0.29060 -0.94924 0.14828 -0.27740 -0.94924 0.17475 -0.26153 -0.94924 0.19955 -0.24315 -0.94924 0.22242 -0.22242 -0.94924 0.24315 -0.19955 -0.94924 0.26153 -0.17475 -0.94924 0.27740 -0.14828 -0.94924 0.29060 -0.12037 -0.94924 0.30100 -0.09131 -0.94924 0.30850 -0.06136 -0.94924 0.31303 -0.03083 -0.94924 0.31454 -0.00000 -0.94924 0.31303 0.03083 -0.94924 0.30850 0.06136 -0.94924 0.30100 0.09131 -0.94924 0.29060 0.12037 -0.94924 0.27740 0.14828 -0.94924 0.26153 0.17475 -0.94924 0.24315 0.19955 -0.94924 0.22242 0.22242 -0.94924 0.19955 0.24315 -0.94924 0.17475 0.26153 -0.94924 0.14828 0.27740 -0.94924 0.12037 0.29060 -0.94924 0.09131 0.30100 -0.94924 0.06136 0.30850 -0.94924 0.03083 0.31303 -0.94924 0.00000 0.31454 -0.94924 -0.03083 0.31303 -0.94924 -0.06136 0.30850 -0.94924 -0.09131 0.30100 -0.94924 -0.12037 0.29060 -0.94924 -0.14828 0.27740 -0.94924 -0.17475 0.26153 -0.94924 -0.19955 0.24315 -0.94924 -0.22242 0.22242 -0.94924 -0.24315 0.19955 -0.94924 -0.26153 0.17475 -0.94924 -0.27740 0.14828 -0.94924 -0.29060 0.12037 -0.94924 -0.30100 0.09131 -0.94924 -0.30850 0.06136 -0.94924 -0.31303 0.03083 -0.94924 -0.31454 0.00000 -0.94924 -0.23769 -0.00000 -0.97134 -0.23654 -0.02330 -0.97134 -0.23312 -0.04637 -0.97134 -0.22745 -0.06900 -0.97134 -0.21959 -0.09096 -0.97134 -0.20962 -0.11204 -0.97134 -0.19763 -0.13205 -0.97134 -0.18373 -0.15079 -0.97134 -0.16807 -0.16807 -0.97134 -0.15079 -0.18373 -0.97134 -0.13205 -0.19763 -0.97134 -0.11204 -0.20962 -0.97134 -0.09096 -0.21959 -0.97134 -0.06900 -0.22745 -0.97134 -0.04637 -0.23312 -0.97134 -0.02330 -0.23654 -0.97134 -0.00000 -0.23769 -0.97134 0.02330 -0.23654 -0.97134 0.04637 -0.23312 -0.97134 0.06900 -0.22745 -0.97134 0.09096 -0.21959 -0.97134 0.11204 -0.20962 -0.97134 0.13205 -0.19763 -0.97134 0.15079 -0.18373 -0.97134 0.16807 -0.16807 -0.97134 0.18373 -0.15079 -0.97134 0.19763 -0.13205 -0.97134 0.20962 -0.11204 -0.97134 0.21959 -0.09096 -0.97134 0.22745 -0.06900 -0.97134 0.23312 -0.04637 -0.97134 0.23654 -0.02330 -0.97134 0.23769 -0.00000 -0.97134 0.23654 0.02330 -0.97134 0.23312 0.04637 -0.97134 0.22745 0.06900 -0.97134 0.21959 0.09096 -0.97134 0.20962 0.11204 -0.97134 0.19763 0.13205 -0.97134 0.18373 0.15079 -0.97134 0.16807 0.16807 -0.97134 0.15079 0.18373 -0.97134 0.13205 0.19763 -0.97134 0.11204 0.20962 -0.97134 0.09096 0.21959 -0.97134 0.06900 0.22745 -0.97134 0.04637 0.23312 -0.97134 0.02330 0.23654 -0.97134 0.00000 0.23769 -0.97134 -0.02330 0.23654 -0.97134 -0.04637 0.23312 -0.97134 -0.06900 0.22745 -0.97134 -0.09096 0.21959 -0.97134 -0.11204 0.20962 -0.97134 -0.13205 0.19763 -0.97134 -0.15079 0.18373 -0.97134 -0.16807 0.16807 -0.97134 -0.18373 0.15079 -0.97134 -0.19763 0.13205 -0.97134 -0.20962 0.11204 -0.97134 -0.21959 0.09096 -0.97134 -0.22745 0.06900 -0.97134 -0.23312 0.04637 -0.97134 -0.23654 0.02330 -0.97134 -0.23769 0.00000 -0.97134 -0.15931 -0.00000 -0.98723 -0.15854 -0.01561 -0.98723 -0.15625 -0.03108 -0.98723 -0.15245 -0.04624 -0.98723 -0.14718 -0.06096 -0.98723 -0.14050 -0.07510 -0.98723 -0.13246 -0.08851 -0.98723 -0.12315 -0.10106 -0.98723 -0.11265 -0.11265 -0.98723 -0.10106 -0.12315 -0.98723 -0.08851 -0.13246 -0.98723 -0.07510 -0.14050 -0.98723 -0.06096 -0.14718 -0.98723 -0.04624 -0.15245 -0.98723 -0.03108 -0.15625 -0.98723 -0.01561 -0.15854 -0.98723 -0.00000 -0.15931 -0.98723 0.01561 -0.15854 -0.98723 0.03108 -0.15625 -0.98723 0.04624 -0.15245 -0.98723 0.06096 -0.14718 -0.98723 0.07510 -0.14050 -0.98723 0.08851 -0.13246 -0.98723 0.10106 -0.12315 -0.98723 0.11265 -0.11265 -0.98723 0.12315 -0.10106 -0.98723 0.13246 -0.08851 -0.98723 0.14050 -0.07510 -0.98723 0.14718 -0.06096 -0.98723 0.15245 -0.04624 -0.98723 0.15625 -0.03108 -0.98723 0.15854 -0.01561 -0.98723 0.15931 -0.00000 -0.98723 0.15854 0.01561 -0.98723 0.15625 0.03108 -0.98723 0.15245 0.04624 -0.98723 0.14718 0.06096 -0.98723 0.14050 0.07510 -0.98723 0.13246 0.08851 -0.98723 0.12315 0.10106 -0.98723 0.11265 0.11265 -0.98723 0.10106 0.12315 -0.98723 0.08851 0.13246 -0.98723 0.07510 0.14050 -0.98723 0.06096 0.14718 -0.98723 0.04624 0.15245 -0.98723 0.03108 0.15625 -0.98723 0.01561 0.15854 -0.98723 0.00000 0.15931 -0.98723 -0.01561 0.15854 -0.98723 -0.03108 0.15625 -0.98723 -0.04624 0.15245 -0.98723 -0.06096 0.14718 -0.98723 -0.07510 0.14050 -0.98723 -0.08851 0.13246 -0.98723 -0.10106 0.12315 -0.98723 -0.11265 0.11265 -0.98723 -0.12315 0.10106 -0.98723 -0.13246 0.08851 -0.98723 -0.14050 0.07510 -0.98723 -0.14718 0.06096 -0.98723 -0.15245 0.04624 -0.98723 -0.15625 0.03108 -0.98723 -0.15854 0.01561 -0.98723 -0.15931 0.00000 -0.98723 -0.07991 -0.00000 -0.99680 -0.07952 -0.00783 -0.99680 -0.07837 -0.01559 -0.99680 -0.07647 -0.02320 -0.99680 -0.07383 -0.03058 -0.99680 -0.07047 -0.03767 -0.99680 -0.06644 -0.04440 -0.99680 -0.06177 -0.05069 -0.99680 -0.05650 -0.05650 -0.99680 -0.05069 -0.06177 -0.99680 -0.04440 -0.06644 -0.99680 -0.03767 -0.07047 -0.99680 -0.03058 -0.07383 -0.99680 -0.02320 -0.07647 -0.99680 -0.01559 -0.07837 -0.99680 -0.00783 -0.07952 -0.99680 -0.00000 -0.07991 -0.99680 0.00783 -0.07952 -0.99680 0.01559 -0.07837 -0.99680 0.02320 -0.07647 -0.99680 0.03058 -0.07383 -0.99680 0.03767 -0.07047 -0.99680 0.04440 -0.06644 -0.99680 0.05069 -0.06177 -0.99680 0.05650 -0.05650 -0.99680 0.06177 -0.05069 -0.99680 0.06644 -0.04440 -0.99680 0.07047 -0.03767 -0.99680 0.07383 -0.03058 -0.99680 0.07647 -0.02320 -0.99680 0.07837 -0.01559 -0.99680 0.07952 -0.00783 -0.99680 0.07991 -0.00000 -0.99680 0.07952 0.00783 -0.99680 0.07837 0.01559 -0.99680 0.07647 0.02320 -0.99680 0.07383 0.03058 -0.99680 0.07047 0.03767 -0.99680 0.06644 0.04440 -0.99680 0.06177 0.05069 -0.99680 0.05650 0.05650 -0.99680 0.05069 0.06177 -0.99680 0.04440 0.06644 -0.99680 0.03767 0.07047 -0.99680 0.03058 0.07383 -0.99680 0.02320 0.07647 -0.99680 0.01559 0.07837 -0.99680 0.00783 0.07952 -0.99680 0.00000 0.07991 -0.99680 -0.00783 0.07952 -0.99680 -0.01559 0.07837 -0.99680 -0.02320 0.07647 -0.99680 -0.03058 0.07383 -0.99680 -0.03767 0.07047 -0.99680 -0.04440 0.06644 -0.99680 -0.05069 0.06177 -0.99680 -0.05650 0.05650 -0.99680 -0.06177 0.05069 -0.99680 -0.06644 0.04440 -0.99680 -0.07047 0.03767 -0.99680 -0.07383 0.03058 -0.99680 -0.07647 0.02320 -0.99680 -0.07837 0.01559 -0.99680 -0.07952 0.00783 -0.99680 -0.07991 0.00000 -0.99680 -0.00000 -0.00000 -1.00000 -0.00000 -0.00000 -1.00000 -0.00000 -0.00000 -1.00000 -0.00000 -0.00000 -1.00000 -0.00000 -0.00000 -1.00000 -0.00000 -0.00000 -1.00000 -0.00000 -0.00000 -1.00000 -0.00000 -0.00000 -1.00000 -0.00000 -0.00000 -1.00000 -0.00000 -0.00000 -1.00000 -0.00000 -0.00000 -1.00000 -0.00000 -0.00000 -1.00000 -0.00000 -0.00000 -1.00000 -0.00000 -0.00000 -1.00000 -0.00000 -0.00000 -1.00000 -0.00000 -0.00000 -1.00000 -0.00000 -0.00000 -1.00000 0.00000 -0.00000 -1.00000 0.00000 -0.00000 -1.00000 0.00000 -0.00000 -1.00000 0.00000 -0.00000 -1.00000 0.00000 -0.00000 -1.00000 0.00000 -0.00000 -1.00000 0.00000 -0.00000 -1.00000 0.00000 -0.00000 -1.00000 0.00000 -0.00000 -1.00000 0.00000 -0.00000 -1.00000 0.00000 -0.00000 -1.00000 0.00000 -0.00000 -1.00000 0.00000 -0.00000 -1.00000 0.00000 -0.00000 -1.00000 0.00000 -0.00000 -1.00000 0.00000 -0.00000 -1.00000 0.00000 0.00000 -1.00000 0.00000 0.00000 -1.00000 0.00000 0.00000 -1.00000 0.00000 0.00000 -1.00000 0.00000 0.00000 -1.00000 0.00000 0.00000 -1.00000 0.00000 0.00000 -1.00000 0.00000 0.00000 -1.00000 0.00000 0.00000 -1.00000 0.00000 0.00000 -1.00000 0.00000 0.00000 -1.00000 0.00000 0.00000 -1.00000 0.00000 0.00000 -1.00000 0.00000 0.00000 -1.00000 0.00000 0.00000 -1.00000 0.00000 0.00000 -1.00000 -0.00000 0.00000 -1.00000 -0.00000 0.00000 -1.00000 -0.00000 0.00000 -1.00000 -0.00000 0.00000 -1.00000 -0.00000 0.00000 -1.00000 -0.00000 0.00000 -1.00000 -0.00000 0.00000 -1.00000 -0.00000 0.00000 -1.00000 -0.00000 0.00000 -1.00000 -0.00000 0.00000 -1.00000 -0.00000 0.00000 -1.00000 -0.00000 0.00000 -1.00000 -0.00000 0.00000 -1.00000 -0.00000 0.00000 -1.00000 -0.00000 0.00000 -1.00000 -0.00000 0.00000 -1.00000</float_array>
      <technique_common><accessor source="#n-a" count="1625" stride="3"><param name="X" type="float"/><param name="Y" type="float"/><param name="Z" type="float"/></accessor></technique_common></source>
    <source id="t"><float_array id="t-a" count="3250">0.00000 1.00000 0.01562 1.00000 0.03125 1.00000 0.04688 1.00000 0.06250 1.00000 0.07812 1.00000 0.09375 1.00000 0.10938 1.00000 0.12500 1.00000 0.14062 1.00000 0.15625 1.00000 0.17188 1.00000 0.18750 1.00000 0.20312 1.00000 0.21875 1.00000 0.23438 1.00000 0.25000 1.00000 0.26562 1.00000 0.28125 1.00000 0.29688 1.00000 0.31250 1.00000 0.32812 1.00000 0.34375 1.00000 0.35938 1.00000 0.37500 1.00000 0.39062 1.00000 0.40625 1.00000 0.42188 1.00000 0.43750 1.00000 0.45312 1.00000 0.46875 1.00000 0.48438 1.00000 0.50000 1.00000 0.51562 1.00000 0.53125 1.00000 0.54688 1.00000 0.56250 1.00000 0.57812 1.00000 0.59375 1.00000 0.60938 1.00000 0.62500 1.00000 0.64062 1.00000 0.65625 1.00000 0.67188 1.00000 0.68750 1.00000 0.70312 1.00000 0.71875 1.00000 0.73438 1.00000 0.75000 1.00000 0.76562 1.00000 0.78125 1.00000 0.79688 1.00000 0.81250 1.00000 0.82812 1.00000 0.84375 1.00000 0.85938 1.00000 0.87500 1.00000 0.89062 1.00000 0.90625 1.00000 0.92188 1.00000 0.93750 1.00000 0.95312 1.00000 0.96875 1.00000 0.98438 1.00000 1.00000 1.00000 0.00000 0.95833 0.01562 0.95833 0.03125 0.95833 0.04688 0.95833 0.06250 0.95833 0.07812 0.95833 0.09375 0.95833 0.10938 0.95833 0.12500 0.95833 0.14062 0.95833 0.15625 0.95833 0.17188 0.95833 0.18750 0.95833 0.20312 0.95833 0.21875 0.95833 0.23438 0.95833 0.25000 0.95833 0.26562 0.95833 0.28125 0.95833 0.29688 0.95833 0.31250 0.95833 0.32812 0.95833 0.34375 0.95833 0.35938 0.95833 0.37500 0.95833 0.39062 0.95833 0.40625 0.95833 0.42188 0.95833 0.43750 0.95833 0.45312 0.95833 0.46875 0.95833 0.48438 0.95833 0.50000 0.95833 0.51562 0.95833 0.53125 0.95833 0.54688 0.95833 0.56250 0.95833 0.57812 0.95833 0.59375 0.95833 0.60938 0.95833 0.62500 0.95833 0.64062 0.95833 0.65625 0.95833 0.67188 0.95833 0.68750 0.95833 0.70312 0.95833 0.71875 0.95833 0.73438 0.95833 0.75000 0.95833 0.76562 0.95833 0.78125 0.95833 0.79688 0.95833 0.81250 0.95833 0.82812 0.95833 0.84375 0.95833 0.85938 0.95833 0.87500 0.95833 0.89062 0.95833 0.90625 0.95833 0.92188 0.95833 0.93750 0.95833 0.95312 0.95833 0.96875 0.95833 0.98438 0.95833 1.00000 0.95833 0.00000 0.91667 0.01562 0.91667 0.03125 0.91667 0.04688 0.91667 0.06250 0.91667 0.07812 0.91667 0.09375 0.91667 0.10938 0.91667 0.12500 0.91667 0.14062 0.91667 0.15625 0.91667 0.17188 0.91667 0.18750 0.91667 0.20312 0.91667 0.21875 0.91667 0.23438 0.91667 0.25000 0.91667 0.26562 0.91667 0.28125 0.91667 0.29688 0.91667 0.31250 0.91667 0.32812 0.91667 0.34375 0.91667 0.35938 0.91667 0.37500 0.91667 0.39062 0.91667 0.40625 0.91667 0.42188 0.91667 0.43750 0.91667 0.45312 0.91667 0.46875 0.91667 0.48438 0.91667 0.50000 0.91667 0.51562 0.91667 0.53125 0.91667 0.54688 0.91667 0.56250 0.91667 0.57812 0.91667 0.59375 0.91667 0.60938 0.91667 0.62500 0.91667 0.64062 0.91667 0.65625 0.91667 0.67188 0.91667 0.68750 0.91667 0.70312 0.91667 0.71875 0.91667 0.73438 0.91667 0.75000 0.91667 0.76562 0.91667 0.78125 0.91667 0.79688 0.91667 0.81250 0.91667 0.82812 0.91667 0.84375 0.91667 0.85938 0.91667 0.87500 0.91667 0.89062 0.91667 0.90625 0.91667 0.92188 0.91667 0.93750 0.91667 0.95312 0.91667 0.96875 0.91667 0.98438 0.91667 1.00000 0.91667 0.00000 0.87500 0.01562 0.87500 0.03125 0.87500 0.04688 0.87500 0.06250 0.87500 0.07812 0.87500 0.09375 0.87500 0.10938 0.87500 0.12500 0.87500 0.14062 0.87500 0.15625 0.87500 0.17188 0.87500 0.18750 0.87500 0.20312 0.87500 0.21875 0.87500 0.23438 0.87500 0.25000 0.87500 0.26562 0.87500 0.28125 0.87500 0.29688 0.87500 0.31250 0.87500 0.32812 0.87500 0.34375 0.87500 0.35938 0.87500 0.37500 0.87500 0.39062 0.87500 0.40625 0.87500 0.42188 0.87500 0.43750 0.87500 0.45312 0.87500 0.46875 0.87500 0.48438 0.87500 0.50000 0.87500 0.51562 0.87500 0.53125 0.87500 0.54688 0.87500 0.56250 0.87500 0.57812 0.87500 0.59375 0.87500 0.60938 0.87500 0.62500 0.87500 0.64062 0.87500 0.65625 0.87500 0.67188 0.87500 0.68750 0.87500 0.70312 0.87500 0.71875 0.87500 0.73438 0.87500 0.75000 0.87500 0.76562 0.87500 0.78125 0.87500 0.79688 0.87500 0.81250 0.87500 0.82812 0.87500 0.84375 0.87500 0.85938 0.87500 0.87500 0.87500 0.89062 0.87500 0.90625 0.87500 0.92188 0.87500 0.93750 0.87500 0.95312 0.87500 0.96875 0.87500 0.98438 0.87500 1.00000 0.87500 0.00000 0.83333 0.01562 0.83333 0.03125 0.83333 0.04688 0.83333 0.06250 0.83333 0.07812 0.83333 0.09375 0.83333 0.10938 0.83333 0.12500 0.83333 0.14062 0.83333 0.15625 0.83333 0.17188 0.83333 0.18750 0.83333 0.20312 0.83333 0.21875 0.83333 0.23438 0.83333 0.25000 0.83333 0.26562 0.83333 0.28125 0.83333 0.29688 0.83333 0.31250 0.83333 0.32812 0.83333 0.34375 0.83333 0.35938 0.83333 0.37500 0.83333 0.39062 0.83333 0.40625 0.83333 0.42188 0.83333 0.43750 0.83333 0.45312 0.83333 0.46875 0.83333 0.48438 0.83333 0.50000 0.83333 0.51562 0.83333 0.53125 0.83333 0.54688 0.83333 0.56250 0.83333 0.57812 0.83333 0.59375 0.83333 0.60938 0.83333 0.62500 0.83333 0.64062 0.83333 0.65625 0.83333 0.67188 0.83333 0.68750 0.83333 0.70312 0.83333 0.71875 0.83333 0.73438 0.83333 0.75000 0.83333 0.76562 0.83333 0.78125 0.83333 0.79688 0.83333 0.81250 0.83333 0.82812 0.83333 0.84375 0.83333 0.85938 0.83333 0.87500 0.83333 0.89062 0.83333 0.90625 0.83333 0.92188 0.83333 0.93750 0.83333 0.95312 0.83333 0.96875 0.83333 0.98438 0.83333 1.00000 0.83333 0.00000 0.79167 0.01562 0.79167 0.03125 0.79167 0.04688 0.79167 0.06250 0.79167 0.07812 0.79167 0.09375 0.79167 0.10938 0.79167 0.12500 0.79167 0.14062 0.79167 0.15625 0.79167 0.17188 0.79167 0.18750 0.79167 0.20312 0.79167 0.21875 0.79167 0.23438 0.79167 0.25000 0.79167 0.26562 0.79167 0.28125 0.79167 0.29688 0.79167 0.31250 0.79167 0.32812 0.79167 0.34375 0.79167 0.35938 0.79167 0.37500 0.79167 0.39062 0.79167 0.40625 0.79167 0.42188 0.79167 0.43750 0.79167 0.45312 0.79167 0.46875 0.79167 0.48438 0.79167 0.50000 0.79167 0.51562 0.79167 0.53125 0.79167 0.54688 0.79167 0.56250 0.79167 0.57812 0.79167 0.59375 0.79167 0.60938 0.79167 0.62500 0.79167 0.64062 0.79167 0.65625 0.79167 0.67188 0.79167 0.68750 0.79167 0.70312 0.79167 0.71875 0.79167 0.73438 0.79167 0.75000 0.79167 0.76562 0.79167 0.78125 0.79167 0.79688 0.79167 0.81250 0.79167 0.82812 0.79167 0.84375 0.79167 0.85938 0.79167 0.87500 0.79167 0.89062 0.79167 0.90625 0.79167 0.92188 0.79167 0.93750 0.79167 0.95312 0.79167 0.96875 0.79167 0.98438 0.79167 1.00000 0.79167 0.00000 0.75000 0.01562 0.75000 0.03125 0.75000 0.04688 0.75000 0.06250 0.75000 0.07812 0.75000 0.09375 0.75000 0.10938 0.75000 0.12500 0.75000 0.14062 0.75000 0.15625 0.75000 0.17188 0.75000 0.18750 0.75000 0.20312 0.75000 0.21875 0.75000 0.23438 0.75000 0.25000 0.75000 0.26562 0.75000 0.28125 0.75000 0.29688 0.75000 0.31250 0.75000 0.32812 0.75000 0.34375 0.75000 0.35938 0.75000 0.37500 0.75000 0.39062 0.75000 0.40625 0.75000 0.42188 0.75000 0.43750 0.75000 0.45312 0.75000 0.46875 0.75000 0.48438 0.75000 0.50000 0.75000 0.51562 0.75000 0.53125 0.75000 0.54688 0.75000 0.56250 0.75000 0.57812 0.75000 0.59375 0.75000 0.60938 0.75000 0.62500 0.75000 0.64062 0.75000 0.65625 0.75000 0.67188 0.75000 0.68750 0.75000 0.70312 0.75000 0.71875 0.75000 0.73438 0.75000 0.75000 0.75000 0.76562 0.75000 0.78125 0.75000 0.79688 0.75000 0.81250 0.75000 0.82812 0.75000 0.84375 0.75000 0.85938 0.75000 0.87500 0.75000 0.89062 0.75000 0.90625 0.75000 0.92188 0.75000 0.93750 0.75000 0.95312 0.75000 0.96875 0.75000 0.98438 0.75000 1.00000 0.75000 0.00000 0.70833 0.01562 0.70833 0.03125 0.70833 0.04688 0.70833 0.06250 0.70833 0.07812 0.70833 0.09375 0.70833 0.10938 0.70833 0.12500 0.70833 0.14062 0.70833 0.15625 0.70833 0.17188 0.70833 0.18750 0.70833 0.20312 0.70833 0.21875 0.70833 0.23438 0.70833 0.25000 0.70833 0.26562 0.70833 0.28125 0.70833 0.29688 0.70833 0.31250 0.70833 0.32812 0.70833 0.34375 0.70833 0.35938 0.70833 0.37500 0.70833 0.39062 0.70833 0.40625 0.70833 0.42188 0.70833 0.43750 0.70833 0.45312 0.70833 0.46875 0.70833 0.48438 0.70833 0.50000 0.70833 0.51562 0.70833 0.53125 0.70833 0.54688 0.70833 0.56250 0.70833 0.57812 0.70833 0.59375 0.70833 0.60938 0.70833 0.62500 0.70833 0.64062 0.70833 0.65625 0.70833 0.67188 0.70833 0.68750 0.70833 0.70312 0.70833 0.71875 0.70833 0.73438 0.70833 0.75000 0.70833 0.76562 0.70833 0.78125 0.70833 0.79688 0.70833 0.81250 0.70833 0.82812 0.70833 0.84375 0.70833 0.85938 0.70833 0.87500 0.70833 0.89062 0.70833 0.90625 0.70833 0.92188 0.70833 0.93750 0.70833 0.95312 0.70833 0.96875 0.70833 0.98438 0.70833 1.00000 0.70833 0.00000 0.66667 0.01562 0.66667 0.03125 0.66667 0.04688 0.66667 0.06250 0.66667 0.07812 0.66667 0.09375 0.66667 0.10938 0.66667 0.12500 0.66667 0.14062 0.66667 0.15625 0.66667 0.17188 0.66667 0.18750 0.66667 0.20312 0.66667 0.21875 0.66667 0.23438 0.66667 0.25000 0.66667 0.26562 0.66667 0.28125 0.66667 0.29688 0.66667 0.31250 0.66667 0.32812 0.66667 0.34375 0.66667 0.35938 0.66667 0.37500 0.66667 0.39062 0.66667 0.40625 0.66667 0.42188 0.66667 0.43750 0.66667 0.45312 0.66667 0.46875 0.66667 0.48438 0.66667 0.50000 0.66667 0.51562 0.66667 0.53125 0.66667 0.54688 0.66667 0.56250 0.66667 0.57812 0.66667 0.59375 0.66667 0.60938 0.66667 0.62500 0.66667 0.64062 0.66667 0.65625 0.66667 0.67188 0.66667 0.68750 0.66667 0.70312 0.66667 0.71875 0.66667 0.73438 0.66667 0.75000 0.66667 0.76562 0.66667 0.78125 0.66667 0.79688 0.66667 0.81250 0.66667 0.82812 0.66667 0.84375 0.66667 0.85938 0.66667 0.87500 0.66667 0.89062 0.66667 0.90625 0.66667 0.92188 0.66667 0.93750 0.66667 0.95312 0.66667 0.96875 0.66667 0.98438 0.66667 1.00000 0.66667 0.00000 0.62500 0.01562 0.62500 0.03125 0.62500 0.04688 0.62500 0.06250 0.62500 0.07812 0.62500 0.09375 0.62500 0.10938 0.62500 0.12500 0.62500 0.14062 0.62500 0.15625 0.62500 0.17188 0.62500 0.18750 0.62500 0.20312 0.62500 0.21875 0.62500 0.23438 0.62500 0.25000 0.62500 0.26562 0.62500 0.28125 0.62500 0.29688 0.62500 0.31250 0.62500 0.32812 0.62500 0.34375 0.62500 0.35938 0.62500 0.37500 0.62500 0.39062 0.62500 0.40625 0.62500 0.42188 0.62500 0.43750 0.62500 0.45312 0.62500 0.46875 0.62500 0.48438 0.62500 0.50000 0.62500 0.51562 0.62500 0.53125 0.62500 0.54688 0.62500 0.56250 0.62500 0.57812 0.62500 0.59375 0.62500 0.60938 0.62500 0.62500 0.62500 0.64062 0.62500 0.65625 0.62500 0.67188 0.62500 0.68750 0.62500 0.70312 0.62500 0.71875 0.62500 0.73438 0.62500 0.75000 0.62500 0.76562 0.62500 0.78125 0.62500 0.79688 0.62500 0.81250 0.62500 0.82812 0.62500 0.84375 0.62500 0.85938 0.62500 0.87500 0.62500 0.89062 0.62500 0.90625 0.62500 0.92188 0.62500 0.93750 0.62500 0.95312 0.62500 0.96875 0.62500 0.98438 0.62500 1.00000 0.62500 0.00000 0.58333 0.01562 0.58333 0.03125 0.58333 0.04688 0.58333 0.06250 0.58333 0.07812 0.58333 0.09375 0.58333 0.10938 0.58333 0.12500 0.58333 0.14062 0.58333 0.15625 0.58333 0.17188 0.58333 0.18750 0.58333 0.20312 0.58333 0.21875 0.58333 0.23438 0.58333 0.25000 0.58333 0.26562 0.58333 0.28125 0.58333 0.29688 0.58333 0.31250 0.58333 0.32812 0.58333 0.34375 0.58333 0.35938 0.58333 0.37500 0.58333 0.39062 0.58333 0.40625 0.58333 0.42188 0.58333 0.43750 0.58333 0.45312 0.58333 0.46875 0.58333 0.48438 0.58333 0.50000 0.58333 0.51562 0.58333 0.53125 0.58333 0.54688 0.58333 0.56250 0.58333 0.57812 0.58333 0.59375 0.58333 0.60938 0.58333 0.62500 0.58333 0.64062 0.58333 0.65625 0.58333 0.67188 0.58333 0.68750 0.58333 0.70312 0.58333 0.71875 0.58333 0.73438 0.58333 0.75000 0.58333 0.76562 0.58333 0.78125 0.58333 0.79688 0.58333 0.81250 0.58333 0.82812 0.58333 0.84375 0.58333 0.85938 0.58333 0.87500 0.58333 0.89062 0.58333 0.90625 0.58333 0.92188 0.58333 0.93750 0.58333 0.95312 0.58333 0.96875 0.58333 0.98438 0.58333 1.00000 0.58333 0.00000 0.54167 0.01562 0.54167 0.03125 0.54167 0.04688 0.54167 0.06250 0.54167 0.07812 0.54167 0.09375 0.54167 0.10938 0.54167 0.12500 0.54167 0.14062 0.54167 0.15625 0.54167 0.17188 0.54167 0.18750 0.54167 0.20312 0.54167 0.21875 0.54167 0.23438 0.54167 0.25000 0.54167 0.26562 0.54167 0.28125 0.54167 0.29688 0.54167 0.31250 0.54167 0.32812 0.54167 0.34375 0.54167 0.35938 0.54167 0.37500 0.54167 0.39062 0.54167 0.40625 0.54167 0.42188 0.54167 0.43750 0.54167 0.45312 0.54167 0.46875 0.54167 0.48438 0.54167 0.50000 0.54167 0.51562 0.54167 0.53125 0.54167 0.54688 0.54167 0.56250 0.54167 0.57812 0.54167 0.59375 0.54167 0.60938 0.54167 0.62500 0.54167 0.64062 0.54167 0.65625 0.54167 0.67188 0.54167 0.68750 0.54167 0.70312 0.54167 0.71875 0.54167 0.73438 0.54167 0.75000 0.54167 0.76562 0.54167 0.78125 0.54167 0.79688 0.54167 0.81250 0.54167 0.82812 0.54167 0.84375 0.54167 0.85938 0.54167 0.87500 0.54167 0.89062 0.54167 0.90625 0.54167 0.92188 0.54167 0.93750 0.54167 0.95312 0.54167 0.96875 0.54167 0.98438 0.54167 1.00000 0.54167 0.00000 0.50000 0.01562 0.50000 0.03125 0.50000 0.04688 0.50000 0.06250 0.50000 0.07812 0.50000 0.09375 0.50000 0.10938 0.50000 0.12500 0.50000 0.14062 0.50000 0.15625 0.50000 0.17188 0.50000 0.18750 0.50000 0.20312 0.50000 0.21875 0.50000 0.23438 0.50000 0.25000 0.50000 0.26562 0.50000 0.28125 0.50000 0.29688 0.50000 0.31250 0.50000 0.32812 0.50000 0.34375 0.50000 0.35938 0.50000 0.37500 0.50000 0.39062 0.50000 0.40625 0.50000 0.42188 0.50000 0.43750 0.50000 0.45312 0.50000 0.46875 0.50000 0.48438 0.50000 0.50000 0.50000 0.51562 0.50000 0.53125 0.50000 0.54688 0.50000 0.56250 0.50000 0.57812 0.50000 0.59375 0.50000 0.60938 0.50000 0.62500 0.50000 0.64062 0.50000 0.65625 0.50000 0.67188 0.50000 0.68750 0.50000 0.70312 0.50000 0.71875 0.50000 0.73438 0.50000 0.75000 0.50000 0.76562 0.50000 0.78125 0.50000 0.79688 0.50000 0.81250 0.50000 0.82812 0.50000 0.84375 0.50000 0.85938 0.50000 0.87500 0.50000 0.89062 0.50000 0.90625 0.50000 0.92188 0.50000 0.93750 0.50000 0.95312 0.50000 0.96875 0.50000 0.98438 0.50000 1.00000 0.50000 0.00000 0.45833 0.01562 0.45833 0.03125 0.45833 0.04688 0.45833 0.06250 0.45833 0.07812 0.45833 0.09375 0.45833 0.10938 0.45833 0.12500 0.45833 0.14062 0.45833 0.15625 0.45833 0.17188 0.45833 0.18750 0.45833 0.20312 0.45833 0.21875 0.45833 0.23438 0.45833 0.25000 0.45833 0.26562 0.45833 0.28125 0.45833 0.29688 0.45833 0.31250 0.45833 0.32812 0.45833 0.34375 0.45833 0.35938 0.45833 0.37500 0.45833 0.39062 0.45833 0.40625 0.45833 0.42188 0.45833 0.43750 0.45833 0.45312 0.45833 0.46875 0.45833 0.48438 0.45833 0.50000 0.45833 0.51562 0.45833 0.53125 0.45833 0.54688 0.45833 0.56250 0.45833 0.57812 0.45833 0.59375 0.45833 0.60938 0.45833 0.62500 0.45833 0.64062 0.45833 0.65625 0.45833 0.67188 0.45833 0.68750 0.45833 0.70312 0.45833 0.71875 0.45833 0.73438 0.45833 0.75000 0.45833 0.76562 0.45833 0.78125 0.45833 0.79688 0.45833 0.81250 0.45833 0.82812 0.45833 0.84375 0.45833 0.85938 0.45833 0.87500 0.45833 0.89062 0.45833 0.90625 0.45833 0.92188 0.45833 0.93750 0.45833 0.95312 0.45833 0.96875 0.45833 0.98438 0.45833 1.00000 0.45833 0.00000 0.41667 0.01562 0.41667 0.03125 0.41667 0.04688 0.41667 0.06250 0.41667 0.07812 0.41667 0.09375 0.41667 0.10938 0.41667 0.12500 0.41667 0.14062 0.41667 0.15625 0.41667 0.17188 0.41667 0.18750 0.41667 0.20312 0.41667 0.21875 0.41667 0.23438 0.41667 0.25000 0.41667 0.26562 0.41667 0.28125 0.41667 0.29688 0.41667 0.31250 0.41667 0.32812 0.41667 0.34375 0.41667 0.35938 0.41667 0.37500 0.41667 0.39062 0.41667 0.40625 0.41667 0.42188 0.41667 0.43750 0.41667 0.45312 0.41667 0.46875 0.41667 0.48438 0.41667 0.50000 0.41667 0.51562 0.41667 0.53125 0.41667 0.54688 0.41667 0.56250 0.41667 0.57812 0.41667 0.59375 0.41667 0.60938 0.41667 0.62500 0.41667 0.64062 0.41667 0.65625 0.41667 0.67188 0.41667 0.68750 0.41667 0.70312 0.41667 0.71875 0.41667 0.73438 0.41667 0.75000 0.41667 0.76562 0.41667 0.78125 0.41667 0.79688 0.41667 0.81250 0.41667 0.82812 0.41667 0.84375 0.41667 0.85938 0.41667 0.87500 0.41667 0.89062 0.41667 0.90625 0.41667 0.92188 0.41667 0.93750 0.41667 0.95312 0.41667 0.96875 0.41667 0.98438 0.41667 1.00000 0.41667 0.00000 0.37500 0.01562 0.37500 0.03125 0.37500 0.04688 0.37500 0.06250 0.37500 0.07812 0.37500 0.09375 0.37500 0.10938 0.37500 0.12500 0.37500 0.14062 0.37500 0.15625 0.37500 0.17188 0.37500 0.18750 0.37500 0.20312 0.37500 0.21875 0.37500 0.23438 0.37500 0.25000 0.37500 0.26562 0.37500 0.28125 0.37500 0.29688 0.37500 0.31250 0.37500 0.32812 0.37500 0.34375 0.37500 0.35938 0.37500 0.37500 0.37500 0.39062 0.37500 0.40625 0.37500 0.42188 0.37500 0.43750 0.37500 0.45312 0.37500 0.46875 0.37500 0.48438 0.37500 0.50000 0.37500 0.51562 0.37500 0.53125 0.37500 0.54688 0.37500 0.56250 0.37500 0.57812 0.37500 0.59375 0.37500 0.60938 0.37500 0.62500 0.37500 0.64062 0.37500 0.65625 0.37500 0.67188 0.37500 0.68750 0.37500 0.70312 0.37500 0.71875 0.37500 0.73438 0.37500 0.75000 0.37500 0.76562 0.37500 0.78125 0.37500 0.79688 0.37500 0.81250 0.37500 0.82812 0.37500 0.84375 0.37500 0.85938 0.37500 0.87500 0.37500 0.89062 0.37500 0.90625 0.37500 0.92188 0.37500 0.93750 0.37500 0.95312 0.37500 0.96875 0.37500 0.98438 0.37500 1.00000 0.37500 0.00000 0.33333 0.01562 0.33333 0.03125 0.33333 0.04688 0.33333 0.06250 0.33333 0.07812 0.33333 0.09375 0.33333 0.10938 0.33333 0.12500 0.33333 0.14062 0.33333 0.15625 0.33333 0.17188 0.33333 0.18750 0.33333 0.20312 0.33333 0.21875 0.33333 0.23438 0.33333 0.25000 0.33333 0.26562 0.33333 0.28125 0.33333 0.29688 0.33333 0.31250 0.33333 0.32812 0.33333 0.34375 0.33333 0.35938 0.33333 0.37500 0.33333 0.39062 0.33333 0.40625 0.33333 0.42188 0.33333 0.43750 0.33333 0.45312 0.33333 0.46875 0.33333 0.48438 0.33333 0.50000 0.33333 0.51562 0.33333 0.53125 0.33333 0.54688 0.33333 0.56250 0.33333 0.57812 0.33333 0.59375 0.33333 0.60938 0.33333 0.62500 0.33333 0.64062 0.33333 0.65625 0.33333 0.67188 0.33333 0.68750 0.33333 0.70312 0.33333 0.71875 0.33333 0.73438 0.33333 0.75000 0.33333 0.76562 0.33333 0.78125 0.33333 0.79688 0.33333 0.81250 0.33333 0.82812 0.33333 0.84375 0.33333 0.85938 0.33333 0.87500 0.33333 0.89062 0.33333 0.90625 0.33333 0.92188 0.33333 0.93750 0.33333 0.95312 0.33333 0.96875 0.33333 0.98438 0.33333 1.00000 0.33333 0.00000 0.29167 0.01562 0.29167 0.03125 0.29167 0.04688 0.29167 0.06250 0.29167 0.07812 0.29167 0.09375 0.29167 0.10938 0.29167 0.12500 0.29167 0.14062 0.29167 0.15625 0.29167 0.17188 0.29167 0.18750 0.29167 0.20312 0.29167 0.21875 0.29167 0.23438 0.29167 0.25000 0.29167 0.26562 0.29167 0.28125 0.29167 0.29688 0.29167 0.31250 0.29167 0.32812 0.29167 0.34375 0.29167 0.35938 0.29167 0.37500 0.29167 0.39062 0.29167 0.40625 0.29167 0.42188 0.29167 0.43750 0.29167 0.45312 0.29167 0.46875 0.29167 0.48438 0.29167 0.50000 0.29167 0.51562 0.29167 0.53125 0.29167 0.54688 0.29167 0.56250 0.29167 0.57812 0.29167 0.59375 0.29167 0.60938 0.29167 0.62500 0.29167 0.64062 0.29167 0.65625 0.29167 0.67188 0.29167 0.68750 0.29167 0.70312 0.29167 0.71875 0.29167 0.73438 0.29167 0.75000 0.29167 0.76562 0.29167 0.78125 0.29167 0.79688 0.29167 0.81250 0.29167 0.82812 0.29167 0.84375 0.29167 0.85938 0.29167 0.87500 0.29167 0.89062 0.29167 0.90625 0.29167 0.92188 0.29167 0.93750 0.29167 0.95312 0.29167 0.96875 0.29167 0.98438 0.29167 1.00000 0.29167 0.00000 0.25000 0.01562 0.25000 0.03125 0.25000 0.04688 0.25000 0.06250 0.25000 0.07812 0.25000 0.09375 0.25000 0.10938 0.25000 0.12500 0.25000 0.14062 0.25000 0.15625 0.25000 0.17188 0.25000 0.18750 0.25000 0.20312 0.25000 0.21875 0.25000 0.23438 0.25000 0.25000 0.25000 0.26562 0.25000 0.28125 0.25000 0.29688 0.25000 0.31250 0.25000 0.32812 0.25000 0.34375 0.25000 0.35938 0.25000 0.37500 0.25000 0.39062 0.25000 0.40625 0.25000 0.42188 0.25000 0.43750 0.25000 0.45312 0.25000 0.46875 0.25000 0.48438 0.25000 0.50000 0.25000 0.51562 0.25000 0.53125 0.25000 0.54688 0.25000 0.56250 0.25000 0.57812 0.25000 0.59375 0.25000 0.60938 0.25000 0.62500 0.25000 0.64062 0.25000 0.65625 0.25000 0.67188 0.25000 0.68750 0.25000 0.70312 0.25000 0.71875 0.25000 0.73438 0.25000 0.75000 0.25000 0.76562 0.25000 0.78125 0.25000 0.79688 0.25000 0.81250 0.25000 0.82812 0.25000 0.84375 0.25000 0.85938 0.25000 0.87500 0.25000 0.89062 0.25000 0.90625 0.25000 0.92188 0.25000 0.93750 0.25000 0.95312 0.25000 0.96875 0.25000 0.98438 0.25000 1.00000 0.25000 0.00000 0.20833 0.01562 0.20833 0.03125 0.20833 0.04688 0.20833 0.06250 0.20833 0.07812 0.20833 0.09375 0.20833 0.10938 0.20833 0.12500 0.20833 0.14062 0.20833 0.15625 0.20833 0.17188 0.20833 0.18750 0.20833 0.20312 0.20833 0.21875 0.20833 0.23438 0.20833 0.25000 0.20833 0.26562 0.20833 0.28125 0.20833 0.29688 0.20833 0.31250 0.20833 0.32812 0.20833 0.34375 0.20833 0.35938 0.20833 0.37500 0.20833 0.39062 0.20833 0.40625 0.20833 0.42188 0.20833 0.43750 0.20833 0.45312 0.20833 0.46875 0.20833 0.48438 0.20833 0.50000 0.20833 0.51562 0.20833 0.53125 0.20833 0.54688 0.20833 0.56250 0.20833 0.57812 0.20833 0.59375 0.20833 0.60938 0.20833 0.62500 0.20833 0.64062 0.20833 0.65625 0.20833 0.67188 0.20833 0.68750 0.20833 0.70312 0.20833 0.71875 0.20833 0.73438 0.20833 0.75000 0.20833 0.76562 0.20833 0.78125 0.20833 0.79688 0.20833 0.81250 0.20833 0.82812 0.20833 0.84375 0.20833 0.85938 0.20833 0.87500 0.20833 0.89062 0.20833 0.90625 0.20833 0.92188 0.20833 0.93750 0.20833 0.95312 0.20833 0.96875 0.20833 0.98438 0.20833 1.00000 0.20833 0.00000 0.16667 0.01562 0.16667 0.03125 0.16667 0.04688 0.16667 0.06250 0.16667 0.07812 0.16667 0.09375 0.16667 0.10938 0.16667 0.12500 0.16667 0.14062 0.16667 0.15625 0.16667 0.17188 0.16667 0.18750 0.16667 0.20312 0.16667 0.21875 0.16667 0.23438 0.16667 0.25000 0.16667 0.26562 0.16667 0.28125 0.16667 0.29688 0.16667 0.31250 0.16667 0.32812 0.16667 0.34375 0.16667 0.35938 0.16667 0.37500 0.16667 0.39062 0.16667 0.40625 0.16667 0.42188 0.16667 0.43750 0.16667 0.45312 0.16667 0.46875 0.16667 0.48438 0.16667 0.50000 0.16667 0.51562 0.16667 0.53125 0.16667 0.54688 0.16667 0.56250 0.16667 0.57812 0.16667 0.59375 0.16667 0.60938 0.16667 0.62500 0.16667 0.64062 0.16667 0.65625 0.16667 0.67188 0.16667 0.68750 0.16667 0.70312 0.16667 0.71875 0.16667 0.73438 0.16667 0.75000 0.16667 0.76562 0.16667 0.78125 0.16667 0.79688 0.16667 0.81250 0.16667 0.82812 0.16667 0.84375 0.16667 0.85938 0.16667 0.87500 0.16667 0.89062 0.16667 0.90625 0.16667 0.92188 0.16667 0.93750 0.16667 0.95312 0.16667 0.96875 0.16667 0.98438 0.16667 1.00000 0.16667 0.00000 0.12500 0.01562 0.12500 0.03125 0.12500 0.04688 0.12500 0.06250 0.12500 0.07812 0.12500 0.09375 0.12500 0.10938 0.12500 0.12500 0.12500 0.14062 0.12500 0.15625 0.12500 0.17188 0.12500 0.18750 0.12500 0.20312 0.12500 0.21875 0.12500 0.23438 0.12500 0.25000 0.12500 0.26562 0.12500 0.28125 0.12500 0.29688 0.12500 0.31250 0.12500 0.32812 0.12500 0.34375 0.12500 0.35938 0.12500 0.37500 0.12500 0.39062 0.12500 0.40625 0.12500 0.42188 0.12500 0.43750 0.12500 0.45312 0.12500 0.46875 0.12500 0.48438 0.12500 0.50000 0.12500 0.51562 0.12500 0.53125 0.12500 0.54688 0.12500 0.56250 0.12500 0.57812 0.12500 0.59375 0.12500 0.60938 0.12500 0.62500 0.12500 0.64062 0.12500 0.65625 0.12500 0.67188 0.12500 0.68750 0.12500 0.70312 0.12500 0.71875 0.12500 0.73438 0.12500 0.75000 0.12500 0.76562 0.12500 0.78125 0.12500 0.79688 0.12500 0.81250 0.12500 0.82812 0.12500 0.84375 0.12500 0.85938 0.12500 0.87500 0.12500 0.89062 0.12500 0.90625 0.12500 0.92188 0.12500 0.93750 0.12500 0.95312 0.12500 0.96875 0.12500 0.98438 0.12500 1.00000 0.12500 0.00000 0.08333 0.01562 0.08333 0.03125 0.08333 0.04688 0.08333 0.06250 0.08333 0.07812 0.08333 0.09375 0.08333 0.10938 0.08333 0.12500 0.08333 0.14062 0.08333 0.15625 0.08333 0.17188 0.08333 0.18750 0.08333 0.20312 0.08333 0.21875 0.08333 0.23438 0.08333 0.25000 0.08333 0.26562 0.08333 0.28125 0.08333 0.29688 0.08333 0.31250 0.08333 0.32812 0.08333 0.34375 0.08333 0.35938 0.08333 0.37500 0.08333 0.39062 0.08333 0.40625 0.08333 0.42188 0.08333 0.43750 0.08333 0.45312 0.08333 0.46875 0.08333 0.48438 0.08333 0.50000 0.08333 0.51562 0.08333 0.53125 0.08333 0.54688 0.08333 0.56250 0.08333 0.57812 0.08333 0.59375 0.08333 0.60938 0.08333 0.62500 0.08333 0.64062 0.08333 0.65625 0.08333 0.67188 0.08333 0.68750 0.08333 0.70312 0.08333 0.71875 0.08333 0.73438 0.08333 0.75000 0.08333 0.76562 0.08333 0.78125 0.08333 0.79688 0.08333 0.81250 0.08333 0.82812 0.08333 0.84375 0.08333 0.85938 0.08333 0.87500 0.08333 0.89062 0.08333 0.90625 0.08333 0.92188 0.08333 0.93750 0.08333 0.95312 0.08333 0.96875 0.08333 0.98438 0.08333 1.00000 0.08333 0.00000 0.04167 0.01562 0.04167 0.03125 0.04167 0.04688 0.04167 0.06250 0.04167 0.07812 0.04167 0.09375 0.04167 0.10938 0.04167 0.12500 0.04167 0.14062 0.04167 0.15625 0.04167 0.17188 0.04167 0.18750 0.04167 0.20312 0.04167 0.21875 0.04167 0.23438 0.04167 0.25000 0.04167 0.26562 0.04167 0.28125 0.04167 0.29688 0.04167 0.31250 0.04167 0.32812 0.04167 0.34375 0.04167 0.35938 0.04167 0.37500 0.04167 0.39062 0.04167 0.40625 0.04167 0.42188 0.04167 0.43750 0.04167 0.45312 0.04167 0.46875 0.04167 0.48438 0.04167 0.50000 0.04167 0.51562 0.04167 0.53125 0.04167 0.54688 0.04167 0.56250 0.04167 0.57812 0.04167 0.59375 0.04167 0.60938 0.04167 0.62500 0.04167 0.64062 0.04167 0.65625 0.04167 0.67188 0.04167 0.68750 0.04167 0.70312 0.04167 0.71875 0.04167 0.73438 0.04167 0.75000 0.04167 0.76562 0.04167 0.78125 0.04167 0.79688 0.04167 0.81250 0.04167 0.82812 0.04167 0.84375 0.04167 0.85938 0.04167 0.87500 0.04167 0.89062 0.04167 0.90625 0.04167 0.92188 0.04167 0.93750 0.04167 0.95312 0.04167 0.96875 0.04167 0.98438 0.04167 1.00000 0.04167 0.00000 0.00000 0.01562 0.00000 0.03125 0.00000 0.04688 0.00000 0.06250 0.00000 0.07812 0.00000 0.09375 0.00000 0.10938 0.00000 0.12500 0.00000 0.14062 0.00000 0.15625 0.00000 0.17188 0.00000 0.18750 0.00000 0.20312 0.00000 0.21875 0.00000 0.23438 0.00000 0.25000 0.00000 0.26562 0.00000 0.28125 0.00000 0.29688 0.00000 0.31250 0.00000 0.32812 0.00000 0.34375 0.00000 0.35938 0.00000 0.37500 0.00000 0.39062 0.00000 0.40625 0.00000 0.42188 0.00000 0.43750 0.00000 0.45312 0.00000 0.46875 0.00000 0.48438 0.00000 0.50000 0.00000 0.51562 0.00000 0.53125 0.00000 0.54688 0.00000 0.56250 0.00000 0.57812 0.00000 0.59375 0.00000 0.60938 0.00000 0.62500 0.00000 0.64062 0.00000 0.65625 0.00000 0.67188 0.00000 0.68750 0.00000 0.70312 0.00000 0.71875 0.00000 0.73438 0.00000 0.75000 0.00000 0.76562 0.00000 0.78125 0.00000 0.79688 0.00000 0.81250 0.00000 0.82812 0.00000 0.84375 0.00000 0.85938 0.00000 0.87500 0.00000 0.89062 0.00000 0.90625 0.00000 0.92188 0.00000 0.93750 0.00000 0.95312 0.00000 0.96875 0.00000 0.98438 0.00000 1.00000 0.00000</float_array>
      <technique_common><accessor source="#t-a" count="1625" stride="2"><param name="S" type="float"/><param name="T" type="float"/></accessor></technique_common></source>
    <vertices id="v"><input semantic="POSITION" source="#p"/></vertices>
    <triangles material="m" count="3072">
      <input semantic="VERTEX" source="#v" offset="0"/><input semantic="NORMAL" source="#n" offset="1"/><input semantic="TEXCOORD" source="#t" offset="2" set="0"/>
      <p>0 0 0 65 65 65 66 66 66 0 0 0 66 66 66 1 1 1 1 1 1 66 66 66 67 67 67 1 1 1 67 67 67 2 2 2 2 2 2 67 67 67 68 68 68 2 2 2 68 68 68 3 3 3 3 3 3 68 68 68 69 69 69 3 3 3 69 69 69 4 4 4 4 4 4 69 69 69 70 70 70 4 4 4 70 70 70 5 5 5 5 5 5 70 70 70 71 71 71 5 5 5 71 71 71 6 6 6 6 6 6 71 71 71 72 72 72 6 6 6 72 72 72 7 7 7 7 7 7 72 72 72 73 73 73 7 7 7 73 73 73 8 8 8 8 8 8 73 73 73 74 74 74 8 8 8 74 74 74 9 9 9 9 9 9 74 74 74 75 75 75 9 9 9 75 75 75 10 10 10 10 10 10 75 75 75 76 76 76 10 10 10 76 76 76 11 11 11 11 11 11 76 76 76 77 77 77 11 11 11 77 77 77 12 12 12 12 12 12 77 77 77 78 78 78 12 12 12 78 78 78 13 13 13 13 13 13 78 78 78 79 79 79 13 13 13 79 79 79 14 14 14 14 14 14 79 79 79 80 80 80 14 14 14 80 80 80 15 15 15 15 15 15 80 80 80 81 81 81 15 15 15 81 81 81 16 16 16 16 16 16 81 81 81 82 82 82 16 16 16 82 82 82 17 17 17 17 17 17 82 82 82 83 83 83 17 17 17 83 83 83 18 18 18 18 18 18 83 83 83 84 84 84 18 18 18 84 84 84 19 19 19 19 19 19 84 84 84 85 85 85 19 19 19 85 85 85 20 20 20 20 20 20 85 85 85 86 86 86 20 20 20 86 86 86 21 21 21 21 21 21 86 86 86 87 87 87 21 21 21 87 87 87 22 22 22 22 22 22 87 87 87 88 88 88 22 22 22 88 88 88 23 23 23 23 23 23 88 88 88 89 89 89 23 23 23 89 89 89 24 24 24 24 24 24 89 89 89 90 90 90 24 24 24 90 90 90 25 25 25 25 25 25 90 90 90 91 91 91 25 25 25 91 91 91 26 26 26 26 26 26 91 91 91 92 92 92 26 26 26 92 92 92 27 27 27 27 27 27 92 92 92 93 93 93 27 27 27 93 93 93 28 28 28 28 28 28 93 93 93 94 94 94 28 28 28 94 94 94 29 29 29 29 29 29 94 94 94 95 95 95 29 29 29 95 95 95 30 30 30 30 30 30 95 95 95 96 96 96 30 30 30 96 96 96 31 31 31 31 31 31 96 96 96 97 97 97 31 31 31 97 97 97 32 32 32 32 32 32 97 97 97 98 98 98 32 32 32 98 98 98 33 33 33 33 33 33 98 98 98 99 99 99 33 33 33 99 99 99 34 34 34 34 34 34 99 99 99 100 100 100 34 34 34 100 100 100 35 35 35 35 35 35 100 100 100 101 101 101 35 35 35 101 101 101 36 36 36 36 36 36 101 101 101 102 102 102 36 36 36 102 102 102 37 37 37 37 37 37 102 102 102 103 103 103 37 37 37 103 103 103 38 38 38 38 38 38 103 103 103 104 104 104 38 38 38 104 104 104 39 39 39 39 39 39 104 104 104 105 105 105 39 39 39 105 105 105 40 40 40 40 40 40 105 105 105 106 106 106 40 40 40 106 106 106 41 41 41 41 41 41 106 106 106 107 107 107 41 41 41 107 107 107 42 42 42 42 42 42 107 107 107 108 108 108 42 42 42 108 108 108 43 43 43 43 43 43 108 108 108 109 109 109 43 43 43 109 109 109 44 44 44 44 44 44 109 109 109 110 110 110 44 44 44 110 110 110 45 45 45 45 45 45 110 110 110 111 111 111 45 45 45 111 111 111 46 46 46 46 46 46 111 111 111 112 112 112 46 46 46 112 112 112 47 47 47 47 47 47 112 112 112 113 113 113 47 47 47 113 113 113 48 48 48 48 48 48 113 113 113 114 114 114 48 48 48 114 114 114 49 49 49 49 49 49 114 114 114 115 115 115 49 49 49 115 115 115 50 50 50 50 50 50 115 115 115 116 116 116 50 50 50 116 116 116 51 51 51 51 51 51 116 116 116 117 117 117 51 51 51 117 117 117 52 52 52 52 52 52 117 117 117 118 118 118 52 52 52 118 118 118 53 53 53 53 53 53 118 118 118 119 119 119 53 53 53 119 119 119 54 54 54 54 54 54 119 119 119 120 120 120 54 54 54 120 120 120 55 55 55 55 55 55 120 120 120 121 121 121 55 55 55 121 121 121 56 56 56 56 56 56 121 121 121 122 122 122 56 56 56 122 122 122 57 57 57 57 57 57 122 122 122 123 123 123 57 57 57 123 123 123 58 58 58 58 58 58 123 123 123 124 124 124 58 58 58 124 124 124 59 59 59 59 59 59 124 124 124 125 125 125 59 59 59 125 125 125 60 60 60 60 60 60 125 125 125 126 126 126 60 60 60 126 126 126 61 61 61 61 61 61 126 126 126 127 127 127 61 61 61 127 127 127 62 62 62 62 62 62 127 127 127 128 128 128 62 62 62 128 128 128 63 63 63 63 63 63 128 128 128 129 129 129 63 63 63 129 129 129 64 64 64 65 65 65 130 130 130 131 131 131 65 65 65 131 131 131 66 66 66 66 66 66 131 131 131 132 132 132 66 66 66 132 132 132 67 67 67 67 67 67 132 132 132 133 133 133 67 67 67 133 133 133 68 68 68 68 68 68 133 133 133 134 134 134 68 68 68 134 134 134 69 69 69 69 69 69 134 134 134 135 135 135 69 69 69 135 135 135 70 70 70 70 70 70 135 135 135 136 136 136 70 70 70 136 136 136 71 71 71 71 71 71 136 136 136 137 137 137 71 71 71 137 137 137 72 72 72 72 72 72 137 137 137 138 138 138 72 72 72 138 138 138 73 73 73 73 73 73 138 138 138 139 139 139 73 73 73 139 139 139 74 74 74 74 74 74 139 139 139 140 140 140 74 74 74 140 140 140 75 75 75 75 75 75 140 140 140 141 141 141 75 75 75 141 141 141 76 76 76 76 76 76 141 141 141 142 142 142 76 76 76 142 142 142 77 77 77 77 77 77 142 142 142 143 143 143 77 77 77 143 143 143 78 78 78 78 78 78 143 143 143 144 144 144 78 78 78 144 144 144 79 79 79 79 79 79 144 144 144 145 145 145 79 79 79 145 145 145 80 80 80 80 80 80 145 145 145 146 146 146 80 80 80 146 146 146 81 81 81 81 81 81 146 146 146 147 147 147 81 81 81 147 147 147 82 82 82 82 82 82 147 147 147 148 148 148 82 82 82 148 148 148 83 83 83 83 83 83 148 148 148 149 149 149 83 83 83 149 149 149 84 84 84 84 84 84 149 149 149 150 150 150 84 84 84 150 150 150 85 85 85 85 85 85 150 150 150 151 151 151 85 85 85 151 151 151 86 86 86 86 86 86 151 151 151 152 152 152 86 86 86 152 152 152 87 87 87 87 87 87 152 152 152 153 153 153 87 87 87 153 153 153 88 88 88 88 88 88 153 153 153 154 154 154 88 88 88 154 154 154 89 89 89 89 89 89 154 154 154 155 155 155 89 89 89 155 155 155 90 90 90 90 90 90 155 155 155 156 156 156 90 90 90 156 156 156 91 91 91 91 91 91 156 156 156 157 157 157 91 91 91 157 157 157 92 92 92 92 92 92 157 157 157 158 158 158 92 92 92 158 158 158 93 93 93 93 93 93 158 158 158 159 159 159 93 93 93 159 159 159 94 94 94 94 94 94 159 159 159 160 160 160 94 94 94 160 160 160 95 95 95 95 95 95 160 160 160 161 161 161 95 95 95 161 161 161 96 96 96 96 96 96 161 161 161 162 162 162 96 96 96 162 162 162 97 97 97 97 97 97 162 162 162 163 163 163 97 97 97 163 163 163 98 98 98 98 98 98 163 163 163 164 164 164 98 98 98 164 164 164 99 99 99 99 99 99 164 164 164 165 165 165 99 99 99 165 165 165 100 100 100 100 100 100 165 165 165 166 166 166 100 100 100 166 166 166 101 101 101 101 101 101 166 166 166 167 167 167 101 101 101 167 167 167 102 102 102 102 102 102 167 167 167 168 168 168 102 102 102 168 168 168 103 103 103 103 103 103 168 168 168 169 169 169 103 103 103 169 169 169 104 104 104 104 104 104 169 169 169 170 170 170 104 104 104 170 170 170 105 105 105 105 105 105 170 170 170 171 171 171 105 105 105 171 171 171 106 106 106 106 106 106 171 171 171 172 172 172 106 106 106 172 172 172 107 107 107 107 107 107 172 172 172 173 173 173 107 107 107 173 173 173 108 108 108 108 108 108 173 173 173 174 174 174 108 108 108 174 174 174 109 109 109 109 109 109 174 174 174 175 175 175 109 109 109 175 175 175 110 110 110 110 110 110 175 175 175 176 176 176 110 110 110 176 176 176 111 111 111 111 111 111 176 176 176 177 177 177 111 111 111 177 177 177 112 112 112 112 112 112 177 177 177 178 178 178 112 112 112 178 178 178 113 113 113 113 113 113 178 178 178 179 179 179 113 113 113 179 179 179 114 114 114 114 114 114 179 179 179 180 180 180 114 114 114 180 180 180 115 115 115 115 115 115 180 180 180 181 181 181 115 115 115 181 181 181 116 116 116 116 116 116 181 181 181 182 182 182 116 116 116 182 182 182 117 117 117 117 117 117 182 182 182 183 183 183 117 117 117 183 183 183 118 118 118 118 118 118 183 183 183 184 184 184 118 118 118 184 184 184 119 119 119 119 119 119 184 184 184 185 185 185 119 119 119 185 185 185 120 120 120 120 120 120 185 185 185 186 186 186 120 120 120 186 186 186 121 121 121 121 121 121 186 186 186 187 187 187 121 121 121 187 187 187 122 122 122 122 122 122 187 187 187 188 188 188 122 122 122 188 188 188 123 123 123 123 123 123 188 188 188 189 189 189 123 123 123 189 189 189 124 124 124 124 124 124 189 189 189 190 190 190 124 124 124 190 190 190 125 125 125 125 125 125 190 190 190 191 191 191 125 125 125 191 191 191 126 126 126 126 126 126 191 191 191 192 192 192 126 126 126 192 192 192 127 127 127 127 127 127 192 192 192 193 193 193 127 127 127 193 193 193 128 128 128 128 128 128 193 193 193 194 194 194 128 128 128 194 194 194 129 129 129 130 130 130 195 195 195 196 196 196 130 130 130 196 196 196 131 131 131 131 131 131 196 196 196 197 197 197 131 131 131 197 197 197 132 132 132 132 132 132 197 197 197 198 198 198 132 132 132 198 198 198 133 133 133 133 133 133 198 198 198 199 199 199 133 133 133 199 199 199 134 134 134 134 134 134 199 199 199 200 200 200 134 134 134 200 200 200 135 135 135 135 135 135 200 200 200 201 201 201 135 135 135 201 201 201 136 136 136 136 136 136 201 201 201 202 202 202 136 136 136 202 202 202 137 137 137 137 137 137 202 202 202 203 203 203 137 137 137 203 203 203 138 138 138 138 138 138 203 203 203 204 204 204 138 138 138 204 204 204 139 139 139 139 139 139 204 204 204 205 205 205 139 139 139 205 205 205 140 140 140 140 140 140 205 205 205 206 206 206 140 140 140 206 206 206 141 141 141 141 141 141 206 206 206 207 207 207 141 141 141 207 207 207 142 142 142 142 142 142 207 207 207 208 208 208 142 142 142 208 208 208 143 143 143 143 143 143 208 208 208 209 209 209 143 143 143 209 209 209 144 144 144 144 144 144 209 209 209 210 210 210 144 144 144 210 210 210 145 145 145 145 145 145 210 210 210 211 211 211 145 145 145 211 211 211 146 146 146 146 146 146 211 211 211 212 212 212 146 146 146 212 212 212 147 147 147 147 147 147 212 212 212 213 213 213 147 147 147 213 213 213 148 148 148 148 148 148 213 213 213 214 214 214 148 148 148 214 214 214 149 149 149 149 149 149 214 214 214 215 215 215 149 149 149 215 215 215 150 150 150 150 150 150 215 215 215 216 216 216 150 150 150 216 216 216 151 151 151 151 151 151 216 216 216 217 217 217 151 151 151 217 217 217 152 152 152 152 152 152 217 217 217 218 218 218 152 152 152 218 218 218 153 153 153 153 153 153 218 218 218 219 219 219 153 153 153 219 219 219 154 154 154 154 154 154 219 219 219 220 220 220 154 154 154 220 220 220 155 155 155 155 155 155 220 220 220 221 221 221 155 155 155 221 221 221 156 156 156 156 156 156 221 221 221 222 222 222 156 156 156 222 222 222 157 157 157 157 157 157 222 222 222 223 223 223 157 157 157 223 223 223 158 158 158 158 158 158 223 223 223 224 224 224 158 158 158 224 224 224 159 159 159 159 159 159 224 224 224 225 225 225 159 159 159 225 225 225 160 160 160 160 160 160 225 225 225 226 226 226 160 160 160 226 226 226 161 161 161 161 161 161 226 226 226 227 227 227 161 161 161 227 227 227 162 162 162 162 162 162 227 227 227 228 228 228 162 162 162 228 228 228 163 163 163 163 163 163 228 228 228 229 229 229 163 163 163 229 229 229 164 164 164 164 164 164 229 229 229 230 230 230 164 164 164 230 230 230 165 165 165 165 165 165 230 230 230 231 231 231 165 165 165 231 231 231 166 166 166 166 166 166 231 231 231 232 232 232 166 166 166 232 232 232 167 167 167 167 167 167 232 232 232 233 233 233 167 167 167 233 233 233 168 168 168 168 168 168 233 233 233 234 234 234 168 168 168 234 234 234 169 169 169 169 169 169 234 234 234 235 235 235 169 169 169 235 235 235 170 170 170 170 170 170 235 235 235 236 236 236 170 170 170 236 236 236 171 171 171 171 171 171 236 236 236 237 237 237 171 171 171 237 237 237 172 172 172 172 172 172 237 237 237 238 238 238 172 172 172 238 238 238 173 173 173 173 173 173 238 238 238 239 239 239 173 173 173 239 239 239 174 174 174 174 174 174 239 239 239 240 240 240 174 174 174 240 240 240 175 175 175 175 175 175 240 240 240 241 241 241 175 175 175 241 241 241 176 176 176 176 176 176 241 241 241 242 242 242 176 176 176 242 242 242 177 177 177 177 177 177 242 242 242 243 243 243 177 177 177 243 243 243 178 178 178 178 178 178 243 243 243 244 244 244 178 178 178 244 244 244 179 179 179 179 179 179 244 244 244 245 245 245 179 179 179 245 245 245 180 180 180 180 180 180 245 245 245 246 246 246 180 180 180 246 246 246 181 181 181 181 181 181 246 246 246 247 247 247 181 181 181 247 247 247 182 182 182 182 182 182 247 247 247 248 248 248 182 182 182 248 248 248 183 183 183 183 183 183 248 248 248 249 249 249 183 183 183 249 249 249 184 184 184 184 184 184 249 249 249 250 250 250 184 184 184 250 250 250 185 185 185 185 185 185 250 250 250 251 251 251 185 185 185 251 251 251 186 186 186 186 186 186 251 251 251 252 252 252 186 186 186 252 252 252 187 187 187 187 187 187 252 252 252 253 253 253 187 187 187 253 253 253 188 188 188 188 188 188 253 253 253 254 254 254 188 188 188 254 254 254 189 189 189 189 189 189 254 254 254 255 255 255 189 189 189 255 255 255 190 190 190 190 190 190 255 255 255 256 256 256 190 190 190 256 256 256 191 191 191 191 191 191 256 256 256 257 257 257 191 191 191 257 257 257 192 192 192 192 192 192 257 257 257 258 258 258 192 192 192 258 258 258 193 193 193 193 193 193 258 258 258 259 259 259 193 193 193 259 259 259 194 194 194 195 195 195 260 260 260 261 261 261 195 195 195 261 261 261 196 196 196 196 196 196 261 261 261 262 262 262 196 196 196 262 262 262 197 197 197 197 197 197 262 262 262 263 263 263 197 197 197 263 263 263 198 198 198 198 198 198 263 263 263 264 264 264 198 198 198 264 264 264 199 199 199 199 199 199 264 264 264 265 265 265 199 199 199 265 265 265 200 200 200 200 200 200 265 265 265 266 266 266 200 200 200 266 266 266 201 201 201 201 201 201 266 266 266 267 267 267 201 201 201 267 267 267 202 202 202 202 202 202 267 267 267 268 268 268 202 202 202 268 268 268 203 203 203 203 203 203 268 268 268 269 269 269 203 203 203 269 269 269 204 204 204 204 204 204 269 269 269 270 270 270 204 204 204 270 270 270 205 205 205 205 205 205 270 270 270 271 271 271 205 205 205 271 271 271 206 206 206 206 206 206 271 271 271 272 272 272 206 206 206 272 272 272 207 207 207 207 207 207 272 272 272 273 273 273 207 207 207 273 273 273 208 208 208 208 208 208 273 273 273 274 274 274 208 208 208 274 274 274 209 209 209 209 209 209 274 274 274 275 275 275 209 209 209 275 275 275 210 210 210 210 210 210 275 275 275 276 276 276 210 210 210 276 276 276 211 211 211 211 211 211 276 276 276 277 277 277 211 211 211 277 277 277 212 212 212 212 212 212 277 277 277 278 278 278 212 212 212 278 278 278 213 213 213 213 213 213 278 278 278 279 279 279 213 213 213 279 279 279 214 214 214 214 214 214 279 279 279 280 280 280 214 214 214 280 280 280 215 215 215 215 215 215 280 280 280 281 281 281 215 215 215 281 281 281 216 216 216 216 216 216 281 281 281 282 282 282 216 216 216 282 282 282 217 217 217 217 217 217 282 282 282 283 283 283 217 217 217 283 283 283 218 218 218 218 218 218 283 283 283 284 284 284 218 218 218 284 284 284 219 219 219 219 219 219 284 284 284 285 285 285 219 219 219 285 285 285 220 220 220 220 220 220 285 285 285 286 286 286 220 220 220 286 286 286 221 221 221 221 221 221 286 286 286 287 287 287 221 221 221 287 287 287 222 222 222 222 222 222 287 287 287 288 288 288 222 222 222 288 288 288 223 223 223 223 223 223 288 288 288 289 289 289 223 223 223 289 289 289 224 224 224 224 224 224 289 289 289 290 290 290 224 224 224 290 290 290 225 225 225 225 225 225 290 290 290 291 291 291 225 225 225 291 291 291 226 226 226 226 226 226 291 291 291 292 292 292 226 226 226 292 292 292 227 227 227 227 227 227 292 292 292 293 293 293 227 227 227 293 293 293 228 228 228 228 228 228 293 293 293 294 294 294 228 228 228 294 294 294 229 229 229 229 229 229 294 294 294 295 295 295 229 229 229 295 295 295 230 230 230 230 230 230 295 295 295 296 296 296 230 230 230 296 296 296 231 231 231 231 231 231 296 296 296 297 297 297 231 231 231 297 297 297 232 232 232 232 232 232 297 297 297 298 298 298 232 232 232 298 298 298 233 233 233 233 233 233 298 298 298 299 299 299 233 233 233 299 299 299 234 234 234 234 234 234 299 299 299 300 300 300 234 234 234 300 300 300 235 235 235 235 235 235 300 300 300 301 301 301 235 235 235 301 301 301 236 236 236 236 236 236 301 301 301 302 302 302 236 236 236 302 302 302 237 237 237 237 237 237 302 302 302 303 303 303 237 237 237 303 303 303 238 238 238 238 238 238 303 303 303 304 304 304 238 238 238 304 304 304 239 239 239 239 239 239 304 304 304 305 305 305 239 239 239 305 305 305 240 240 240 240 240 240 305 305 305 306 306 306 240 240 240 306 306 306 241 241 241 241 241 241 306 306 306 307 307 307 241 241 241 307 307 307 242 242 242 242 242 242 307 307 307 308 308 308 242 242 242 308 308 308 243 243 243 243 243 243 308 308 308 309 309 309 243 243 243 309 309 309 244 244 244 244 244 244 309 309 309 310 310 310 244 244 244 310 310 310 245 245 245 245 245 245 310 310 310 311 311 311 245 245 245 311 311 311 246 246 246 246 246 246 311 311 311 312 312 312 246 246 246 312 312 312 247 247 247 247 247 247 312 312 312 313 313 313 247 247 247 313 313 313 248 248 248 248 248 248 313 313 313 314 314 314 248 248 248 314 314 314 249 249 249 249 249 249 314 314 314 315 315 315 249 249 249 315 315 315 250 250 250 250 250 250 315 315 315 316 316 316 250 250 250 316 316 316 251 251 251 251 251 251 316 316 316 317 317 317 251 251 251 317 317 317 252 252 252 252 252 252 317 317 317 318 318 318 252 252 252 318 318 318 253 253 253 253 253 253 318 318 318 319 319 319 253 253 253 319 319 319 254 254 254 254 254 254 319 319 319 320 320 320 254 254 254 320 320 320 255 255 255 255 255 255 320 320 320 321 321 321 255 255 255 321 321 321 256 256 256 256 256 256 321 321 321 322 322 322 256 256 256 322 322 322 257 257 257 257 257 257 322 322 322 323 323 323 257 257 257 323 323 323 258 258 258 258 258 258 323 323 323 324 324 324 258 258 258 324 324 324 259 259 259 260 260 260 325 325 325 326 326 326 260 260 260 326 326 326 261 261 261 261 261 261 326 326 326 327 327 327 261 261 261 327 327 327 262 262 262 262 262 262 327 327 327 328 328 328 262 262 262 328 328 328 263 263 263 263 263 263 328 328 328 329 329 329 263 263 263 329 329 329 264 264 264 264 264 264 329 329 329 330 330 330 264 264 264 330 330 330 265 265 265 265 265 265 330 330 330 331 331 331 265 265 265 331 331 331 266 266 266 266 266 266 331 331 331 332 332 332 266 266 266 332 332 332 267 267 267 267 267 267 332 332 332 333 333 333 267 267 267 333 333 333 268 268 268 268 268 268 333 333 333 334 334 334 268 268 268 334 334 334 269 269 269 269 269 269 334 334 334 335 335 335 269 269 269 335 335 335 270 270 270 270 270 270 335 335 335 336 336 336 270 270 270 336 336 336 271 271 271 271 271 271 336 336 336 337 337 337 271 271 271 337 337 337 272 272 272 272 272 272 337 337 337 338 338 338 272 272 272 338 338 338 273 273 273 273 273 273 338 338 338 339 339 339 273 273 273 339 339 339 274 274 274 274 274 274 339 339 339 340 340 340 274 274 274 340 340 340 275 275 275 275 275 275 340 340 340 341 341 341 275 275 275 341 341 341 276 276 276 276 276 276 341 341 341 342 342 342 276 276 276 342 342 342 277 277 277 277 277 277 342 342 342 343 343 343 277 277 277 343 343 343 278 278 278 278 278 278 343 343 343 344 344 344 278 278 278 344 344 344 279 279 279 279 279 279 344 344 344 345 345 345 279 279 279 345 345 345 280 280 280 280 280 280 345 345 345 346 346 346 280 280 280 346 346 346 281 281 281 281 281 281 346 346 346 347 347 347 281 281 281 347 347 347 282 282 282 282 282 282 347 347 347 348 348 348 282 282 282 348 348 348 283 283 283 283 283 283 348 348 348 349 349 349 283 283 283 349 349 349 284 284 284 284 284 284 349 349 349 350 350 350 284 284 284 350 350 350 285 285 285 285 285 285 350 350 350 351 351 351 285 285 285 351 351 351 286 286 286 286 286 286 351 351 351 352 352 352 286 286 286 352 352 352 287 287 287 287 287 287 352 352 352 353 353 353 287 287 287 353 353 353 288 288 288 288 288 288 353 353 353 354 354 354 288 288 288 354 354 354 289 289 289 289 289 289 354 354 354 355 355 355 289 289 289 355 355 355 290 290 290 290 290 290 355 355 355 356 356 356 290 290 290 356 356 356 291 291 291 291 291 291 356 356 356 357 357 357 291 291 291 357 357 357 292 292 292 292 292 292 357 357 357 358 358 358 292 292 292 358 358 358 293 293 293 293 293 293 358 358 358 359 359 359 293 293 293 359 359 359 294 294 294 294 294 294 359 359 359 360 360 360 294 294 294 360 360 360 295 295 295 295 295 295 360 360 360 361 361 361 295 295 295 361 361 361 296 296 296 296 296 296 361 361 361 362 362 362 296 296 296 362 362 362 297 297 297 297 297 297 362 362 362 363 363 363 297 297 297 363 363 363 298 298 298 298 298 298 363 363 363 364 364 364 298 298 298 364 364 364 299 299 299 299 299 299 364 364 364 365 365 365 299 299 299 365 365 365 300 300 300 300 300 300 365 365 365 366 366 366 300 300 300 366 366 366 301 301 301 301 301 301 366 366 366 367 367 367 301 301 301 367 367 367 302 302 302 302 302 302 367 367 367 368 368 368 302 302 302 368 368 368 303 303 303 303 303 303 368 368 368 369 369 369 303 303 303 369 369 369 304 304 304 304 304 304 369 369 369 370 370 370 304 304 304 370 370 370 305 305 305 305 305 305 370 370 370 371 371 371 305 305 305 371 371 371 306 306 306 306 306 306 371 371 371 372 372 372 306 306 306 372 372 372 307 307 307 307 307 307 372 372 372 373 373 373 307 307 307 373 373 373 308 308 308 308 308 308 373 373 373 374 374 374 308 308 308 374 374 374 309 309 309 309 309 309 374 374 374 375 375 375 309 309 309 375 375 375 310 310 310 310 310 310 375 375 375 376 376 376 310 310 310 376 376 376 311 311 311 311 311 311 376 376 376 377 377 377 311 311 311 377 377 377 312 312 312 312 312 312 377 377 377 378 378 378 312 312 312 378 378 378 313 313 313 313 313 313 378 378 378 379 379 379 313 313 313 379 379 379 314 314 314 314 314 314 379 379 379 380 380 380 314 314 314 380 380 380 315 315 315 315 315 315 380 380 380 381 381 381 315 315 315 381 381 381 316 316 316 316 316 316 381 381 381 382 382 382 316 316 316 382 382 382 317 317 317 317 317 317 382 382 382 383 383 383 317 317 317 383 383 383 318 318 318 318 318 318 383 383 383 384 384 384 318 318 318 384 384 384 319 319 319 319 319 319 384 384 384 385 385 385 319 319 319 385 385 385 320 320 320 320 320 320 385 385 385 386 386 386 320 320 320 386 386 386 321 321 321 321 321 321 386 386 386 387 387 387 321 321 321 387 387 387 322 322 322 322 322 322 387 387 387 388 388 388 322 322 322 388 388 388 323 323 323 323 323 323 388 388 388 389 389 389 323 323 323 389 389 389 324 324 324 325 325 325 390 390 390 391 391 391 325 325 325 391 391 391 326 326 326 326 326 326 391 391 391 392 392 392 326 326 326 392 392 392 327 327 327 327 327 327 392 392 392 393 393 393 327 327 327 393 393 393 328 328 328 328 328 328 393 393 393 394 394 394 328 328 328 394 394 394 329 329 329 329 329 329 394 394 394 395 395 395 329 329 329 395 395 395 330 330 330 330 330 330 395 395 395 396 396 396 330 330 330 396 396 396 331 331 331 331 331 331 396 396 396 397 397 397 331 331 331 397 397 397 332 332 332 332 332 332 397 397 397 398 398 398 332 332 332 398 398 398 333 333 333 333 333 333 398 398 398 399 399 399 333 333 333 399 399 399 334 334 334 334 334 334 399 399 399 400 400 400 334 334 334 400 400 400 335 335 335 335 335 335 400 400 400 401 401 401 335 335 335 401 401 401 336 336 336 336 336 336 401 401 401 402 402 402 336 336 336 402 402 402 337 337 337 337 337 337 402 402 402 403 403 403 337 337 337 403 403 403 338 338 338 338 338 338 403 403 403 404 404 404 338 338 338 404 404 404 339 339 339 339 339 339 404 404 404 405 405 405 339 339 339 405 405 405 340 340 340 340 340 340 405 405 405 406 406 406 340 340 340 406 406 406 341 341 341 341 341 341 406 406 406 407 407 407 341 341 341 407 407 407 342 342 342 342 342 342 407 407 407 408 408 408 342 342 342 408 408 408 343 343 343 343 343 343 408 408 408 409 409 409 343 343 343 409 409 409 344 344 344 344 344 344 409 409 409 410 410 410 344 344 344 410 410 410 345 345 345 345 345 345 410 410 410 411 411 411 345 345 345 411 411 411 346 346 346 346 346 346 411 411 411 412 412 412 346 346 346 412 412 412 347 347 347 347 347 347 412 412 412 413 413 413 347 347 347 413 413 413 348 348 348 348 348 348 413 413 413 414 414 414 348 348 348 414 414 414 349 349 349 349 349 349 414 414 414 415 415 415 349 349 349 415 415 415 350 350 350 350 350 350 415 415 415 416 416 416 350 350 350 416 416 416 351 351 351 351 351 351 416 416 416 417 417 417 351 351 351 417 417 417 352 352 352 352 352 352 417 417 417 418 418 418 352 352 352 418 418 418 353 353 353 353 353 353 418 418 418 419 419 419 353 353 353 419 419 419 354 354 354 354 354 354 419 419 419 420 420 420 354 354 354 420 420 420 355 355 355 355 355 355 420 420 420 421 421 421 355 355 355 421 421 421 356 356 356 356 356 356 421 421 421 422 422 422 356 356 356 422 422 422 357 357 357 357 357 357 422 422 422 423 423 423 357 357 357 423 423 423 358 358 358 358 358 358 423 423 423 424 424 424 358 358 358 424 424 424 359 359 359 359 359 359 424 424 424 425 425 425 359 359 359 425 425 425 360 360 360 360 360 360 425 425 425 426 426 426 360 360 360 426 426 426 361 361 361 361 361 361 426 426 426 427 427 427 361 361 361 427 427 427 362 362 362 362 362 362 427 427 427 428 428 428 362 362 362 428 428 428 363 363 363 363 363 363 428 428 428 429 429 429 363 363 363 429 429 429 364 364 364 364 364 364 429 429 429 430 430 430 364 364 364 430 430 430 365 365 365 365 365 365 430 430 430 431 431 431 365 365 365 431 431 431 366 366 366 366 366 366 431 431 431 432 432 432 366 366 366 432 432 432 367 367 367 367 367 367 432 432 432 433 433 433 367 367 367 433 433 433 368 368 368 368 368 368 433 433 433 434 434 434 368 368 368 434 434 434 369 369 369 369 369 369 434 434 434 435 435 435 369 369 369 435 435 435 370 370 370 370 370 370 435 435 435 436 436 436 370 370 370 436 436 436 371 371 371 371 371 371 436 436 436 437 437 437 371 371 371 437 437 437 372 372 372 372 372 372 437 437 437 438 438 438 372 372 372 438 438 438 373 373 373 373 373 373 438 438 438 439 439 439 373 373 373 439 439 439 374 374 374 374 374 374 439 439 439 440 440 440 374 374 374 440 440 440 375 375 375 375 375 375 440 440 440 441 441 441 375 375 375 441 441 441 376 376 376 376 376 376 441 441 441 442 442 442 376 376 376 442 442 442 377 377 377 377 377 377 442 442 442 443 443 443 377 377 377 443 443 443 378 378 378 378 378 378 443 443 443 444 444 444 378 378 378 444 444 444 379 379 379 379 379 379 444 444 444 445 445 445 379 379 379 445 445 445 380 380 380 380 380 380 445 445 445 446 446 446 380 380 380 446 446 446 381 381 381 381 381 381 446 446 446 447 447 447 381 381 381 447 447 447 382 382 382 382 382 382 447 447 447 448 448 448 382 382 382 448 448 448 383 383 383 383 383 383 448 448 448 449 449 449 383 383 383 449 449 449 384 384 384 384 384 384 449 449 449 450 450 450 384 384 384 450 450 450 385 385 385 385 385 385 450 450 450 451 451 451 385 385 385 451 451 451 386 386 386 386 386 386 451 451 451 452 452 452 386 386 386 452 452 452 387 387 387 387 387 387 452 452 452 453 453 453 387 387 387 453 453 453 388 388 388 388 388 388 453 453 453 454 454 454 388 388 388 454 454 454 389 389 389 390 390 390 455 455 455 456 456 456 390 390 390 456 456 456 391 391 391 391 391 391 456 456 456 457 457 457 391 391 391 457 457 457 392 392 392 392 392 392 457 457 457 458 458 458 392 392 392 458 458 458 393 393 393 393 393 393 458 458 458 459 459 459 393 393 393 459 459 459 394 394 394 394 394 394 459 459 459 460 460 460 394 394 394 460 460 460 395 395 395 395 395 395 460 460 460 461 461 461 395 395 395 461 461 461 396 396 396 396 396 396 461 461 461 462 462 462 396 396 396 462 462 462 397 397 397 397 397 397 462 462 462 463 463 463 397 397 397 463 463 463 398 398 398 398 398 398 463 463 463 464 464 464 398 398 398 464 464 464 399 399 399 399 399 399 464 464 464 465 465 465 399 399 399 465 465 465 400 400 400 400 400 400 465 465 465 466 466 466 400 400 400 466 466 466 401 401 401 401 401 401 466 466 466 467 467 467 401 401 401 467 467 467 402 402 402 402 402 402 467 467 467 468 468 468 402 402 402 468 468 468 403 403 403 403 403 403 468 468 468 469 469 469 403 403 403 469 469 469 404 404 404 404 404 404 469 469 469 470 470 470 404 404 404 470 470 470 405 405 405 405 405 405 470 470 470 471 471 471 405 405 405 471 471 471 406 406 406 406 406 406 471 471 471 472 472 472 406 406 406 472 472 472 407 407 407 407 407 407 472 472 472 473 473 473 407 407 407 473 473 473 408 408 408 408 408 408 473 473 473 474 474 474 408 408 408 474 474 474 409 409 409 409 409 409 474 474 474 475 475 475 409 409 409 475 475 475 410 410 410 410 410 410 475 475 475 476 476 476 410 410 410 476 476 476 411 411 411 411 411 411 476 476 476 477 477 477 411 411 411 477 477 477 412 412 412 412 412 412 477 477 477 478 478 478 412 412 412 478 478 478 413 413 413 413 413 413 478 478 478 479 479 479 413 413 413 479 479 479 414 414 414 414 414 414 479 479 479 480 480 480 414 414 414 480 480 480 415 415 415 415 415 415 480 480 480 481 481 481 415 415 415 481 481 481 416 416 416 416 416 416 481 481 481 482 482 482 416 416 416 482 482 482 417 417 417 417 417 417 482 482 482 483 483 483 417 417 417 483 483 483 418 418 418 418 418 418 483 483 483 484 484 484 418 418 418 484 484 484 419 419 419 419 419 419 484 484 484 485 485 485 419 419 419 485 485 485 420 420 420 420 420 420 485 485 485 486 486 486 420 420 420 486 486 486 421 421 421 421 421 421 486 486 486 487 487 487 421 421 421 487 487 487 422 422 422 422 422 422 487 487 487 488 488 488 422 422 422 488 488 488 423 423 423 423 423 423 488 488 488 489 489 489 423 423 423 489 489 489 424 424 424 424 424 424 489 489 489 490 490 490 424 424 424 490 490 490 425 425 425 425 425 425 490 490 490 491 491 491 425 425 425 491 491 491 426 426 426 426 426 426 491 491 491 492 492 492 426 426 426 492 492 492 427 427 427 427 427 427 492 492 492 493 493 493 427 427 427 493 493 493 428 428 428 428 428 428 493 493 493 494 494 494 428 428 428 494 494 494 429 429 429 429 429 429 494 494 494 495 495 495 429 429 429 495 495 495 430 430 430 430 430 430 495 495 495 496 496 496 430 430 430 496 496 496 431 431 431 431 431 431 496 496 496 497 497 497 431 431 431 497 497 497 432 432 432 432 432 432 497 497 497 498 498 498 432 432 432 498 498 498 433 433 433 433 433 433 498 498 498 499 499 499 433 433 433 499 499 499 434 434 434 434 434 434 499 499 499 500 500 500 434 434 434 500 500 500 435 435 435 435 435 435 500 500 500 501 501 501 435 435 435 501 501 501 436 436 436 436 436 436 501 501 501 502 502 502 436 436 436 502 502 502 437 437 437 437 437 437 502 502 502 503 503 503 437 437 437 503 503 503 438 438 438 438 438 438 503 503 503 504 504 504 438 438 438 504 504 504 439 439 439 439 439 439 504 504 504 505 505 505 439 439 439 505 505 505 440 440 440 440 440 440 505 505 505 506 506 506 440 440 440 506 506 506 441 441 441 441 441 441 506 506 506 507 507 507 441 441 441 507 507 507 442 442 442 442 442 442 507 507 507 508 508 508 442 442 442 508 508 508 443 443 443 443 443 443 508 508 508 509 509 509 443 443 443 509 509 509 444 444 444 444 444 444 509 509 509 510 510 510 444 444 444 510 510 510 445 445 445 445 445 445 510 510 510 511 511 511 445 445 445 511 511 511 446 446 446 446 446 446 511 511 511 512 512 512 446 446 446 512 512 512 447 447 447 447 447 447 512 512 512 513 513 513 447 447 447 513 513 513 448 448 448 448 448 448 513 513 513 514 514 514 448 448 448 514 514 514 449 449 449 449 449 449 514 514 514 515 515 515 449 449 449 515 515 515 450 450 450 450 450 450 515 515 515 516 516 516 450 450 450 516 516 516 451 451 451 451 451 451 516 516 516 517 517 517 451 451 451 517 517 517 452 452 452 452 452 452 517 517 517 518 518 518 452 452 452 518 518 518 453 453 453 453 453 453 518 518 518 519 519 519 453 453 453 519 519 519 454 454 454 455 455 455 520 520 520 521 521 521 455 455 455 521 521 521 456 456 456 456 456 456 521 521 521 522 522 522 456 456 456 522 522 522 457 457 457 457 457 457 522 522 522 523 523 523 457 457 457 523 523 523 458 458 458 458 458 458 523 523 523 524 524 524 458 458 458 524 524 524 459 459 459 459 459 459 524 524 524 525 525 525 459 459 459 525 525 525 460 460 460 460 460 460 525 525 525 526 526 526 460 460 460 526 526 526 461 461 461 461 461 461 526 526 526 527 527 527 461 461 461 527 527 527 462 462 462 462 462 462 527 527 527 528 528 528 462 462 462 528 528 528 463 463 463 463 463 463 528 528 528 529 529 529 463 463 463 529 529 529 464 464 464 464 464 464 529 529 529 530 530 530 464 464 464 530 530 530 465 465 465 465 465 465 530 530 530 531 531 531 465 465 465 531 531 531 466 466 466 466 466 466 531 531 531 532 532 532 466 466 466 532 532 532 467 467 467 467 467 467 532 532 532 533 533 533 467 467 467 533 533 533 468 468 468 468 468 468 533 533 533 534 534 534 468 468 468 534 534 534 469 469 469 469 469 469 534 534 534 535 535 535 469 469 469 535 535 535 470 470 470 470 470 470 535 535 535 536 536 536 470 470 470 536 536 536 471 471 471 471 471 471 536 536 536 537 537 537 471 471 471 537 537 537 472 472 472 472 472 472 537 537 537 538 538 538 472 472 472 538 538 538 473 473 473 473 473 473 538 538 538 539 539 539 473 473 473 539 539 539 474 474 474 474 474 474 539 539 539 540 540 540 474 474 474 540 540 540 475 475 475 475 475 475 540 540 540 541 541 541 475 475 475 541 541 541 476 476 476 476 476 476 541 541 541 542 542 542 476 476 476 542 542 542 477 477 477 477 477 477 542 542 542 543 543 543 477 477 477 543 543 543 478 478 478 478 478 478 543 543 543 544 544 544 478 478 478 544 544 544 479 479 479 479 479 479 544 544 544 545 545 545 479 479 479 545 545 545 480 480 480 480 480 480 545 545 545 546 546 546 480 480 480 546 546 546 481 481 481 481 481 481 546 546 546 547 547 547 481 481 481 547 547 547 482 482 482 482 482 482 547 547 547 548 548 548 482 482 482 548 548 548 483 483 483 483 483 483 548 548 548 549 549 549 483 483 483 549 549 549 484 484 484 484 484 484 549 549 549 550 550 550 484 484 484 550 550 550 485 485 485 485 485 485 550 550 550 551 551 551 485 485 485 551 551 551 486 486 486 486 486 486 551 551 551 552 552 552 486 486 486 552 552 552 487 487 487 487 487 487 552 552 552 553 553 553 487 487 487 553 553 553 488 488 488 488 488 488 553 553 553 554 554 554 488 488 488 554 554 554 489 489 489 489 489 489 554 554 554 555 555 555 489 489 489 555 555 555 490 490 490 490 490 490 555 555 555 556 556 556 490 490 490 556 556 556 491 491 491 491 491 491 556 556 556 557 557 557 491 491 491 557 557 557 492 492 492 492 492 492 557 557 557 558 558 558 492 492 492 558 558 558 493 493 493 493 493 493 558 558 558 559 559 559 493 493 493 559 559 559 494 494 494 494 494 494 559 559 559 560 560 560 494 494 494 560 560 560 495 495 495 495 495 495 560 560 560 561 561 561 495 495 495 561 561 561 496 496 496 496 496 496 561 561 561 562 562 562 496 496 496 562 562 562 497 497 497 497 497 497 562 562 562 563 563 563 497 497 497 563 563 563 498 498 498 498 498 498 563 563 563 564 564 564 498 498 498 564 564 564 499 499 499 499 499 499 564 564 564 565 565 565 499 499 499 565 565 565 500 500 500 500 500 500 565 565 565 566 566 566 500 500 500 566 566 566 501 501 501 501 501 501 566 566 566 567 567 567 501 501 501 567 567 567 502 502 502 502 502 502 567 567 567 568 568 568 502 502 502 568 568 568 503 503 503 503 503 503 568 568 568 569 569 569 503 503 503 569 569 569 504 504 504 504 504 504 569 569 569 570 570 570 504 504 504 570 570 570 505 505 505 505 505 505 570 570 570 571 571 571 505 505 505 571 571 571 506 506 506 506 506 506 571 571 571 572 572 572 506 506 506 572 572 572 507 507 507 507 507 507 572 572 572 573 573 573 507 507 507 573 573 573 508 508 508 508 508 508 573 573 573 574 574 574 508 508 508 574 574 574 509 509 509 509 509 509 574 574 574 575 575 575 509 509 509 575 575 575 510 510 510 510 510 510 575 575 575 576 576 576 510 510 510 576 576 576 511 511 511 511 511 511 576 576 576 577 577 577 511 511 511 577 577 577 512 512 512 512 512 512 577 577 577 578 578 578 512 512 512 578 578 578 513 513 513 513 513 513 578 578 578 579 579 579 513 513 513 579 579 579 514 514 514 514 514 514 579 579 579 580 580 580 514 514 514 580 580 580 515 515 515 515 515 515 580 580 580 581 581 581 515 515 515 581 581 581 516 516 516 516 516 516 581 581 581 582 582 582 516 516 516 582 582 582 517 517 517 517 517 517 582 582 582 583 583 583 517 517 517 583 583 583 518 518 518 518 518 518 583 583 583 584 584 584 518 518 518 584 584 584 519 519 519 520 520 520 585 585 585 586 586 586 520 520 520 586 586 586 521 521 521 521 521 521 586 586 586 587 587 587 521 521 521 587 587 587 522 522 522 522 522 522 587 587 587 588 588 588 522 522 522 588 588 588 523 523 523 523 523 523 588 588 588 589 589 589 523 523 523 589 589 589 524 524 524 524 524 524 589 589 589 590 590 590 524 524 524 590 590 590 525 525 525 525 525 525 590 590 590 591 591 591 525 525 525 591 591 591 526 526 526 526 526 526 591 591 591 592 592 592 526 526 526 592 592 592 527 527 527 527 527 527 592 592 592 593 593 593 527 527 527 593 593 593 528 528 528 528 528 528 593 593 593 594 594 594 528 528 528 594 594 594 529 529 529 529 529 529 594 594 594 595 595 595 529 529 529 595 595 595 530 530 530 530 530 530 595 595 595 596 596 596 530 530 530 596 596 596 531 531 531 531 531 531 596 596 596 597 597 597 531 531 531 597 597 597 532 532 532 532 532 532 597 597 597 598 598 598 532 532 532 598 598 598 533 533 533 533 533 533 598 598 598 599 599 599 533 533 533 599 599 599 534 534 534 534 534 534 599 599 599 600 600 600 534 534 534 600 600 600 535 535 535 535 535 535 600 600 600 601 601 601 535 535 535 601 601 601 536 536 536 536 536 536 601 601 601 602 602 602 536 536 536 602 602 602 537 537 537 537 537 537 602 602 602 603 603 603 537 537 537 603 603 603 538 538 538 538 538 538 603 603 603 604 604 604 538 538 538 604 604 604 539 539 539 539 539 539 604 604 604 605 605 605 539 539 539 605 605 605 540 540 540 540 540 540 605 605 605 606 606 606 540 540 540 606 606 606 541 541 541 541 541 541 606 606 606 607 607 607 541 541 541 607 607 607 542 542 542 542 542 542 607 607 607 608 608 608 542 542 542 608 608 608 543 543 543 543 543 543 608 608 608 609 609 609 543 543 543 609 609 609 544 544 544 544 544 544 609 609 609 610 610 610 544 544 544 610 610 610 545 545 545 545 545 545 610 610 610 611 611 611 545 545 545 611 611 611 546 546 546 546 546 546 611 611 611 612 612 612 546 546 546 612 612 612 547 547 547 547 547 547 612 612 612 613 613 613 547 547 547 613 613 613 548 548 548 548 548 548 613 613 613 614 614 614 548 548 548 614 614 614 549 549 549 549 549 549 614 614 614 615 615 615 549 549 549 615 615 615 550 550 550 550 550 550 615 615 615 616 616 616 550 550 550 616 616 616 551 551 551 551 551 551 616 616 616 617 617 617 551 551 551 617 617 617 552 552 552 552 552 552 617 617 617 618 618 618 552 552 552 618 618 618 553 553 553 553 553 553 618 618 618 619 619 619 553 553 553 619 619 619 554 554 554 554 554 554 619 619 619 620 620 620 554 554 554 620 620 620 555 555 555 555 555 555 620 620 620 621 621 621 555 555 555 621 621 621 556 556 556 556 556 556 621 621 621 622 622 622 556 556 556 622 622 622 557 557 557 557 557 557 622 622 622 623 623 623 557 557 557 623 623 623 558 558 558 558 558 558 623 623 623 624 624 624 558 558 558 624 624 624 559 559 559 559 559 559 624 624 624 625 625 625 559 559 559 625 625 625 560 560 560 560 560 560 625 625 625 626 626 626 560 560 560 626 626 626 561 561 561 561 561 561 626 626 626 627 627 627 561 561 561 627 627 627 562 562 562 562 562 562 627 627 627 628 628 628 562 562 562 628 628 628 563 563 563 563 563 563 628 628 628 629 629 629 563 563 563 629 629 629 564 564 564 564 564 564 629 629 629 630 630 630 564 564 564 630 630 630 565 565 565 565 565 565 630 630 630 631 631 631 565 565 565 631 631 631 566 566 566 566 566 566 631 631 631 632 632 632 566 566 566 632 632 632 567 567 567 567 567 567 632 632 632 633 633 633 567 567 567 633 633 633 568 568 568 568 568 568 633 633 633 634 634 634 568 568 568 634 634 634 569 569 569 569 569 569 634 634 634 635 635 635 569 569 569 635 635 635 570 570 570 570 570 570 635 635 635 636 636 636 570 570 570 636 636 636 571 571 571 571 571 571 636 636 636 637 637 637 571 571 571 637 637 637 572 572 572 572 572 572 637 637 637 638 638 638 572 572 572 638 638 638 573 573 573 573 573 573 638 638 638 639 639 639 573 573 573 639 639 639 574 574 574 574 574 574 639 639 639 640 640 640 574 574 574 640 640 640 575 575 575 575 575 575 640 640 640 641 641 641 575 575 575 641 641 641 576 576 576 576 576 576 641 641 641 642 642 642 576 576 576 642 642 642 577 577 577 577 577 577 642 642 642 643 643 643 577 577 577 643 643 643 578 578 578 578 578 578 643 643 643 644 644 644 578 578 578 644 644 644 579 579 579 579 579 579 644 644 644 645 645 645 579 579 579 645 645 645 580 580 580 580 580 580 645 645 645 646 646 646 580 580 580 646 646 646 581 581 581 581 581 581 646 646 646 647 647 647 581 581 581 647 647 647 582 582 582 582 582 582 647 647 647 648 648 648 582 582 582 648 648 648 583 583 583 583 583 583 648 648 648 649 649 649 583 583 583 649 649 649 584 584 584 585 585 585 650 650 650 651 651 651 585 585 585 651 651 651 586 586 586 586 586 586 651 651 651 652 652 652 586 586 586 652 652 652 587 587 587 587 587 587 652 652 652 653 653 653 587 587 587 653 653 653 588 588 588 588 588 588 653 653 653 654 654 654 588 588 588 654 654 654 589 589 589 589 589 589 654 654 654 655 655 655 589 589 589 655 655 655 590 590 590 590 590 590 655 655 655 656 656 656 590 590 590 656 656 656 591 591 591 591 591 591 656 656 656 657 657 657 591 591 591 657 657 657 592 592 592 592 592 592 657 657 657 658 658 658 592 592 592 658 658 658 593 593 593 593 593 593 658 658 658 659 659 659 593 593 593 659 659 659 594 594 594 594 594 594 659 659 659 660 660 660 594 594 594 660 660 660 595 595 595 595 595 595 660 660 660 661 661 661 595 595 595 661 661 661 596 596 596 596 596 596 661 661 661 662 662 662 596 596 596 662 662 662 597 597 597 597 597 597 662 662 662 663 663 663 597 597 597 663 663 663 598 598 598 598 598 598 663 663 663 664 664 664 598 598 598 664 664 664 599 599 599 599 599 599 664 664 664 665 665 665 599 599 599 665 665 665 600 600 600 600 600 600 665 665 665 666 666 666 600 600 600 666 666 666 601 601 601 601 601 601 666 666 666 667 667 667 601 601 601 667 667 667 602 602 602 602 602 602 667 667 667 668 668 668 602 602 602 668 668 668 603 603 603 603 603 603 668 668 668 669 669 669 603 603 603 669 669 669 604 604 604 604 604 604 669 669 669 670 670 670 604 604 604 670 670 670 605 605 605 605 605 605 670 670 670 671 671 671 605 605 605 671 671 671 606 606 606 606 606 606 671 671 671 672 672 672 606 606 606 672 672 672 607 607 607 607 607 607 672 672 672 673 673 673 607 607 607 673 673 673 608 608 608 608 608 608 673 673 673 674 674 674 608 608 608 674 674 674 609 609 609 609 609 609 674 674 674 675 675 675 609 609 609 675 675 675 610 610 610 610 610 610 675 675 675 676 676 676 610 610 610 676 676 676 611 611 611 611 611 611 676 676 676 677 677 677 611 611 611 677 677 677 612 612 612 612 612 612 677 677 677 678 678 678 612 612 612 678 678 678 613 613 613 613 613 613 678 678 678 679 679 679 613 613 613 679 679 679 614 614 614 614 614 614 679 679 679 680 680 680 614 614 614 680 680 680 615 615 615 615 615 615 680 680 680 681 681 681 615 615 615 681 681 681 616 616 616 616 616 616 681 681 681 682 682 682 616 616 616 682 682 682 617 617 617 617 617 617 682 682 682 683 683 683 617 617 617 683 683 683 618 618 618 618 618 618 683 683 683 684 684 684 618 618 618 684 684 684 619 619 619 619 619 619 684 684 684 685 685 685 619 619 619 685 685 685 620 620 620 620 620 620 685 685 685 686 686 686 620 620 620 686 686 686 621 621 621 621 621 621 686 686 686 687 687 687 621 621 621 687 687 687 622 622 622 622 622 622 687 687 687 688 688 688 622 622 622 688 688 688 623 623 623 623 623 623 688 688 688 689 689 689 623 623 623 689 689 689 624 624 624 624 624 624 689 689 689 690 690 690 624 624 624 690 690 690 625 625 625 625 625 625 690 690 690 691 691 691 625 625 625 691 691 691 626 626 626 626 626 626 691 691 691 692 692 692 626 626 626 692 692 692 627 627 627 627 627 627 692 692 692 693 693 693 627 627 627 693 693 693 628 628 628 628 628 628 693 693 693 694 694 694 628 628 628 694 694 694 629 629 629 629 629 629 694 694 694 695 695 695 629 629 629 695 695 695 630 630 630 630 630 630 695 695 695 696 696 696 630 630 630 696 696 696 631 631 631 631 631 631 696 696 696 697 697 697 631 631 631 697 697 697 632 632 632 632 632 632 697 697 697 698 698 698 632 632 632 698 698 698 633 633 633 633 633 633 698 698 698 699 699 699 633 633 633 699 699 699 634 634 634 634 634 634 699 699 699 700 700 700 634 634 634 700 700 700 635 635 635 635 635 635 700 700 700 701 701 701 635 635 635 701 701 701 636 636 636 636 636 636 701 701 701 702 702 702 636 636 636 702 702 702 637 637 637 637 637 637 702 702 702 703 703 703 637 637 637 703 703 703 638 638 638 638 638 638 703 703 703 704 704 704 638 638 638 704 704 704 639 639 639 639 639 639 704 704 704 705 705 705 639 639 639 705 705 705 640 640 640 640 640 640 705 705 705 706 706 706 640 640 640 706 706 706 641 641 641 641 641 641 706 706 706 707 707 707 641 641 641 707 707 707 642 642 642 642 642 642 707 707 707 708 708 708 642 642 642 708 708 708 643 643 643 643 643 643 708 708 708 709 709 709 643 643 643 709 709 709 644 644 644 644 644 644 709 709 709 710 710 710 644 644 644 710 710 710 645 645 645 645 645 645 710 710 710 711 711 711 645 645 645 711 711 711 646 646 646 646 646 646 711 711 711 712 712 712 646 646 646 712 712 712 647 647 647 647 647 647 712 712 712 713 713 713 647 647 647 713 713 713 648 648 648 648 648 648 713 713 713 714 714 714 648 648 648 714 714 714 649 649 649 650 650 650 715 715 715 716 716 716 650 650 650 716 716 716 651 651 651 651 651 651 716 716 716 717 717 717 651 651 651 717 717 717 652 652 652 652 652 652 717 717 717 718 718 718 652 652 652 718 718 718 653 653 653 653 653 653 718 718 718 719 719 719 653 653 653 719 719 719 654 654 654 654 654 654 719 719 719 720 720 720 654 654 654 720 720 720 655 655 655 655 655 655 720 720 720 721 721 721 655 655 655 721 721 721 656 656 656 656 656 656 721 721 721 722 722 722 656 656 656 722 722 722 657 657 657 657 657 657 722 722 722 723 723 723 657 657 657 723 723 723 658 658 658 658 658 658 723 723 723 724 724 724 658 658 658 724 724 724 659 659 659 659 659 659 724 724 724 725 725 725 659 659 659 725 725 725 660 660 660 660 660 660 725 725 725 726 726 726 660 660 660 726 726 726 661 661 661 661 661 661 726 726 726 727 727 727 661 661 661 727 727 727 662 662 662 662 662 662 727 727 727 728 728 728 662 662 662 728 728 728 663 663 663 663 663 663 728 728 728 729 729 729 663 663 663 729 729 729 664 664 664 664 664 664 729 729 729 730 730 730 664 664 664 730 730 730 665 665 665 665 665 665 730 730 730 731 731 731 665 665 665 731 731 731 666 666 666 666 666 666 731 731 731 732 732 732 666 666 666 732 732 732 667 667 667 667 667 667 732 732 732 733 733 733 667 667 667 733 733 733 668 668 668 668 668 668 733 733 733 734 734 734 668 668 668 734 734 734 669 669 669 669 669 669 734 734 734 735 735 735 669 669 669 735 735 735 670 670 670 670 670 670 735 735 735 736 736 736 670 670 670 736 736 736 671 671 671 671 671 671 736 736 736 737 737 737 671 671 671 737 737 737 672 672 672 672 672 672 737 737 737 738 738 738 672 672 672 738 738 738 673 673 673 673 673 673 738 738 738 739 739 739 673 673 673 739 739 739 674 674 674 674 674 674 739 739 739 740 740 740 674 674 674 740 740 740 675 675 675 675 675 675 740 740 740 741 741 741 675 675 675 741 741 741 676 676 676 676 676 676 741 741 741 742 742 742 676 676 676 742 742 742 677 677 677 677 677 677 742 742 742 743 743 743 677 677 677 743 743 743 678 678 678 678 678 678 743 743 743 744 744 744 678 678 678 744 744 744 679 679 679 679 679 679 744 744 744 745 745 745 679 679 679 745 745 745 680 680 680 680 680 680 745 745 745 746 746 746 680 680 680 746 746 746 681 681 681 681 681 681 746 746 746 747 747 747 681 681 681 747 747 747 682 682 682 682 682 682 747 747 747 748 748 748 682 682 682 748 748 748 683 683 683 683 683 683 748 748 748 749 749 749 683 683 683 749 749 749 684 684 684 684 684 684 749 749 749 750 750 750 684 684 684 750 750 750 685 685 685 685 685 685 750 750 750 751 751 751 685 685 685 751 751 751 686 686 686 686 686 686 751 751 751 752 752 752 686 686 686 752 752 752 687 687 687 687 687 687 752 752 752 753 753 753 687 687 687 753 753 753 688 688 688 688 688 688 753 753 753 754 754 754 688 688 688 754 754 754 689 689 689 689 689 689 754 754 754 755 755 755 689 689 689 755 755 755 690 690 690 690 690 690 755 755 755 756 756 756 690 690 690 756 756 756 691 691 691 691 691 691 756 756 756 757 757 757 691 691 691 757 757 757 692 692 692 692 692 692 757 757 757 758 758 758 692 692 692 758 758 758 693 693 693 693 693 693 758 758 758 759 759 759 693 693 693 759 759 759 694 694 694 694 694 694 759 759 759 760 760 760 694 694 694 760 760 760 695 695 695 695 695 695 760 760 760 761 761 761 695 695 695 761 761 761 696 696 696 696 696 696 761 761 761 762 762 762 696 696 696 762 762 762 697 697 697 697 697 697 762 762 762 763 763 763 697 697 697 763 763 763 698 698 698 698 698 698 763 763 763 764 764 764 698 698 698 764 764 764 699 699 699 699 699 699 764 764 764 765 765 765 699 699 699 765 765 765 700 700 700 700 700 700 765 765 765 766 766 766 700 700 700 766 766 766 701 701 701 701 701 701 766 766 766 767 767 767 701 701 701 767 767 767 702 702 702 702 702 702 767 767 767 768 768 768 702 702 702 768 768 768 703 703 703 703 703 703 768 768 768 769 769 769 703 703 703 769 769 769 704 704 704 704 704 704 769 769 769 770 770 770 704 704 704 770 770 770 705 705 705 705 705 705 770 770 770 771 771 771 705 705 705 771 771 771 706 706 706 706 706 706 771 771 771 772 772 772 706 706 706 772 772 772 707 707 707 707 707 707 772 772 772 773 773 773 707 707 707 773 773 773 708 708 708 708 708 708 773 773 773 774 774 774 708 708 708 774 774 774 709 709 709 709 709 709 774 774 774 775 775 775 709 709 709 775 775 775 710 710 710 710 710 710 775 775 775 776 776 776 710 710 710 776 776 776 711 711 711 711 711 711 776 776 776 777 777 777 711 711 711 777 777 777 712 712 712 712 712 712 777 777 777 778 778 778 712 712 712 778 778 778 713 713 713 713 713 713 778 778 778 779 779 779 713 713 713 779 779 779 714 714 714 715 715 715 780 780 780 781 781 781 715 715 715 781 781 781 716 716 716 716 716 716 781 781 781 782 782 782 716 716 716 782 782 782 717 717 717 717 717 717 782 782 782 783 783 783 717 717 717 783 783 783 718 718 718 718 718 718 783 783 783 784 784 784 718 718 718 784 784 784 719 719 719 719 719 719 784 784 784 785 785 785 719 719 719 785 785 785 720 720 720 720 720 720 785 785 785 786 786 786 720 720 720 786 786 786 721 721 721 721 721 721 786 786 786 787 787 787 721 721 721 787 787 787 722 722 722 722 722 722 787 787 787 788 788 788 722 722 722 788 788 788 723 723 723 723 723 723 788 788 788 789 789 789 723 723 723 789 789 789 724 724 724 724 724 724 789 789 789 790 790 790 724 724 724 790 790 790 725 725 725 725 725 725 790 790 790 791 791 791 725 725 725 791 791 791 726 726 726 726 726 726 791 791 791 792 792 792 726 726 726 792 792 792 727 727 727 727 727 727 792 792 792 793 793 793 727 727 727 793 793 793 728 728 728 728 728 728 793 793 793 794 794 794 728 728 728 794 794 794 729 729 729 729 729 729 794 794 794 795 795 795 729 729 729 795 795 795 730 730 730 730 730 730 795 795 795 796 796 796 730 730 730 796 796 796 731 731 731 731 731 731 796 796 796 797 797 797 731 731 731 797 797 797 732 732 732 732 732 732 797 797 797 798 798 798 732 732 732 798 798 798 733 733 733 733 733 733 798 798 798 799 799 799 733 733 733 799 799 799 734 734 734 734 734 734 799 799 799 800 800 800 734 734 734 800 800 800 735 735 735 735 735 735 800 800 800 801 801 801 735 735 735 801 801 801 736 736 736 736 736 736 801 801 801 802 802 802 736 736 736 802 802 802 737 737 737 737 737 737 802 802 802 803 803 803 737 737 737 803 803 803 738 738 738 738 738 738 803 803 803 804 804 804 738 738 738 804 804 804 739 739 739 739 739 739 804 804 804 805 805 805 739 739 739 805 805 805 740 740 740 740 740 740 805 805 805 806 806 806 740 740 740 806 806 806 741 741 741 741 741 741 806 806 806 807 807 807 741 741 741 807 807 807 742 742 742 742 742 742 807 807 807 808 808 808 742 742 742 808 808 808 743 743 743 743 743 743 808 808 808 809 809 809 743 743 743 809 809 809 744 744 744 744 744 744 809 809 809 810 810 810 744 744 744 810 810 810 745 745 745 745 745 745 810 810 810 811 811 811 745 745 745 811 811 811 746 746 746 746 746 746 811 811 811 812 812 812 746 746 746 812 812 812 747 747 747 747 747 747 812 812 812 813 813 813 747 747 747 813 813 813 748 748 748 748 748 748 813 813 813 814 814 814 748 748 748 814 814 814 749 749 749 749 749 749 814 814 814 815 815 815 749 749 749 815 815 815 750 750 750 750 750 750 815 815 815 816 816 816 750 750 750 816 816 816 751 751 751 751 751 751 816 816 816 817 817 817 751 751 751 817 817 817 752 752 752 752 752 752 817 817 817 818 818 818 752 752 752 818 818 818 753 753 753 753 753 753 818 818 818 819 819 819 753 753 753 819 819 819 754 754 754 754 754 754 819 819 819 820 820 820 754 754 754 820 820 820 755 755 755 755 755 755 820 820 820 821 821 821 755 755 755 821 821 821 756 756 756 756 756 756 821 821 821 822 822 822 756 756 756 822 822 822 757 757 757 757 757 757 822 822 822 823 823 823 757 757 757 823 823 823 758 758 758 758 758 758 823 823 823 824 824 824 758 758 758 824 824 824 759 759 759 759 759 759 824 824 824 825 825 825 759 759 759 825 825 825 760 760 760 760 760 760 825 825 825 826 826 826 760 760 760 826 826 826 761 761 761 761 761 761 826 826 826 827 827 827 761 761 761 827 827 827 762 762 762 762 762 762 827 827 827 828 828 828 762 762 762 828 828 828 763 763 763 763 763 763 828 828 828 829 829 829 763 763 763 829 829 829 764 764 764 764 764 764 829 829 829 830 830 830 764 764 764 830 830 830 765 765 765 765 765 765 830 830 830 831 831 831 765 765 765 831 831 831 766 766 766 766 766 766 831 831 831 832 832 832 766 766 766 832 832 832 767 767 767 767 767 767 832 832 832 833 833 833 767 767 767 833 833 833 768 768 768 768 768 768 833 833 833 834 834 834 768 768 768 834 834 834 769 769 769 769 769 769 834 834 834 835 835 835 769 769 769 835 835 835 770 770 770 770 770 770 835 835 835 836 836 836 770 770 770 836 836 836 771 771 771 771 771 771 836 836 836 837 837 837 771 771 771 837 837 837 772 772 772 772 772 772 837 837 837 838 838 838 772 772 772 838 838 838 773 773 773 773 773 773 838 838 838 839 839 839 773 773 773 839 839 839 774 774 774 774 774 774 839 839 839 840 840 840 774 774 774 840 840 840 775 775 775 775 775 775 840 840 840 841 841 841 775 775 775 841 841 841 776 776 776 776 776 776 841 841 841 842 842 842 776 776 776 842 842 842 777 777 777 777 777 777 842 842 842 843 843 843 777 777 777 843 843 843 778 778 778 778 778 778 843 843 843 844 844 844 778 778 778 844 844 844 779 779 779 780 780 780 845 845 845 846 846 846 780 780 780 846 846 846 781 781 781 781 781 781 846 846 846 847 847 847 781 781 781 847 847 847 782 782 782 782 782 782 847 847 847 848 848 848 782 782 782 848 848 848 783 783 783 783 783 783 848 848 848 849 849 849 783 783 783 849 849 849 784 784 784 784 784 784 849 849 849 850 850 850 784 784 784 850 850 850 785 785 785 785 785 785 850 850 850 851 851 851 785 785 785 851 851 851 786 786 786 786 786 786 851 851 851 852 852 852 786 786 786 852 852 852 787 787 787 787 787 787 852 852 852 853 853 853 787 787 787 853 853 853 788 788 788 788 788 788 853 853 853 854 854 854 788 788 788 854 854 854 789 789 789 789 789 789 854 854 854 855 855 855 789 789 789 855 855 855 790 790 790 790 790 790 855 855 855 856 856 856 790 790 790 856 856 856 791 791 791 791 791 791 856 856 856 857 857 857 791 791 791 857 857 857 792 792 792 792 792 792 857 857 857 858 858 858 792 792 792 858 858 858 793 793 793 793 793 793 858 858 858 859 859 859 793 793 793 859 859 859 794 794 794 794 794 794 859 859 859 860 860 860 794 794 794 860 860 860 795 795 795 795 795 795 860 860 860 861 861 861 795 795 795 861 861 861 796 796 796 796 796 796 861 861 861 862 862 862 796 796 796 862 862 862 797 797 797 797 797 797 862 862 862 863 863 863 797 797 797 863 863 863 798 798 798 798 798 798 863 863 863 864 864 864 798 798 798 864 864 864 799 799 799 799 799 799 864 864 864 865 865 865 799 799 799 865 865 865 800 800 800 800 800 800 865 865 865 866 866 866 800 800 800 866 866 866 801 801 801 801 801 801 866 866 866 867 867 867 801 801 801 867 867 867 802 802 802 802 802 802 867 867 867 868 868 868 802 802 802 868 868 868 803 803 803 803 803 803 868 868 868 869 869 869 803 803 803 869 869 869 804 804 804 804 804 804 869 869 869 870 870 870 804 804 804 870 870 870 805 805 805 805 805 805 870 870 870 871 871 871 805 805 805 871 871 871 806 806 806 806 806 806 871 871 871 872 872 872 806 806 806 872 872 872 807 807 807 807 807 807 872 872 872 873 873 873 807 807 807 873 873 873 808 808 808 808 808 808 873 873 873 874 874 874 808 808 808 874 874 874 809 809 809 809 809 809 874 874 874 875 875 875 809 809 809 875 875 875 810 810 810 810 810 810 875 875 875 876 876 876 810 810 810 876 876 876 811 811 811 811 811 811 876 876 876 877 877 877 811 811 811 877 877 877 812 812 812 812 812 812 877 877 877 878 878 878 812 812 812 878 878 878 813 813 813 813 813 813 878 878 878 879 879 879 813 813 813 879 879 879 814 814 814 814 814 814 879 879 879 880 880 880 814 814 814 880 880 880 815 815 815 815 815 815 880 880 880 881 881 881 815 815 815 881 881 881 816 816 816 816 816 816 881 881 881 882 882 882 816 816 816 882 882 882 817 817 817 817 817 817 882 882 882 883 883 883 817 817 817 883 883 883 818 818 818 818 818 818 883 883 883 884 884 884 818 818 818 884 884 884 819 819 819 819 819 819 884 884 884 885 885 885 819 819 819 885 885 885 820 820 820 820 820 820 885 885 885 886 886 886 820 820 820 886 886 886 821 821 821 821 821 821 886 886 886 887 887 887 821 821 821 887 887 887 822 822 822 822 822 822 887 887 887 888 888 888 822 822 822 888 888 888 823 823 823 823 823 823 888 888 888 889 889 889 823 823 823 889 889 889 824 824 824 824 824 824 889 889 889 890 890 890 824 824 824 890 890 890 825 825 825 825 825 825 890 890 890 891 891 891 825 825 825 891 891 891 826 826 826 826 826 826 891 891 891 892 892 892 826 826 826 892 892 892 827 827 827 827 827 827 892 892 892 893 893 893 827 827 827 893 893 893 828 828 828 828 828 828 893 893 893 894 894 894 828 828 828 894 894 894 829 829 829 829 829 829 894 894 894 895 895 895 829 829 829 895 895 895 830 830 830 830 830 830 895 895 895 896 896 896 830 830 830 896 896 896 831 831 831 831 831 831 896 896 896 897 897 897 831 831 831 897 897 897 832 832 832 832 832 832 897 897 897 898 898 898 832 832 832 898 898 898 833 833 833 833 833 833 898 898 898 899 899 899 833 833 833 899 899 899 834 834 834 834 834 834 899 899 899 900 900 900 834 834 834 900 900 900 835 835 835 835 835 835 900 900 900 901 901 901 835 835 835 901 901 901 836 836 836 836 836 836 901 901 901 902 902 902 836 836 836 902 902 902 837 837 837 837 837 837 902 902 902 903 903 903 837 837 837 903 903 903 838 838 838 838 838 838 903 903 903 904 904 904 838 838 838 904 904 904 839 839 839 839 839 839 904 904 904 905 905 905 839 839 839 905 905 905 840 840 840 840 840 840 905 905 905 906 906 906 840 840 840 906 906 906 841 841 841 841 841 841 906 906 906 907 907 907 841 841 841 907 907 907 842 842 842 842 842 842 907 907 907 908 908 908 842 842 842 908 908 908 843 843 843 843 843 843 908 908 908 909 909 909 843 843 843 909 909 909 844 844 844 845 845 845 910 910 910 911 911 911 845 845 845 911 911 911 846 846 846 846 846 846 911 911 911 912 912 912 846 846 846 912 912 912 847 847 847 847 847 847 912 912 912 913 913 913 847 847 847 913 913 913 848 848 848 848 848 848 913 913 913 914 914 914 848 848 848 914 914 914 849 849 849 849 849 849 914 914 914 915 915 915 849 849 849 915 915 915 850 850 850 850 850 850 915 915 915 916 916 916 850 850 850 916 916 916 851 851 851 851 851 851 916 916 916 917 917 917 851 851 851 917 917 917 852 852 852 852 852 852 917 917 917 918 918 918 852 852 852 918 918 918 853 853 853 853 853 853 918 918 918 919 919 919 853 853 853 919 919 919 854 854 854 854 854 854 919 919 919 920 920 920 854 854 854 920 920 920 855 855 855 855 855 855 920 920 920 921 921 921 855 855 855 921 921 921 856 856 856 856 856 856 921 921 921 922 922 922 856 856 856 922 922 922 857 857 857 857 857 857 922 922 922 923 923 923 857 857 857 923 923 923 858 858 858 858 858 858 923 923 923 924 924 924 858 858 858 924 924 924 859 859 859 859 859 859 924 924 924 925 925 925 859 859 859 925 925 925 860 860 860 860 860 860 925 925 925 926 926 926 860 860 860 926 926 926 861 861 861 861 861 861 926 926 926 927 927 927 861 861 861 927 927 927 862 862 862 862 862 862 927 927 927 928 928 928 862 862 862 928 928 928 863 863 863 863 863 863 928 928 928 929 929 929 863 863 863 929 929 929 864 864 864 864 864 864 929 929 929 930 930 930 864 864 864 930 930 930 865 865 865 865 865 865 930 930 930 931 931 931 865 865 865 931 931 931 866 866 866 866 866 866 931 931 931 932 932 932 866 866 866 932 932 932 867 867 867 867 867 867 932 932 932 933 933 933 867 867 867 933 933 933 868 868 868 868 868 868 933 933 933 934 934 934 868 868 868 934 934 934 869 869 869 869 869 869 934 934 934 935 935 935 869 869 869 935 935 935 870 870 870 870 870 870 935 935 935 936 936 936 870 870 870 936 936 936 871 871 871 871 871 871 936 936 936 937 937 937 871 871 871 937 937 937 872 872 872 872 872 872 937 937 937 938 938 938 872 872 872 938 938 938 873 873 873 873 873 873 938 938 938 939 939 939 873 873 873 939 939 939 874 874 874 874 874 874 939 939 939 940 940 940 874 874 874 940 940 940 875 875 875 875 875 875 940 940 940 941 941 941 875 875 875 941 941 941 876 876 876 876 876 876 941 941 941 942 942 942 876 876 876 942 942 942 877 877 877 877 877 877 942 942 942 943 943 943 877 877 877 943 943 943 878 878 878 878 878 878 943 943 943 944 944 944 878 878 878 944 944 944 879 879 879 879 879 879 944 944 944 945 945 945 879 879 879 945 945 945 880 880 880 880 880 880 945 945 945 946 946 946 880 880 880 946 946 946 881 881 881 881 881 881 946 946 946 947 947 947 881 881 881 947 947 947 882 882 882 882 882 882 947 947 947 948 948 948 882 882 882 948 948 948 883 883 883 883 883 883 948 948 948 949 949 949 883 883 883 949 949 949 884 884 884 884 884 884 949 949 949 950 950 950 884 884 884 950 950 950 885 885 885 885 885 885 950 950 950 951 951 951 885 885 885 951 951 951 886 886 886 886 886 886 951 951 951 952 952 952 886 886 886 952 952 952 887 887 887 887 887 887 952 952 952 953 953 953 887 887 887 953 953 953 888 888 888 888 888 888 953 953 953 954 954 954 888 888 888 954 954 954 889 889 889 889 889 889 954 954 954 955 955 955 889 889 889 955 955 955 890 890 890 890 890 890 955 955 955 956 956 956 890 890 890 956 956 956 891 891 891 891 891 891 956 956 956 957 957 957 891 891 891 957 957 957 892 892 892 892 892 892 957 957 957 958 958 958 892 892 892 958 958 958 893 893 893 893 893 893 958 958 958 959 959 959 893 893 893 959 959 959 894 894 894 894 894 894 959 959 959 960 960 960 894 894 894 960 960 960 895 895 895 895 895 895 960 960 960 961 961 961 895 895 895 961 961 961 896 896 896 896 896 896 961 961 961 962 962 962 896 896 896 962 962 962 897 897 897 897 897 897 962 962 962 963 963 963 897 897 897 963 963 963 898 898 898 898 898 898 963 963 963 964 964 964 898 898 898 964 964 964 899 899 899 899 899 899 964 964 964 965 965 965 899 899 899 965 965 965 900 900 900 900 900 900 965 965 965 966 966 966 900 900 900 966 966 966 901 901 901 901 901 901 966 966 966 967 967 967 901 901 901 967 967 967 902 902 902 902 902 902 967 967 967 968 968 968 902 902 902 968 968 968 903 903 903 903 903 903 968 968 968 969 969 969 903 903 903 969 969 969 904 904 904 904 904 904 969 969 969 970 970 970 904 904 904 970 970 970 905 905 905 905 905 905 970 970 970 971 971 971 905 905 905 971 971 971 906 906 906 906 906 906 971 971 971 972 972 972 906 906 906 972 972 972 907 907 907 907 907 907 972 972 972 973 973 973 907 907 907 973 973 973 908 908 908 908 908 908 973 973 973 974 974 974 908 908 908 974 974 974 909 909 909 910 910 910 975 975 975 976 976 976 910 910 910 976 976 976 911 911 911 911 911 911 976 976 976 977 977 977 911 911 911 977 977 977 912 912 912 912 912 912 977 977 977 978 978 978 912 912 912 978 978 978 913 913 913 913 913 913 978 978 978 979 979 979 913 913 913 979 979 979 914 914 914 914 914 914 979 979 979 980 980 980 914 914 914 980 980 980 915 915 915 915 915 915 980 980 980 981 981 981 915 915 915 981 981 981 916 916 916 916 916 916 981 981 981 982 982 982 916 916 916 982 982 982 917 917 917 917 917 917 982 982 982 983 983 983 917 917 917 983 983 983 918 918 918 918 918 918 983 983 983 984 984 984 918 918 918 984 984 984 919 919 919 919 919 919 984 984 984 985 985 985 919 919 919 985 985 985 920 920 920 920 920 920 985 985 985 986 986 986 920 920 920 986 986 986 921 921 921 921 921 921 986 986 986 987 987 987 921 921 921 987 987 987 922 922 922 922 922 922 987 987 987 988 988 988 922 922 922 988 988 988 923 923 923 923 923 923 988 988 988 989 989 989 923 923 923 989 989 989 924 924 924 924 924 924 989 989 989 990 990 990 924 924 924 990 990 990 925 925 925 925 925 925 990 990 990 991 991 991 925 925 925 991 991 991 926 926 926 926 926 926 991 991 991 992 992 992 926 926 926 992 992 992 927 927 927 927 927 927 992 992 992 993 993 993 927 927 927 993 993 993 928 928 928 928 928 928 993 993 993 994 994 994 928 928 928 994 994 994 929 929 929 929 929 929 994 994 994 995 995 995 929 929 929 995 995 995 930 930 930 930 930 930 995 995 995 996 996 996 930 930 930 996 996 996 931 931 931 931 931 931 996 996 996 997 997 997 931 931 931 997 997 997 932 932 932 932 932 932 997 997 997 998 998 998 932 932 932 998 998 998 933 933 933 933 933 933 998 998 998 999 999 999 933 933 933 999 999 999 934 934 934 934 934 934 999 999 999 1000 1000 1000 934 934 934 1000 1000 1000 935 935 935 935 935 935 1000 1000 1000 1001 1001 1001 935 935 935 1001 1001 1001 936 936 936 936 936 936 1001 1001 1001 1002 1002 1002 936 936 936 1002 1002 1002 937 937 937 937 937 937 1002 1002 1002 1003 1003 1003 937 937 937 1003 1003 1003 938 938 938 938 938 938 1003 1003 1003 1004 1004 1004 938 938 938 1004 1004 1004 939 939 939 939 939 939 1004 1004 1004 1005 1005 1005 939 939 939 1005 1005 1005 940 940 940 940 940 940 1005 1005 1005 1006 1006 1006 940 940 940 1006 1006 1006 941 941 941 941 941 941 1006 1006 1006 1007 1007 1007 941 941 941 1007 1007 1007 942 942 942 942 942 942 1007 1007 1007 1008 1008 1008 942 942 942 1008 1008 1008 943 943 943 943 943 943 1008 1008 1008 1009 1009 1009 943 943 943 1009 1009 1009 944 944 944 944 944 944 1009 1009 1009 1010 1010 1010 944 944 944 1010 1010 1010 945 945 945 945 945 945 1010 1010 1010 1011 1011 1011 945 945 945 1011 1011 1011 946 946 946 946 946 946 1011 1011 1011 1012 1012 1012 946 946 946 1012 1012 1012 947 947 947 947 947 947 1012 1012 1012 1013 1013 1013 947 947 947 1013 1013 1013 948 948 948 948 948 948 1013 1013 1013 1014 1014 1014 948 948 948 1014 1014 1014 949 949 949 949 949 949 1014 1014 1014 1015 1015 1015 949 949 949 1015 1015 1015 950 950 950 950 950 950 1015 1015 1015 1016 1016 1016 950 950 950 1016 1016 1016 951 951 951 951 951 951 1016 1016 1016 1017 1017 1017 951 951 951 1017 1017 1017 952 952 952 952 952 952 1017 1017 1017 1018 1018 1018 952 952 952 1018 1018 1018 953 953 953 953 953 953 1018 1018 1018 1019 1019 1019 953 953 953 1019 1019 1019 954 954 954 954 954 954 1019 1019 1019 1020 1020 1020 954 954 954 1020 1020 1020 955 955 955 955 955 955 1020 1020 1020 1021 1021 1021 955 955 955 1021 1021 1021 956 956 956 956 956 956 1021 1021 1021 1022 1022 1022 956 956 956 1022 1022 1022 957 957 957 957 957 957 1022 1022 1022 1023 1023 1023 957 957 957 1023 1023 1023 958 958 958 958 958 958 1023 1023 1023 1024 1024 1024 958 958 958 1024 1024 1024 959 959 959 959 959 959 1024 1024 1024 1025 1025 1025 959 959 959 1025 1025 1025 960 960 960 960 960 960 1025 1025 1025 1026 1026 1026 960 960 960 1026 1026 1026 961 961 961 961 961 961 1026 1026 1026 1027 1027 1027 961 961 961 1027 1027 1027 962 962 962 962 962 962 1027 1027 1027 1028 1028 1028 962 962 962 1028 1028 1028 963 963 963 963 963 963 1028 1028 1028 1029 1029 1029 963 963 963 1029 1029 1029 964 964 964 964 964 964 1029 1029 1029 1030 1030 1030 964 964 964 1030 1030 1030 965 965 965 965 965 965 1030 1030 1030 1031 1031 1031 965 965 965 1031 1031 1031 966 966 966 966 966 966 1031 1031 1031 1032 1032 1032 966 966 966 1032 1032 1032 967 967 967 967 967 967 1032 1032 1032 1033 1033 1033 967 967 967 1033 1033 1033 968 968 968 968 968 968 1033 1033 1033 1034 1034 1034 968 968 968 1034 1034 1034 969 969 969 969 969 969 1034 1034 1034 1035 1035 1035 969 969 969 1035 1035 1035 970 970 970 970 970 970 1035 1035 1035 1036 1036 1036 970 970 970 1036 1036 1036 971 971 971 971 971 971 1036 1036 1036 1037 1037 1037 971 971 971 1037 1037 1037 972 972 972 972 972 972 1037 1037 1037 1038 1038 1038 972 972 972 1038 1038 1038 973 973 973 973 973 973 1038 1038 1038 1039 1039 1039 973 973 973 1039 1039 1039 974 974 974 975 975 975 1040 1040 1040 1041 1041 1041 975 975 975 1041 1041 1041 976 976 976 976 976 976 1041 1041 1041 1042 1042 1042 976 976 976 1042 1042 1042 977 977 977 977 977 977 1042 1042 1042 1043 1043 1043 977 977 977 1043 1043 1043 978 978 978 978 978 978 1043 1043 1043 1044 1044 1044 978 978 978 1044 1044 1044 979 979 979 979 979 979 1044 1044 1044 1045 1045 1045 979 979 979 1045 1045 1045 980 980 980 980 980 980 1045 1045 1045 1046 1046 1046 980 980 980 1046 1046 1046 981 981 981 981 981 981 1046 1046 1046 1047 1047 1047 981 981 981 1047 1047 1047 982 982 982 982 982 982 1047 1047 1047 1048 1048 1048 982 982 982 1048 1048 1048 983 983 983 983 983 983 1048 1048 1048 1049 1049 1049 983 983 983 1049 1049 1049 984 984 984 984 984 984 1049 1049 1049 1050 1050 1050 984 984 984 1050 1050 1050 985 985 985 985 985 985 1050 1050 1050 1051 1051 1051 985 985 985 1051 1051 1051 986 986 986 986 986 986 1051 1051 1051 1052 1052 1052 986 986 986 1052 1052 1052 987 987 987 987 987 987 1052 1052 1052 1053 1053 1053 987 987 987 1053 1053 1053 988 988 988 988 988 988 1053 1053 1053 1054 1054 1054 988 988 988 1054 1054 1054 989 989 989 989 989 989 1054 1054 1054 1055 1055 1055 989 989 989 1055 1055 1055 990 990 990 990 990 990 1055 1055 1055 1056 1056 1056 990 990 990 1056 1056 1056 991 991 991 991 991 991 1056 1056 1056 1057 1057 1057 991 991 991 1057 1057 1057 992 992 992 992 992 992 1057 1057 1057 1058 1058 1058 992 992 992 1058 1058 1058 993 993 993 993 993 993 1058 1058 1058 1059 1059 1059 993 993 993 1059 1059 1059 994 994 994 994 994 994 1059 1059 1059 1060 1060 1060 994 994 994 1060 1060 1060 995 995 995 995 995 995 1060 1060 1060 1061 1061 1061 995 995 995 1061 1061 1061 996 996 996 996 996 996 1061 1061 1061 1062 1062 1062 996 996 996 1062 1062 1062 997 997 997 997 997 997 1062 1062 1062 1063 1063 1063 997 997 997 1063 1063 1063 998 998 998 998 998 998 1063 1063 1063 1064 1064 1064 998 998 998 1064 1064 1064 999 999 999 999 999 999 1064 1064 1064 1065 1065 1065 999 999 999 1065 1065 1065 1000 1000 1000 1000 1000 1000 1065 1065 1065 1066 1066 1066 1000 1000 1000 1066 1066 1066 1001 1001 1001 1001 1001 1001 1066 1066 1066 1067 1067 1067 1001 1001 1001 1067 1067 1067 1002 1002 1002 1002 1002 1002 1067 1067 1067 1068 1068 1068 1002 1002 1002 1068 1068 1068 1003 1003 1003 1003 1003 1003 1068 1068 1068 1069 1069 1069 1003 1003 1003 1069 1069 1069 1004 1004 1004 1004 1004 1004 1069 1069 1069 1070 1070 1070 1004 1004 1004 1070 1070 1070 1005 1005 1005 1005 1005 1005 1070 1070 1070 1071 1071 1071 1005 1005 1005 1071 1071 1071 1006 1006 1006 1006 1006 1006 1071 1071 1071 1072 1072 1072 1006 1006 1006 1072 1072 1072 1007 1007 1007 1007 1007 1007 1072 1072 1072 1073 1073 1073 1007 1007 1007 1073 1073 1073 1008 1008 1008 1008 1008 1008 1073 1073 1073 1074 1074 1074 1008 1008 1008 1074 1074 1074 1009 1009 1009 1009 1009 1009 1074 1074 1074 1075 1075 1075 1009 1009 1009 1075 1075 1075 1010 1010 1010 1010 1010 1010 1075 1075 1075 1076 1076 1076 1010 1010 1010 1076 1076 1076 1011 1011 1011 1011 1011 1011 1076 1076 1076 1077 1077 1077 1011 1011 1011 1077 1077 1077 1012 1012 1012 1012 1012 1012 1077 1077 1077 1078 1078 1078 1012 1012 1012 1078 1078 1078 1013 1013 1013 1013 1013 1013 1078 1078 1078 1079 1079 1079 1013 1013 1013 1079 1079 1079 1014 1014 1014 1014 1014 1014 1079 1079 1079 1080 1080 1080 1014 1014 1014 1080 1080 1080 1015 1015 1015 1015 1015 1015 1080 1080 1080 1081 1081 1081 1015 1015 1015 1081 1081 1081 1016 1016 1016 1016 1016 1016 1081 1081 1081 1082 1082 1082 1016 1016 1016 1082 1082 1082 1017 1017 1017 1017 1017 1017 1082 1082 1082 1083 1083 1083 1017 1017 1017 1083 1083 1083 1018 1018 1018 1018 1018 1018 1083 1083 1083 1084 1084 1084 1018 1018 1018 1084 1084 1084 1019 1019 1019 1019 1019 1019 1084 1084 1084 1085 1085 1085 1019 1019 1019 1085 1085 1085 1020 1020 1020 1020 1020 1020 1085 1085 1085 1086 1086 1086 1020 1020 1020 1086 1086 1086 1021 1021 1021 1021 1021 1021 1086 1086 1086 1087 1087 1087 1021 1021 1021 1087 1087 1087 1022 1022 1022 1022 1022 1022 1087 1087 1087 1088 1088 1088 1022 1022 1022 1088 1088 1088 1023 1023 1023 1023 1023 1023 1088 1088 1088 1089 1089 1089 1023 1023 1023 1089 1089 1089 1024 1024 1024 1024 1024 1024 1089 1089 1089 1090 1090 1090 1024 1024 1024 1090 1090 1090 1025 1025 1025 1025 1025 1025 1090 1090 1090 1091 1091 1091 1025 1025 1025 1091 1091 1091 1026 1026 1026 1026 1026 1026 1091 1091 1091 1092 1092 1092 1026 1026 1026 1092 1092 1092 1027 1027 1027 1027 1027 1027 1092 1092 1092 1093 1093 1093 1027 1027 1027 1093 1093 1093 1028 1028 1028 1028 1028 1028 1093 1093 1093 1094 1094 1094 1028 1028 1028 1094 1094 1094 1029 1029 1029 1029 1029 1029 1094 1094 1094 1095 1095 1095 1029 1029 1029 1095 1095 1095 1030 1030 1030 1030 1030 1030 1095 1095 1095 1096 1096 1096 1030 1030 1030 1096 1096 1096 1031 1031 1031 1031 1031 1031 1096 1096 1096 1097 1097 1097 1031 1031 1031 1097 1097 1097 1032 1032 1032 1032 1032 1032 1097 1097 1097 1098 1098 1098 1032 1032 1032 1098 1098 1098 1033 1033 1033 1033 1033 1033 1098 1098 1098 1099 1099 1099 1033 1033 1033 1099 1099 1099 1034 1034 1034 1034 1034 1034 1099 1099 1099 1100 1100 1100 1034 1034 1034 1100 1100 1100 1035 1035 1035 1035 1035 1035 1100 1100 1100 1101 1101 1101 1035 1035 1035 1101 1101 1101 1036 1036 1036 1036 1036 1036 1101 1101 1101 1102 1102 1102 1036 1036 1036 1102 1102 1102 1037 1037 1037 1037 1037 1037 1102 1102 1102 1103 1103 1103 1037 1037 1037 1103 1103 1103 1038 1038 1038 1038 1038 1038 1103 1103 1103 1104 1104 1104 1038 1038 1038 1104 1104 1104 1039 1039 1039 1040 1040 1040 1105 1105 1105 1106 1106 1106 1040 1040 1040 1106 1106 1106 1041 1041 1041 1041 1041 1041 1106 1106 1106 1107 1107 1107 1041 1041 1041 1107 1107 1107 1042 1042 1042 1042 1042 1042 1107 1107 1107 1108 1108 1108 1042 1042 1042 1108 1108 1108 1043 1043 1043 1043 1043 1043 1108 1108 1108 1109 1109 1109 1043 1043 1043 1109 1109 1109 1044 1044 1044 1044 1044 1044 1109 1109 1109 1110 1110 1110 1044 1044 1044 1110 1110 1110 1045 1045 1045 1045 1045 1045 1110 1110 1110 1111 1111 1111 1045 1045 1045 1111 1111 1111 1046 1046 1046 1046 1046 1046 1111 1111 1111 1112 1112 1112 1046 1046 1046 1112 1112 1112 1047 1047 1047 1047 1047 1047 1112 1112 1112 1113 1113 1113 1047 1047 1047 1113 1113 1113 1048 1048 1048 1048 1048 1048 1113 1113 1113 1114 1114 1114 1048 1048 1048 1114 1114 1114 1049 1049 1049 1049 1049 1049 1114 1114 1114 1115 1115 1115 1049 1049 1049 1115 1115 1115 1050 1050 1050 1050 1050 1050 1115 1115 1115 1116 1116 1116 1050 1050 1050 1116 1116 1116 1051 1051 1051 1051 1051 1051 1116 1116 1116 1117 1117 1117 1051 1051 1051 1117 1117 1117 1052 1052 1052 1052 1052 1052 1117 1117 1117 1118 1118 1118 1052 1052 1052 1118 1118 1118 1053 1053 1053 1053 1053 1053 1118 1118 1118 1119 1119 1119 1053 1053 1053 1119 1119 1119 1054 1054 1054 1054 1054 1054 1119 1119 1119 1120 1120 1120 1054 1054 1054 1120 1120 1120 1055 1055 1055 1055 1055 1055 1120 1120 1120 1121 1121 1121 1055 1055 1055 1121 1121 1121 1056 1056 1056 1056 1056 1056 1121 1121 1121 1122 1122 1122 1056 1056 1056 1122 1122 1122 1057 1057 1057 1057 1057 1057 1122 1122 1122 1123 1123 1123 1057 1057 1057 1123 1123 1123 1058 1058 1058 1058 1058 1058 1123 1123 1123 1124 1124 1124 1058 1058 1058 1124 1124 1124 1059 1059 1059 1059 1059 1059 1124 1124 1124 1125 1125 1125 1059 1059 1059 1125 1125 1125 1060 1060 1060 1060 1060 1060 1125 1125 1125 1126 1126 1126 1060 1060 1060 1126 1126 1126 1061 1061 1061 1061 1061 1061 1126 1126 1126 1127 1127 1127 1061 1061 1061 1127 1127 1127 1062 1062 1062 1062 1062 1062 1127 1127 1127 1128 1128 1128 1062 1062 1062 1128 1128 1128 1063 1063 1063 1063 1063 1063 1128 1128 1128 1129 1129 1129 1063 1063 1063 1129 1129 1129 1064 1064 1064 1064 1064 1064 1129 1129 1129 1130 1130 1130 1064 1064 1064 1130 1130 1130 1065 1065 1065 1065 1065 1065 1130 1130 1130 1131 1131 1131 1065 1065 1065 1131 1131 1131 1066 1066 1066 1066 1066 1066 1131 1131 1131 1132 1132 1132 1066 1066 1066 1132 1132 1132 1067 1067 1067 1067 1067 1067 1132 1132 1132 1133 1133 1133 1067 1067 1067 1133 1133 1133 1068 1068 1068 1068 1068 1068 1133 1133 1133 1134 1134 1134 1068 1068 1068 1134 1134 1134 1069 1069 1069 1069 1069 1069 1134 1134 1134 1135 1135 1135 1069 1069 1069 1135 1135 1135 1070 1070 1070 1070 1070 1070 1135 1135 1135 1136 1136 1136 1070 1070 1070 1136 1136 1136 1071 1071 1071 1071 1071 1071 1136 1136 1136 1137 1137 1137 1071 1071 1071 1137 1137 1137 1072 1072 1072 1072 1072 1072 1137 1137 1137 1138 1138 1138 1072 1072 1072 1138 1138 1138 1073 1073 1073 1073 1073 1073 1138 1138 1138 1139 1139 1139 1073 1073 1073 1139 1139 1139 1074 1074 1074 1074 1074 1074 1139 1139 1139 1140 1140 1140 1074 1074 1074 1140 1140 1140 1075 1075 1075 1075 1075 1075 1140 1140 1140 1141 1141 1141 1075 1075 1075 1141 1141 1141 1076 1076 1076 1076 1076 1076 1141 1141 1141 1142 1142 1142 1076 1076 1076 1142 1142 1142 1077 1077 1077 1077 1077 1077 1142 1142 1142 1143 1143 1143 1077 1077 1077 1143 1143 1143 1078 1078 1078 1078 1078 1078 1143 1143 1143 1144 1144 1144 1078 1078 1078 1144 1144 1144 1079 1079 1079 1079 1079 1079 1144 1144 1144 1145 1145 1145 1079 1079 1079 1145 1145 1145 1080 1080 1080 1080 1080 1080 1145 1145 1145 1146 1146 1146 1080 1080 1080 1146 1146 1146 1081 1081 1081 1081 1081 1081 1146 1146 1146 1147 1147 1147 1081 1081 1081 1147 1147 1147 1082 1082 1082 1082 1082 1082 1147 1147 1147 1148 1148 1148 1082 1082 1082 1148 1148 1148 1083 1083 1083 1083 1083 1083 1148 1148 1148 1149 1149 1149 1083 1083 1083 1149 1149 1149 1084 1084 1084 1084 1084 1084 1149 1149 1149 1150 1150 1150 1084 1084 1084 1150 1150 1150 1085 1085 1085 1085 1085 1085 1150 1150 1150 1151 1151 1151 1085 1085 1085 1151 1151 1151 1086 1086 1086 1086 1086 1086 1151 1151 1151 1152 1152 1152 1086 1086 1086 1152 1152 1152 1087 1087 1087 1087 1087 1087 1152 1152 1152 1153 1153 1153 1087 1087 1087 1153 1153 1153 1088 1088 1088 1088 1088 1088 1153 1153 1153 1154 1154 1154 1088 1088 1088 1154 1154 1154 1089 1089 1089 1089 1089 1089 1154 1154 1154 1155 1155 1155 1089 1089 1089 1155 1155 1155 1090 1090 1090 1090 1090 1090 1155 1155 1155 1156 1156 1156 1090 1090 1090 1156 1156 1156 1091 1091 1091 1091 1091 1091 1156 1156 1156 1157 1157 1157 1091 1091 1091 1157 1157 1157 1092 1092 1092 1092 1092 1092 1157 1157 1157 1158 1158 1158 1092 1092 1092 1158 1158 1158 1093 1093 1093 1093 1093 1093 1158 1158 1158 1159 1159 1159 1093 1093 1093 1159 1159 1159 1094 1094 1094 1094 1094 1094 1159 1159 1159 1160 1160 1160 1094 1094 1094 1160 1160 1160 1095 1095 1095 1095 1095 1095 1160 1160 1160 1161 1161 1161 1095 1095 1095 1161 1161 1161 1096 1096 1096 1096 1096 1096 1161 1161 1161 1162 1162 1162 1096 1096 1096 1162 1162 1162 1097 1097 1097 1097 1097 1097 1162 1162 1162 1163 1163 1163 1097 1097 1097 1163 1163 1163 1098 1098 1098 1098 1098 1098 1163 1163 1163 1164 1164 1164 1098 1098 1098 1164 1164 1164 1099 1099 1099 1099 1099 1099 1164 1164 1164 1165 1165 1165 1099 1099 1099 1165 1165 1165 1100 1100 1100 1100 1100 1100 1165 1165 1165 1166 1166 1166 1100 1100 1100 1166 1166 1166 1101 1101 1101 1101 1101 1101 1166 1166 1166 1167 1167 1167 1101 1101 1101 1167 1167 1167 1102 1102 1102 1102 1102 1102 1167 1167 1167 1168 1168 1168 1102 1102 1102 1168 1168 1168 1103 1103 1103 1103 1103 1103 1168 1168 1168 1169 1169 1169 1103 1103 1103 1169 1169 1169 1104 1104 1104 1105 1105 1105 1170 1170 1170 1171 1171 1171 1105 1105 1105 1171 1171 1171 1106 1106 1106 1106 1106 1106 1171 1171 1171 1172 1172 1172 1106 1106 1106 1172 1172 1172 1107 1107 1107 1107 1107 1107 1172 1172 1172 1173 1173 1173 1107 1107 1107 1173 1173 1173 1108 1108 1108 1108 1108 1108 1173 1173 1173 1174 1174 1174 1108 1108 1108 1174 1174 1174 1109 1109 1109 1109 1109 1109 1174 1174 1174 1175 1175 1175 1109 1109 1109 1175 1175 1175 1110 1110 1110 1110 1110 1110 1175 1175 1175 1176 1176 1176 1110 1110 1110 1176 1176 1176 1111 1111 1111 1111 1111 1111 1176 1176 1176 1177 1177 1177 1111 1111 1111 1177 1177 1177 1112 1112 1112 1112 1112 1112 1177 1177 1177 1178 1178 1178 1112 1112 1112 1178 1178 1178 1113 1113 1113 1113 1113 1113 1178 1178 1178 1179 1179 1179 1113 1113 1113 1179 1179 1179 1114 1114 1114 1114 1114 1114 1179 1179 1179 1180 1180 1180 1114 1114 1114 1180 1180 1180 1115 1115 1115 1115 1115 1115 1180 1180 1180 1181 1181 1181 1115 1115 1115 1181 1181 1181 1116 1116 1116 1116 1116 1116 1181 1181 1181 1182 1182 1182 1116 1116 1116 1182 1182 1182 1117 1117 1117 1117 1117 1117 1182 1182 1182 1183 1183 1183 1117 1117 1117 1183 1183 1183 1118 1118 1118 1118 1118 1118 1183 1183 1183 1184 1184 1184 1118 1118 1118 1184 1184 1184 1119 1119 1119 1119 1119 1119 1184 1184 1184 1185 1185 1185 1119 1119 1119 1185 1185 1185 1120 1120 1120 1120 1120 1120 1185 1185 1185 1186 1186 1186 1120 1120 1120 1186 1186 1186 1121 1121 1121 1121 1121 1121 1186 1186 1186 1187 1187 1187 1121 1121 1121 1187 1187 1187 1122 1122 1122 1122 1122 1122 1187 1187 1187 1188 1188 1188 1122 1122 1122 1188 1188 1188 1123 1123 1123 1123 1123 1123 1188 1188 1188 1189 1189 1189 1123 1123 1123 1189 1189 1189 1124 1124 1124 1124 1124 1124 1189 1189 1189 1190 1190 1190 1124 1124 1124 1190 1190 1190 1125 1125 1125 1125 1125 1125 1190 1190 1190 1191 1191 1191 1125 1125 1125 1191 1191 1191 1126 1126 1126 1126 1126 1126 1191 1191 1191 1192 1192 1192 1126 1126 1126 1192 1192 1192 1127 1127 1127 1127 1127 1127 1192 1192 1192 1193 1193 1193 1127 1127 1127 1193 1193 1193 1128 1128 1128 1128 1128 1128 1193 1193 1193 1194 1194 1194 1128 1128 1128 1194 1194 1194 1129 1129 1129 1129 1129 1129 1194 1194 1194 1195 1195 1195 1129 1129 1129 1195 1195 1195 1130 1130 1130 1130 1130 1130 1195 1195 1195 1196 1196 1196 1130 1130 1130 1196 1196 1196 1131 1131 1131 1131 1131 1131 1196 1196 1196 1197 1197 1197 1131 1131 1131 1197 1197 1197 1132 1132 1132 1132 1132 1132 1197 1197 1197 1198 1198 1198 1132 1132 1132 1198 1198 1198 1133 1133 1133 1133 1133 1133 1198 1198 1198 1199 1199 1199 1133 1133 1133 1199 1199 1199 1134 1134 1134 1134 1134 1134 1199 1199 1199 1200 1200 1200 1134 1134 1134 1200 1200 1200 1135 1135 1135 1135 1135 1135 1200 1200 1200 1201 1201 1201 1135 1135 1135 1201 1201 1201 1136 1136 1136 1136 1136 1136 1201 1201 1201 1202 1202 1202 1136 1136 1136 1202 1202 1202 1137 1137 1137 1137 1137 1137 1202 1202 1202 1203 1203 1203 1137 1137 1137 1203 1203 1203 1138 1138 1138 1138 1138 1138 1203 1203 1203 1204 1204 1204 1138 1138 1138 1204 1204 1204 1139 1139 1139 1139 1139 1139 1204 1204 1204 1205 1205 1205 1139 1139 1139 1205 1205 1205 1140 1140 1140 1140 1140 1140 1205 1205 1205 1206 1206 1206 1140 1140 1140 1206 1206 1206 1141 1141 1141 1141 1141 1141 1206 1206 1206 1207 1207 1207 1141 1141 1141 1207 1207 1207 1142 1142 1142 1142 1142 1142 1207 1207 1207 1208 1208 1208 1142 1142 1142 1208 1208 1208 1143 1143 1143 1143 1143 1143 1208 1208 1208 1209 1209 1209 1143 1143 1143 1209 1209 1209 1144 1144 1144 1144 1144 1144 1209 1209 1209 1210 1210 1210 1144 1144 1144 1210 1210 1210 1145 1145 1145 1145 1145 1145 1210 1210 1210 1211 1211 1211 1145 1145 1145 1211 1211 1211 1146 1146 1146 1146 1146 1146 1211 1211 1211 1212 1212 1212 1146 1146 1146 1212 1212 1212 1147 1147 1147 1147 1147 1147 1212 1212 1212 1213 1213 1213 1147 1147 1147 1213 1213 1213 1148 1148 1148 1148 1148 1148 1213 1213 1213 1214 1214 1214 1148 1148 1148 1214 1214 1214 1149 1149 1149 1149 1149 1149 1214 1214 1214 1215 1215 1215 1149 1149 1149 1215 1215 1215 1150 1150 1150 1150 1150 1150 1215 1215 1215 1216 1216 1216 1150 1150 1150 1216 1216 1216 1151 1151 1151 1151 1151 1151 1216 1216 1216 1217 1217 1217 1151 1151 1151 1217 1217 1217 1152 1152 1152 1152 1152 1152 1217 1217 1217 1218 1218 1218 1152 1152 1152 1218 1218 1218 1153 1153 1153 1153 1153 1153 1218 1218 1218 1219 1219 1219 1153 1153 1153 1219 1219 1219 1154 1154 1154 1154 1154 1154 1219 1219 1219 1220 1220 1220 1154 1154 1154 1220 1220 1220 1155 1155 1155 1155 1155 1155 1220 1220 1220 1221 1221 1221 1155 1155 1155 1221 1221 1221 1156 1156 1156 1156 1156 1156 1221 1221 1221 1222 1222 1222 1156 1156 1156 1222 1222 1222 1157 1157 1157 1157 1157 1157 1222 1222 1222 1223 1223 1223 1157 1157 1157 1223 1223 1223 1158 1158 1158 1158 1158 1158 1223 1223 1223 1224 1224 1224 1158 1158 1158 1224 1224 1224 1159 1159 1159 1159 1159 1159 1224 1224 1224 1225 1225 1225 1159 1159 1159 1225 1225 1225 1160 1160 1160 1160 1160 1160 1225 1225 1225 1226 1226 1226 1160 1160 1160 1226 1226 1226 1161 1161 1161 1161 1161 1161 1226 1226 1226 1227 1227 1227 1161 1161 1161 1227 1227 1227 1162 1162 1162 1162 1162 1162 1227 1227 1227 1228 1228 1228 1162 1162 1162 1228 1228 1228 1163 1163 1163 1163 1163 1163 1228 1228 1228 1229 1229 1229 1163 1163 1163 1229 1229 1229 1164 1164 1164 1164 1164 1164 1229 1229 1229 1230 1230 1230 1164 1164 1164 1230 1230 1230 1165 1165 1165 1165 1165 1165 1230 1230 1230 1231 1231 1231 1165 1165 1165 1231 1231 1231 1166 1166 1166 1166 1166 1166 1231 1231 1231 1232 1232 1232 1166 1166 1166 1232 1232 1232 1167 1167 1167 1167 1167 1167 1232 1232 1232 1233 1233 1233 1167 1167 1167 1233 1233 1233 1168 1168 1168 1168 1168 1168 1233 1233 1233 1234 1234 1234 1168 1168 1168 1234 1234 1234 1169 1169 1169 1170 1170 1170 1235 1235 1235 1236 1236 1236 1170 1170 1170 1236 1236 1236 1171 1171 1171 1171 1171 1171 1236 1236 1236 1237 1237 1237 1171 1171 1171 1237 1237 1237 1172 1172 1172 1172 1172 1172 1237 1237 1237 1238 1238 1238 1172 1172 1172 1238 1238 1238 1173 1173 1173 1173 1173 1173 1238 1238 1238 1239 1239 1239 1173 1173 1173 1239 1239 1239 1174 1174 1174 1174 1174 1174 1239 1239 1239 1240 1240 1240 1174 1174 1174 1240 1240 1240 1175 1175 1175 1175 1175 1175 1240 1240 1240 1241 1241 1241 1175 1175 1175 1241 1241 1241 1176 1176 1176 1176 1176 1176 1241 1241 1241 1242 1242 1242 1176 1176 1176 1242 1242 1242 1177 1177 1177 1177 1177 1177 1242 1242 1242 1243 1243 1243 1177 1177 1177 1243 1243 1243 1178 1178 1178 1178 1178 1178 1243 1243 1243 1244 1244 1244 1178 1178 1178 1244 1244 1244 1179 1179 1179 1179 1179 1179 1244 1244 1244 1245 1245 1245 1179 1179 1179 1245 1245 1245 1180 1180 1180 1180 1180 1180 1245 1245 1245 1246 1246 1246 1180 1180 1180 1246 1246 1246 1181 1181 1181 1181 1181 1181 1246 1246 1246 1247 1247 1247 1181 1181 1181 1247 1247 1247 1182 1182 1182 1182 1182 1182 1247 1247 1247 1248 1248 1248 1182 1182 1182 1248 1248 1248 1183 1183 1183 1183 1183 1183 1248 1248 1248 1249 1249 1249 1183 1183 1183 1249 1249 1249 1184 1184 1184 1184 1184 1184 1249 1249 1249 1250 1250 1250 1184 1184 1184 1250 1250 1250 1185 1185 1185 1185 1185 1185 1250 1250 1250 1251 1251 1251 1185 1185 1185 1251 1251 1251 1186 1186 1186 1186 1186 1186 1251 1251 1251 1252 1252 1252 1186 1186 1186 1252 1252 1252 1187 1187 1187 1187 1187 1187 1252 1252 1252 1253 1253 1253 1187 1187 1187 1253 1253 1253 1188 1188 1188 1188 1188 1188 1253 1253 1253 1254 1254 1254 1188 1188 1188 1254 1254 1254 1189 1189 1189 1189 1189 1189 1254 1254 1254 1255 1255 1255 1189 1189 1189 1255 1255 1255 1190 1190 1190 1190 1190 1190 1255 1255 1255 1256 1256 1256 1190 1190 1190 1256 1256 1256 1191 1191 1191 1191 1191 1191 1256 1256 1256 1257 1257 1257 1191 1191 1191 1257 1257 1257 1192 1192 1192 1192 1192 1192 1257 1257 1257 1258 1258 1258 1192 1192 1192 1258 1258 1258 1193 1193 1193 1193 1193 1193 1258 1258 1258 1259 1259 1259 1193 1193 1193 1259 1259 1259 1194 1194 1194 1194 1194 1194 1259 1259 1259 1260 1260 1260 1194 1194 1194 1260 1260 1260 1195 1195 1195 1195 1195 1195 1260 1260 1260 1261 1261 1261 1195 1195 1195 1261 1261 1261 1196 1196 1196 1196 1196 1196 1261 1261 1261 1262 1262 1262 1196 1196 1196 1262 1262 1262 1197 1197 1197 1197 1197 1197 1262 1262 1262 1263 1263 1263 1197 1197 1197 1263 1263 1263 1198 1198 1198 1198 1198 1198 1263 1263 1263 1264 1264 1264 1198 1198 1198 1264 1264 1264 1199 1199 1199 1199 1199 1199 1264 1264 1264 1265 1265 1265 1199 1199 1199 1265 1265 1265 1200 1200 1200 1200 1200 1200 1265 1265 1265 1266 1266 1266 1200 1200 1200 1266 1266 1266 1201 1201 1201 1201 1201 1201 1266 1266 1266 1267 1267 1267 1201 1201 1201 1267 1267 1267 1202 1202 1202 1202 1202 1202 1267 1267 1267 1268 1268 1268 1202 1202 1202 1268 1268 1268 1203 1203 1203 1203 1203 1203 1268 1268 1268 1269 1269 1269 1203 1203 1203 1269 1269 1269 1204 1204 1204 1204 1204 1204 1269 1269 1269 1270 1270 1270 1204 1204 1204 1270 1270 1270 1205 1205 1205 1205 1205 1205 1270 1270 1270 1271 1271 1271 1205 1205 1205 1271 1271 1271 1206 1206 1206 1206 1206 1206 1271 1271 1271 1272 1272 1272 1206 1206 1206 1272 1272 1272 1207 1207 1207 1207 1207 1207 1272 1272 1272 1273 1273 1273 1207 1207 1207 1273 1273 1273 1208 1208 1208 1208 1208 1208 1273 1273 1273 1274 1274 1274 1208 1208 1208 1274 1274 1274 1209 1209 1209 1209 1209 1209 1274 1274 1274 1275 1275 1275 1209 1209 1209 1275 1275 1275 1210 1210 1210 1210 1210 1210 1275 1275 1275 1276 1276 1276 1210 1210 1210 1276 1276 1276 1211 1211 1211 1211 1211 1211 1276 1276 1276 1277 1277 1277 1211 1211 1211 1277 1277 1277 1212 1212 1212 1212 1212 1212 1277 1277 1277 1278 1278 1278 1212 1212 1212 1278 1278 1278 1213 1213 1213 1213 1213 1213 1278 1278 1278 1279 1279 1279 1213 1213 1213 1279 1279 1279 1214 1214 1214 1214 1214 1214 1279 1279 1279 1280 1280 1280 1214 1214 1214 1280 1280 1280 1215 1215 1215 1215 1215 1215 1280 1280 1280 1281 1281 1281 1215 1215 1215 1281 1281 1281 1216 1216 1216 1216 1216 1216 1281 1281 1281 1282 1282 1282 1216 1216 1216 1282 1282 1282 1217 1217 1217 1217 1217 1217 1282 1282 1282 1283 1283 1283 1217 1217 1217 1283 1283 1283 1218 1218 1218 1218 1218 1218 1283 1283 1283 1284 1284 1284 1218 1218 1218 1284 1284 1284 1219 1219 1219 1219 1219 1219 1284 1284 1284 1285 1285 1285 1219 1219 1219 1285 1285 1285 1220 1220 1220 1220 1220 1220 1285 1285 1285 1286 1286 1286 1220 1220 1220 1286 1286 1286 1221 1221 1221 1221 1221 1221 1286 1286 1286 1287 1287 1287 1221 1221 1221 1287 1287 1287 1222 1222 1222 1222 1222 1222 1287 1287 1287 1288 1288 1288 1222 1222 1222 1288 1288 1288 1223 1223 1223 1223 1223 1223 1288 1288 1288 1289 1289 1289 1223 1223 1223 1289 1289 1289 1224 1224 1224 1224 1224 1224 1289 1289 1289 1290 1290 1290 1224 1224 1224 1290 1290 1290 1225 1225 1225 1225 1225 1225 1290 1290 1290 1291 1291 1291 1225 1225 1225 1291 1291 1291 1226 1226 1226 1226 1226 1226 1291 1291 1291 1292 1292 1292 1226 1226 1226 1292 1292 1292 1227 1227 1227 1227 1227 1227 1292 1292 1292 1293 1293 1293 1227 1227 1227 1293 1293 1293 1228 1228 1228 1228 1228 1228 1293 1293 1293 1294 1294 1294 1228 1228 1228 1294 1294 1294 1229 1229 1229 1229 1229 1229 1294 1294 1294 1295 1295 1295 1229 1229 1229 1295 1295 1295 1230 1230 1230 1230 1230 1230 1295 1295 1295 1296 1296 1296 1230 1230 1230 1296 1296 1296 1231 1231 1231 1231 1231 1231 1296 1296 1296 1297 1297 1297 1231 1231 1231 1297 1297 1297 1232 1232 1232 1232 1232 1232 1297 1297 1297 1298 1298 1298 1232 1232 1232 1298 1298 1298 1233 1233 1233 1233 1233 1233 1298 1298 1298 1299 1299 1299 1233 1233 1233 1299 1299 1299 1234 1234 1234 1235 1235 1235 1300 1300 1300 1301 1301 1301 1235 1235 1235 1301 1301 1301 1236 1236 1236 1236 1236 1236 1301 1301 1301 1302 1302 1302 1236 1236 1236 1302 1302 1302 1237 1237 1237 1237 1237 1237 1302 1302 1302 1303 1303 1303 1237 1237 1237 1303 1303 1303 1238 1238 1238 1238 1238 1238 1303 1303 1303 1304 1304 1304 1238 1238 1238 1304 1304 1304 1239 1239 1239 1239 1239 1239 1304 1304 1304 1305 1305 1305 1239 1239 1239 1305 1305 1305 1240 1240 1240 1240 1240 1240 1305 1305 1305 1306 1306 1306 1240 1240 1240 1306 1306 1306 1241 1241 1241 1241 1241 1241 1306 1306 1306 1307 1307 1307 1241 1241 1241 1307 1307 1307 1242 1242 1242 1242 1242 1242 1307 1307 1307 1308 1308 1308 1242 1242 1242 1308 1308 1308 1243 1243 1243 1243 1243 1243 1308 1308 1308 1309 1309 1309 1243 1243 1243 1309 1309 1309 1244 1244 1244 1244 1244 1244 1309 1309 1309 1310 1310 1310 1244 1244 1244 1310 1310 1310 1245 1245 1245 1245 1245 1245 1310 1310 1310 1311 1311 1311 1245 1245 1245 1311 1311 1311 1246 1246 1246 1246 1246 1246 1311 1311 1311 1312 1312 1312 1246 1246 1246 1312 1312 1312 1247 1247 1247 1247 1247 1247 1312 1312 1312 1313 1313 1313 1247 1247 1247 1313 1313 1313 1248 1248 1248 1248 1248 1248 1313 1313 1313 1314 1314 1314 1248 1248 1248 1314 1314 1314 1249 1249 1249 1249 1249 1249 1314 1314 1314 1315 1315 1315 1249 1249 1249 1315 1315 1315 1250 1250 1250 1250 1250 1250 1315 1315 1315 1316 1316 1316 1250 1250 1250 1316 1316 1316 1251 1251 1251 1251 1251 1251 1316 1316 1316 1317 1317 1317 1251 1251 1251 1317 1317 1317 1252 1252 1252 1252 1252 1252 1317 1317 1317 1318 1318 1318 1252 1252 1252 1318 1318 1318 1253 1253 1253 1253 1253 1253 1318 1318 1318 1319 1319 1319 1253 1253 1253 1319 1319 1319 1254 1254 1254 1254 1254 1254 1319 1319 1319 1320 1320 1320 1254 1254 1254 1320 1320 1320 1255 1255 1255 1255 1255 1255 1320 1320 1320 1321 1321 1321 1255 1255 1255 1321 1321 1321 1256 1256 1256 1256 1256 1256 1321 1321 1321 1322 1322 1322 1256 1256 1256 1322 1322 1322 1257 1257 1257 1257 1257 1257 1322 1322 1322 1323 1323 1323 1257 1257 1257 1323 1323 1323 1258 1258 1258 1258 1258 1258 1323 1323 1323 1324 1324 1324 1258 1258 1258 1324 1324 1324 1259 1259 1259 1259 1259 1259 1324 1324 1324 1325 1325 1325 1259 1259 1259 1325 1325 1325 1260 1260 1260 1260 1260 1260 1325 1325 1325 1326 1326 1326 1260 1260 1260 1326 1326 1326 1261 1261 1261 1261 1261 1261 1326 1326 1326 1327 1327 1327 1261 1261 1261 1327 1327 1327 1262 1262 1262 1262 1262 1262 1327 1327 1327 1328 1328 1328 1262 1262 1262 1328 1328 1328 1263 1263 1263 1263 1263 1263 1328 1328 1328 1329 1329 1329 1263 1263 1263 1329 1329 1329 1264 1264 1264 1264 1264 1264 1329 1329 1329 1330 1330 1330 1264 1264 1264 1330 1330 1330 1265 1265 1265 1265 1265 1265 1330 1330 1330 1331 1331 1331 1265 1265 1265 1331 1331 1331 1266 1266 1266 1266 1266 1266 1331 1331 1331 1332 1332 1332 1266 1266 1266 1332 1332 1332 1267 1267 1267 1267 1267 1267 1332 1332 1332 1333 1333 1333 1267 1267 1267 1333 1333 1333 1268 1268 1268 1268 1268 1268 1333 1333 1333 1334 1334 1334 1268 1268 1268 1334 1334 1334 1269 1269 1269 1269 1269 1269 1334 1334 1334 1335 1335 1335 1269 1269 1269 1335 1335 1335 1270 1270 1270 1270 1270 1270 1335 1335 1335 1336 1336 1336 1270 1270 1270 1336 1336 1336 1271 1271 1271 1271 1271 1271 1336 1336 1336 1337 1337 1337 1271 1271 1271 1337 1337 1337 1272 1272 1272 1272 1272 1272 1337 1337 1337 1338 1338 1338 1272 1272 1272 1338 1338 1338 1273 1273 1273 1273 1273 1273 1338 1338 1338 1339 1339 1339 1273 1273 1273 1339 1339 1339 1274 1274 1274 1274 1274 1274 1339 1339 1339 1340 1340 1340 1274 1274 1274 1340 1340 1340 1275 1275 1275 1275 1275 1275 1340 1340 1340 1341 1341 1341 1275 1275 1275 1341 1341 1341 1276 1276 1276 1276 1276 1276 1341 1341 1341 1342 1342 1342 1276 1276 1276 1342 1342 1342 1277 1277 1277 1277 1277 1277 1342 1342 1342 1343 1343 1343 1277 1277 1277 1343 1343 1343 1278 1278 1278 1278 1278 1278 1343 1343 1343 1344 1344 1344 1278 1278 1278 1344 1344 1344 1279 1279 1279 1279 1279 1279 1344 1344 1344 1345 1345 1345 1279 1279 1279 1345 1345 1345 1280 1280 1280 1280 1280 1280 1345 1345 1345 1346 1346 1346 1280 1280 1280 1346 1346 1346 1281 1281 1281 1281 1281 1281 1346 1346 1346 1347 1347 1347 1281 1281 1281 1347 1347 1347 1282 1282 1282 1282 1282 1282 1347 1347 1347 1348 1348 1348 1282 1282 1282 1348 1348 1348 1283 1283 1283 1283 1283 1283 1348 1348 1348 1349 1349 1349 1283 1283 1283 1349 1349 1349 1284 1284 1284 1284 1284 1284 1349 1349 1349 1350 1350 1350 1284 1284 1284 1350 1350 1350 1285 1285 1285 1285 1285 1285 1350 1350 1350 1351 1351 1351 1285 1285 1285 1351 1351 1351 1286 1286 1286 1286 1286 1286 1351 1351 1351 1352 1352 1352 1286 1286 1286 1352 1352 1352 1287 1287 1287 1287 1287 1287 1352 1352 1352 1353 1353 1353 1287 1287 1287 1353 1353 1353 1288 1288 1288 1288 1288 1288 1353 1353 1353 1354 1354 1354 1288 1288 1288 1354 1354 1354 1289 1289 1289 1289 1289 1289 1354 1354 1354 1355 1355 1355 1289 1289 1289 1355 1355 1355 1290 1290 1290 1290 1290 1290 1355 1355 1355 1356 1356 1356 1290 1290 1290 1356 1356 1356 1291 1291 1291 1291 1291 1291 1356 1356 1356 1357 1357 1357 1291 1291 1291 1357 1357 1357 1292 1292 1292 1292 1292 1292 1357 1357 1357 1358 1358 1358 1292 1292 1292 1358 1358 1358 1293 1293 1293 1293 1293 1293 1358 1358 1358 1359 1359 1359 1293 1293 1293 1359 1359 1359 1294 1294 1294 1294 1294 1294 1359 1359 1359 1360 1360 1360 1294 1294 1294 1360 1360 1360 1295 1295 1295 1295 1295 1295 1360 1360 1360 1361 1361 1361 1295 1295 1295 1361 1361 1361 1296 1296 1296 1296 1296 1296 1361 1361 1361 1362 1362 1362 1296 1296 1296 1362 1362 1362 1297 1297 1297 1297 1297 1297 1362 1362 1362 1363 1363 1363 1297 1297 1297 1363 1363 1363 1298 1298 1298 1298 1298 1298 1363 1363 1363 1364 1364 1364 1298 1298 1298 1364 1364 1364 1299 1299 1299 1300 1300 1300 1365 1365 1365 1366 1366 1366 1300 1300 1300 1366 1366 1366 1301 1301 1301 1301 1301 1301 1366 1366 1366 1367 1367 1367 1301 1301 1301 1367 1367 1367 1302 1302 1302 1302 1302 1302 1367 1367 1367 1368 1368 1368 1302 1302 1302 1368 1368 1368 1303 1303 1303 1303 1303 1303 1368 1368 1368 1369 1369 1369 1303 1303 1303 1369 1369 1369 1304 1304 1304 1304 1304 1304 1369 1369 1369 1370 1370 1370 1304 1304 1304 1370 1370 1370 1305 1305 1305 1305 1305 1305 1370 1370 1370 1371 1371 1371 1305 1305 1305 1371 1371 1371 1306 1306 1306 1306 1306 1306 1371 1371 1371 1372 1372 1372 1306 1306 1306 1372 1372 1372 1307 1307 1307 1307 1307 1307 1372 1372 1372 1373 1373 1373 1307 1307 1307 1373 1373 1373 1308 1308 1308 1308 1308 1308 1373 1373 1373 1374 1374 1374 1308 1308 1308 1374 1374 1374 1309 1309 1309 1309 1309 1309 1374 1374 1374 1375 1375 1375 1309 1309 1309 1375 1375 1375 1310 1310 1310 1310 1310 1310 1375 1375 1375 1376 1376 1376 1310 1310 1310 1376 1376 1376 1311 1311 1311 1311 1311 1311 1376 1376 1376 1377 1377 1377 1311 1311 1311 1377 1377 1377 1312 1312 1312 1312 1312 1312 1377 1377 1377 1378 1378 1378 1312 1312 1312 1378 1378 1378 1313 1313 1313 1313 1313 1313 1378 1378 1378 1379 1379 1379 1313 1313 1313 1379 1379 1379 1314 1314 1314 1314 1314 1314 1379 1379 1379 1380 1380 1380 1314 1314 1314 1380 1380 1380 1315 1315 1315 1315 1315 1315 1380 1380 1380 1381 1381 1381 1315 1315 1315 1381 1381 1381 1316 1316 1316 1316 1316 1316 1381 1381 1381 1382 1382 1382 1316 1316 1316 1382 1382 1382 1317 1317 1317 1317 1317 1317 1382 1382 1382 1383 1383 1383 1317 1317 1317 1383 1383 1383 1318 1318 1318 1318 1318 1318 1383 1383 1383 1384 1384 1384 1318 1318 1318 1384 1384 1384 1319 1319 1319 1319 1319 1319 1384 1384 1384 1385 1385 1385 1319 1319 1319 1385 1385 1385 1320 1320 1320 1320 1320 1320 1385 1385 1385 1386 1386 1386 1320 1320 1320 1386 1386 1386 1321 1321 1321 1321 1321 1321 1386 1386 1386 1387 1387 1387 1321 1321 1321 1387 1387 1387 1322 1322 1322 1322 1322 1322 1387 1387 1387 1388 1388 1388 1322 1322 1322 1388 1388 1388 1323 1323 1323 1323 1323 1323 1388 1388 1388 1389 1389 1389 1323 1323 1323 1389 1389 1389 1324 1324 1324 1324 1324 1324 1389 1389 1389 1390 1390 1390 1324 1324 1324 1390 1390 1390 1325 1325 1325 1325 1325 1325 1390 1390 1390 1391 1391 1391 1325 1325 1325 1391 1391 1391 1326 1326 1326 1326 1326 1326 1391 1391 1391 1392 1392 1392 1326 1326 1326 1392 1392 1392 1327 1327 1327 1327 1327 1327 1392 1392 1392 1393 1393 1393 1327 1327 1327 1393 1393 1393 1328 1328 1328 1328 1328 1328 1393 1393 1393 1394 1394 1394 1328 1328 1328 1394 1394 1394 1329 1329 1329 1329 1329 1329 1394 1394 1394 1395 1395 1395 1329 1329 1329 1395 1395 1395 1330 1330 1330 1330 1330 1330 1395 1395 1395 1396 1396 1396 1330 1330 1330 1396 1396 1396 1331 1331 1331 1331 1331 1331 1396 1396 1396 1397 1397 1397 1331 1331 1331 1397 1397 1397 1332 1332 1332 1332 1332 1332 1397 1397 1397 1398 1398 1398 1332 1332 1332 1398 1398 1398 1333 1333 1333 1333 1333 1333 1398 1398 1398 1399 1399 1399 1333 1333 1333 1399 1399 1399 1334 1334 1334 1334 1334 1334 1399 1399 1399 1400 1400 1400 1334 1334 1334 1400 1400 1400 1335 1335 1335 1335 1335 1335 1400 1400 1400 1401 1401 1401 1335 1335 1335 1401 1401 1401 1336 1336 1336 1336 1336 1336 1401 1401 1401 1402 1402 1402 1336 1336 1336 1402 1402 1402 1337 1337 1337 1337 1337 1337 1402 1402 1402 1403 1403 1403 1337 1337 1337 1403 1403 1403 1338 1338 1338 1338 1338 1338 1403 1403 1403 1404 1404 1404 1338 1338 1338 1404 1404 1404 1339 1339 1339 1339 1339 1339 1404 1404 1404 1405 1405 1405 1339 1339 1339 1405 1405 1405 1340 1340 1340 1340 1340 1340 1405 1405 1405 1406 1406 1406 1340 1340 1340 1406 1406 1406 1341 1341 1341 1341 1341 1341 1406 1406 1406 1407 1407 1407 1341 1341 1341 1407 1407 1407 1342 1342 1342 1342 1342 1342 1407 1407 1407 1408 1408 1408 1342 1342 1342 1408 1408 1408 1343 1343 1343 1343 1343 1343 1408 1408 1408 1409 1409 1409 1343 1343 1343 1409 1409 1409 1344 1344 1344 1344 1344 1344 1409 1409 1409 1410 1410 1410 1344 1344 1344 1410 1410 1410 1345 1345 1345 1345 1345 1345 1410 1410 1410 1411 1411 1411 1345 1345 1345 1411 1411 1411 1346 1346 1346 1346 1346 1346 1411 1411 1411 1412 1412 1412 1346 1346 1346 1412 1412 1412 1347 1347 1347 1347 1347 1347 1412 1412 1412 1413 1413 1413 1347 1347 1347 1413 1413 1413 1348 1348 1348 1348 1348 1348 1413 1413 1413 1414 1414 1414 1348 1348 1348 1414 1414 1414 1349 1349 1349 1349 1349 1349 1414 1414 1414 1415 1415 1415 1349 1349 1349 1415 1415 1415 1350 1350 1350 1350 1350 1350 1415 1415 1415 1416 1416 1416 1350 1350 1350 1416 1416 1416 1351 1351 1351 1351 1351 1351 1416 1416 1416 1417 1417 1417 1351 1351 1351 1417 1417 1417 1352 1352 1352 1352 1352 1352 1417 1417 1417 1418 1418 1418 1352 1352 1352 1418 1418 1418 1353 1353 1353 1353 1353 1353 1418 1418 1418 1419 1419 1419 1353 1353 1353 1419 1419 1419 1354 1354 1354 1354 1354 1354 1419 1419 1419 1420 1420 1420 1354 1354 1354 1420 1420 1420 1355 1355 1355 1355 1355 1355 1420 1420 1420 1421 1421 1421 1355 1355 1355 1421 1421 1421 1356 1356 1356 1356 1356 1356 1421 1421 1421 1422 1422 1422 1356 1356 1356 1422 1422 1422 1357 1357 1357 1357 1357 1357 1422 1422 1422 1423 1423 1423 1357 1357 1357 1423 1423 1423 1358 1358 1358 1358 1358 1358 1423 1423 1423 1424 1424 1424 1358 1358 1358 1424 1424 1424 1359 1359 1359 1359 1359 1359 1424 1424 1424 1425 1425 1425 1359 1359 1359 1425 1425 1425 1360 1360 1360 1360 1360 1360 1425 1425 1425 1426 1426 1426 1360 1360 1360 1426 1426 1426 1361 1361 1361 1361 1361 1361 1426 1426 1426 1427 1427 1427 1361 1361 1361 1427 1427 1427 1362 1362 1362 1362 1362 1362 1427 1427 1427 1428 1428 1428 1362 1362 1362 1428 1428 1428 1363 1363 1363 1363 1363 1363 1428 1428 1428 1429 1429 1429 1363 1363 1363 1429 1429 1429 1364 1364 1364 1365 1365 1365 1430 1430 1430 1431 1431 1431 1365 1365 1365 1431 1431 1431 1366 1366 1366 1366 1366 1366 1431 1431 1431 1432 1432 1432 1366 1366 1366 1432 1432 1432 1367 1367 1367 1367 1367 1367 1432 1432 1432 1433 1433 1433 1367 1367 1367 1433 1433 1433 1368 1368 1368 1368 1368 1368 1433 1433 1433 1434 1434 1434 1368 1368 1368 1434 1434 1434 1369 1369 1369 1369 1369 1369 1434 1434 1434 1435 1435 1435 1369 1369 1369 1435 1435 1435 1370 1370 1370 1370 1370 1370 1435 1435 1435 1436 1436 1436 1370 1370 1370 1436 1436 1436 1371 1371 1371 1371 1371 1371 1436 1436 1436 1437 1437 1437 1371 1371 1371 1437 1437 1437 1372 1372 1372 1372 1372 1372 1437 1437 1437 1438 1438 1438 1372 1372 1372 1438 1438 1438 1373 1373 1373 1373 1373 1373 1438 1438 1438 1439 1439 1439 1373 1373 1373 1439 1439 1439 1374 1374 1374 1374 1374 1374 1439 1439 1439 1440 1440 1440 1374 1374 1374 1440 1440 1440 1375 1375 1375 1375 1375 1375 1440 1440 1440 1441 1441 1441 1375 1375 1375 1441 1441 1441 1376 1376 1376 1376 1376 1376 1441 1441 1441 1442 1442 1442 1376 1376 1376 1442 1442 1442 1377 1377 1377 1377 1377 1377 1442 1442 1442 1443 1443 1443 1377 1377 1377 1443 1443 1443 1378 1378 1378 1378 1378 1378 1443 1443 1443 1444 1444 1444 1378 1378 1378 1444 1444 1444 1379 1379 1379 1379 1379 1379 1444 1444 1444 1445 1445 1445 1379 1379 1379 1445 1445 1445 1380 1380 1380 1380 1380 1380 1445 1445 1445 1446 1446 1446 1380 1380 1380 1446 1446 1446 1381 1381 1381 1381 1381 1381 1446 1446 1446 1447 1447 1447 1381 1381 1381 1447 1447 1447 1382 1382 1382 1382 1382 1382 1447 1447 1447 1448 1448 1448 1382 1382 1382 1448 1448 1448 1383 1383 1383 1383 1383 1383 1448 1448 1448 1449 1449 1449 1383 1383 1383 1449 1449 1449 1384 1384 1384 1384 1384 1384 1449 1449 1449 1450 1450 1450 1384 1384 1384 1450 1450 1450 1385 1385 1385 1385 1385 1385 1450 1450 1450 1451 1451 1451 1385 1385 1385 1451 1451 1451 1386 1386 1386 1386 1386 1386 1451 1451 1451 1452 1452 1452 1386 1386 1386 1452 1452 1452 1387 1387 1387 1387 1387 1387 1452 1452 1452 1453 1453 1453 1387 1387 1387 1453 1453 1453 1388 1388 1388 1388 1388 1388 1453 1453 1453 1454 1454 1454 1388 1388 1388 1454 1454 1454 1389 1389 1389 1389 1389 1389 1454 1454 1454 1455 1455 1455 1389 1389 1389 1455 1455 1455 1390 1390 1390 1390 1390 1390 1455 1455 1455 1456 1456 1456 1390 1390 1390 1456 1456 1456 1391 1391 1391 1391 1391 1391 1456 1456 1456 1457 1457 1457 1391 1391 1391 1457 1457 1457 1392 1392 1392 1392 1392 1392 1457 1457 1457 1458 1458 1458 1392 1392 1392 1458 1458 1458 1393 1393 1393 1393 1393 1393 1458 1458 1458 1459 1459 1459 1393 1393 1393 1459 1459 1459 1394 1394 1394 1394 1394 1394 1459 1459 1459 1460 1460 1460 1394 1394 1394 1460 1460 1460 1395 1395 1395 1395 1395 1395 1460 1460 1460 1461 1461 1461 1395 1395 1395 1461 1461 1461 1396 1396 1396 1396 1396 1396 1461 1461 1461 1462 1462 1462 1396 1396 1396 1462 1462 1462 1397 1397 1397 1397 1397 1397 1462 1462 1462 1463 1463 1463 1397 1397 1397 1463 1463 1463 1398 1398 1398 1398 1398 1398 1463 1463 1463 1464 1464 1464 1398 1398 1398 1464 1464 1464 1399 1399 1399 1399 1399 1399 1464 1464 1464 1465 1465 1465 1399 1399 1399 1465 1465 1465 1400 1400 1400 1400 1400 1400 1465 1465 1465 1466 1466 1466 1400 1400 1400 1466 1466 1466 1401 1401 1401 1401 1401 1401 1466 1466 1466 1467 1467 1467 1401 1401 1401 1467 1467 1467 1402 1402 1402 1402 1402 1402 1467 1467 1467 1468 1468 1468 1402 1402 1402 1468 1468 1468 1403 1403 1403 1403 1403 1403 1468 1468 1468 1469 1469 1469 1403 1403 1403 1469 1469 1469 1404 1404 1404 1404 1404 1404 1469 1469 1469 1470 1470 1470 1404 1404 1404 1470 1470 1470 1405 1405 1405 1405 1405 1405 1470 1470 1470 1471 1471 1471 1405 1405 1405 1471 1471 1471 1406 1406 1406 1406 1406 1406 1471 1471 1471 1472 1472 1472 1406 1406 1406 1472 1472 1472 1407 1407 1407 1407 1407 1407 1472 1472 1472 1473 1473 1473 1407 1407 1407 1473 1473 1473 1408 1408 1408 1408 1408 1408 1473 1473 1473 1474 1474 1474 1408 1408 1408 1474 1474 1474 1409 1409 1409 1409 1409 1409 1474 1474 1474 1475 1475 1475 1409 1409 1409 1475 1475 1475 1410 1410 1410 1410 1410 1410 1475 1475 1475 1476 1476 1476 1410 1410 1410 1476 1476 1476 1411 1411 1411 1411 1411 1411 1476 1476 1476 1477 1477 1477 1411 1411 1411 1477 1477 1477 1412 1412 1412 1412 1412 1412 1477 1477 1477 1478 1478 1478 1412 1412 1412 1478 1478 1478 1413 1413 1413 1413 1413 1413 1478 1478 1478 1479 1479 1479 1413 1413 1413 1479 1479 1479 1414 1414 1414 1414 1414 1414 1479 1479 1479 1480 1480 1480 1414 1414 1414 1480 1480 1480 1415 1415 1415 1415 1415 1415 1480 1480 1480 1481 1481 1481 1415 1415 1415 1481 1481 1481 1416 1416 1416 1416 1416 1416 1481 1481 1481 1482 1482 1482 1416 1416 1416 1482 1482 1482 1417 1417 1417 1417 1417 1417 1482 1482 1482 1483 1483 1483 1417 1417 1417 1483 1483 1483 1418 1418 1418 1418 1418 1418 1483 1483 1483 1484 1484 1484 1418 1418 1418 1484 1484 1484 1419 1419 1419 1419 1419 1419 1484 1484 1484 1485 1485 1485 1419 1419 1419 1485 1485 1485 1420 1420 1420 1420 1420 1420 1485 1485 1485 1486 1486 1486 1420 1420 1420 1486 1486 1486 1421 1421 1421 1421 1421 1421 1486 1486 1486 1487 1487 1487 1421 1421 1421 1487 1487 1487 1422 1422 1422 1422 1422 1422 1487 1487 1487 1488 1488 1488 1422 1422 1422 1488 1488 1488 1423 1423 1423 1423 1423 1423 1488 1488 1488 1489 1489 1489 1423 1423 1423 1489 1489 1489 1424 1424 1424 1424 1424 1424 1489 1489 1489 1490 1490 1490 1424 1424 1424 1490 1490 1490 1425 1425 1425 1425 1425 1425 1490 1490 1490 1491 1491 1491 1425 1425 1425 1491 1491 1491 1426 1426 1426 1426 1426 1426 1491 1491 1491 1492 1492 1492 1426 1426 1426 1492 1492 1492 1427 1427 1427 1427 1427 1427 1492 1492 1492 1493 1493 1493 1427 1427 1427 1493 1493 1493 1428 1428 1428 1428 1428 1428 1493 1493 1493 1494 1494 1494 1428 1428 1428 1494 1494 1494 1429 1429 1429 1430 1430 1430 1495 1495 1495 1496 1496 1496 1430 1430 1430 1496 1496 1496 1431 1431 1431 1431 1431 1431 1496 1496 1496 1497 1497 1497 1431 1431 1431 1497 1497 1497 1432 1432 1432 1432 1432 1432 1497 1497 1497 1498 1498 1498 1432 1432 1432 1498 1498 1498 1433 1433 1433 1433 1433 1433 1498 1498 1498 1499 1499 1499 1433 1433 1433 1499 1499 1499 1434 1434 1434 1434 1434 1434 1499 1499 1499 1500 1500 1500 1434 1434 1434 1500 1500 1500 1435 1435 1435 1435 1435 1435 1500 1500 1500 1501 1501 1501 1435 1435 1435 1501 1501 1501 1436 1436 1436 1436 1436 1436 1501 1501 1501 1502 1502 1502 1436 1436 1436 1502 1502 1502 1437 1437 1437 1437 1437 1437 1502 1502 1502 1503 1503 1503 1437 1437 1437 1503 1503 1503 1438 1438 1438 1438 1438 1438 1503 1503 1503 1504 1504 1504 1438 1438 1438 1504 1504 1504 1439 1439 1439 1439 1439 1439 1504 1504 1504 1505 1505 1505 1439 1439 1439 1505 1505 1505 1440 1440 1440 1440 1440 1440 1505 1505 1505 1506 1506 1506 1440 1440 1440 1506 1506 1506 1441 1441 1441 1441 1441 1441 1506 1506 1506 1507 1507 1507 1441 1441 1441 1507 1507 1507 1442 1442 1442 1442 1442 1442 1507 1507 1507 1508 1508 1508 1442 1442 1442 1508 1508 1508 1443 1443 1443 1443 1443 1443 1508 1508 1508 1509 1509 1509 1443 1443 1443 1509 1509 1509 1444 1444 1444 1444 1444 1444 1509 1509 1509 1510 1510 1510 1444 1444 1444 1510 1510 1510 1445 1445 1445 1445 1445 1445 1510 1510 1510 1511 1511 1511 1445 1445 1445 1511 1511 1511 1446 1446 1446 1446 1446 1446 1511 1511 1511 1512 1512 1512 1446 1446 1446 1512 1512 1512 1447 1447 1447 1447 1447 1447 1512 1512 1512 1513 1513 1513 1447 1447 1447 1513 1513 1513 1448 1448 1448 1448 1448 1448 1513 1513 1513 1514 1514 1514 1448 1448 1448 1514 1514 1514 1449 1449 1449 1449 1449 1449 1514 1514 1514 1515 1515 1515 1449 1449 1449 1515 1515 1515 1450 1450 1450 1450 1450 1450 1515 1515 1515 1516 1516 1516 1450 1450 1450 1516 1516 1516 1451 1451 1451 1451 1451 1451 1516 1516 1516 1517 1517 1517 1451 1451 1451 1517 1517 1517 1452 1452 1452 1452 1452 1452 1517 1517 1517 1518 1518 1518 1452 1452 1452 1518 1518 1518 1453 1453 1453 1453 1453 1453 1518 1518 1518 1519 1519 1519 1453 1453 1453 1519 1519 1519 1454 1454 1454 1454 1454 1454 1519 1519 1519 1520 1520 1520 1454 1454 1454 1520 1520 1520 1455 1455 1455 1455 1455 1455 1520 1520 1520 1521 1521 1521 1455 1455 1455 1521 1521 1521 1456 1456 1456 1456 1456 1456 1521 1521 1521 1522 1522 1522 1456 1456 1456 1522 1522 1522 1457 1457 1457 1457 1457 1457 1522 1522 1522 1523 1523 1523 1457 1457 1457 1523 1523 1523 1458 1458 1458 1458 1458 1458 1523 1523 1523 1524 1524 1524 1458 1458 1458 1524 1524 1524 1459 1459 1459 1459 1459 1459 1524 1524 1524 1525 1525 1525 1459 1459 1459 1525 1525 1525 1460 1460 1460 1460 1460 1460 1525 1525 1525 1526 1526 1526 1460 1460 1460 1526 1526 1526 1461 1461 1461 1461 1461 1461 1526 1526 1526 1527 1527 1527 1461 1461 1461 1527 1527 1527 1462 1462 1462 1462 1462 1462 1527 1527 1527 1528 1528 1528 1462 1462 1462 1528 1528 1528 1463 1463 1463 1463 1463 1463 1528 1528 1528 1529 1529 1529 1463 1463 1463 1529 1529 1529 1464 1464 1464 1464 1464 1464 1529 1529 1529 1530 1530 1530 1464 1464 1464 1530 1530 1530 1465 1465 1465 1465 1465 1465 1530 1530 1530 1531 1531 1531 1465 1465 1465 1531 1531 1531 1466 1466 1466 1466 1466 1466 1531 1531 1531 1532 1532 1532 1466 1466 1466 1532 1532 1532 1467 1467 1467 1467 1467 1467 1532 1532 1532 1533 1533 1533 1467 1467 1467 1533 1533 1533 1468 1468 1468 1468 1468 1468 1533 1533 1533 1534 1534 1534 1468 1468 1468 1534 1534 1534 1469 1469 1469 1469 1469 1469 1534 1534 1534 1535 1535 1535 1469 1469 1469 1535 1535 1535 1470 1470 1470 1470 1470 1470 1535 1535 1535 1536 1536 1536 1470 1470 1470 1536 1536 1536 1471 1471 1471 1471 1471 1471 1536 1536 1536 1537 1537 1537 1471 1471 1471 1537 1537 1537 1472 1472 1472 1472 1472 1472 1537 1537 1537 1538 1538 1538 1472 1472 1472 1538 1538 1538 1473 1473 1473 1473 1473 1473 1538 1538 1538 1539 1539 1539 1473 1473 1473 1539 1539 1539 1474 1474 1474 1474 1474 1474 1539 1539 1539 1540 1540 1540 1474 1474 1474 1540 1540 1540 1475 1475 1475 1475 1475 1475 1540 1540 1540 1541 1541 1541 1475 1475 1475 1541 1541 1541 1476 1476 1476 1476 1476 1476 1541 1541 1541 1542 1542 1542 1476 1476 1476 1542 1542 1542 1477 1477 1477 1477 1477 1477 1542 1542 1542 1543 1543 1543 1477 1477 1477 1543 1543 1543 1478 1478 1478 1478 1478 1478 1543 1543 1543 1544 1544 1544 1478 1478 1478 1544 1544 1544 1479 1479 1479 1479 1479 1479 1544 1544 1544 1545 1545 1545 1479 1479 1479 1545 1545 1545 1480 1480 1480 1480 1480 1480 1545 1545 1545 1546 1546 1546 1480 1480 1480 1546 1546 1546 1481 1481 1481 1481 1481 1481 1546 1546 1546 1547 1547 1547 1481 1481 1481 1547 1547 1547 1482 1482 1482 1482 1482 1482 1547 1547 1547 1548 1548 1548 1482 1482 1482 1548 1548 1548 1483 1483 1483 1483 1483 1483 1548 1548 1548 1549 1549 1549 1483 1483 1483 1549 1549 1549 1484 1484 1484 1484 1484 1484 1549 1549 1549 1550 1550 1550 1484 1484 1484 1550 1550 1550 1485 1485 1485 1485 1485 1485 1550 1550 1550 1551 1551 1551 1485 1485 1485 1551 1551 1551 1486 1486 1486 1486 1486 1486 1551 1551 1551 1552 1552 1552 1486 1486 1486 1552 1552 1552 1487 1487 1487 1487 1487 1487 1552 1552 1552 1553 1553 1553 1487 1487 1487 1553 1553 1553 1488 1488 1488 1488 1488 1488 1553 1553 1553 1554 1554 1554 1488 1488 1488 1554 1554 1554 1489 1489 1489 1489 1489 1489 1554 1554 1554 1555 1555 1555 1489 1489 1489 1555 1555 1555 1490 1490 1490 1490 1490 1490 1555 1555 1555 1556 1556 1556 1490 1490 1490 1556 1556 1556 1491 1491 1491 1491 1491 1491 1556 1556 1556 1557 1557 1557 1491 1491 1491 1557 1557 1557 1492 1492 1492 1492 1492 1492 1557 1557 1557 1558 1558 1558 1492 1492 1492 1558 1558 1558 1493 1493 1493 1493 1493 1493 1558 1558 1558 1559 1559 1559 1493 1493 1493 1559 1559 1559 1494 1494 1494 1495 1495 1495 1560 1560 1560 1561 1561 1561 1495 1495 1495 1561 1561 1561 1496 1496 1496 1496 1496 1496 1561 1561 1561 1562 1562 1562 1496 1496 1496 1562 1562 1562 1497 1497 1497 1497 1497 1497 1562 1562 1562 1563 1563 1563 1497 1497 1497 1563 1563 1563 1498 1498 1498 1498 1498 1498 1563 1563 1563 1564 1564 1564 1498 1498 1498 1564 1564 1564 1499 1499 1499 1499 1499 1499 1564 1564 1564 1565 1565 1565 1499 1499 1499 1565 1565 1565 1500 1500 1500 1500 1500 1500 1565 1565 1565 1566 1566 1566 1500 1500 1500 1566 1566 1566 1501 1501 1501 1501 1501 1501 1566 1566 1566 1567 1567 1567 1501 1501 1501 1567 1567 1567 1502 1502 1502 1502 1502 1502 1567 1567 1567 1568 1568 1568 1502 1502 1502 1568 1568 1568 1503 1503 1503 1503 1503 1503 1568 1568 1568 1569 1569 1569 1503 1503 1503 1569 1569 1569 1504 1504 1504 1504 1504 1504 1569 1569 1569 1570 1570 1570 1504 1504 1504 1570 1570 1570 1505 1505 1505 1505 1505 1505 1570 1570 1570 1571 1571 1571 1505 1505 1505 1571 1571 1571 1506 1506 1506 1506 1506 1506 1571 1571 1571 1572 1572 1572 1506 1506 1506 1572 1572 1572 1507 1507 1507 1507 1507 1507 1572 1572 1572 1573 1573 1573 1507 1507 1507 1573 1573 1573 1508 1508 1508 1508 1508 1508 1573 1573 1573 1574 1574 1574 1508 1508 1508 1574 1574 1574 1509 1509 1509 1509 1509 1509 1574 1574 1574 1575 1575 1575 1509 1509 1509 1575 1575 1575 1510 1510 1510 1510 1510 1510 1575 1575 1575 1576 1576 1576 1510 1510 1510 1576 1576 1576 1511 1511 1511 1511 1511 1511 1576 1576 1576 1577 1577 1577 1511 1511 1511 1577 1577 1577 1512 1512 1512 1512 1512 1512 1577 1577 1577 1578 1578 1578 1512 1512 1512 1578 1578 1578 1513 1513 1513 1513 1513 1513 1578 1578 1578 1579 1579 1579 1513 1513 1513 1579 1579 1579 1514 1514 1514 1514 1514 1514 1579 1579 1579 1580 1580 1580 1514 1514 1514 1580 1580 1580 1515 1515 1515 1515 1515 1515 1580 1580 1580 1581 1581 1581 1515 1515 1515 1581 1581 1581 1516 1516 1516 1516 1516 1516 1581 1581 1581 1582 1582 1582 1516 1516 1516 1582 1582 1582 1517 1517 1517 1517 1517 1517 1582 1582 1582 1583 1583 1583 1517 1517 1517 1583 1583 1583 1518 1518 1518 1518 1518 1518 1583 1583 1583 1584 1584 1584 1518 1518 1518 1584 1584 1584 1519 1519 1519 1519 1519 1519 1584 1584 1584 1585 1585 1585 1519 1519 1519 1585 1585 1585 1520 1520 1520 1520 1520 1520 1585 1585 1585 1586 1586 1586 1520 1520 1520 1586 1586 1586 1521 1521 1521 1521 1521 1521 1586 1586 1586 1587 1587 1587 1521 1521 1521 1587 1587 1587 1522 1522 1522 1522 1522 1522 1587 1587 1587 1588 1588 1588 1522 1522 1522 1588 1588 1588 1523 1523 1523 1523 1523 1523 1588 1588 1588 1589 1589 1589 1523 1523 1523 1589 1589 1589 1524 1524 1524 1524 1524 1524 1589 1589 1589 1590 1590 1590 1524 1524 1524 1590 1590 1590 1525 1525 1525 1525 1525 1525 1590 1590 1590 1591 1591 1591 1525 1525 1525 1591 1591 1591 1526 1526 1526 1526 1526 1526 1591 1591 1591 1592 1592 1592 1526 1526 1526 1592 1592 1592 1527 1527 1527 1527 1527 1527 1592 1592 1592 1593 1593 1593 1527 1527 1527 1593 1593 1593 1528 1528 1528 1528 1528 1528 1593 1593 1593 1594 1594 1594 1528 1528 1528 1594 1594 1594 1529 1529 1529 1529 1529 1529 1594 1594 1594 1595 1595 1595 1529 1529 1529 1595 1595 1595 1530 1530 1530 1530 1530 1530 1595 1595 1595 1596 1596 1596 1530 1530 1530 1596 1596 1596 1531 1531 1531 1531 1531 1531 1596 1596 1596 1597 1597 1597 1531 1531 1531 1597 1597 1597 1532 1532 1532 1532 1532 1532 1597 1597 1597 1598 1598 1598 1532 1532 1532 1598 1598 1598 1533 1533 1533 1533 1533 1533 1598 1598 1598 1599 1599 1599 1533 1533 1533 1599 1599 1599 1534 1534 1534 1534 1534 1534 1599 1599 1599 1600 1600 1600 1534 1534 1534 1600 1600 1600 1535 1535 1535 1535 1535 1535 1600 1600 1600 1601 1601 1601 1535 1535 1535 1601 1601 1601 1536 1536 1536 1536 1536 1536 1601 1601 1601 1602 1602 1602 1536 1536 1536 1602 1602 1602 1537 1537 1537 1537 1537 1537 1602 1602 1602 1603 1603 1603 1537 1537 1537 1603 1603 1603 1538 1538 1538 1538 1538 1538 1603 1603 1603 1604 1604 1604 1538 1538 1538 1604 1604 1604 1539 1539 1539 1539 1539 1539 1604 1604 1604 1605 1605 1605 1539 1539 1539 1605 1605 1605 1540 1540 1540 1540 1540 1540 1605 1605 1605 1606 1606 1606 1540 1540 1540 1606 1606 1606 1541 1541 1541 1541 1541 1541 1606 1606 1606 1607 1607 1607 1541 1541 1541 1607 1607 1607 1542 1542 1542 1542 1542 1542 1607 1607 1607 1608 1608 1608 1542 1542 1542 1608 1608 1608 1543 1543 1543 1543 1543 1543 1608 1608 1608 1609 1609 1609 1543 1543 1543 1609 1609 1609 1544 1544 1544 1544 1544 1544 1609 1609 1609 1610 1610 1610 1544 1544 1544 1610 1610 1610 1545 1545 1545 1545 1545 1545 1610 1610 1610 1611 1611 1611 1545 1545 1545 1611 1611 1611 1546 1546 1546 1546 1546 1546 1611 1611 1611 1612 1612 1612 1546 1546 1546 1612 1612 1612 1547 1547 1547 1547 1547 1547 1612 1612 1612 1613 1613 1613 1547 1547 1547 1613 1613 1613 1548 1548 1548 1548 1548 1548 1613 1613 1613 1614 1614 1614 1548 1548 1548 1614 1614 1614 1549 1549 1549 1549 1549 1549 1614 1614 1614 1615 1615 1615 1549 1549 1549 1615 1615 1615 1550 1550 1550 1550 1550 1550 1615 1615 1615 1616 1616 1616 1550 1550 1550 1616 1616 1616 1551 1551 1551 1551 1551 1551 1616 1616 1616 1617 1617 1617 1551 1551 1551 1617 1617 1617 1552 1552 1552 1552 1552 1552 1617 1617 1617 1618 1618 1618 1552 1552 1552 1618 1618 1618 1553 1553 1553 1553 1553 1553 1618 1618 1618 1619 1619 1619 1553 1553 1553 1619 1619 1619 1554 1554 1554 1554 1554 1554 1619 1619 1619 1620 1620 1620 1554 1554 1554 1620 1620 1620 1555 1555 1555 1555 1555 1555 1620 1620 1620 1621 1621 1621 1555 1555 1555 1621 1621 1621 1556 1556 1556 1556 1556 1556 1621 1621 1621 1622 1622 1622 1556 1556 1556 1622 1622 1622 1557 1557 1557 1557 1557 1557 1622 1622 1622 1623 1623 1623 1557 1557 1557 1623 1623 1623 1558 1558 1558 1558 1558 1558 1623 1623 1623 1624 1624 1624 1558 1558 1558 1624 1624 1624 1559 1559 1559</p>
    </triangles>
  </mesh></geometry></library_geometries>
  <library_visual_scenes><visual_scene id="s"><node id="q"><instance_geometry url="#g"><bind_material><technique_common>
    <instance_material symbol="m" target="#mat"><bind_vertex_input semantic="UV" input_semantic="TEXCOORD" input_set="0"/></instance_material>
  </technique_common></bind_material></instance_geometry></node></visual_scene></library_visual_scenes>
  <scene><instance_visual_scene url="#s"/></scene>
</COLLADA>
